ts,ms,status
1785473032.581,2.09,ok
1785473032.599,2.34,ok
1785473032.616,2.54,ok
1785473032.634,2.41,ok
1785473032.648,2.45,ok
1785473032.664,2.14,ok
1785473032.681,3.32,ok
1785473032.693,1.71,ok
1785473032.709,2.31,ok
1785473032.724,2.39,ok
1785473032.741,1.78,ok
1785473032.757,2.76,ok
1785473032.771,2.01,ok
1785473032.785,1.67,ok
1785473032.802,2.40,ok
1785473032.819,2.11,ok
1785473032.838,3.77,ok
1785473032.856,4.71,ok
1785473032.873,4.01,ok
1785473032.894,5.03,ok
1785473032.912,4.03,ok
1785473032.928,3.51,ok
1785473032.942,3.83,ok
1785473032.958,3.46,ok
1785473032.974,3.29,ok
1785473032.990,3.62,ok
1785473033.009,4.14,ok
1785473033.030,9.33,ok
1785473033.050,3.78,ok
1785473033.065,3.56,ok
1785473033.077,2.24,ok
1785473033.095,3.13,ok
1785473033.112,2.54,ok
1785473033.126,3.21,ok
1785473033.143,2.43,ok
1785473033.157,2.33,ok
1785473033.170,2.04,ok
1785473033.187,2.88,ok
1785473033.202,2.45,ok
1785473033.218,1.96,ok
1785473033.232,2.30,ok
1785473033.248,2.44,ok
1785473033.266,2.43,ok
1785473033.298,17.03,ok
1785473033.315,2.09,ok
1785473033.332,2.09,ok
1785473033.348,2.12,ok
1785473033.363,1.90,ok
1785473033.381,2.38,ok
1785473033.400,3.69,ok
1785473033.416,2.02,ok
1785473033.433,3.03,ok
1785473033.449,2.21,ok
1785473033.465,2.34,ok
1785473033.478,2.11,ok
1785473033.496,2.30,ok
1785473033.513,2.40,ok
1785473033.531,2.90,ok
1785473033.547,2.37,ok
1785473033.565,2.43,ok
1785473033.582,2.19,ok
1785473033.600,2.44,ok
1785473033.617,2.19,ok
1785473033.634,2.10,ok
1785473033.651,2.97,ok
1785473033.668,2.13,ok
1785473033.682,2.69,ok
1785473033.699,2.77,ok
1785473033.716,2.79,ok
1785473033.729,2.47,ok
1785473033.742,2.24,ok
1785473033.755,2.78,ok
1785473033.768,2.13,ok
1785473033.785,2.44,ok
1785473033.799,2.72,ok
1785473033.812,3.01,ok
1785473033.830,2.70,ok
1785473033.848,2.94,ok
1785473033.862,2.62,ok
1785473033.878,4.09,ok
1785473033.894,5.34,ok
1785473033.914,4.28,ok
1785473033.930,3.73,ok
1785473033.944,3.85,ok
1785473033.963,4.02,ok
1785473033.981,3.45,ok
1785473033.996,4.18,ok
1785473034.012,3.33,ok
1785473034.030,3.93,ok
1785473034.047,3.73,ok
1785473034.064,3.46,ok
1785473034.081,3.90,ok
1785473034.099,4.01,ok
1785473034.122,7.16,ok
1785473034.136,4.02,ok
1785473034.155,4.30,ok
1785473034.169,3.60,ok
1785473034.184,3.53,ok
1785473034.202,3.67,ok
1785473034.216,2.51,ok
1785473034.232,2.55,ok
1785473034.249,2.30,ok
1785473034.261,2.45,ok
1785473034.293,21.29,ok
1785473034.307,2.49,ok
1785473034.319,2.04,ok
1785473034.333,2.25,ok
1785473034.348,2.27,ok
1785473034.365,2.54,ok
1785473034.383,2.23,ok
1785473034.403,5.67,ok
1785473034.418,2.23,ok
1785473034.435,2.33,ok
1785473034.448,2.30,ok
1785473034.467,4.37,ok
1785473034.483,2.78,ok
1785473034.501,2.64,ok
1785473034.518,2.08,ok
1785473034.534,2.55,ok
1785473034.548,2.35,ok
1785473034.563,2.09,ok
1785473034.577,2.51,ok
1785473034.594,2.60,ok
1785473034.613,3.90,ok
1785473034.630,4.13,ok
1785473034.644,2.32,ok
1785473034.659,2.49,ok
1785473034.677,2.72,ok
1785473034.691,2.25,ok
1785473034.709,4.24,ok
1785473034.722,2.82,ok
1785473034.741,3.88,ok
1785473034.760,5.28,ok
1785473034.779,4.81,ok
1785473034.799,4.26,ok
1785473034.816,3.83,ok
1785473034.834,4.26,ok
1785473034.850,3.44,ok
1785473034.869,4.08,ok
1785473034.888,4.21,ok
1785473034.908,4.66,ok
1785473034.925,4.02,ok
1785473034.945,5.15,ok
1785473034.962,4.12,ok
1785473034.981,3.83,ok
1785473034.999,3.89,ok
1785473035.017,4.35,ok
1785473035.035,3.81,ok
1785473035.054,4.53,ok
1785473035.073,4.69,ok
1785473035.092,5.91,ok
1785473035.110,5.37,ok
1785473035.127,4.05,ok
1785473035.145,4.67,ok
1785473035.163,4.69,ok
1785473035.181,4.91,ok
1785473035.201,5.00,ok
1785473035.219,4.31,ok
1785473035.237,4.20,ok
1785473035.251,3.72,ok
1785473035.276,10.31,ok
1785473035.290,2.44,ok
1785473035.308,3.09,ok
1785473035.325,2.56,ok
1785473035.340,2.66,ok
1785473035.359,4.21,ok
1785473035.375,2.59,ok
1785473035.394,5.05,ok
1785473035.408,2.25,ok
1785473035.425,2.18,ok
1785473035.443,2.35,ok
1785473035.461,2.78,ok
1785473035.480,4.25,ok
1785473035.495,3.37,ok
1785473035.513,3.70,ok
1785473035.532,3.97,ok
1785473035.550,3.28,ok
1785473035.567,3.77,ok
1785473035.584,4.66,ok
1785473035.598,2.78,ok
1785473035.610,2.12,ok
1785473035.626,3.00,ok
1785473035.644,2.36,ok
1785473035.657,2.57,ok
1785473035.671,2.29,ok
1785473035.689,2.82,ok
1785473035.706,3.39,ok
1785473035.720,2.11,ok
1785473035.735,2.09,ok
1785473035.752,2.34,ok
1785473035.769,2.63,ok
1785473035.785,2.76,ok
1785473035.802,2.37,ok
1785473035.817,2.24,ok
1785473035.835,2.51,ok
1785473035.854,4.71,ok
1785473035.873,4.00,ok
1785473035.890,3.80,ok
1785473035.911,7.10,ok
1785473035.926,3.11,ok
1785473035.941,3.40,ok
1785473035.958,3.42,ok
1785473035.973,3.17,ok
1785473035.989,3.96,ok
1785473036.007,4.51,ok
1785473036.024,4.00,ok
1785473036.040,2.41,ok
1785473036.057,2.27,ok
1785473036.072,1.99,ok
1785473036.090,2.97,ok
1785473036.104,4.33,ok
1785473036.120,2.40,ok
1785473036.136,4.08,ok
1785473036.153,3.32,ok
1785473036.171,2.62,ok
1785473036.184,2.28,ok
1785473036.197,3.12,ok
1785473036.212,2.42,ok
1785473036.230,3.20,ok
1785473036.247,2.73,ok
1785473036.265,2.73,ok
1785473036.283,2.49,ok
1785473036.301,3.45,ok
1785473036.317,2.36,ok
1785473036.332,3.01,ok
1785473036.347,3.17,ok
1785473036.361,2.19,ok
1785473036.377,2.21,ok
1785473036.394,2.59,ok
1785473036.409,2.90,ok
1785473036.427,4.01,ok
1785473036.444,3.31,ok
1785473036.460,3.25,ok
1785473036.479,4.55,ok
1785473036.500,5.69,ok
1785473036.519,4.27,ok
1785473036.538,3.12,ok
1785473036.552,2.92,ok
1785473036.566,2.90,ok
1785473036.582,2.53,ok
1785473036.596,2.59,ok
1785473036.609,3.13,ok
1785473036.622,1.90,ok
1785473036.637,2.37,ok
1785473036.651,2.35,ok
1785473036.666,2.83,ok
1785473036.682,2.30,ok
1785473036.696,2.13,ok
1785473036.712,2.76,ok
1785473036.729,2.51,ok
1785473036.744,2.89,ok
1785473036.761,2.21,ok
1785473036.778,2.08,ok
1785473036.794,1.96,ok
1785473036.810,2.33,ok
1785473036.823,2.12,ok
1785473036.840,2.52,ok
1785473036.859,3.76,ok
1785473036.879,4.81,ok
1785473036.894,3.84,ok
1785473036.907,2.94,ok
1785473036.925,3.82,ok
1785473036.940,3.86,ok
1785473036.960,5.80,ok
1785473036.978,4.17,ok
1785473036.996,3.55,ok
1785473037.011,3.14,ok
1785473037.028,3.75,ok
1785473037.047,3.92,ok
1785473037.065,2.21,ok
1785473037.082,2.18,ok
1785473037.099,2.33,ok
1785473037.113,2.20,ok
1785473037.126,2.15,ok
1785473037.143,2.55,ok
1785473037.159,2.58,ok
1785473037.174,3.15,ok
1785473037.192,3.78,ok
1785473037.210,3.31,ok
1785473037.224,3.47,ok
1785473037.240,3.45,ok
1785473037.256,3.57,ok
1785473037.279,10.64,ok
1785473037.293,2.59,ok
1785473037.311,2.74,ok
1785473037.325,3.61,ok
1785473037.342,3.96,ok
1785473037.361,3.93,ok
1785473037.380,5.44,ok
1785473037.397,3.06,ok
1785473037.411,3.29,ok
1785473037.424,2.89,ok
1785473037.442,3.14,ok
1785473037.460,2.93,ok
1785473037.478,3.39,ok
1785473037.496,3.56,ok
1785473037.515,3.54,ok
1785473037.534,3.86,ok
1785473037.552,5.83,ok
1785473037.568,2.58,ok
1785473037.583,2.39,ok
1785473037.600,2.10,ok
1785473037.616,1.87,ok
1785473037.633,4.33,ok
1785473037.648,3.03,ok
1785473037.661,2.34,ok
1785473037.678,6.14,ok
1785473037.696,2.56,ok
1785473037.713,3.47,ok
1785473037.728,2.26,ok
1785473037.742,2.32,ok
1785473037.756,2.10,ok
1785473037.770,2.45,ok
1785473037.784,2.22,ok
1785473037.802,4.26,ok
1785473037.817,4.68,ok
1785473037.833,3.45,ok
1785473037.849,3.26,ok
1785473037.866,3.03,ok
1785473037.881,2.21,ok
1785473037.896,1.99,ok
1785473037.909,2.56,ok
1785473037.924,2.01,ok
1785473037.941,2.53,ok
1785473037.958,2.39,ok
1785473037.974,2.89,ok
1785473037.991,2.00,ok
1785473038.003,1.61,ok
1785473038.016,2.03,ok
1785473038.032,2.16,ok
1785473038.045,1.99,ok
1785473038.061,2.76,ok
1785473038.075,2.20,ok
1785473038.089,2.26,ok
1785473038.104,2.85,ok
1785473038.121,3.56,ok
1785473038.137,1.72,ok
1785473038.150,2.56,ok
1785473038.165,3.01,ok
1785473038.180,2.53,ok
1785473038.197,2.29,ok
1785473038.211,2.05,ok
1785473038.225,1.94,ok
1785473038.242,1.97,ok
1785473038.258,1.82,ok
1785473038.282,10.91,ok
1785473038.297,2.18,ok
1785473038.309,1.91,ok
1785473038.326,1.70,ok
1785473038.342,3.92,ok
1785473038.356,1.80,ok
1785473038.372,1.95,ok
1785473038.387,1.97,ok
1785473038.400,2.33,ok
1785473038.416,3.24,ok
1785473038.431,2.04,ok
1785473038.445,2.28,ok
1785473038.457,1.77,ok
1785473038.473,2.29,ok
1785473038.489,2.45,ok
1785473038.503,1.90,ok
1785473038.515,2.19,ok
1785473038.532,1.82,ok
1785473038.549,2.23,ok
1785473038.567,3.28,ok
1785473038.585,2.66,ok
1785473038.599,1.90,ok
1785473038.612,1.90,ok
1785473038.625,1.88,ok
1785473038.641,3.13,ok
1785473038.658,1.93,ok
1785473038.673,3.09,ok
1785473038.687,1.73,ok
1785473038.703,2.12,ok
1785473038.719,1.77,ok
1785473038.732,1.78,ok
1785473038.747,2.58,ok
1785473038.761,2.10,ok
1785473038.776,3.74,ok
1785473038.793,2.18,ok
1785473038.811,3.35,ok
1785473038.827,2.73,ok
1785473038.843,3.53,ok
1785473038.856,2.25,ok
1785473038.871,1.84,ok
1785473038.883,2.00,ok
1785473038.896,1.74,ok
1785473038.915,3.25,ok
1785473038.928,2.08,ok
1785473038.942,2.07,ok
1785473038.961,3.93,ok
1785473038.977,2.40,ok
1785473038.992,2.20,ok
1785473039.007,2.14,ok
1785473039.021,1.83,ok
1785473039.039,2.54,ok
1785473039.056,2.75,ok
1785473039.072,1.71,ok
1785473039.089,1.78,ok
1785473039.103,2.25,ok
1785473039.119,2.53,ok
1785473039.140,2.41,ok
1785473039.157,1.90,ok
1785473039.170,2.23,ok
1785473039.183,1.82,ok
1785473039.201,2.54,ok
1785473039.215,3.53,ok
1785473039.232,3.40,ok
1785473039.246,1.98,ok
1785473039.264,2.33,ok
1785473039.287,8.25,ok
1785473039.304,1.93,ok
1785473039.321,3.22,ok
1785473039.335,1.72,ok
1785473039.356,8.12,ok
1785473039.371,1.69,ok
1785473039.385,1.80,ok
1785473039.401,2.29,ok
1785473039.415,2.66,ok
1785473039.433,2.83,ok
1785473039.448,1.85,ok
1785473039.465,2.58,ok
1785473039.478,2.53,ok
1785473039.495,1.75,ok
1785473039.508,2.48,ok
1785473039.522,1.88,ok
1785473039.545,8.29,ok
1785473039.564,7.07,ok
1785473039.581,1.95,ok
1785473039.597,2.92,ok
1785473039.614,2.74,ok
1785473039.627,2.63,ok
1785473039.645,2.47,ok
1785473039.659,2.01,ok
1785473039.675,4.87,ok
1785473039.690,1.92,ok
1785473039.707,3.80,ok
1785473039.724,1.82,ok
1785473039.741,2.35,ok
1785473039.758,2.00,ok
1785473039.775,2.03,ok
1785473039.791,1.62,ok
1785473039.807,2.42,ok
1785473039.824,2.05,ok
1785473039.839,2.07,ok
1785473039.855,2.16,ok
1785473039.871,1.58,ok
1785473039.889,2.40,ok
1785473039.902,1.96,ok
1785473039.915,2.16,ok
1785473039.929,1.85,ok
1785473039.942,2.15,ok
1785473039.958,3.41,ok
1785473039.975,2.04,ok
1785473039.993,5.00,ok
1785473040.007,3.51,ok
1785473040.024,2.02,ok
1785473040.040,1.95,ok
1785473040.059,4.01,ok
1785473040.073,2.87,ok
1785473040.090,3.70,ok
1785473040.104,2.99,ok
1785473040.122,4.15,ok
1785473040.139,2.70,ok
1785473040.157,2.29,ok
1785473040.173,1.98,ok
1785473040.190,1.81,ok
1785473040.204,2.62,ok
1785473040.221,2.05,ok
1785473040.237,1.85,ok
1785473040.255,2.33,ok
1785473040.269,2.07,ok
1785473040.287,3.80,ok
1785473040.304,1.71,ok
1785473040.324,4.65,ok
1785473040.342,5.41,ok
1785473040.357,3.76,ok
1785473040.375,3.23,ok
1785473040.389,2.16,ok
1785473040.408,3.96,ok
1785473040.423,2.09,ok
1785473040.441,2.59,ok
1785473040.456,2.83,ok
1785473040.470,1.96,ok
1785473040.485,1.92,ok
1785473040.501,1.97,ok
1785473040.518,2.17,ok
1785473040.531,3.08,ok
1785473040.549,2.36,ok
1785473040.565,3.09,ok
1785473040.578,2.18,ok
1785473040.593,2.54,ok
1785473040.606,2.89,ok
1785473040.618,2.03,ok
1785473040.633,2.20,ok
1785473040.646,2.40,ok
1785473040.661,2.42,ok
1785473040.677,3.78,ok
1785473040.694,2.08,ok
1785473040.710,2.27,ok
1785473040.727,2.03,ok
1785473040.745,3.49,ok
1785473040.758,2.14,ok
1785473040.776,2.14,ok
1785473040.792,2.12,ok
1785473040.808,2.79,ok
1785473040.821,2.78,ok
1785473040.838,1.78,ok
1785473040.854,1.98,ok
1785473040.869,3.55,ok
1785473040.882,2.27,ok
1785473040.895,2.13,ok
1785473040.910,2.14,ok
1785473040.927,2.50,ok
1785473040.945,3.93,ok
1785473040.959,2.26,ok
1785473040.976,3.13,ok
1785473040.992,3.51,ok
1785473041.010,3.68,ok
1785473041.029,3.63,ok
1785473041.046,3.45,ok
1785473041.060,1.79,ok
1785473041.074,2.90,ok
1785473041.089,2.01,ok
1785473041.104,2.06,ok
1785473041.120,1.77,ok
1785473041.134,2.03,ok
1785473041.147,2.21,ok
1785473041.160,1.98,ok
1785473041.177,1.99,ok
1785473041.190,2.32,ok
1785473041.207,3.15,ok
1785473041.224,1.80,ok
1785473041.237,2.11,ok
1785473041.251,2.17,ok
1785473041.264,2.41,ok
1785473041.285,6.98,ok
1785473041.299,2.85,ok
1785473041.318,3.69,ok
1785473041.336,3.31,ok
1785473041.352,2.29,ok
1785473041.369,2.06,ok
1785473041.385,3.63,ok
1785473041.403,3.55,ok
1785473041.421,2.59,ok
1785473041.436,2.66,ok
1785473041.453,1.99,ok
1785473041.468,1.73,ok
1785473041.482,2.76,ok
1785473041.494,1.88,ok
1785473041.507,2.13,ok
1785473041.522,1.91,ok
1785473041.535,1.99,ok
1785473041.552,3.66,ok
1785473041.565,2.02,ok
1785473041.584,3.22,ok
1785473041.599,2.48,ok
1785473041.616,4.18,ok
1785473041.632,3.49,ok
1785473041.651,3.57,ok
1785473041.666,2.52,ok
1785473041.682,3.71,ok
1785473041.702,4.54,ok
1785473041.714,1.54,ok
1785473041.729,1.89,ok
1785473041.746,1.97,ok
1785473041.759,1.85,ok
1785473041.775,1.68,ok
1785473041.792,2.03,ok
1785473041.809,1.58,ok
1785473041.826,2.28,ok
1785473041.839,1.82,ok
1785473041.854,2.92,ok
1785473041.869,3.07,ok
1785473041.888,1.81,ok
1785473041.901,1.96,ok
1785473041.917,2.10,ok
1785473041.932,2.25,ok
1785473041.950,3.26,ok
1785473041.965,2.13,ok
1785473041.980,2.71,ok
1785473041.996,2.23,ok
1785473042.014,3.20,ok
1785473042.027,1.81,ok
1785473042.040,1.83,ok
1785473042.057,2.05,ok
1785473042.076,4.35,ok
1785473042.089,2.05,ok
1785473042.106,2.08,ok
1785473042.122,2.05,ok
1785473042.139,1.87,ok
1785473042.151,1.89,ok
1785473042.164,2.06,ok
1785473042.178,2.03,ok
1785473042.195,2.00,ok
1785473042.210,2.09,ok
1785473042.223,1.81,ok
1785473042.241,3.61,ok
1785473042.256,1.98,ok
1785473042.270,2.47,ok
1785473042.286,3.62,ok
1785473042.299,1.76,ok
1785473042.316,1.91,ok
1785473042.330,1.81,ok
1785473042.344,2.11,ok
1785473042.359,2.30,ok
1785473042.373,1.96,ok
1785473042.391,2.31,ok
1785473042.408,2.05,ok
1785473042.422,3.39,ok
1785473042.436,2.01,ok
1785473042.450,2.22,ok
1785473042.464,2.08,ok
1785473042.477,1.82,ok
1785473042.492,2.12,ok
1785473042.509,1.99,ok
1785473042.523,2.18,ok
1785473042.540,1.91,ok
1785473042.552,1.91,ok
1785473042.572,4.86,ok
1785473042.584,1.94,ok
1785473042.601,2.02,ok
1785473042.618,2.26,ok
1785473042.635,2.08,ok
1785473042.650,2.07,ok
1785473042.667,2.29,ok
1785473042.685,3.51,ok
1785473042.700,1.91,ok
1785473042.716,4.48,ok
1785473042.733,1.99,ok
1785473042.749,2.76,ok
1785473042.763,4.23,ok
1785473042.778,1.81,ok
1785473042.792,2.15,ok
1785473042.807,2.07,ok
1785473042.820,1.88,ok
1785473042.838,2.88,ok
1785473042.853,1.82,ok
1785473042.866,2.08,ok
1785473042.882,2.95,ok
1785473042.944,52.49,ok
1785473042.974,16.44,ok
1785473042.990,2.37,ok
1785473043.006,3.07,ok
1785473043.022,2.44,ok
1785473043.039,2.71,ok
1785473043.052,2.23,ok
1785473043.066,2.71,ok
1785473043.086,4.81,ok
1785473043.099,2.41,ok
1785473043.117,4.37,ok
1785473043.131,2.34,ok
1785473043.146,3.59,ok
1785473043.159,2.20,ok
1785473043.175,1.91,ok
1785473043.190,4.04,ok
1785473043.205,1.82,ok
1785473043.218,2.74,ok
1785473043.232,2.22,ok
1785473043.247,2.84,ok
1785473043.263,2.03,ok
1785473043.284,6.62,ok
1785473043.303,3.50,ok
1785473043.321,4.12,ok
1785473043.338,1.91,ok
1785473043.354,1.67,ok
1785473043.368,2.21,ok
1785473043.385,3.63,ok
1785473043.400,1.85,ok
1785473043.416,3.45,ok
1785473043.430,2.42,ok
1785473043.443,2.37,ok
1785473043.460,2.33,ok
1785473043.475,2.08,ok
1785473043.489,1.77,ok
1785473043.504,1.88,ok
1785473043.517,2.24,ok
1785473043.533,3.15,ok
1785473043.547,1.97,ok
1785473043.564,2.21,ok
1785473043.577,2.54,ok
1785473043.590,2.41,ok
1785473043.607,2.15,ok
1785473043.625,2.74,ok
1785473043.639,3.33,ok
1785473043.654,1.89,ok
1785473043.669,2.12,ok
1785473043.685,2.51,ok
1785473043.702,2.34,ok
1785473043.717,2.41,ok
1785473043.729,1.80,ok
1785473043.743,3.28,ok
1785473043.759,1.97,ok
1785473043.773,3.16,ok
1785473043.787,1.85,ok
1785473043.801,2.53,ok
1785473043.816,2.36,ok
1785473043.832,2.31,ok
1785473043.848,2.35,ok
1785473043.867,3.48,ok
1785473043.883,2.12,ok
1785473043.900,3.81,ok
1785473043.917,3.24,ok
1785473043.933,3.62,ok
1785473043.950,2.30,ok
1785473043.967,1.81,ok
1785473043.981,3.75,ok
1785473043.996,2.10,ok
1785473044.009,2.05,ok
1785473044.024,2.23,ok
1785473044.040,1.97,ok
1785473044.057,1.64,ok
1785473044.073,2.27,ok
1785473044.087,3.51,ok
1785473044.100,2.04,ok
1785473044.113,2.92,ok
1785473044.128,3.61,ok
1785473044.142,2.99,ok
1785473044.160,2.46,ok
1785473044.174,2.02,ok
1785473044.186,2.12,ok
1785473044.201,1.96,ok
1785473044.218,2.19,ok
1785473044.234,3.33,ok
1785473044.248,2.37,ok
1785473044.261,1.65,ok
1785473044.293,18.44,ok
1785473044.310,2.44,ok
1785473044.323,2.14,ok
1785473044.341,2.61,ok
1785473044.358,2.62,ok
1785473044.376,3.29,ok
1785473044.391,2.49,ok
1785473044.406,1.94,ok
1785473044.419,3.06,ok
1785473044.434,3.28,ok
1785473044.448,3.31,ok
1785473044.465,2.24,ok
1785473044.482,2.57,ok
1785473044.495,2.00,ok
1785473044.508,2.61,ok
1785473044.524,1.96,ok
1785473044.541,3.31,ok
1785473044.556,2.11,ok
1785473044.573,3.01,ok
1785473044.590,1.98,ok
1785473044.608,3.67,ok
1785473044.624,5.48,ok
1785473044.642,3.69,ok
1785473044.661,3.73,ok
1785473044.678,2.79,ok
1785473044.693,2.23,ok
1785473044.707,2.17,ok
1785473044.723,2.21,ok
1785473044.740,2.09,ok
1785473044.757,2.07,ok
1785473044.774,2.16,ok
1785473044.790,1.99,ok
1785473044.809,3.76,ok
1785473044.826,1.72,ok
1785473044.840,1.94,ok
1785473044.857,2.14,ok
1785473044.874,2.02,ok
1785473044.891,3.46,ok
1785473044.906,3.02,ok
1785473044.923,2.44,ok
1785473044.939,3.64,ok
1785473044.955,2.28,ok
1785473044.970,2.17,ok
1785473044.987,1.82,ok
1785473045.003,1.89,ok
1785473045.020,1.71,ok
1785473045.034,2.19,ok
1785473045.050,2.07,ok
1785473045.065,3.32,ok
1785473045.082,2.21,ok
1785473045.099,2.46,ok
1785473045.117,2.20,ok
1785473045.132,2.78,ok
1785473045.151,3.36,ok
1785473045.168,2.99,ok
1785473045.186,2.07,ok
1785473045.198,2.45,ok
1785473045.212,2.14,ok
1785473045.229,2.04,ok
1785473045.245,2.06,ok
1785473045.262,2.24,ok
1785473045.287,13.23,ok
1785473045.302,2.60,ok
1785473045.316,1.98,ok
1785473045.334,4.24,ok
1785473045.350,2.17,ok
1785473045.367,2.66,ok
1785473045.383,2.15,ok
1785473045.399,2.34,ok
1785473045.415,2.36,ok
1785473045.430,1.87,ok
1785473045.447,2.80,ok
1785473045.463,1.89,ok
1785473045.476,2.84,ok
1785473045.490,1.69,ok
1785473045.505,2.32,ok
1785473045.521,1.84,ok
1785473045.534,2.23,ok
1785473045.551,2.21,ok
1785473045.565,2.02,ok
1785473045.581,3.30,ok
1785473045.596,2.18,ok
1785473045.613,2.08,ok
1785473045.630,2.12,ok
1785473045.643,1.73,ok
1785473045.657,2.37,ok
1785473045.674,2.95,ok
1785473045.689,2.41,ok
1785473045.707,3.25,ok
1785473045.724,2.64,ok
1785473045.738,2.33,ok
1785473045.755,3.34,ok
1785473045.768,2.53,ok
1785473045.784,2.58,ok
1785473045.802,3.10,ok
1785473045.816,2.28,ok
1785473045.829,1.49,ok
1785473045.844,2.26,ok
1785473045.861,2.55,ok
1785473045.877,1.76,ok
1785473045.891,2.83,ok
1785473045.903,1.66,ok
1785473045.920,2.67,ok
1785473045.934,2.16,ok
1785473045.948,2.04,ok
1785473045.961,2.26,ok
1785473045.976,1.75,ok
1785473045.989,1.90,ok
1785473046.007,3.36,ok
1785473046.021,2.50,ok
1785473046.040,3.96,ok
1785473046.055,2.57,ok
1785473046.067,2.01,ok
1785473046.084,2.33,ok
1785473046.100,2.18,ok
1785473046.115,1.98,ok
1785473046.132,1.89,ok
1785473046.148,2.21,ok
1785473046.164,2.37,ok
1785473046.178,3.51,ok
1785473046.197,4.27,ok
1785473046.211,2.09,ok
1785473046.226,2.60,ok
1785473046.239,2.12,ok
1785473046.251,1.55,ok
1785473046.268,3.26,ok
1785473046.294,11.46,ok
1785473046.311,2.39,ok
1785473046.324,2.63,ok
1785473046.341,2.60,ok
1785473046.355,1.74,ok
1785473046.370,2.58,ok
1785473046.383,2.42,ok
1785473046.396,1.79,ok
1785473046.410,1.99,ok
1785473046.424,2.41,ok
1785473046.440,1.81,ok
1785473046.457,1.94,ok
1785473046.474,1.86,ok
1785473046.487,2.19,ok
1785473046.501,3.40,ok
1785473046.516,2.44,ok
1785473046.529,2.12,ok
1785473046.542,1.87,ok
1785473046.558,1.68,ok
1785473046.575,2.43,ok
1785473046.594,4.10,ok
1785473046.612,4.09,ok
1785473046.627,2.36,ok
1785473046.641,3.35,ok
1785473046.655,2.06,ok
1785473046.669,1.95,ok
1785473046.686,1.92,ok
1785473046.700,3.35,ok
1785473046.716,1.98,ok
1785473046.733,1.79,ok
1785473046.750,2.14,ok
1785473046.764,3.01,ok
1785473046.778,2.00,ok
1785473046.790,1.89,ok
1785473046.803,2.47,ok
1785473046.817,1.69,ok
1785473046.830,2.99,ok
1785473046.842,1.78,ok
1785473046.859,3.65,ok
1785473046.874,3.16,ok
1785473046.902,12.22,ok
1785473046.915,1.96,ok
1785473046.932,1.93,ok
1785473046.948,2.26,ok
1785473046.965,2.18,ok
1785473046.980,2.25,ok
1785473046.997,2.18,ok
1785473047.014,2.00,ok
1785473047.032,2.21,ok
1785473047.049,2.62,ok
1785473047.062,1.90,ok
1785473047.078,2.06,ok
1785473047.092,2.66,ok
1785473047.105,1.94,ok
1785473047.123,3.07,ok
1785473047.138,1.97,ok
1785473047.152,1.74,ok
1785473047.168,3.55,ok
1785473047.184,2.27,ok
1785473047.202,3.05,ok
1785473047.215,1.86,ok
1785473047.231,3.11,ok
1785473047.248,2.22,ok
1785473047.261,2.07,ok
1785473047.274,2.27,ok
1785473047.290,5.70,ok
1785473047.305,2.16,ok
1785473047.319,2.02,ok
1785473047.336,1.78,ok
1785473047.349,2.40,ok
1785473047.366,1.91,ok
1785473047.381,1.92,ok
1785473047.396,2.09,ok
1785473047.411,3.44,ok
1785473047.425,2.02,ok
1785473047.440,2.07,ok
1785473047.458,3.39,ok
1785473047.475,1.66,ok
1785473047.494,4.43,ok
1785473047.511,1.87,ok
1785473047.525,1.82,ok
1785473047.543,2.78,ok
1785473047.561,2.40,ok
1785473047.574,2.46,ok
1785473047.586,2.54,ok
1785473047.600,2.00,ok
1785473047.614,2.26,ok
1785473047.626,1.71,ok
1785473047.643,1.99,ok
1785473047.660,1.92,ok
1785473047.676,2.09,ok
1785473047.691,2.81,ok
1785473047.708,2.16,ok
1785473047.724,2.28,ok
1785473047.740,2.02,ok
1785473047.758,3.37,ok
1785473047.773,2.08,ok
1785473047.790,3.35,ok
1785473047.808,3.39,ok
1785473047.823,2.44,ok
1785473047.839,2.28,ok
1785473047.853,2.12,ok
1785473047.866,2.68,ok
1785473047.882,4.14,ok
1785473047.900,3.58,ok
1785473047.913,1.79,ok
1785473047.927,2.04,ok
1785473047.941,1.78,ok
1785473047.958,2.08,ok
1785473047.975,2.74,ok
1785473047.988,1.71,ok
1785473048.005,1.99,ok
1785473048.020,1.69,ok
1785473048.037,2.15,ok
1785473048.053,1.85,ok
1785473048.069,3.66,ok
1785473048.081,2.10,ok
1785473048.099,3.04,ok
1785473048.116,2.25,ok
1785473048.134,2.90,ok
1785473048.151,2.01,ok
1785473048.166,1.87,ok
1785473048.180,2.14,ok
1785473048.194,3.38,ok
1785473048.210,3.63,ok
1785473048.223,2.13,ok
1785473048.241,3.40,ok
1785473048.257,3.60,ok
1785473048.273,1.90,ok
1785473048.291,7.34,ok
1785473048.307,2.32,ok
1785473048.322,2.01,ok
1785473048.336,3.99,ok
1785473048.352,1.77,ok
1785473048.369,1.84,ok
1785473048.383,2.44,ok
1785473048.397,1.74,ok
1785473048.410,1.58,ok
1785473048.425,3.69,ok
1785473048.439,3.04,ok
1785473048.452,2.18,ok
1785473048.465,1.62,ok
1785473048.478,1.60,ok
1785473048.491,1.84,ok
1785473048.508,1.95,ok
1785473048.521,1.88,ok
1785473048.535,2.37,ok
1785473048.553,3.41,ok
1785473048.571,2.83,ok
1785473048.586,1.94,ok
1785473048.603,2.35,ok
1785473048.616,1.43,ok
1785473048.633,1.89,ok
1785473048.651,3.19,ok
1785473048.664,2.02,ok
1785473048.682,2.11,ok
1785473048.699,1.84,ok
1785473048.715,1.95,ok
1785473048.732,1.94,ok
1785473048.747,1.80,ok
1785473048.762,1.92,ok
1785473048.779,2.15,ok
1785473048.793,1.77,ok
1785473048.809,1.67,ok
1785473048.826,2.45,ok
1785473048.840,3.18,ok
1785473048.854,1.93,ok
1785473048.870,2.20,ok
1785473048.888,3.15,ok
1785473048.905,1.95,ok
1785473048.917,2.01,ok
1785473048.931,1.99,ok
1785473048.948,5.60,ok
1785473048.964,2.01,ok
1785473048.980,1.94,ok
1785473048.997,2.17,ok
1785473049.012,1.71,ok
1785473049.025,2.26,ok
1785473049.038,1.67,ok
1785473049.055,1.80,ok
1785473049.071,1.91,ok
1785473049.086,1.81,ok
1785473049.100,1.97,ok
1785473049.120,4.88,ok
1785473049.133,2.09,ok
1785473049.149,2.61,ok
1785473049.163,1.95,ok
1785473049.182,3.69,ok
1785473049.196,2.85,ok
1785473049.213,1.75,ok
1785473049.231,2.17,ok
1785473049.245,1.88,ok
1785473049.258,2.12,ok
1785473049.271,2.13,ok
1785473049.294,11.07,ok
1785473049.309,1.91,ok
1785473049.329,8.07,ok
1785473049.346,2.51,ok
1785473049.361,2.29,ok
1785473049.377,2.66,ok
1785473049.394,2.27,ok
1785473049.407,1.95,ok
1785473049.422,2.17,ok
1785473049.439,1.89,ok
1785473049.455,2.76,ok
1785473049.470,1.93,ok
1785473049.485,1.86,ok
1785473049.497,1.62,ok
1785473049.515,2.31,ok
1785473049.534,3.75,ok
1785473049.552,3.59,ok
1785473049.566,2.35,ok
1785473049.585,5.51,ok
1785473049.603,6.59,ok
1785473049.620,2.30,ok
1785473049.637,2.54,ok
1785473049.651,1.80,ok
1785473049.666,2.14,ok
1785473049.680,1.88,ok
1785473049.695,1.86,ok
1785473049.711,1.94,ok
1785473049.726,2.14,ok
1785473049.738,2.08,ok
1785473049.753,2.06,ok
1785473049.772,3.94,ok
1785473049.785,1.94,ok
1785473049.802,1.97,ok
1785473049.817,2.22,ok
1785473049.833,2.94,ok
1785473049.851,3.08,ok
1785473049.864,1.88,ok
1785473049.881,2.19,ok
1785473049.899,3.12,ok
1785473049.915,2.05,ok
1785473049.931,1.84,ok
1785473049.948,1.93,ok
1785473049.967,3.99,ok
1785473049.980,1.82,ok
1785473049.996,2.88,ok
1785473050.009,2.56,ok
1785473050.026,2.21,ok
1785473050.043,2.47,ok
1785473050.061,2.06,ok
1785473050.073,1.83,ok
1785473050.091,2.53,ok
1785473050.107,2.51,ok
1785473050.119,1.85,ok
1785473050.133,2.14,ok
1785473050.150,1.92,ok
1785473050.163,2.53,ok
1785473050.178,1.81,ok
1785473050.194,1.99,ok
1785473050.207,2.04,ok
1785473050.221,1.81,ok
1785473050.238,1.75,ok
1785473050.256,2.52,ok
1785473050.272,1.94,ok
1785473050.293,6.83,ok
1785473050.306,1.87,ok
1785473050.324,2.16,ok
1785473050.343,3.92,ok
1785473050.357,2.25,ok
1785473050.371,2.75,ok
1785473050.384,2.51,ok
1785473050.397,3.06,ok
1785473050.411,2.15,ok
1785473050.427,1.73,ok
1785473050.442,1.92,ok
1785473050.455,2.08,ok
1785473050.477,7.01,ok
1785473050.491,1.90,ok
1785473050.510,3.91,ok
1785473050.526,1.99,ok
1785473050.540,1.87,ok
1785473050.552,1.90,ok
1785473050.568,4.03,ok
1785473050.586,2.47,ok
1785473050.603,1.94,ok
1785473050.619,2.12,ok
1785473050.636,1.75,ok
1785473050.649,2.07,ok
1785473050.665,1.95,ok
1785473050.682,2.26,ok
1785473050.700,2.65,ok
1785473050.715,3.59,ok
1785473050.734,3.63,ok
1785473050.747,2.39,ok
1785473050.760,1.85,ok
1785473050.774,1.89,ok
1785473050.787,1.93,ok
1785473050.802,1.89,ok
1785473050.818,2.50,ok
1785473050.831,2.24,ok
1785473050.848,2.28,ok
1785473050.866,2.83,ok
1785473050.878,2.03,ok
1785473050.891,1.92,ok
1785473050.908,2.16,ok
1785473050.922,2.00,ok
1785473050.936,2.01,ok
1785473050.953,2.18,ok
1785473050.970,1.96,ok
1785473050.983,2.11,ok
1785473050.996,1.99,ok
1785473051.013,2.48,ok
1785473051.027,2.13,ok
1785473051.043,1.90,ok
1785473051.059,2.27,ok
1785473051.078,3.49,ok
1785473051.094,2.41,ok
1785473051.107,2.39,ok
1785473051.122,2.10,ok
1785473051.135,2.56,ok
1785473051.151,3.58,ok
1785473051.166,2.19,ok
1785473051.180,2.01,ok
1785473051.196,1.80,ok
1785473051.213,1.89,ok
1785473051.230,1.98,ok
1785473051.247,3.28,ok
1785473051.264,2.46,ok
1785473051.292,13.14,ok
1785473051.309,3.21,ok
1785473051.325,2.59,ok
1785473051.341,3.06,ok
1785473051.360,3.60,ok
1785473051.377,1.92,ok
1785473051.393,2.01,ok
1785473051.408,1.40,ok
1785473051.424,1.98,ok
1785473051.438,1.84,ok
1785473051.452,2.04,ok
1785473051.468,3.31,ok
1785473051.484,2.96,ok
1785473051.497,2.05,ok
1785473051.514,2.03,ok
1785473051.527,3.13,ok
1785473051.545,2.23,ok
1785473051.563,5.04,ok
1785473051.576,2.13,ok
1785473051.592,2.32,ok
1785473051.609,2.05,ok
1785473051.627,3.09,ok
1785473051.643,2.09,ok
1785473051.657,2.18,ok
1785473051.669,1.88,ok
1785473051.685,1.98,ok
1785473051.703,3.39,ok
1785473051.720,1.99,ok
1785473051.733,2.11,ok
1785473051.748,2.15,ok
1785473051.765,1.87,ok
1785473051.784,3.20,ok
1785473051.799,2.29,ok
1785473051.814,2.49,ok
1785473051.829,2.39,ok
1785473051.845,3.13,ok
1785473051.859,1.74,ok
1785473051.878,3.76,ok
1785473051.893,4.20,ok
1785473051.909,2.20,ok
1785473051.923,3.53,ok
1785473051.937,2.17,ok
1785473051.951,3.34,ok
1785473051.968,1.84,ok
1785473051.985,1.95,ok
1785473052.002,2.41,ok
1785473052.020,2.24,ok
1785473052.037,2.06,ok
1785473052.053,1.61,ok
1785473052.065,2.00,ok
1785473052.080,2.26,ok
1785473052.095,1.95,ok
1785473052.108,1.91,ok
1785473052.123,2.09,ok
1785473052.140,2.36,ok
1785473052.157,2.28,ok
1785473052.174,2.09,ok
1785473052.190,2.05,ok
1785473052.203,1.90,ok
1785473052.215,2.04,ok
1785473052.229,1.68,ok
1785473052.245,2.07,ok
1785473052.258,1.82,ok
1785473052.272,1.93,ok
1785473052.293,7.66,ok
1785473052.307,2.59,ok
1785473052.320,1.74,ok
1785473052.333,3.28,ok
1785473052.347,2.01,ok
1785473052.360,2.71,ok
1785473052.377,2.28,ok
1785473052.392,2.18,ok
1785473052.407,3.46,ok
1785473052.423,3.45,ok
1785473052.437,2.97,ok
1785473052.453,1.90,ok
1785473052.469,1.90,ok
1785473052.486,2.29,ok
1785473052.501,2.79,ok
1785473052.517,2.18,ok
1785473052.530,1.89,ok
1785473052.547,2.33,ok
1785473052.563,2.09,ok
1785473052.580,2.05,ok
1785473052.593,2.15,ok
1785473052.610,2.91,ok
1785473052.624,2.73,ok
1785473052.662,26.43,ok
1785473052.677,2.91,ok
1785473052.690,1.71,ok
1785473052.706,3.31,ok
1785473052.718,1.82,ok
1785473052.731,1.85,ok
1785473052.744,2.43,ok
1785473052.760,2.49,ok
1785473052.775,3.56,ok
1785473052.789,2.26,ok
1785473052.802,1.99,ok
1785473052.816,2.34,ok
1785473052.832,2.92,ok
1785473052.849,2.23,ok
1785473052.864,1.89,ok
1785473052.878,1.99,ok
1785473052.892,2.12,ok
1785473052.907,2.22,ok
1785473052.924,1.84,ok
1785473052.938,1.89,ok
1785473052.956,2.07,ok
1785473052.969,2.22,ok
1785473052.984,2.08,ok
1785473052.998,1.98,ok
1785473053.012,2.79,ok
1785473053.032,4.85,ok
1785473053.051,4.33,ok
1785473053.066,2.06,ok
1785473053.081,2.07,ok
1785473053.097,2.86,ok
1785473053.114,2.04,ok
1785473053.128,3.70,ok
1785473053.141,2.02,ok
1785473053.155,2.01,ok
1785473053.167,1.93,ok
1785473053.180,1.75,ok
1785473053.197,2.16,ok
1785473053.212,2.69,ok
1785473053.229,2.16,ok
1785473053.245,2.04,ok
1785473053.258,2.40,ok
1785473053.271,2.27,ok
1785473053.295,8.54,ok
1785473053.312,1.98,ok
1785473053.329,2.17,ok
1785473053.341,1.85,ok
1785473053.357,1.98,ok
1785473053.371,2.17,ok
1785473053.389,2.66,ok
1785473053.401,2.06,ok
1785473053.414,2.14,ok
1785473053.428,2.12,ok
1785473053.441,2.43,ok
1785473053.456,1.96,ok
1785473053.473,2.67,ok
1785473053.490,2.21,ok
1785473053.505,2.10,ok
1785473053.528,8.08,ok
1785473053.545,2.05,ok
1785473053.561,3.95,ok
1785473053.577,2.83,ok
1785473053.590,2.99,ok
1785473053.607,2.22,ok
1785473053.623,1.95,ok
1785473053.636,1.92,ok
1785473053.653,3.38,ok
1785473053.670,2.51,ok
1785473053.683,2.46,ok
1785473053.698,2.15,ok
1785473053.713,1.88,ok
1785473053.728,2.05,ok
1785473053.746,2.49,ok
1785473053.761,2.30,ok
1785473053.777,3.05,ok
1785473053.793,1.81,ok
1785473053.808,1.66,ok
1785473053.824,2.08,ok
1785473053.837,1.84,ok
1785473053.850,2.27,ok
1785473053.867,1.96,ok
1785473053.883,2.19,ok
1785473053.900,2.10,ok
1785473053.917,1.73,ok
1785473053.933,3.24,ok
1785473053.950,1.97,ok
1785473053.965,2.49,ok
1785473053.982,2.22,ok
1785473053.999,2.23,ok
1785473054.014,1.96,ok
1785473054.027,2.43,ok
1785473054.043,2.48,ok
1785473054.057,1.84,ok
1785473054.072,2.02,ok
1785473054.088,2.07,ok
1785473054.102,3.77,ok
1785473054.118,2.10,ok
1785473054.135,2.22,ok
1785473054.153,1.99,ok
1785473054.165,2.14,ok
1785473054.183,3.33,ok
1785473054.201,2.15,ok
1785473054.213,2.03,ok
1785473054.230,3.02,ok
1785473054.243,1.66,ok
1785473054.258,2.12,ok
1785473054.274,2.36,ok
1785473054.298,9.42,ok
1785473054.315,2.21,ok
1785473054.331,2.06,ok
1785473054.348,2.48,ok
1785473054.364,1.80,ok
1785473054.380,2.04,ok
1785473054.394,2.68,ok
1785473054.408,2.14,ok
1785473054.425,3.52,ok
1785473054.441,3.48,ok
1785473054.455,2.99,ok
1785473054.468,2.55,ok
1785473054.485,2.12,ok
1785473054.499,2.06,ok
1785473054.515,1.89,ok
1785473054.532,2.23,ok
1785473054.550,3.49,ok
1785473054.566,1.73,ok
1785473054.580,1.87,ok
1785473054.593,1.61,ok
1785473054.606,1.71,ok
1785473054.620,2.07,ok
1785473054.635,2.13,ok
1785473054.648,2.16,ok
1785473054.661,2.06,ok
1785473054.679,2.40,ok
1785473054.694,1.89,ok
1785473054.711,1.93,ok
1785473054.728,2.14,ok
1785473054.744,1.90,ok
1785473054.758,2.11,ok
1785473054.775,3.31,ok
1785473054.792,1.94,ok
1785473054.805,1.99,ok
1785473054.820,3.89,ok
1785473054.833,1.82,ok
1785473054.849,2.14,ok
1785473054.862,1.59,ok
1785473054.881,4.03,ok
1785473054.898,2.00,ok
1785473054.914,2.81,ok
1785473054.929,2.50,ok
1785473054.944,1.58,ok
1785473054.959,2.13,ok
1785473054.972,1.96,ok
1785473054.985,2.39,ok
1785473055.002,2.47,ok
1785473055.019,2.31,ok
1785473055.035,2.23,ok
1785473055.048,2.00,ok
1785473055.066,2.60,ok
1785473055.082,1.98,ok
1785473055.096,1.63,ok
1785473055.113,1.74,ok
1785473055.128,2.06,ok
1785473055.145,1.98,ok
1785473055.162,2.34,ok
1785473055.179,1.93,ok
1785473055.196,1.81,ok
1785473055.212,1.65,ok
1785473055.229,2.74,ok
1785473055.247,2.06,ok
1785473055.263,1.91,ok
1785473055.279,2.17,ok
1785473055.300,9.72,ok
1785473055.318,3.65,ok
1785473055.332,1.85,ok
1785473055.345,3.15,ok
1785473055.363,2.56,ok
1785473055.375,1.85,ok
1785473055.390,1.99,ok
1785473055.404,2.17,ok
1785473055.420,2.18,ok
1785473055.437,3.26,ok
1785473055.449,2.13,ok
1785473055.466,2.11,ok
1785473055.482,1.95,ok
1785473055.498,2.19,ok
1785473055.515,1.89,ok
1785473055.527,1.98,ok
1785473055.540,1.87,ok
1785473055.557,2.22,ok
1785473055.572,2.05,ok
1785473055.590,3.47,ok
1785473055.603,2.21,ok
1785473055.615,1.82,ok
1785473055.632,1.92,ok
1785473055.648,1.96,ok
1785473055.663,3.40,ok
1785473055.676,1.81,ok
1785473055.689,1.87,ok
1785473055.701,1.93,ok
1785473055.714,1.92,ok
1785473055.729,2.01,ok
1785473055.746,1.90,ok
1785473055.760,1.75,ok
1785473055.776,1.82,ok
1785473055.790,1.75,ok
1785473055.805,1.68,ok
1785473055.823,2.63,ok
1785473055.837,3.69,ok
1785473055.852,2.09,ok
1785473055.869,1.66,ok
1785473055.886,1.78,ok
1785473055.899,2.16,ok
1785473055.911,1.99,ok
1785473055.928,2.04,ok
1785473055.942,1.63,ok
1785473055.956,1.56,ok
1785473055.969,2.04,ok
1785473055.987,3.31,ok
1785473056.003,1.67,ok
1785473056.016,1.73,ok
1785473056.033,1.88,ok
1785473056.048,2.12,ok
1785473056.066,2.30,ok
1785473056.084,2.46,ok
1785473056.100,2.52,ok
1785473056.117,2.53,ok
1785473056.133,3.64,ok
1785473056.150,2.18,ok
1785473056.164,1.74,ok
1785473056.181,1.88,ok
1785473056.197,1.75,ok
1785473056.210,2.24,ok
1785473056.225,3.28,ok
1785473056.241,1.98,ok
1785473056.258,3.09,ok
1785473056.273,2.02,ok
1785473056.303,14.57,ok
1785473056.328,10.80,ok
1785473056.345,2.33,ok
1785473056.361,2.20,ok
1785473056.379,3.39,ok
1785473056.392,2.27,ok
1785473056.406,2.22,ok
1785473056.419,2.23,ok
1785473056.433,2.16,ok
1785473056.446,2.22,ok
1785473056.463,2.38,ok
1785473056.480,2.26,ok
1785473056.495,1.96,ok
1785473056.511,1.91,ok
1785473056.526,1.86,ok
1785473056.539,2.01,ok
1785473056.556,2.00,ok
1785473056.574,3.91,ok
1785473056.591,3.36,ok
1785473056.607,1.84,ok
1785473056.622,2.75,ok
1785473056.638,2.01,ok
1785473056.654,3.09,ok
1785473056.671,2.75,ok
1785473056.688,1.93,ok
1785473056.701,2.87,ok
1785473056.714,2.00,ok
1785473056.727,1.94,ok
1785473056.744,2.19,ok
1785473056.761,2.01,ok
1785473056.775,2.52,ok
1785473056.791,2.11,ok
1785473056.805,2.45,ok
1785473056.823,2.03,ok
1785473056.839,1.74,ok
1785473056.854,2.09,ok
1785473056.871,2.16,ok
1785473056.884,1.72,ok
1785473056.897,2.19,ok
1785473056.910,1.59,ok
1785473056.927,2.19,ok
1785473056.939,2.02,ok
1785473056.955,1.97,ok
1785473056.973,3.23,ok
1785473056.989,2.05,ok
1785473057.002,1.80,ok
1785473057.019,2.26,ok
1785473057.035,1.96,ok
1785473057.048,2.04,ok
1785473057.065,2.23,ok
1785473057.084,4.88,ok
1785473057.099,2.41,ok
1785473057.116,2.45,ok
1785473057.134,3.16,ok
1785473057.151,2.42,ok
1785473057.163,1.73,ok
1785473057.177,2.25,ok
1785473057.194,4.13,ok
1785473057.211,1.55,ok
1785473057.227,2.64,ok
1785473057.239,1.88,ok
1785473057.257,2.25,ok
1785473057.270,2.35,ok
1785473057.283,1.98,ok
1785473057.305,11.02,ok
1785473057.322,1.93,ok
1785473057.337,1.68,ok
1785473057.351,1.92,ok
1785473057.367,1.89,ok
1785473057.382,1.87,ok
1785473057.399,2.12,ok
1785473057.414,2.54,ok
1785473057.432,3.10,ok
1785473057.449,2.12,ok
1785473057.464,3.04,ok
1785473057.477,1.80,ok
1785473057.493,1.68,ok
1785473057.506,1.86,ok
1785473057.524,2.69,ok
1785473057.539,1.87,ok
1785473057.556,1.93,ok
1785473057.572,1.93,ok
1785473057.587,1.74,ok
1785473057.600,2.26,ok
1785473057.613,1.75,ok
1785473057.631,3.07,ok
1785473057.648,1.69,ok
1785473057.661,2.05,ok
1785473057.678,2.17,ok
1785473057.697,3.41,ok
1785473057.711,1.95,ok
1785473057.723,1.62,ok
1785473057.738,2.01,ok
1785473057.754,3.17,ok
1785473057.766,2.09,ok
1785473057.782,2.58,ok
1785473057.799,2.33,ok
1785473057.815,1.70,ok
1785473057.830,1.69,ok
1785473057.848,2.37,ok
1785473057.865,2.35,ok
1785473057.883,3.54,ok
1785473057.901,3.11,ok
1785473057.914,2.08,ok
1785473057.931,2.02,ok
1785473057.947,1.97,ok
1785473057.960,2.24,ok
1785473057.973,1.85,ok
1785473057.986,2.02,ok
1785473058.003,2.27,ok
1785473058.021,2.75,ok
1785473058.034,1.91,ok
1785473058.049,2.26,ok
1785473058.064,1.92,ok
1785473058.081,3.03,ok
1785473058.097,2.15,ok
1785473058.115,2.50,ok
1785473058.132,2.05,ok
1785473058.148,1.86,ok
1785473058.161,2.94,ok
1785473058.175,1.72,ok
1785473058.192,2.01,ok
1785473058.211,3.85,ok
1785473058.223,2.06,ok
1785473058.238,1.98,ok
1785473058.251,1.90,ok
1785473058.265,3.68,ok
1785473058.277,1.95,ok
1785473058.305,15.14,ok
1785473058.321,1.76,ok
1785473058.336,1.52,ok
1785473058.351,1.75,ok
1785473058.364,2.25,ok
1785473058.377,1.68,ok
1785473058.395,2.47,ok
1785473058.412,1.83,ok
1785473058.425,1.65,ok
1785473058.440,1.84,ok
1785473058.457,1.81,ok
1785473058.470,1.62,ok
1785473058.488,2.30,ok
1785473058.505,2.08,ok
1785473058.520,1.84,ok
1785473058.534,2.84,ok
1785473058.549,2.26,ok
1785473058.565,1.86,ok
1785473058.583,2.36,ok
1785473058.596,1.93,ok
1785473058.611,3.55,ok
1785473058.626,1.87,ok
1785473058.645,4.50,ok
1785473058.662,1.96,ok
1785473058.679,1.86,ok
1785473058.691,1.83,ok
1785473058.709,2.82,ok
1785473058.723,1.96,ok
1785473058.738,2.36,ok
1785473058.756,2.50,ok
1785473058.770,2.21,ok
1785473058.787,1.91,ok
1785473058.801,1.96,ok
1785473058.818,1.95,ok
1785473058.834,1.89,ok
1785473058.848,2.23,ok
1785473058.866,2.08,ok
1785473058.886,4.73,ok
1785473058.900,2.13,ok
1785473058.918,2.18,ok
1785473058.930,1.63,ok
1785473058.948,2.69,ok
1785473058.965,2.11,ok
1785473058.982,2.12,ok
1785473058.999,1.91,ok
1785473059.016,1.79,ok
1785473059.032,1.93,ok
1785473059.049,2.12,ok
1785473059.066,2.46,ok
1785473059.083,2.06,ok
1785473059.096,2.29,ok
1785473059.109,2.04,ok
1785473059.125,2.05,ok
1785473059.141,1.71,ok
1785473059.156,1.60,ok
1785473059.170,1.93,ok
1785473059.182,2.01,ok
1785473059.197,3.40,ok
1785473059.214,2.20,ok
1785473059.232,2.54,ok
1785473059.245,3.01,ok
1785473059.259,2.11,ok
1785473059.272,2.47,ok
1785473059.286,2.05,ok
1785473059.301,2.29,ok
1785473059.316,2.00,ok
1785473059.329,1.83,ok
1785473059.346,1.69,ok
1785473059.363,1.76,ok
1785473059.380,2.08,ok
1785473059.394,2.17,ok
1785473059.411,1.79,ok
1785473059.424,2.40,ok
1785473059.438,2.16,ok
1785473059.457,3.40,ok
1785473059.476,6.50,ok
1785473059.493,2.48,ok
1785473059.508,1.89,ok
1785473059.521,1.58,ok
1785473059.538,1.85,ok
1785473059.554,2.17,ok
1785473059.571,1.83,ok
1785473059.584,1.89,ok
1785473059.596,1.58,ok
1785473059.611,3.34,ok
1785473059.623,1.90,ok
1785473059.637,2.15,ok
1785473059.650,2.40,ok
1785473059.667,3.59,ok
1785473059.684,2.06,ok
1785473059.698,1.91,ok
1785473059.712,2.17,ok
1785473059.729,2.40,ok
1785473059.747,2.19,ok
1785473059.767,5.56,ok
1785473059.783,1.88,ok
1785473059.799,3.22,ok
1785473059.812,1.92,ok
1785473059.828,1.87,ok
1785473059.845,1.40,ok
1785473059.861,2.15,ok
1785473059.879,2.95,ok
1785473059.896,1.55,ok
1785473059.913,1.93,ok
1785473059.925,2.00,ok
1785473059.938,2.44,ok
1785473059.950,1.88,ok
1785473059.964,1.95,ok
1785473059.976,2.16,ok
1785473059.995,3.67,ok
1785473060.009,2.30,ok
1785473060.021,1.64,ok
1785473060.034,2.81,ok
1785473060.049,1.75,ok
1785473060.065,2.47,ok
1785473060.083,2.49,ok
1785473060.100,2.07,ok
1785473060.115,2.08,ok
1785473060.130,2.46,ok
1785473060.149,3.96,ok
1785473060.166,1.90,ok
1785473060.183,1.90,ok
1785473060.196,1.80,ok
1785473060.214,2.97,ok
1785473060.229,2.02,ok
1785473060.243,2.23,ok
1785473060.259,1.85,ok
1785473060.276,1.53,ok
1785473060.299,8.87,ok
1785473060.315,2.03,ok
1785473060.327,1.61,ok
1785473060.343,1.85,ok
1785473060.355,1.83,ok
1785473060.372,1.96,ok
1785473060.388,1.78,ok
1785473060.400,1.74,ok
1785473060.414,1.95,ok
1785473060.428,2.24,ok
1785473060.445,1.89,ok
1785473060.462,1.93,ok
1785473060.475,2.34,ok
1785473060.491,1.88,ok
1785473060.506,2.24,ok
1785473060.523,1.87,ok
1785473060.540,1.98,ok
1785473060.557,1.99,ok
1785473060.572,2.03,ok
1785473060.584,1.92,ok
1785473060.601,2.11,ok
1785473060.618,1.76,ok
1785473060.635,2.01,ok
1785473060.653,3.52,ok
1785473060.670,3.06,ok
1785473060.683,1.90,ok
1785473060.698,1.83,ok
1785473060.716,2.22,ok
1785473060.731,3.32,ok
1785473060.748,1.84,ok
1785473060.766,3.14,ok
1785473060.782,1.61,ok
1785473060.798,2.07,ok
1785473060.811,1.90,ok
1785473060.829,2.50,ok
1785473060.843,2.29,ok
1785473060.856,1.77,ok
1785473060.873,2.04,ok
1785473060.891,3.11,ok
1785473060.905,2.32,ok
1785473060.918,1.98,ok
1785473060.934,2.32,ok
1785473060.950,2.86,ok
1785473060.967,1.83,ok
1785473060.979,1.79,ok
1785473060.996,1.76,ok
1785473061.013,2.07,ok
1785473061.027,1.89,ok
1785473061.042,2.96,ok
1785473061.056,1.71,ok
1785473061.073,1.95,ok
1785473061.086,2.06,ok
1785473061.098,1.98,ok
1785473061.115,2.04,ok
1785473061.133,2.48,ok
1785473061.148,1.97,ok
1785473061.166,2.10,ok
1785473061.178,1.94,ok
1785473061.192,1.83,ok
1785473061.206,1.67,ok
1785473061.220,1.80,ok
1785473061.235,1.68,ok
1785473061.250,3.17,ok
1785473061.266,2.07,ok
1785473061.279,1.67,ok
1785473061.292,1.88,ok
1785473061.307,1.94,ok
1785473061.327,6.62,ok
1785473061.341,3.05,ok
1785473061.354,1.71,ok
1785473061.372,3.61,ok
1785473061.385,1.89,ok
1785473061.402,3.98,ok
1785473061.416,1.86,ok
1785473061.433,1.80,ok
1785473061.450,1.88,ok
1785473061.466,1.81,ok
1785473061.482,2.06,ok
1785473061.498,1.57,ok
1785473061.515,1.99,ok
1785473061.531,2.09,ok
1785473061.548,2.20,ok
1785473061.565,1.78,ok
1785473061.578,2.09,ok
1785473061.591,2.11,ok
1785473061.608,1.84,ok
1785473061.625,1.69,ok
1785473061.641,1.81,ok
1785473061.654,1.74,ok
1785473061.669,1.60,ok
1785473061.683,1.90,ok
1785473061.698,2.11,ok
1785473061.712,1.85,ok
1785473061.729,1.78,ok
1785473061.748,4.22,ok
1785473061.764,1.96,ok
1785473061.784,2.39,ok
1785473061.797,2.21,ok
1785473061.814,1.93,ok
1785473061.828,3.31,ok
1785473061.845,2.01,ok
1785473061.863,3.59,ok
1785473061.878,3.22,ok
1785473061.894,3.44,ok
1785473061.907,2.41,ok
1785473061.922,1.85,ok
1785473061.939,2.73,ok
1785473061.956,1.74,ok
1785473061.972,1.66,ok
1785473061.987,2.16,ok
1785473062.000,2.20,ok
1785473062.014,2.03,ok
1785473062.032,2.10,ok
1785473062.048,2.08,ok
1785473062.065,2.40,ok
1785473062.082,1.70,ok
1785473062.097,1.87,ok
1785473062.110,2.36,ok
1785473062.127,2.10,ok
1785473062.140,1.85,ok
1785473062.155,1.77,ok
1785473062.171,1.43,ok
1785473062.186,3.16,ok
1785473062.203,1.62,ok
1785473062.217,1.78,ok
1785473062.232,1.97,ok
1785473062.245,1.96,ok
1785473062.260,1.96,ok
1785473062.274,3.07,ok
1785473062.288,1.85,ok
1785473062.306,2.87,ok
1785473062.326,4.84,ok
1785473062.343,2.07,ok
1785473062.358,1.91,ok
1785473062.376,3.57,ok
1785473062.393,1.87,ok
1785473062.408,3.16,ok
1785473062.424,2.24,ok
1785473062.436,1.87,ok
1785473062.454,2.08,ok
1785473062.468,2.91,ok
1785473062.480,1.65,ok
1785473062.497,3.57,ok
1785473062.513,2.05,ok
1785473062.526,1.79,ok
1785473062.540,2.04,ok
1785473062.557,2.18,ok
1785473062.574,2.25,ok
1785473062.590,1.94,ok
1785473062.604,1.85,ok
1785473062.621,1.82,ok
1785473062.638,2.09,ok
1785473062.651,1.99,ok
1785473062.665,2.12,ok
1785473062.679,1.75,ok
1785473062.694,1.66,ok
1785473062.710,1.85,ok
1785473062.727,2.40,ok
1785473062.740,1.97,ok
1785473062.756,1.78,ok
1785473062.773,1.84,ok
1785473062.788,2.05,ok
1785473062.804,2.09,ok
1785473062.818,1.95,ok
1785473062.835,2.22,ok
1785473062.851,1.68,ok
1785473062.866,2.86,ok
1785473062.883,2.02,ok
1785473062.899,3.81,ok
1785473062.919,6.89,ok
1785473062.936,1.65,ok
1785473062.948,1.74,ok
1785473062.966,3.45,ok
1785473062.983,1.86,ok
1785473063.001,3.62,ok
1785473063.015,1.98,ok
1785473063.030,3.43,ok
1785473063.043,2.12,ok
1785473063.057,2.00,ok
1785473063.071,3.21,ok
1785473063.085,1.94,ok
1785473063.100,2.19,ok
1785473063.114,2.80,ok
1785473063.130,2.45,ok
1785473063.147,2.11,ok
1785473063.160,2.49,ok
1785473063.177,2.07,ok
1785473063.193,1.71,ok
1785473063.211,2.79,ok
1785473063.225,2.71,ok
1785473063.238,1.79,ok
1785473063.255,2.11,ok
1785473063.273,2.38,ok
1785473063.287,1.86,ok
1785473063.313,12.31,ok
1785473063.329,2.23,ok
1785473063.342,1.97,ok
1785473063.356,1.82,ok
1785473063.374,1.95,ok
1785473063.392,3.79,ok
1785473063.406,1.87,ok
1785473063.423,1.89,ok
1785473063.437,2.07,ok
1785473063.451,3.32,ok
1785473063.464,2.02,ok
1785473063.480,2.59,ok
1785473063.494,1.71,ok
1785473063.510,1.88,ok
1785473063.526,3.05,ok
1785473063.543,1.82,ok
1785473063.558,3.01,ok
1785473063.573,1.92,ok
1785473063.587,2.59,ok
1785473063.604,2.24,ok
1785473063.620,3.00,ok
1785473063.638,2.20,ok
1785473063.655,2.09,ok
1785473063.671,1.85,ok
1785473063.684,2.16,ok
1785473063.699,2.28,ok
1785473063.715,2.04,ok
1785473063.732,1.93,ok
1785473063.744,1.83,ok
1785473063.757,1.86,ok
1785473063.773,1.73,ok
1785473063.788,1.88,ok
1785473063.801,1.82,ok
1785473063.813,1.68,ok
1785473063.828,3.47,ok
1785473063.842,1.83,ok
1785473063.857,2.24,ok
1785473063.872,1.70,ok
1785473063.890,2.41,ok
1785473063.902,1.85,ok
1785473063.916,2.04,ok
1785473063.933,2.01,ok
1785473063.952,4.23,ok
1785473063.969,2.05,ok
1785473063.984,2.70,ok
1785473064.001,3.07,ok
1785473064.017,3.50,ok
1785473064.045,13.97,ok
1785473064.059,2.18,ok
1785473064.073,1.71,ok
1785473064.092,3.57,ok
1785473064.106,2.07,ok
1785473064.123,2.01,ok
1785473064.136,1.84,ok
1785473064.154,2.91,ok
1785473064.170,2.03,ok
1785473064.184,2.12,ok
1785473064.198,1.99,ok
1785473064.214,1.74,ok
1785473064.227,2.18,ok
1785473064.244,1.99,ok
1785473064.258,2.44,ok
1785473064.275,2.32,ok
1785473064.290,2.12,ok
1785473064.312,9.16,ok
1785473064.329,1.98,ok
1785473064.342,1.99,ok
1785473064.359,2.01,ok
1785473064.373,1.77,ok
1785473064.390,1.97,ok
1785473064.405,1.77,ok
1785473064.422,3.34,ok
1785473064.439,2.68,ok
1785473064.455,1.81,ok
1785473064.468,1.73,ok
1785473064.481,2.05,ok
1785473064.500,3.91,ok
1785473064.517,1.88,ok
1785473064.534,2.62,ok
1785473064.551,1.80,ok
1785473064.568,2.11,ok
1785473064.583,2.35,ok
1785473064.599,3.02,ok
1785473064.611,1.61,ok
1785473064.627,1.85,ok
1785473064.643,2.56,ok
1785473064.659,1.80,ok
1785473064.677,2.15,ok
1785473064.692,2.12,ok
1785473064.709,3.52,ok
1785473064.722,2.05,ok
1785473064.737,2.69,ok
1785473064.752,2.65,ok
1785473064.766,1.77,ok
1785473064.783,5.00,ok
1785473064.799,2.25,ok
1785473064.815,1.81,ok
1785473064.830,3.08,ok
1785473064.842,1.59,ok
1785473064.856,2.02,ok
1785473064.868,1.90,ok
1785473064.880,1.84,ok
1785473064.897,1.94,ok
1785473064.915,2.53,ok
1785473064.929,2.29,ok
1785473064.946,2.31,ok
1785473064.960,1.99,ok
1785473064.975,1.86,ok
1785473064.989,2.20,ok
1785473065.006,2.42,ok
1785473065.023,1.95,ok
1785473065.041,2.24,ok
1785473065.056,2.14,ok
1785473065.072,1.97,ok
1785473065.087,1.92,ok
1785473065.101,2.15,ok
1785473065.114,2.17,ok
1785473065.131,2.20,ok
1785473065.146,2.29,ok
1785473065.163,1.95,ok
1785473065.180,2.14,ok
1785473065.192,1.62,ok
1785473065.207,2.13,ok
1785473065.223,1.81,ok
1785473065.240,2.11,ok
1785473065.256,1.83,ok
1785473065.272,2.20,ok
1785473065.290,3.26,ok
1785473065.315,14.02,ok
1785473065.329,3.30,ok
1785473065.343,1.94,ok
1785473065.359,3.76,ok
1785473065.374,1.93,ok
1785473065.390,2.39,ok
1785473065.406,1.87,ok
1785473065.424,2.25,ok
1785473065.441,2.48,ok
1785473065.455,2.13,ok
1785473065.469,1.61,ok
1785473065.485,2.12,ok
1785473065.502,2.97,ok
1785473065.517,2.68,ok
1785473065.532,2.06,ok
1785473065.548,3.56,ok
1785473065.563,2.21,ok
1785473065.580,2.14,ok
1785473065.592,1.74,ok
1785473065.607,2.35,ok
1785473065.622,2.65,ok
1785473065.636,1.92,ok
1785473065.650,2.02,ok
1785473065.668,2.96,ok
1785473065.685,2.13,ok
1785473065.699,2.27,ok
1785473065.716,2.43,ok
1785473065.733,2.48,ok
1785473065.746,1.71,ok
1785473065.760,1.98,ok
1785473065.776,1.60,ok
1785473065.789,1.99,ok
1785473065.802,1.92,ok
1785473065.817,2.06,ok
1785473065.834,2.18,ok
1785473065.850,1.97,ok
1785473065.865,3.13,ok
1785473065.880,2.06,ok
1785473065.896,2.52,ok
1785473065.910,3.04,ok
1785473065.924,1.84,ok
1785473065.941,2.35,ok
1785473065.958,1.78,ok
1785473065.973,2.04,ok
1785473065.989,2.31,ok
1785473066.005,1.95,ok
1785473066.020,1.95,ok
1785473066.034,2.00,ok
1785473066.049,2.42,ok
1785473066.061,1.77,ok
1785473066.076,1.79,ok
1785473066.093,2.05,ok
1785473066.111,2.36,ok
1785473066.128,2.10,ok
1785473066.143,2.20,ok
1785473066.160,2.17,ok
1785473066.177,2.24,ok
1785473066.190,1.99,ok
1785473066.206,1.90,ok
1785473066.219,1.89,ok
1785473066.235,2.64,ok
1785473066.249,2.22,ok
1785473066.266,1.86,ok
1785473066.282,2.67,ok
1785473066.297,2.08,ok
1785473066.316,7.05,ok
1785473066.332,5.11,ok
1785473066.347,1.90,ok
1785473066.364,2.18,ok
1785473066.382,2.20,ok
1785473066.399,2.07,ok
1785473066.413,1.78,ok
1785473066.430,2.11,ok
1785473066.444,2.12,ok
1785473066.459,3.50,ok
1785473066.477,3.42,ok
1785473066.492,1.94,ok
1785473066.505,2.38,ok
1785473066.519,1.94,ok
1785473066.533,2.71,ok
1785473066.547,1.72,ok
1785473066.563,1.91,ok
1785473066.576,1.96,ok
1785473066.589,1.89,ok
1785473066.602,2.03,ok
1785473066.619,1.74,ok
1785473066.634,1.79,ok
1785473066.649,1.94,ok
1785473066.665,2.25,ok
1785473066.681,2.55,ok
1785473066.699,2.60,ok
1785473066.711,1.85,ok
1785473066.726,1.81,ok
1785473066.739,3.34,ok
1785473066.757,1.99,ok
1785473066.774,1.98,ok
1785473066.790,2.31,ok
1785473066.803,1.80,ok
1785473066.818,1.72,ok
1785473066.835,3.22,ok
1785473066.850,2.25,ok
1785473066.867,2.01,ok
1785473066.884,2.19,ok
1785473066.902,3.28,ok
1785473066.915,2.14,ok
1785473066.933,2.36,ok
1785473066.949,2.13,ok
1785473066.965,3.18,ok
1785473066.981,3.60,ok
1785473066.998,1.86,ok
1785473067.015,2.21,ok
1785473067.029,1.96,ok
1785473067.042,2.62,ok
1785473067.057,1.87,ok
1785473067.072,3.98,ok
1785473067.090,2.83,ok
1785473067.105,3.20,ok
1785473067.117,1.75,ok
1785473067.132,2.14,ok
1785473067.146,1.85,ok
1785473067.163,2.27,ok
1785473067.180,2.07,ok
1785473067.197,3.33,ok
1785473067.212,1.95,ok
1785473067.226,2.07,ok
1785473067.244,2.13,ok
1785473067.258,1.99,ok
1785473067.270,1.91,ok
1785473067.284,2.42,ok
1785473067.302,2.80,ok
1785473067.322,7.61,ok
1785473067.338,2.48,ok
1785473067.355,2.27,ok
1785473067.372,1.83,ok
1785473067.389,2.18,ok
1785473067.406,2.16,ok
1785473067.423,2.16,ok
1785473067.440,1.92,ok
1785473067.456,1.89,ok
1785473067.472,2.23,ok
1785473067.489,2.02,ok
1785473067.501,1.50,ok
1785473067.514,2.22,ok
1785473067.532,2.99,ok
1785473067.548,1.66,ok
1785473067.562,2.60,ok
1785473067.577,2.27,ok
1785473067.597,4.48,ok
1785473067.616,3.56,ok
1785473067.633,2.90,ok
1785473067.646,1.67,ok
1785473067.663,2.36,ok
1785473067.677,3.40,ok
1785473067.690,1.83,ok
1785473067.702,2.23,ok
1785473067.716,2.11,ok
1785473067.736,5.08,ok
1785473067.751,2.11,ok
1785473067.767,2.24,ok
1785473067.780,1.93,ok
1785473067.796,1.99,ok
1785473067.813,2.41,ok
1785473067.827,1.99,ok
1785473067.840,1.95,ok
1785473067.853,1.71,ok
1785473067.870,1.97,ok
1785473067.886,1.65,ok
1785473067.905,4.15,ok
1785473067.922,2.19,ok
1785473067.935,1.94,ok
1785473067.949,2.24,ok
1785473067.963,3.72,ok
1785473067.977,2.08,ok
1785473067.990,2.13,ok
1785473068.006,2.26,ok
1785473068.024,2.84,ok
1785473068.040,2.18,ok
1785473068.058,2.96,ok
1785473068.075,2.06,ok
1785473068.088,1.86,ok
1785473068.101,1.83,ok
1785473068.119,2.37,ok
1785473068.134,1.97,ok
1785473068.151,1.88,ok
1785473068.166,2.00,ok
1785473068.183,2.03,ok
1785473068.199,3.04,ok
1785473068.215,2.21,ok
1785473068.229,2.53,ok
1785473068.244,2.00,ok
1785473068.257,1.94,ok
1785473068.272,2.01,ok
1785473068.290,3.09,ok
1785473068.324,18.80,ok
1785473068.339,2.69,ok
1785473068.355,1.74,ok
1785473068.370,1.70,ok
1785473068.383,2.04,ok
1785473068.395,1.91,ok
1785473068.416,5.76,ok
1785473068.435,3.86,ok
1785473068.448,2.03,ok
1785473068.463,3.60,ok
1785473068.480,2.12,ok
1785473068.495,2.21,ok
1785473068.511,2.01,ok
1785473068.527,2.11,ok
1785473068.543,2.02,ok
1785473068.556,1.65,ok
1785473068.569,1.62,ok
1785473068.584,2.24,ok
1785473068.599,2.21,ok
1785473068.615,2.01,ok
1785473068.632,1.85,ok
1785473068.648,2.00,ok
1785473068.665,2.19,ok
1785473068.683,2.53,ok
1785473068.700,2.48,ok
1785473068.715,2.61,ok
1785473068.728,1.75,ok
1785473068.743,2.38,ok
1785473068.760,2.13,ok
1785473068.776,1.90,ok
1785473068.794,3.35,ok
1785473068.811,2.14,ok
1785473068.829,2.88,ok
1785473068.846,2.12,ok
1785473068.860,1.97,ok
1785473068.876,2.15,ok
1785473068.893,2.22,ok
1785473068.908,2.10,ok
1785473068.925,1.78,ok
1785473068.939,3.13,ok
1785473068.953,1.71,ok
1785473068.969,2.03,ok
1785473068.982,1.72,ok
1785473069.000,2.07,ok
1785473069.017,1.91,ok
1785473069.031,2.08,ok
1785473069.049,2.39,ok
1785473069.065,2.02,ok
1785473069.077,1.76,ok
1785473069.091,2.00,ok
1785473069.108,2.12,ok
1785473069.125,1.97,ok
1785473069.143,2.43,ok
1785473069.160,2.08,ok
1785473069.177,1.96,ok
1785473069.194,1.79,ok
1785473069.207,1.80,ok
1785473069.223,1.97,ok
1785473069.240,1.89,ok
1785473069.258,3.32,ok
1785473069.276,2.52,ok
1785473069.293,1.83,ok
1785473069.307,2.10,ok
1785473069.323,1.86,ok
1785473069.340,1.86,ok
1785473069.357,1.97,ok
1785473069.374,2.19,ok
1785473069.391,3.46,ok
1785473069.409,2.13,ok
1785473069.426,2.45,ok
1785473069.443,1.80,ok
1785473069.456,1.70,ok
1785473069.472,1.85,ok
1785473069.486,1.93,ok
1785473069.501,2.79,ok
1785473069.515,1.91,ok
1785473069.531,3.55,ok
1785473069.545,2.31,ok
1785473069.559,3.39,ok
1785473069.574,2.19,ok
1785473069.590,1.76,ok
1785473069.607,2.28,ok
1785473069.624,2.19,ok
1785473069.641,2.03,ok
1785473069.653,1.69,ok
1785473069.665,1.79,ok
1785473069.681,1.75,ok
1785473069.695,1.69,ok
1785473069.709,2.24,ok
1785473069.723,1.62,ok
1785473069.737,2.37,ok
1785473069.753,2.35,ok
1785473069.765,1.72,ok
1785473069.779,1.98,ok
1785473069.791,1.75,ok
1785473069.807,2.11,ok
1785473069.820,2.17,ok
1785473069.837,2.00,ok
1785473069.852,2.40,ok
1785473069.865,2.04,ok
1785473069.882,1.86,ok
1785473069.899,2.30,ok
1785473069.915,1.97,ok
1785473069.932,1.90,ok
1785473069.947,1.85,ok
1785473069.962,2.03,ok
1785473069.980,2.72,ok
1785473069.994,1.75,ok
1785473070.007,1.98,ok
1785473070.022,1.79,ok
1785473070.037,2.08,ok
1785473070.049,2.24,ok
1785473070.066,1.97,ok
1785473070.084,2.14,ok
1785473070.101,1.78,ok
1785473070.119,3.07,ok
1785473070.133,2.13,ok
1785473070.150,3.95,ok
1785473070.167,2.23,ok
1785473070.181,2.33,ok
1785473070.194,1.52,ok
1785473070.210,1.84,ok
1785473070.224,1.59,ok
1785473070.242,3.41,ok
1785473070.256,2.06,ok
1785473070.273,1.78,ok
1785473070.290,1.84,ok
1785473070.306,2.24,ok
1785473070.322,3.58,ok
1785473070.335,1.93,ok
1785473070.348,2.44,ok
1785473070.366,2.58,ok
1785473070.381,2.59,ok
1785473070.399,3.17,ok
1785473070.417,2.41,ok
1785473070.433,3.28,ok
1785473070.448,1.76,ok
1785473070.465,1.91,ok
1785473070.476,1.63,ok
1785473070.490,1.64,ok
1785473070.503,1.87,ok
1785473070.519,2.15,ok
1785473070.533,2.24,ok
1785473070.548,1.74,ok
1785473070.562,1.76,ok
1785473070.575,1.74,ok
1785473070.592,1.88,ok
1785473070.609,2.28,ok
1785473070.624,1.98,ok
1785473070.638,2.00,ok
1785473070.656,3.17,ok
1785473070.674,3.31,ok
1785473070.689,2.18,ok
1785473070.707,3.16,ok
1785473070.721,1.92,ok
1785473070.740,3.42,ok
1785473070.752,1.85,ok
1785473070.769,3.79,ok
1785473070.784,2.07,ok
1785473070.800,2.19,ok
1785473070.813,2.29,ok
1785473070.829,1.59,ok
1785473070.845,1.55,ok
1785473070.857,1.80,ok
1785473070.874,2.01,ok
1785473070.892,3.13,ok
1785473070.907,1.94,ok
1785473070.924,2.21,ok
1785473070.943,6.93,ok
1785473070.956,2.20,ok
1785473070.969,1.81,ok
1785473070.987,2.59,ok
1785473071.004,2.00,ok
1785473071.019,2.67,ok
1785473071.034,3.58,ok
1785473071.050,1.94,ok
1785473071.066,1.95,ok
1785473071.080,1.81,ok
1785473071.095,1.89,ok
1785473071.113,2.01,ok
1785473071.128,1.73,ok
1785473071.140,1.47,ok
1785473071.155,1.67,ok
1785473071.170,2.28,ok
1785473071.183,1.65,ok
1785473071.197,1.91,ok
1785473071.222,3.32,ok
1785473071.238,2.17,ok
1785473071.256,2.48,ok
1785473071.272,2.46,ok
1785473071.289,1.69,ok
1785473071.302,3.32,ok
1785473071.321,6.62,ok
1785473071.339,2.51,ok
1785473071.357,3.21,ok
1785473071.373,1.91,ok
1785473071.391,2.35,ok
1785473071.406,1.84,ok
1785473071.423,2.04,ok
1785473071.437,1.98,ok
1785473071.453,2.01,ok
1785473071.469,2.30,ok
1785473071.482,2.15,ok
1785473071.497,2.11,ok
1785473071.513,2.01,ok
1785473071.527,2.41,ok
1785473071.543,2.33,ok
1785473071.560,1.82,ok
1785473071.572,1.91,ok
1785473071.585,1.76,ok
1785473071.601,1.81,ok
1785473071.618,1.82,ok
1785473071.631,1.77,ok
1785473071.647,1.94,ok
1785473071.664,2.04,ok
1785473071.678,1.91,ok
1785473071.696,2.19,ok
1785473071.713,2.57,ok
1785473071.727,1.85,ok
1785473071.740,1.78,ok
1785473071.755,2.08,ok
1785473071.772,1.78,ok
1785473071.788,1.65,ok
1785473071.803,1.90,ok
1785473071.817,2.21,ok
1785473071.829,1.71,ok
1785473071.846,2.04,ok
1785473071.863,2.22,ok
1785473071.880,2.10,ok
1785473071.901,5.00,ok
1785473071.918,2.39,ok
1785473071.934,2.20,ok
1785473071.949,2.16,ok
1785473071.966,2.76,ok
1785473071.983,1.85,ok
1785473072.000,1.98,ok
1785473072.015,1.78,ok
1785473072.028,1.96,ok
1785473072.045,3.49,ok
1785473072.062,1.68,ok
1785473072.077,2.22,ok
1785473072.093,2.06,ok
1785473072.108,2.49,ok
1785473072.120,1.95,ok
1785473072.137,1.85,ok
1785473072.152,2.02,ok
1785473072.168,3.18,ok
1785473072.183,2.06,ok
1785473072.198,1.84,ok
1785473072.216,2.30,ok
1785473072.229,1.98,ok
1785473072.245,2.50,ok
1785473072.262,1.75,ok
1785473072.275,2.83,ok
1785473072.290,1.75,ok
1785473072.307,1.72,ok
1785473072.329,10.25,ok
1785473072.345,2.71,ok
1785473072.362,1.98,ok
1785473072.377,2.47,ok
1785473072.392,1.79,ok
1785473072.407,1.78,ok
1785473072.420,1.69,ok
1785473072.435,1.73,ok
1785473072.449,1.67,ok
1785473072.466,2.28,ok
1785473072.480,1.48,ok
1785473072.497,2.12,ok
1785473072.512,3.07,ok
1785473072.529,2.01,ok
1785473072.546,2.05,ok
1785473072.562,2.37,ok
1785473072.577,2.31,ok
1785473072.591,2.61,ok
1785473072.608,3.30,ok
1785473072.624,2.10,ok
1785473072.641,1.88,ok
1785473072.659,3.57,ok
1785473072.674,1.87,ok
1785473072.690,2.01,ok
1785473072.708,2.61,ok
1785473072.723,1.82,ok
1785473072.740,3.25,ok
1785473072.757,1.96,ok
1785473072.772,2.46,ok
1785473072.786,1.97,ok
1785473072.798,1.92,ok
1785473072.815,1.46,ok
1785473072.829,1.64,ok
1785473072.845,2.48,ok
1785473072.862,1.89,ok
1785473072.880,2.37,ok
1785473072.897,5.35,ok
1785473072.914,2.26,ok
1785473072.931,2.05,ok
1785473072.943,1.93,ok
1785473072.960,2.03,ok
1785473072.975,1.76,ok
1785473072.991,2.05,ok
1785473073.009,2.15,ok
1785473073.024,1.72,ok
1785473073.037,1.66,ok
1785473073.053,1.96,ok
1785473073.066,1.95,ok
1785473073.078,1.61,ok
1785473073.093,2.66,ok
1785473073.111,2.33,ok
1785473073.123,1.72,ok
1785473073.135,1.57,ok
1785473073.150,2.18,ok
1785473073.167,2.13,ok
1785473073.183,2.26,ok
1785473073.198,1.78,ok
1785473073.210,2.04,ok
1785473073.225,1.77,ok
1785473073.240,1.75,ok
1785473073.254,2.33,ok
1785473073.270,2.66,ok
1785473073.286,3.94,ok
1785473073.303,1.83,ok
1785473073.324,9.22,ok
1785473073.340,2.00,ok
1785473073.356,3.01,ok
1785473073.373,2.07,ok
1785473073.388,1.84,ok
1785473073.405,2.02,ok
1785473073.417,1.84,ok
1785473073.430,2.73,ok
1785473073.444,2.11,ok
1785473073.460,2.11,ok
1785473073.474,2.48,ok
1785473073.491,1.97,ok
1785473073.507,1.95,ok
1785473073.523,2.42,ok
1785473073.540,1.90,ok
1785473073.555,1.94,ok
1785473073.572,2.40,ok
1785473073.588,2.32,ok
1785473073.603,1.98,ok
1785473073.620,1.75,ok
1785473073.632,1.78,ok
1785473073.644,1.82,ok
1785473073.658,2.91,ok
1785473073.673,1.56,ok
1785473073.690,2.06,ok
1785473073.707,1.99,ok
1785473073.722,1.77,ok
1785473073.735,2.02,ok
1785473073.748,1.76,ok
1785473073.763,1.89,ok
1785473073.777,1.92,ok
1785473073.790,1.95,ok
1785473073.807,2.15,ok
1785473073.821,2.29,ok
1785473073.836,1.58,ok
1785473073.853,3.51,ok
1785473073.866,2.29,ok
1785473073.882,2.12,ok
1785473073.899,2.10,ok
1785473073.913,1.86,ok
1785473073.930,2.38,ok
1785473073.947,1.91,ok
1785473073.961,2.22,ok
1785473073.978,1.88,ok
1785473073.991,1.88,ok
1785473074.007,1.78,ok
1785473074.022,1.96,ok
1785473074.034,1.81,ok
1785473074.048,2.60,ok
1785473074.063,3.44,ok
1785473074.079,1.71,ok
1785473074.094,2.10,ok
1785473074.109,2.30,ok
1785473074.122,1.97,ok
1785473074.135,1.80,ok
1785473074.151,2.28,ok
1785473074.166,1.90,ok
1785473074.181,1.87,ok
1785473074.193,1.92,ok
1785473074.207,1.75,ok
1785473074.223,1.74,ok
1785473074.240,1.93,ok
1785473074.257,1.95,ok
1785473074.274,2.11,ok
1785473074.291,1.99,ok
1785473074.306,2.06,ok
1785473074.331,13.44,ok
1785473074.344,2.09,ok
1785473074.359,1.96,ok
1785473074.376,2.02,ok
1785473074.390,1.71,ok
1785473074.408,3.57,ok
1785473074.421,1.68,ok
1785473074.436,2.27,ok
1785473074.448,1.66,ok
1785473074.465,2.23,ok
1785473074.480,1.73,ok
1785473074.494,1.47,ok
1785473074.509,2.13,ok
1785473074.522,1.79,ok
1785473074.537,2.35,ok
1785473074.550,2.08,ok
1785473074.568,3.01,ok
1785473074.585,2.08,ok
1785473074.598,3.13,ok
1785473074.613,2.46,ok
1785473074.632,3.83,ok
1785473074.650,2.66,ok
1785473074.669,3.29,ok
1785473074.707,26.12,ok
1785473074.724,1.91,ok
1785473074.740,2.11,ok
1785473074.756,2.50,ok
1785473074.771,2.38,ok
1785473074.784,2.41,ok
1785473074.797,1.85,ok
1785473074.813,2.08,ok
1785473074.826,1.96,ok
1785473074.840,1.92,ok
1785473074.857,1.74,ok
1785473074.874,2.18,ok
1785473074.890,1.87,ok
1785473074.907,2.32,ok
1785473074.925,4.01,ok
1785473074.941,2.28,ok
1785473074.958,1.79,ok
1785473074.974,1.62,ok
1785473074.988,1.69,ok
1785473075.003,1.92,ok
1785473075.018,2.15,ok
1785473075.035,2.02,ok
1785473075.051,1.75,ok
1785473075.067,2.15,ok
1785473075.082,2.02,ok
1785473075.099,3.03,ok
1785473075.116,2.38,ok
1785473075.133,2.30,ok
1785473075.148,1.99,ok
1785473075.166,2.11,ok
1785473075.182,1.98,ok
1785473075.199,2.23,ok
1785473075.215,2.10,ok
1785473075.232,2.35,ok
1785473075.249,1.85,ok
1785473075.265,1.69,ok
1785473075.281,1.82,ok
1785473075.298,2.11,ok
1785473075.316,3.68,ok
1785473075.333,3.05,ok
1785473075.347,1.97,ok
1785473075.362,2.67,ok
1785473075.379,3.42,ok
1785473075.392,1.82,ok
1785473075.406,1.77,ok
1785473075.420,1.76,ok
1785473075.435,1.97,ok
1785473075.451,3.33,ok
1785473075.466,2.45,ok
1785473075.479,2.73,ok
1785473075.495,1.91,ok
1785473075.512,4.46,ok
1785473075.529,1.99,ok
1785473075.547,3.74,ok
1785473075.563,1.83,ok
1785473075.579,1.98,ok
1785473075.594,2.73,ok
1785473075.608,1.91,ok
1785473075.626,5.80,ok
1785473075.639,2.07,ok
1785473075.655,2.12,ok
1785473075.671,1.80,ok
1785473075.687,1.71,ok
1785473075.702,2.05,ok
1785473075.715,2.04,ok
1785473075.730,1.45,ok
1785473075.747,2.24,ok
1785473075.764,1.90,ok
1785473075.781,2.55,ok
1785473075.798,1.91,ok
1785473075.810,1.90,ok
1785473075.824,1.83,ok
1785473075.838,1.61,ok
1785473075.855,1.97,ok
1785473075.872,2.00,ok
1785473075.885,1.67,ok
1785473075.902,2.13,ok
1785473075.915,2.00,ok
1785473075.932,1.78,ok
1785473075.946,1.73,ok
1785473075.963,2.01,ok
1785473075.980,2.27,ok
1785473075.996,3.41,ok
1785473076.013,1.91,ok
1785473076.030,2.71,ok
1785473076.043,2.23,ok
1785473076.058,1.87,ok
1785473076.074,2.03,ok
1785473076.091,1.97,ok
1785473076.105,1.90,ok
1785473076.123,2.99,ok
1785473076.135,1.77,ok
1785473076.149,2.30,ok
1785473076.163,3.87,ok
1785473076.180,2.23,ok
1785473076.197,2.15,ok
1785473076.214,1.99,ok
1785473076.231,1.94,ok
1785473076.244,1.68,ok
1785473076.261,2.00,ok
1785473076.273,1.68,ok
1785473076.285,1.77,ok
1785473076.298,1.49,ok
1785473076.310,1.73,ok
1785473076.327,6.29,ok
1785473076.345,2.34,ok
1785473076.358,1.93,ok
1785473076.371,1.61,ok
1785473076.388,2.05,ok
1785473076.406,2.28,ok
1785473076.419,1.95,ok
1785473076.436,1.78,ok
1785473076.453,2.29,ok
1785473076.469,1.74,ok
1785473076.484,1.75,ok
1785473076.499,2.33,ok
1785473076.511,1.68,ok
1785473076.528,1.87,ok
1785473076.545,2.21,ok
1785473076.562,1.62,ok
1785473076.579,2.05,ok
1785473076.592,1.95,ok
1785473076.610,2.91,ok
1785473076.627,2.38,ok
1785473076.644,2.18,ok
1785473076.659,1.98,ok
1785473076.673,2.03,ok
1785473076.685,1.66,ok
1785473076.699,1.85,ok
1785473076.714,1.63,ok
1785473076.732,2.70,ok
1785473076.746,2.27,ok
1785473076.760,2.03,ok
1785473076.775,1.74,ok
1785473076.790,2.09,ok
1785473076.806,4.70,ok
1785473076.825,3.71,ok
1785473076.841,1.99,ok
1785473076.856,2.39,ok
1785473076.871,1.69,ok
1785473076.887,1.62,ok
1785473076.904,1.93,ok
1785473076.916,1.57,ok
1785473076.930,1.89,ok
1785473076.947,1.94,ok
1785473076.960,1.66,ok
1785473076.973,2.02,ok
1785473076.990,2.09,ok
1785473077.005,2.18,ok
1785473077.024,3.43,ok
1785473077.040,2.08,ok
1785473077.057,2.18,ok
1785473077.075,3.17,ok
1785473077.088,2.00,ok
1785473077.100,2.09,ok
1785473077.114,2.24,ok
1785473077.127,2.00,ok
1785473077.140,2.08,ok
1785473077.153,2.00,ok
1785473077.168,4.17,ok
1785473077.182,2.14,ok
1785473077.202,3.90,ok
1785473077.216,3.31,ok
1785473077.230,2.18,ok
1785473077.244,1.81,ok
1785473077.261,1.89,ok
1785473077.276,1.91,ok
1785473077.290,1.71,ok
1785473077.303,2.22,ok
1785473077.330,12.91,ok
1785473077.348,2.08,ok
1785473077.365,2.08,ok
1785473077.380,2.01,ok
1785473077.393,1.86,ok
1785473077.410,2.41,ok
1785473077.426,1.61,ok
1785473077.444,2.65,ok
1785473077.460,1.84,ok
1785473077.473,1.66,ok
1785473077.486,2.04,ok
1785473077.503,1.95,ok
1785473077.517,2.95,ok
1785473077.533,1.84,ok
1785473077.546,2.29,ok
1785473077.561,1.69,ok
1785473077.574,2.02,ok
1785473077.590,2.06,ok
1785473077.604,1.59,ok
1785473077.619,1.69,ok
1785473077.633,2.69,ok
1785473077.650,2.11,ok
1785473077.662,1.56,ok
1785473077.675,1.95,ok
1785473077.689,2.16,ok
1785473077.704,1.91,ok
1785473077.722,3.57,ok
1785473077.738,3.75,ok
1785473077.753,1.84,ok
1785473077.765,1.53,ok
1785473077.781,2.22,ok
1785473077.798,1.88,ok
1785473077.814,3.07,ok
1785473077.834,2.15,ok
1785473077.847,2.24,ok
1785473077.859,1.90,ok
1785473077.882,2.47,ok
1785473077.902,2.23,ok
1785473077.918,2.17,ok
1785473077.935,2.02,ok
1785473077.950,1.95,ok
1785473077.967,1.92,ok
1785473077.984,1.73,ok
1785473077.999,1.70,ok
1785473078.013,1.71,ok
1785473078.030,1.99,ok
1785473078.044,3.54,ok
1785473078.057,2.31,ok
1785473078.075,3.32,ok
1785473078.092,3.21,ok
1785473078.107,2.03,ok
1785473078.121,3.32,ok
1785473078.136,2.47,ok
1785473078.152,3.23,ok
1785473078.166,2.00,ok
1785473078.182,4.98,ok
1785473078.199,2.00,ok
1785473078.216,2.89,ok
1785473078.230,2.69,ok
1785473078.244,1.83,ok
1785473078.257,2.55,ok
1785473078.273,1.76,ok
1785473078.286,1.61,ok
1785473078.302,2.94,ok
1785473078.316,2.25,ok
1785473078.338,9.90,ok
1785473078.355,1.94,ok
1785473078.372,1.77,ok
1785473078.389,2.00,ok
1785473078.406,2.06,ok
1785473078.422,2.26,ok
1785473078.439,1.63,ok
1785473078.452,1.90,ok
1785473078.467,3.51,ok
1785473078.482,1.76,ok
1785473078.499,1.81,ok
1785473078.515,2.31,ok
1785473078.532,2.03,ok
1785473078.548,1.95,ok
1785473078.565,1.68,ok
1785473078.582,2.05,ok
1785473078.596,1.93,ok
1785473078.614,3.31,ok
1785473078.627,2.03,ok
1785473078.642,2.09,ok
1785473078.655,1.94,ok
1785473078.672,2.15,ok
1785473078.689,1.50,ok
1785473078.706,2.21,ok
1785473078.723,2.10,ok
1785473078.738,2.04,ok
1785473078.755,2.33,ok
1785473078.772,1.89,ok
1785473078.789,2.23,ok
1785473078.805,1.67,ok
1785473078.819,2.21,ok
1785473078.832,3.07,ok
1785473078.849,2.73,ok
1785473078.865,4.52,ok
1785473078.882,2.26,ok
1785473078.896,2.98,ok
1785473078.913,2.08,ok
1785473078.930,2.35,ok
1785473078.947,2.44,ok
1785473078.962,1.69,ok
1785473078.974,1.87,ok
1785473078.989,2.91,ok
1785473079.002,1.94,ok
1785473079.015,1.54,ok
1785473079.032,2.01,ok
1785473079.048,2.39,ok
1785473079.060,1.81,ok
1785473079.075,1.67,ok
1785473079.090,1.85,ok
1785473079.104,2.20,ok
1785473079.119,4.60,ok
1785473079.134,1.70,ok
1785473079.152,2.40,ok
1785473079.168,2.17,ok
1785473079.183,1.98,ok
1785473079.196,2.11,ok
1785473079.208,2.03,ok
1785473079.224,2.57,ok
1785473079.238,2.00,ok
1785473079.252,1.89,ok
1785473079.264,1.83,ok
1785473079.278,2.48,ok
1785473079.292,1.78,ok
1785473079.304,1.73,ok
1785473079.331,11.70,ok
1785473079.347,1.79,ok
1785473079.363,1.58,ok
1785473079.377,2.25,ok
1785473079.390,1.68,ok
1785473079.406,1.56,ok
1785473079.420,1.99,ok
1785473079.437,1.99,ok
1785473079.453,1.56,ok
1785473079.469,1.76,ok
1785473079.486,2.20,ok
1785473079.500,2.01,ok
1785473079.516,2.12,ok
1785473079.530,1.90,ok
1785473079.546,1.67,ok
1785473079.561,2.17,ok
1785473079.581,4.40,ok
1785473079.598,1.94,ok
1785473079.611,2.96,ok
1785473079.627,1.93,ok
1785473079.644,3.17,ok
1785473079.661,3.10,ok
1785473079.673,1.85,ok
1785473079.691,2.57,ok
1785473079.708,2.32,ok
1785473079.724,2.15,ok
1785473079.741,1.91,ok
1785473079.755,1.70,ok
1785473079.771,1.81,ok
1785473079.785,1.73,ok
1785473079.800,3.73,ok
1785473079.817,2.18,ok
1785473079.830,1.91,ok
1785473079.847,1.83,ok
1785473079.862,1.71,ok
1785473079.879,1.81,ok
1785473079.896,2.15,ok
1785473079.908,1.75,ok
1785473079.923,1.77,ok
1785473079.937,1.66,ok
1785473079.952,2.86,ok
1785473079.969,2.23,ok
1785473079.983,2.12,ok
1785473080.000,1.96,ok
1785473080.018,2.27,ok
1785473080.034,3.33,ok
1785473080.049,2.36,ok
1785473080.065,2.21,ok
1785473080.078,1.77,ok
1785473080.091,2.04,ok
1785473080.109,3.36,ok
1785473080.123,1.95,ok
1785473080.141,3.05,ok
1785473080.155,1.86,ok
1785473080.172,1.84,ok
1785473080.189,1.81,ok
1785473080.201,1.90,ok
1785473080.214,2.00,ok
1785473080.231,2.32,ok
1785473080.246,1.77,ok
1785473080.262,2.95,ok
1785473080.280,3.35,ok
1785473080.297,1.93,ok
1785473080.309,1.86,ok
1785473080.332,7.88,ok
1785473080.346,1.54,ok
1785473080.359,1.88,ok
1785473080.373,1.73,ok
1785473080.385,1.64,ok
1785473080.401,1.73,ok
1785473080.413,1.61,ok
1785473080.428,2.05,ok
1785473080.441,2.25,ok
1785473080.457,1.84,ok
1785473080.475,2.55,ok
1785473080.487,1.75,ok
1785473080.504,2.13,ok
1785473080.521,1.77,ok
1785473080.538,2.25,ok
1785473080.551,1.78,ok
1785473080.565,1.96,ok
1785473080.582,1.94,ok
1785473080.597,2.01,ok
1785473080.614,2.16,ok
1785473080.628,1.57,ok
1785473080.643,1.87,ok
1785473080.657,1.91,ok
1785473080.674,2.09,ok
1785473080.691,2.17,ok
1785473080.709,2.13,ok
1785473080.724,3.27,ok
1785473080.740,1.74,ok
1785473080.754,2.56,ok
1785473080.771,1.81,ok
1785473080.784,1.87,ok
1785473080.799,1.71,ok
1785473080.815,2.01,ok
1785473080.832,1.89,ok
1785473080.847,1.94,ok
1785473080.860,1.38,ok
1785473080.877,1.95,ok
1785473080.892,1.79,ok
1785473080.905,1.78,ok
1785473080.919,1.87,ok
1785473080.936,2.02,ok
1785473080.949,1.96,ok
1785473080.966,1.77,ok
1785473080.981,1.64,ok
1785473080.997,3.48,ok
1785473081.011,1.98,ok
1785473081.027,2.11,ok
1785473081.042,3.50,ok
1785473081.055,1.91,ok
1785473081.072,3.56,ok
1785473081.089,2.09,ok
1785473081.103,1.64,ok
1785473081.116,2.27,ok
1785473081.134,4.13,ok
1785473081.147,1.95,ok
1785473081.161,2.61,ok
1785473081.176,2.72,ok
1785473081.194,4.08,ok
1785473081.208,2.01,ok
1785473081.222,1.65,ok
1785473081.237,1.92,ok
1785473081.251,2.03,ok
1785473081.267,2.38,ok
1785473081.281,1.86,ok
1785473081.298,1.89,ok
1785473081.312,1.87,ok
1785473081.336,11.42,ok
1785473081.349,2.13,ok
1785473081.363,2.44,ok
1785473081.380,1.90,ok
1785473081.397,2.42,ok
1785473081.414,1.95,ok
1785473081.427,1.95,ok
1785473081.441,1.87,ok
1785473081.455,2.33,ok
1785473081.468,2.23,ok
1785473081.481,2.27,ok
1785473081.496,2.22,ok
1785473081.513,1.83,ok
1785473081.530,2.01,ok
1785473081.547,2.10,ok
1785473081.561,1.96,ok
1785473081.576,1.81,ok
1785473081.591,1.94,ok
1785473081.605,1.69,ok
1785473081.619,1.89,ok
1785473081.632,1.92,ok
1785473081.649,1.90,ok
1785473081.661,1.67,ok
1785473081.673,1.77,ok
1785473081.691,3.42,ok
1785473081.707,2.07,ok
1785473081.724,2.06,ok
1785473081.741,1.72,ok
1785473081.753,2.07,ok
1785473081.770,1.73,ok
1785473081.784,3.61,ok
1785473081.798,1.82,ok
1785473081.815,2.11,ok
1785473081.833,3.41,ok
1785473081.850,1.97,ok
1785473081.866,3.15,ok
1785473081.883,2.33,ok
1785473081.900,2.35,ok
1785473081.913,1.76,ok
1785473081.926,1.74,ok
1785473081.941,1.75,ok
1785473081.954,2.08,ok
1785473081.968,1.83,ok
1785473081.981,2.35,ok
1785473081.993,2.05,ok
1785473082.010,1.99,ok
1785473082.023,1.91,ok
1785473082.041,2.47,ok
1785473082.054,1.95,ok
1785473082.066,1.81,ok
1785473082.084,2.56,ok
1785473082.100,2.08,ok
1785473082.115,1.98,ok
1785473082.128,2.20,ok
1785473082.145,2.34,ok
1785473082.161,2.49,ok
1785473082.173,1.81,ok
1785473082.190,1.91,ok
1785473082.207,2.26,ok
1785473082.220,2.07,ok
1785473082.234,2.45,ok
1785473082.251,2.30,ok
1785473082.266,2.12,ok
1785473082.281,2.27,ok
1785473082.298,2.06,ok
1785473082.315,2.16,ok
1785473082.335,4.29,ok
1785473082.350,2.06,ok
1785473082.367,1.77,ok
1785473082.381,1.74,ok
1785473082.394,1.99,ok
1785473082.410,2.30,ok
1785473082.427,1.60,ok
1785473082.439,1.67,ok
1785473082.456,2.32,ok
1785473082.473,2.12,ok
1785473082.490,1.79,ok
1785473082.506,2.27,ok
1785473082.524,3.04,ok
1785473082.538,1.86,ok
1785473082.556,3.11,ok
1785473082.573,2.89,ok
1785473082.593,7.74,ok
1785473082.611,2.45,ok
1785473082.625,3.57,ok
1785473082.643,5.17,ok
1785473082.657,2.31,ok
1785473082.676,3.47,ok
1785473082.692,1.81,ok
1785473082.705,2.48,ok
1785473082.720,1.62,ok
1785473082.732,2.10,ok
1785473082.745,2.23,ok
1785473082.757,1.71,ok
1785473082.775,2.82,ok
1785473082.788,1.57,ok
1785473082.804,3.15,ok
1785473082.821,1.90,ok
1785473082.838,1.92,ok
1785473082.850,1.94,ok
1785473082.865,2.00,ok
1785473082.879,2.24,ok
1785473082.894,1.84,ok
1785473082.911,2.00,ok
1785473082.927,1.87,ok
1785473082.943,1.74,ok
1785473082.961,2.38,ok
1785473082.973,1.86,ok
1785473082.988,2.02,ok
1785473083.005,1.89,ok
1785473083.022,1.70,ok
1785473083.036,2.20,ok
1785473083.053,1.73,ok
1785473083.067,2.28,ok
1785473083.084,3.02,ok
1785473083.100,2.31,ok
1785473083.117,2.13,ok
1785473083.129,1.85,ok
1785473083.146,3.32,ok
1785473083.159,2.45,ok
1785473083.173,1.93,ok
1785473083.186,1.93,ok
1785473083.202,2.34,ok
1785473083.215,2.05,ok
1785473083.232,1.87,ok
1785473083.248,2.02,ok
1785473083.267,5.80,ok
1785473083.284,1.74,ok
1785473083.299,1.89,ok
1785473083.316,2.13,ok
1785473083.335,3.39,ok
1785473083.353,2.83,ok
1785473083.367,2.33,ok
1785473083.382,2.79,ok
1785473083.395,1.67,ok
1785473083.408,2.95,ok
1785473083.426,3.03,ok
1785473083.442,2.33,ok
1785473083.456,2.17,ok
1785473083.473,2.27,ok
1785473083.487,3.20,ok
1785473083.499,1.59,ok
1785473083.517,2.60,ok
1785473083.529,1.38,ok
1785473083.543,1.83,ok
1785473083.557,1.68,ok
1785473083.573,2.04,ok
1785473083.590,1.98,ok
1785473083.607,1.95,ok
1785473083.624,2.42,ok
1785473083.643,3.36,ok
1785473083.663,8.29,ok
1785473083.685,2.14,ok
1785473083.702,2.17,ok
1785473083.719,2.16,ok
1785473083.733,1.78,ok
1785473083.746,1.66,ok
1785473083.763,2.16,ok
1785473083.780,2.21,ok
1785473083.796,2.11,ok
1785473083.810,3.01,ok
1785473083.822,1.81,ok
1785473083.837,1.87,ok
1785473083.853,1.80,ok
1785473083.865,2.16,ok
1785473083.882,1.84,ok
1785473083.898,1.80,ok
1785473083.910,1.96,ok
1785473083.927,2.52,ok
1785473083.944,2.34,ok
1785473083.956,1.97,ok
1785473083.968,1.82,ok
1785473083.982,2.56,ok
1785473083.999,1.83,ok
1785473084.012,2.01,ok
1785473084.028,3.94,ok
1785473084.041,2.21,ok
1785473084.055,3.51,ok
1785473084.070,1.80,ok
1785473084.083,2.47,ok
1785473084.099,3.67,ok
1785473084.111,1.71,ok
1785473084.127,2.83,ok
1785473084.144,2.18,ok
1785473084.157,2.14,ok
1785473084.171,2.09,ok
1785473084.184,3.36,ok
1785473084.200,2.20,ok
1785473084.214,2.32,ok
1785473084.229,2.14,ok
1785473084.243,2.42,ok
1785473084.255,1.87,ok
1785473084.272,2.07,ok
1785473084.285,3.09,ok
1785473084.302,1.94,ok
1785473084.315,2.33,ok
1785473084.332,2.25,ok
1785473084.349,2.28,ok
1785473084.365,2.13,ok
1785473084.380,2.24,ok
1785473084.393,1.78,ok
1785473084.405,1.79,ok
1785473084.422,2.14,ok
1785473084.439,2.03,ok
1785473084.455,1.81,ok
1785473084.470,2.13,ok
1785473084.482,1.78,ok
1785473084.499,2.24,ok
1785473084.517,3.40,ok
1785473084.534,3.44,ok
1785473084.551,1.92,ok
1785473084.565,2.06,ok
1785473084.582,2.62,ok
1785473084.594,1.70,ok
1785473084.608,1.93,ok
1785473084.624,2.05,ok
1785473084.640,1.91,ok
1785473084.659,3.82,ok
1785473084.675,2.63,ok
1785473084.687,1.98,ok
1785473084.701,2.88,ok
1785473084.718,2.38,ok
1785473084.735,1.81,ok
1785473084.748,2.06,ok
1785473084.764,2.42,ok
1785473084.781,2.49,ok
1785473084.796,2.39,ok
1785473084.814,2.31,ok
1785473084.829,2.01,ok
1785473084.842,1.77,ok
1785473084.860,3.10,ok
1785473084.874,2.36,ok
1785473084.891,2.15,ok
1785473084.907,1.94,ok
1785473084.923,2.64,ok
1785473084.936,1.70,ok
1785473084.949,2.28,ok
1785473084.965,2.47,ok
1785473084.981,2.04,ok
1785473084.998,2.23,ok
1785473085.015,2.23,ok
1785473085.032,2.14,ok
1785473085.049,2.16,ok
1785473085.066,2.22,ok
1785473085.079,1.94,ok
1785473085.094,1.81,ok
1785473085.110,4.58,ok
1785473085.125,2.90,ok
1785473085.142,2.09,ok
1785473085.156,2.41,ok
1785473085.172,1.85,ok
1785473085.187,2.22,ok
1785473085.203,1.87,ok
1785473085.220,2.35,ok
1785473085.237,1.86,ok
1785473085.251,2.20,ok
1785473085.265,2.15,ok
1785473085.279,1.95,ok
1785473085.293,1.77,ok
1785473085.308,1.89,ok
1785473085.321,2.04,ok
1785473085.347,11.87,ok
1785473085.362,1.72,ok
1785473085.376,2.51,ok
1785473085.388,2.06,ok
1785473085.401,1.62,ok
1785473085.419,2.57,ok
1785473085.434,2.02,ok
1785473085.450,1.92,ok
1785473085.463,1.97,ok
1785473085.477,1.81,ok
1785473085.494,1.92,ok
1785473085.509,1.66,ok
1785473085.522,2.22,ok
1785473085.535,1.99,ok
1785473085.552,2.06,ok
1785473085.567,3.17,ok
1785473085.582,1.99,ok
1785473085.596,1.98,ok
1785473085.610,1.86,ok
1785473085.627,3.57,ok
1785473085.643,2.27,ok
1785473085.656,1.90,ok
1785473085.674,3.19,ok
1785473085.689,1.94,ok
1785473085.705,1.97,ok
1785473085.720,3.10,ok
1785473085.736,1.86,ok
1785473085.753,2.31,ok
1785473085.769,2.10,ok
1785473085.785,2.03,ok
1785473085.801,1.82,ok
1785473085.814,2.06,ok
1785473085.828,1.89,ok
1785473085.843,2.05,ok
1785473085.861,2.93,ok
1785473085.875,2.19,ok
1785473085.888,2.94,ok
1785473085.904,3.75,ok
1785473085.921,2.05,ok
1785473085.934,2.42,ok
1785473085.948,2.27,ok
1785473085.962,1.80,ok
1785473085.980,2.01,ok
1785473085.993,3.28,ok
1785473086.008,1.98,ok
1785473086.024,2.11,ok
1785473086.041,2.53,ok
1785473086.057,2.05,ok
1785473086.073,2.01,ok
1785473086.087,4.08,ok
1785473086.102,1.97,ok
1785473086.115,2.05,ok
1785473086.133,2.85,ok
1785473086.147,3.49,ok
1785473086.162,2.07,ok
1785473086.180,2.52,ok
1785473086.197,2.12,ok
1785473086.213,2.11,ok
1785473086.226,2.11,ok
1785473086.241,2.15,ok
1785473086.256,2.11,ok
1785473086.273,3.08,ok
1785473086.286,2.32,ok
1785473086.304,2.50,ok
1785473086.320,1.84,ok
1785473086.346,12.80,ok
1785473086.362,3.48,ok
1785473086.375,1.92,ok
1785473086.392,2.26,ok
1785473086.409,2.05,ok
1785473086.424,1.93,ok
1785473086.438,2.73,ok
1785473086.451,2.18,ok
1785473086.466,2.31,ok
1785473086.481,2.18,ok
1785473086.493,1.82,ok
1785473086.509,3.58,ok
1785473086.524,2.15,ok
1785473086.537,3.47,ok
1785473086.552,3.06,ok
1785473086.568,1.73,ok
1785473086.585,2.98,ok
1785473086.598,1.99,ok
1785473086.615,1.81,ok
1785473086.627,1.86,ok
1785473086.641,1.61,ok
1785473086.656,2.22,ok
1785473086.674,3.43,ok
1785473086.692,2.99,ok
1785473086.709,1.93,ok
1785473086.725,1.76,ok
1785473086.740,2.00,ok
1785473086.753,1.78,ok
1785473086.766,1.88,ok
1785473086.780,1.79,ok
1785473086.793,1.86,ok
1785473086.807,1.93,ok
1785473086.822,1.98,ok
1785473086.837,1.90,ok
1785473086.850,1.82,ok
1785473086.865,1.93,ok
1785473086.882,2.16,ok
1785473086.899,2.09,ok
1785473086.913,2.05,ok
1785473086.926,1.61,ok
1785473086.940,2.96,ok
1785473086.952,1.87,ok
1785473086.966,3.18,ok
1785473086.983,1.89,ok
1785473087.000,2.11,ok
1785473087.018,3.29,ok
1785473087.032,2.20,ok
1785473087.049,2.10,ok
1785473087.066,2.17,ok
1785473087.083,1.97,ok
1785473087.097,1.95,ok
1785473087.114,2.11,ok
1785473087.130,2.45,ok
1785473087.143,1.87,ok
1785473087.160,1.95,ok
1785473087.174,2.83,ok
1785473087.189,2.01,ok
1785473087.206,1.99,ok
1785473087.219,1.88,ok
1785473087.235,2.04,ok
1785473087.249,2.12,ok
1785473087.265,2.13,ok
1785473087.280,1.92,ok
1785473087.297,1.82,ok
1785473087.314,2.14,ok
1785473087.327,2.41,ok
1785473087.351,13.14,ok
1785473087.365,2.02,ok
1785473087.379,1.81,ok
1785473087.396,1.70,ok
1785473087.412,1.75,ok
1785473087.429,1.99,ok
1785473087.446,1.90,ok
1785473087.459,1.72,ok
1785473087.473,2.39,ok
1785473087.491,2.81,ok
1785473087.508,2.28,ok
1785473087.523,1.84,ok
1785473087.536,2.41,ok
1785473087.550,2.19,ok
1785473087.566,2.23,ok
1785473087.583,2.07,ok
1785473087.599,2.02,ok
1785473087.616,1.82,ok
1785473087.632,1.63,ok
1785473087.648,1.71,ok
1785473087.665,2.18,ok
1785473087.682,2.10,ok
1785473087.698,2.02,ok
1785473087.715,2.12,ok
1785473087.728,1.62,ok
1785473087.745,2.29,ok
1785473087.763,3.22,ok
1785473087.781,2.09,ok
1785473087.798,2.02,ok
1785473087.813,1.81,ok
1785473087.825,1.54,ok
1785473087.839,1.80,ok
1785473087.852,1.73,ok
1785473087.865,2.01,ok
1785473087.882,3.17,ok
1785473087.898,2.19,ok
1785473087.915,1.96,ok
1785473087.929,1.82,ok
1785473087.943,3.24,ok
1785473087.959,4.30,ok
1785473087.977,2.05,ok
1785473087.990,1.93,ok
1785473088.003,1.80,ok
1785473088.020,1.98,ok
1785473088.037,3.25,ok
1785473088.052,2.75,ok
1785473088.066,2.15,ok
1785473088.083,1.89,ok
1785473088.097,2.24,ok
1785473088.111,1.71,ok
1785473088.124,2.55,ok
1785473088.137,2.09,ok
1785473088.150,2.90,ok
1785473088.168,5.14,ok
1785473088.183,2.16,ok
1785473088.199,2.14,ok
1785473088.211,1.84,ok
1785473088.226,1.97,ok
1785473088.239,1.80,ok
1785473088.256,1.86,ok
1785473088.274,2.83,ok
1785473088.291,1.99,ok
1785473088.309,2.76,ok
1785473088.324,2.64,ok
1785473088.344,5.13,ok
1785473088.361,2.29,ok
1785473088.376,1.97,ok
1785473088.390,2.07,ok
1785473088.403,2.01,ok
1785473088.415,1.72,ok
1785473088.433,3.16,ok
1785473088.447,2.12,ok
1785473088.464,2.20,ok
1785473088.481,2.22,ok
1785473088.498,2.04,ok
1785473088.515,2.15,ok
1785473088.532,2.04,ok
1785473088.548,1.88,ok
1785473088.562,1.65,ok
1785473088.579,2.13,ok
1785473088.593,2.11,ok
1785473088.607,1.86,ok
1785473088.625,2.38,ok
1785473088.641,2.85,ok
1785473088.654,1.83,ok
1785473088.667,1.80,ok
1785473088.680,1.77,ok
1785473088.694,1.85,ok
1785473088.707,1.81,ok
1785473088.720,2.27,ok
1785473088.734,3.19,ok
1785473088.751,1.71,ok
1785473088.769,2.36,ok
1785473088.784,2.57,ok
1785473088.801,1.91,ok
1785473088.818,2.60,ok
1785473088.832,1.57,ok
1785473088.845,1.49,ok
1785473088.858,3.18,ok
1785473088.873,1.78,ok
1785473088.889,2.07,ok
1785473088.905,1.84,ok
1785473088.922,1.82,ok
1785473088.936,2.01,ok
1785473088.950,2.16,ok
1785473088.966,2.09,ok
1785473088.982,1.93,ok
1785473088.997,1.84,ok
1785473089.011,2.36,ok
1785473089.025,1.78,ok
1785473089.039,2.20,ok
1785473089.053,1.54,ok
1785473089.067,1.80,ok
1785473089.082,1.94,ok
1785473089.099,2.11,ok
1785473089.116,1.88,ok
1785473089.130,1.79,ok
1785473089.145,3.64,ok
1785473089.161,2.47,ok
1785473089.178,2.49,ok
1785473089.191,2.04,ok
1785473089.205,2.14,ok
1785473089.219,1.98,ok
1785473089.234,1.99,ok
1785473089.247,1.77,ok
1785473089.261,1.68,ok
1785473089.273,1.89,ok
1785473089.290,1.96,ok
1785473089.308,2.69,ok
1785473089.326,3.20,ok
1785473089.347,6.59,ok
1785473089.360,1.80,ok
1785473089.373,1.96,ok
1785473089.390,1.84,ok
1785473089.406,2.18,ok
1785473089.424,2.98,ok
1785473089.440,2.28,ok
1785473089.457,2.00,ok
1785473089.472,1.87,ok
1785473089.489,1.71,ok
1785473089.505,2.19,ok
1785473089.522,1.73,ok
1785473089.535,1.89,ok
1785473089.550,2.06,ok
1785473089.564,2.22,ok
1785473089.583,3.47,ok
1785473089.600,2.00,ok
1785473089.617,2.14,ok
1785473089.634,4.11,ok
1785473089.650,2.01,ok
1785473089.664,1.94,ok
1785473089.682,3.13,ok
1785473089.697,1.76,ok
1785473089.713,2.28,ok
1785473089.725,2.45,ok
1785473089.742,2.45,ok
1785473089.756,3.10,ok
1785473089.772,1.67,ok
1785473089.789,2.01,ok
1785473089.805,1.77,ok
1785473089.822,2.56,ok
1785473089.839,2.12,ok
1785473089.852,1.96,ok
1785473089.869,2.08,ok
1785473089.885,1.89,ok
1785473089.901,1.91,ok
1785473089.918,1.77,ok
1785473089.934,1.73,ok
1785473089.947,1.71,ok
1785473089.963,1.99,ok
1785473089.980,1.66,ok
1785473089.992,1.78,ok
1785473090.006,1.54,ok
1785473090.021,1.62,ok
1785473090.035,1.88,ok
1785473090.048,2.21,ok
1785473090.060,2.14,ok
1785473090.074,1.97,ok
1785473090.088,3.08,ok
1785473090.105,2.22,ok
1785473090.118,1.97,ok
1785473090.134,2.14,ok
1785473090.151,2.08,ok
1785473090.166,2.72,ok
1785473090.182,2.03,ok
1785473090.198,2.16,ok
1785473090.216,2.21,ok
1785473090.232,2.06,ok
1785473090.248,1.90,ok
1785473090.262,2.09,ok
1785473090.277,1.99,ok
1785473090.293,2.92,ok
1785473090.306,2.20,ok
1785473090.318,1.83,ok
1785473090.332,2.04,ok
1785473090.352,5.08,ok
1785473090.369,1.79,ok
1785473090.386,2.35,ok
1785473090.403,1.77,ok
1785473090.417,1.98,ok
1785473090.434,3.18,ok
1785473090.450,1.98,ok
1785473090.464,1.75,ok
1785473090.482,1.98,ok
1785473090.497,2.12,ok
1785473090.512,1.55,ok
1785473090.524,1.85,ok
1785473090.539,2.29,ok
1785473090.556,2.02,ok
1785473090.573,2.07,ok
1785473090.590,1.98,ok
1785473090.607,1.90,ok
1785473090.624,2.13,ok
1785473090.641,2.27,ok
1785473090.653,1.86,ok
1785473090.669,2.01,ok
1785473090.684,2.47,ok
1785473090.696,1.62,ok
1785473090.712,1.48,ok
1785473090.729,1.55,ok
1785473090.745,1.68,ok
1785473090.760,2.07,ok
1785473090.777,2.18,ok
1785473090.793,2.13,ok
1785473090.810,1.88,ok
1785473090.826,1.92,ok
1785473090.841,1.91,ok
1785473090.856,1.90,ok
1785473090.870,3.16,ok
1785473090.887,1.91,ok
1785473090.902,2.39,ok
1785473090.919,2.12,ok
1785473090.932,2.01,ok
1785473090.947,2.09,ok
1785473090.960,1.74,ok
1785473090.973,1.86,ok
1785473090.990,1.84,ok
1785473091.007,1.87,ok
1785473091.022,1.85,ok
1785473091.039,1.83,ok
1785473091.053,2.12,ok
1785473091.067,1.81,ok
1785473091.080,1.32,ok
1785473091.095,2.40,ok
1785473091.110,1.97,ok
1785473091.125,2.36,ok
1785473091.142,2.56,ok
1785473091.159,2.01,ok
1785473091.178,3.35,ok
1785473091.195,2.14,ok
1785473091.207,1.77,ok
1785473091.221,3.06,ok
1785473091.235,1.96,ok
1785473091.253,2.12,ok
1785473091.270,2.17,ok
1785473091.283,1.90,ok
1785473091.301,3.13,ok
1785473091.318,2.08,ok
1785473091.335,2.13,ok
1785473091.359,12.62,ok
1785473091.375,2.65,ok
1785473091.392,2.35,ok
1785473091.407,2.33,ok
1785473091.423,2.24,ok
1785473091.441,1.97,ok
1785473091.458,2.47,ok
1785473091.474,1.95,ok
1785473091.491,2.15,ok
1785473091.508,1.86,ok
1785473091.519,1.64,ok
1785473091.534,3.37,ok
1785473091.547,2.41,ok
1785473091.564,1.97,ok
1785473091.579,1.99,ok
1785473091.591,1.66,ok
1785473091.608,1.96,ok
1785473091.620,1.69,ok
1785473091.633,1.65,ok
1785473091.650,2.30,ok
1785473091.664,1.73,ok
1785473091.676,1.68,ok
1785473091.690,1.75,ok
1785473091.702,1.95,ok
1785473091.715,2.03,ok
1785473091.729,2.21,ok
1785473091.744,2.05,ok
1785473091.762,2.24,ok
1785473091.779,1.94,ok
1785473091.795,1.91,ok
1785473091.807,1.87,ok
1785473091.824,1.98,ok
1785473091.839,1.90,ok
1785473091.854,1.91,ok
1785473091.869,1.71,ok
1785473091.881,2.05,ok
1785473091.895,2.05,ok
1785473091.910,2.18,ok
1785473091.926,1.91,ok
1785473091.943,2.36,ok
1785473091.960,2.44,ok
1785473091.972,1.69,ok
1785473091.989,2.20,ok
1785473092.003,1.56,ok
1785473092.017,1.97,ok
1785473092.034,1.93,ok
1785473092.062,15.59,ok
1785473092.077,1.61,ok
1785473092.092,3.26,ok
1785473092.106,2.04,ok
1785473092.119,1.90,ok
1785473092.133,1.66,ok
1785473092.145,1.79,ok
1785473092.159,1.84,ok
1785473092.175,1.96,ok
1785473092.189,3.85,ok
1785473092.201,1.88,ok
1785473092.217,2.60,ok
1785473092.233,2.70,ok
1785473092.251,2.22,ok
1785473092.266,2.08,ok
1785473092.282,1.95,ok
1785473092.300,2.25,ok
1785473092.314,4.08,ok
1785473092.330,1.85,ok
1785473092.353,7.61,ok
1785473092.366,1.82,ok
1785473092.382,1.91,ok
1785473092.399,1.98,ok
1785473092.414,2.22,ok
1785473092.426,1.72,ok
1785473092.438,1.62,ok
1785473092.453,2.35,ok
1785473092.468,2.61,ok
1785473092.485,1.82,ok
1785473092.501,1.59,ok
1785473092.516,1.76,ok
1785473092.533,2.27,ok
1785473092.548,2.01,ok
1785473092.565,2.50,ok
1785473092.583,2.13,ok
1785473092.598,1.83,ok
1785473092.615,1.92,ok
1785473092.632,2.01,ok
1785473092.649,1.94,ok
1785473092.665,1.87,ok
1785473092.682,1.77,ok
1785473092.698,3.04,ok
1785473092.715,1.81,ok
1785473092.728,1.78,ok
1785473092.745,2.00,ok
1785473092.760,1.75,ok
1785473092.777,2.05,ok
1785473092.793,1.70,ok
1785473092.806,1.86,ok
1785473092.820,2.05,ok
1785473092.837,2.75,ok
1785473092.853,1.88,ok
1785473092.866,2.03,ok
1785473092.880,2.91,ok
1785473092.893,1.78,ok
1785473092.910,1.78,ok
1785473092.927,3.37,ok
1785473092.944,1.69,ok
1785473092.958,1.94,ok
1785473092.973,2.13,ok
1785473092.990,2.95,ok
1785473093.008,2.20,ok
1785473093.021,2.10,ok
1785473093.034,1.99,ok
1785473093.049,2.20,ok
1785473093.066,3.12,ok
1785473093.081,1.95,ok
1785473093.097,1.93,ok
1785473093.114,2.10,ok
1785473093.131,1.88,ok
1785473093.149,2.17,ok
1785473093.166,2.30,ok
1785473093.183,2.06,ok
1785473093.201,3.64,ok
1785473093.216,1.99,ok
1785473093.232,1.94,ok
1785473093.246,2.16,ok
1785473093.259,1.94,ok
1785473093.274,1.98,ok
1785473093.291,1.96,ok
1785473093.305,1.79,ok
1785473093.318,2.25,ok
1785473093.333,2.41,ok
1785473093.361,12.95,ok
1785473093.377,1.93,ok
1785473093.389,1.60,ok
1785473093.405,1.94,ok
1785473093.422,1.98,ok
1785473093.435,2.30,ok
1785473093.452,3.73,ok
1785473093.467,1.88,ok
1785473093.481,2.14,ok
1785473093.499,2.48,ok
1785473093.515,2.45,ok
1785473093.532,2.94,ok
1785473093.549,2.63,ok
1785473093.564,2.94,ok
1785473093.576,1.85,ok
1785473093.589,1.93,ok
1785473093.606,2.35,ok
1785473093.621,2.13,ok
1785473093.638,2.02,ok
1785473093.653,1.81,ok
1785473093.666,1.79,ok
1785473093.683,2.86,ok
1785473093.694,1.55,ok
1785473093.711,1.66,ok
1785473093.724,1.65,ok
1785473093.739,2.84,ok
1785473093.755,1.70,ok
1785473093.767,1.67,ok
1785473093.779,1.47,ok
1785473093.793,1.75,ok
1785473093.807,1.85,ok
1785473093.825,4.81,ok
1785473093.839,1.85,ok
1785473093.856,2.43,ok
1785473093.873,1.91,ok
1785473093.886,2.08,ok
1785473093.902,2.25,ok
1785473093.919,2.57,ok
1785473093.936,2.12,ok
1785473093.949,1.84,ok
1785473093.965,3.35,ok
1785473093.983,3.13,ok
1785473093.995,1.72,ok
1785473094.012,1.69,ok
1785473094.025,2.04,ok
1785473094.041,2.15,ok
1785473094.057,2.10,ok
1785473094.074,2.05,ok
1785473094.085,1.68,ok
1785473094.100,1.87,ok
1785473094.117,1.93,ok
1785473094.129,2.04,ok
1785473094.143,2.05,ok
1785473094.157,2.09,ok
1785473094.172,2.14,ok
1785473094.189,2.07,ok
1785473094.202,1.64,ok
1785473094.215,2.25,ok
1785473094.232,1.95,ok
1785473094.249,1.88,ok
1785473094.266,1.88,ok
1785473094.282,1.88,ok
1785473094.298,1.73,ok
1785473094.315,1.98,ok
1785473094.331,2.13,ok
1785473094.347,2.44,ok
1785473094.361,2.00,ok
1785473094.378,2.14,ok
1785473094.395,1.90,ok
1785473094.408,1.68,ok
1785473094.423,2.36,ok
1785473094.440,2.10,ok
1785473094.453,2.04,ok
1785473094.470,2.07,ok
1785473094.482,1.75,ok
1785473094.499,1.87,ok
1785473094.515,1.83,ok
1785473094.533,3.01,ok
1785473094.549,1.60,ok
1785473094.565,1.72,ok
1785473094.580,2.37,ok
1785473094.595,1.74,ok
1785473094.613,3.27,ok
1785473094.629,1.61,ok
1785473094.643,2.14,ok
1785473094.662,4.31,ok
1785473094.676,2.08,ok
1785473094.694,3.24,ok
1785473094.706,1.54,ok
1785473094.722,2.04,ok
1785473094.734,1.86,ok
1785473094.750,2.34,ok
1785473094.766,2.97,ok
1785473094.781,1.90,ok
1785473094.793,1.85,ok
1785473094.808,3.16,ok
1785473094.826,2.26,ok
1785473094.843,1.95,ok
1785473094.860,1.84,ok
1785473094.875,1.63,ok
1785473094.892,2.06,ok
1785473094.907,1.57,ok
1785473094.924,1.99,ok
1785473094.940,1.76,ok
1785473094.956,2.25,ok
1785473094.974,2.03,ok
1785473094.989,1.99,ok
1785473095.002,1.62,ok
1785473095.014,1.99,ok
1785473095.027,3.33,ok
1785473095.041,1.55,ok
1785473095.057,1.86,ok
1785473095.074,1.72,ok
1785473095.089,2.15,ok
1785473095.107,1.98,ok
1785473095.119,1.51,ok
1785473095.133,1.90,ok
1785473095.148,1.84,ok
1785473095.165,2.56,ok
1785473095.181,1.68,ok
1785473095.195,3.06,ok
1785473095.211,1.70,ok
1785473095.225,1.76,ok
1785473095.237,1.75,ok
1785473095.255,2.48,ok
1785473095.269,1.80,ok
1785473095.286,1.70,ok
1785473095.303,1.84,ok
1785473095.315,1.82,ok
1785473095.334,3.19,ok
1785473095.349,1.85,ok
1785473095.365,2.05,ok
1785473095.378,1.84,ok
1785473095.396,2.03,ok
1785473095.414,2.87,ok
1785473095.429,1.76,ok
1785473095.444,1.90,ok
1785473095.462,3.48,ok
1785473095.475,2.03,ok
1785473095.490,2.27,ok
1785473095.507,1.71,ok
1785473095.522,1.83,ok
1785473095.539,2.59,ok
1785473095.552,2.32,ok
1785473095.567,2.27,ok
1785473095.580,2.12,ok
1785473095.593,1.98,ok
1785473095.608,1.80,ok
1785473095.624,2.90,ok
1785473095.637,1.44,ok
1785473095.655,2.89,ok
1785473095.671,2.13,ok
1785473095.683,1.79,ok
1785473095.697,2.01,ok
1785473095.714,1.73,ok
1785473095.731,2.35,ok
1785473095.749,2.64,ok
1785473095.761,1.86,ok
1785473095.778,2.06,ok
1785473095.792,1.91,ok
1785473095.807,1.70,ok
1785473095.822,2.14,ok
1785473095.836,3.17,ok
1785473095.850,1.92,ok
1785473095.867,1.76,ok
1785473095.882,2.09,ok
1785473095.899,2.04,ok
1785473095.915,1.70,ok
1785473095.933,2.18,ok
1785473095.950,2.17,ok
1785473095.964,1.98,ok
1785473095.977,1.70,ok
1785473095.990,1.98,ok
1785473096.003,1.91,ok
1785473096.021,2.77,ok
1785473096.034,1.68,ok
1785473096.051,1.87,ok
1785473096.067,2.12,ok
1785473096.084,2.00,ok
1785473096.100,1.92,ok
1785473096.114,1.66,ok
1785473096.126,1.71,ok
1785473096.140,1.97,ok
1785473096.157,1.83,ok
1785473096.172,1.95,ok
1785473096.185,1.82,ok
1785473096.202,1.88,ok
1785473096.218,1.49,ok
1785473096.234,2.42,ok
1785473096.250,2.05,ok
1785473096.264,1.85,ok
1785473096.277,2.07,ok
1785473096.291,2.90,ok
1785473096.307,2.17,ok
1785473096.322,1.98,ok
1785473096.340,3.34,ok
1785473096.371,16.49,ok
1785473096.388,2.27,ok
1785473096.405,1.75,ok
1785473096.418,1.74,ok
1785473096.431,2.03,ok
1785473096.448,2.15,ok
1785473096.462,1.87,ok
1785473096.475,1.86,ok
1785473096.487,1.39,ok
1785473096.502,1.89,ok
1785473096.515,1.67,ok
1785473096.532,2.19,ok
1785473096.549,2.53,ok
1785473096.566,2.35,ok
1785473096.583,3.48,ok
1785473096.598,1.76,ok
1785473096.615,1.90,ok
1785473096.633,2.35,ok
1785473096.649,2.24,ok
1785473096.665,1.97,ok
1785473096.682,2.05,ok
1785473096.697,2.01,ok
1785473096.710,2.11,ok
1785473096.725,1.81,ok
1785473096.740,1.87,ok
1785473096.757,2.16,ok
1785473096.772,1.81,ok
1785473096.784,1.95,ok
1785473096.802,2.29,ok
1785473096.814,1.82,ok
1785473096.832,2.64,ok
1785473096.848,2.09,ok
1785473096.864,1.92,ok
1785473096.879,1.73,ok
1785473096.894,1.79,ok
1785473096.907,2.07,ok
1785473096.923,1.91,ok
1785473096.938,1.96,ok
1785473096.956,2.17,ok
1785473096.971,1.61,ok
1785473096.988,1.98,ok
1785473097.005,2.29,ok
1785473097.017,1.59,ok
1785473097.031,2.02,ok
1785473097.048,2.12,ok
1785473097.065,2.66,ok
1785473097.079,1.95,ok
1785473097.093,2.38,ok
1785473097.109,3.85,ok
1785473097.123,1.67,ok
1785473097.136,1.75,ok
1785473097.149,1.79,ok
1785473097.164,3.73,ok
1785473097.177,2.40,ok
1785473097.192,3.88,ok
1785473097.205,1.76,ok
1785473097.221,4.64,ok
1785473097.235,1.95,ok
1785473097.249,2.07,ok
1785473097.264,3.57,ok
1785473097.279,3.19,ok
1785473097.294,3.74,ok
1785473097.312,4.28,ok
1785473097.326,2.52,ok
1785473097.342,2.03,ok
1785473097.356,3.15,ok
1785473097.373,1.99,ok
1785473097.390,1.84,ok
1785473097.403,2.59,ok
1785473097.420,1.87,ok
1785473097.436,1.96,ok
1785473097.452,1.90,ok
1785473097.464,2.16,ok
1785473097.478,1.83,ok
1785473097.491,2.06,ok
1785473097.503,1.83,ok
1785473097.516,1.86,ok
1785473097.529,1.67,ok
1785473097.541,1.61,ok
1785473097.553,1.78,ok
1785473097.569,1.81,ok
1785473097.583,3.68,ok
1785473097.595,1.66,ok
1785473097.607,1.96,ok
1785473097.619,1.95,ok
1785473097.636,2.19,ok
1785473097.649,1.79,ok
1785473097.664,2.25,ok
1785473097.679,2.21,ok
1785473097.695,2.24,ok
1785473097.708,2.06,ok
1785473097.721,2.19,ok
1785473097.733,2.10,ok
1785473097.748,2.82,ok
1785473097.762,1.78,ok
1785473097.778,3.40,ok
1785473097.793,2.05,ok
1785473097.811,2.27,ok
1785473097.824,2.12,ok
1785473097.837,1.95,ok
1785473097.850,2.03,ok
1785473097.866,2.11,ok
1785473097.878,1.87,ok
1785473097.892,1.92,ok
1785473097.908,3.69,ok
1785473097.925,2.20,ok
1785473097.940,1.94,ok
1785473097.953,1.65,ok
1785473097.965,1.74,ok
1785473097.982,1.92,ok
1785473097.998,1.88,ok
1785473098.014,3.47,ok
1785473098.029,2.07,ok
1785473098.043,2.76,ok
1785473098.057,1.72,ok
1785473098.073,1.85,ok
1785473098.087,3.33,ok
1785473098.104,1.62,ok
1785473098.121,2.32,ok
1785473098.137,2.69,ok
1785473098.156,3.80,ok
1785473098.173,3.29,ok
1785473098.188,2.54,ok
1785473098.202,2.67,ok
1785473098.215,2.86,ok
1785473098.231,2.45,ok
1785473098.245,1.85,ok
1785473098.262,1.97,ok
1785473098.280,6.47,ok
1785473098.293,1.76,ok
1785473098.311,3.12,ok
1785473098.329,2.23,ok
1785473098.341,1.70,ok
1785473098.365,9.32,ok
1785473098.382,1.89,ok
1785473098.399,1.88,ok
1785473098.416,2.16,ok
1785473098.428,2.03,ok
1785473098.443,1.81,ok
1785473098.457,1.72,ok
1785473098.473,2.95,ok
1785473098.489,2.02,ok
1785473098.505,2.25,ok
1785473098.521,1.81,ok
1785473098.535,1.93,ok
1785473098.548,1.79,ok
1785473098.563,1.87,ok
1785473098.576,2.04,ok
1785473098.594,2.00,ok
1785473098.610,2.41,ok
1785473098.622,1.65,ok
1785473098.637,1.74,ok
1785473098.652,1.82,ok
1785473098.667,2.03,ok
1785473098.683,1.81,ok
1785473098.700,1.95,ok
1785473098.714,1.68,ok
1785473098.727,2.02,ok
1785473098.740,1.76,ok
1785473098.758,3.32,ok
1785473098.775,2.07,ok
1785473098.790,2.00,ok
1785473098.806,1.83,ok
1785473098.822,2.04,ok
1785473098.834,1.69,ok
1785473098.851,2.20,ok
1785473098.866,1.97,ok
1785473098.883,2.03,ok
1785473098.901,2.99,ok
1785473098.915,1.96,ok
1785473098.932,2.07,ok
1785473098.949,1.97,ok
1785473098.963,1.90,ok
1785473098.979,1.95,ok
1785473098.993,3.34,ok
1785473099.009,2.03,ok
1785473099.026,1.88,ok
1785473099.040,1.67,ok
1785473099.057,1.95,ok
1785473099.069,1.89,ok
1785473099.081,1.90,ok
1785473099.093,1.91,ok
1785473099.110,1.95,ok
1785473099.127,2.13,ok
1785473099.143,1.75,ok
1785473099.160,1.91,ok
1785473099.173,1.80,ok
1785473099.189,2.05,ok
1785473099.205,1.95,ok
1785473099.222,2.32,ok
1785473099.241,4.30,ok
1785473099.257,1.84,ok
1785473099.272,2.01,ok
1785473099.290,2.32,ok
1785473099.306,2.01,ok
1785473099.323,1.95,ok
1785473099.338,2.15,ok
1785473099.350,1.59,ok
1785473099.368,3.35,ok
1785473099.380,1.84,ok
1785473099.397,2.29,ok
1785473099.414,2.25,ok
1785473099.428,1.64,ok
1785473099.443,3.29,ok
1785473099.461,2.86,ok
1785473099.476,3.39,ok
1785473099.489,1.81,ok
1785473099.502,1.83,ok
1785473099.519,2.16,ok
1785473099.532,2.31,ok
1785473099.548,1.83,ok
1785473099.562,3.17,ok
1785473099.577,3.07,ok
1785473099.593,2.05,ok
1785473099.606,1.74,ok
1785473099.620,2.15,ok
1785473099.632,2.19,ok
1785473099.649,2.23,ok
1785473099.663,1.89,ok
1785473099.676,1.92,ok
1785473099.691,2.22,ok
1785473099.707,1.86,ok
1785473099.724,1.60,ok
1785473099.739,1.91,ok
1785473099.754,3.51,ok
1785473099.771,2.00,ok
1785473099.789,2.79,ok
1785473099.803,2.06,ok
1785473099.818,2.12,ok
1785473099.835,1.95,ok
1785473099.854,3.47,ok
1785473099.866,1.98,ok
1785473099.883,2.27,ok
1785473099.899,3.07,ok
1785473099.912,2.62,ok
1785473099.928,1.91,ok
1785473099.943,1.79,ok
1785473099.957,1.71,ok
1785473099.971,1.81,ok
1785473099.984,2.07,ok
1785473099.998,1.84,ok
1785473100.015,3.25,ok
1785473100.029,1.97,ok
1785473100.043,1.93,ok
1785473100.058,1.65,ok
1785473100.074,2.01,ok
1785473100.086,1.63,ok
1785473100.101,1.90,ok
1785473100.115,1.78,ok
1785473100.133,2.19,ok
1785473100.150,2.06,ok
1785473100.166,1.87,ok
1785473100.183,1.91,ok
1785473100.197,2.01,ok
1785473100.212,1.86,ok
1785473100.227,2.02,ok
1785473100.240,2.09,ok
1785473100.254,3.20,ok
1785473100.267,2.28,ok
1785473100.285,3.26,ok
1785473100.300,3.46,ok
1785473100.317,2.77,ok
1785473100.332,2.00,ok
1785473100.345,2.24,ok
1785473100.368,8.59,ok
1785473100.382,2.20,ok
1785473100.398,2.81,ok
1785473100.412,1.81,ok
1785473100.429,1.85,ok
1785473100.446,1.85,ok
1785473100.463,1.94,ok
1785473100.479,1.98,ok
1785473100.492,1.71,ok
1785473100.507,2.03,ok
1785473100.521,1.90,ok
1785473100.538,1.94,ok
1785473100.553,1.96,ok
1785473100.566,2.63,ok
1785473100.581,1.95,ok
1785473100.593,1.48,ok
1785473100.605,1.83,ok
1785473100.622,1.64,ok
1785473100.638,1.84,ok
1785473100.654,1.62,ok
1785473100.668,1.69,ok
1785473100.683,2.06,ok
1785473100.698,1.71,ok
1785473100.716,3.06,ok
1785473100.732,1.82,ok
1785473100.745,2.83,ok
1785473100.758,1.70,ok
1785473100.774,2.58,ok
1785473100.786,1.71,ok
1785473100.803,2.00,ok
1785473100.820,1.51,ok
1785473100.832,1.74,ok
1785473100.849,1.81,ok
1785473100.864,2.07,ok
1785473100.877,2.41,ok
1785473100.893,2.21,ok
1785473100.907,1.99,ok
1785473100.922,1.64,ok
1785473100.939,1.96,ok
1785473100.951,1.62,ok
1785473100.969,2.55,ok
1785473100.983,1.85,ok
1785473100.997,1.78,ok
1785473101.012,1.83,ok
1785473101.025,1.89,ok
1785473101.041,2.62,ok
1785473101.058,1.99,ok
1785473101.073,1.54,ok
1785473101.089,2.20,ok
1785473101.103,2.00,ok
1785473101.120,1.84,ok
1785473101.136,1.81,ok
1785473101.151,1.87,ok
1785473101.169,2.36,ok
1785473101.186,1.97,ok
1785473101.203,1.69,ok
1785473101.220,1.99,ok
1785473101.233,3.33,ok
1785473101.249,2.06,ok
1785473101.264,1.80,ok
1785473101.277,1.81,ok
1785473101.290,1.57,ok
1785473101.307,2.19,ok
1785473101.324,2.07,ok
1785473101.341,1.99,ok
1785473101.355,1.88,ok
1785473101.372,1.73,ok
1785473101.388,1.68,ok
1785473101.402,1.68,ok
1785473101.416,1.95,ok
1785473101.432,1.75,ok
1785473101.449,3.36,ok
1785473101.465,1.61,ok
1785473101.478,2.05,ok
1785473101.491,1.78,ok
1785473101.507,2.45,ok
1785473101.520,1.80,ok
1785473101.536,1.72,ok
1785473101.551,2.35,ok
1785473101.565,1.87,ok
1785473101.580,3.50,ok
1785473101.594,2.43,ok
1785473101.608,3.19,ok
1785473101.620,1.90,ok
1785473101.634,3.01,ok
1785473101.651,1.57,ok
1785473101.668,1.89,ok
1785473101.685,1.79,ok
1785473101.697,1.83,ok
1785473101.713,1.54,ok
1785473101.731,3.00,ok
1785473101.743,2.33,ok
1785473101.761,2.36,ok
1785473101.773,1.85,ok
1785473101.791,2.81,ok
1785473101.807,1.88,ok
1785473101.824,1.61,ok
1785473101.836,2.01,ok
1785473101.851,2.10,ok
1785473101.864,1.65,ok
1785473101.877,1.81,ok
1785473101.895,2.78,ok
1785473101.908,2.05,ok
1785473101.923,1.87,ok
1785473101.938,1.91,ok
1785473101.955,2.01,ok
1785473101.971,3.16,ok
1785473101.986,1.66,ok
1785473101.998,1.75,ok
1785473102.016,2.20,ok
1785473102.028,1.88,ok
1785473102.043,1.71,ok
1785473102.056,1.76,ok
1785473102.070,2.31,ok
1785473102.083,2.01,ok
1785473102.097,2.00,ok
1785473102.114,2.16,ok
1785473102.127,2.01,ok
1785473102.141,1.86,ok
1785473102.153,1.72,ok
1785473102.167,3.26,ok
1785473102.184,2.07,ok
1785473102.200,1.79,ok
1785473102.215,1.99,ok
1785473102.232,1.88,ok
1785473102.248,1.80,ok
1785473102.264,1.81,ok
1785473102.282,2.30,ok
1785473102.299,2.03,ok
1785473102.313,2.03,ok
1785473102.329,3.49,ok
1785473102.343,2.10,ok
1785473102.366,8.46,ok
1785473102.383,2.75,ok
1785473102.399,2.20,ok
1785473102.412,2.21,ok
1785473102.429,2.52,ok
1785473102.446,1.80,ok
1785473102.463,1.82,ok
1785473102.475,1.82,ok
1785473102.493,3.18,ok
1785473102.506,1.74,ok
1785473102.519,1.92,ok
1785473102.536,1.83,ok
1785473102.551,1.74,ok
1785473102.565,1.98,ok
1785473102.578,2.75,ok
1785473102.592,1.71,ok
1785473102.606,3.43,ok
1785473102.623,1.69,ok
1785473102.639,3.32,ok
1785473102.655,1.82,ok
1785473102.668,2.29,ok
1785473102.683,2.02,ok
1785473102.698,2.16,ok
1785473102.714,1.45,ok
1785473102.729,1.33,ok
1785473102.747,2.74,ok
1785473102.764,2.02,ok
1785473102.776,1.80,ok
1785473102.794,2.27,ok
1785473102.811,2.08,ok
1785473102.826,1.62,ok
1785473102.843,1.60,ok
1785473102.857,3.25,ok
1785473102.872,1.87,ok
1785473102.888,1.85,ok
1785473102.906,2.09,ok
1785473102.923,1.89,ok
1785473102.940,1.92,ok
1785473102.953,1.51,ok
1785473102.966,1.57,ok
1785473102.982,2.00,ok
1785473102.996,1.97,ok
1785473103.012,1.43,ok
1785473103.026,1.52,ok
1785473103.040,1.51,ok
1785473103.056,2.10,ok
1785473103.069,1.77,ok
1785473103.081,1.84,ok
1785473103.098,2.35,ok
1785473103.112,2.52,ok
1785473103.132,4.84,ok
1785473103.149,2.02,ok
1785473103.165,2.04,ok
1785473103.182,1.99,ok
1785473103.199,1.81,ok
1785473103.215,1.86,ok
1785473103.229,1.97,ok
1785473103.244,1.59,ok
1785473103.257,1.80,ok
1785473103.272,1.77,ok
1785473103.289,1.65,ok
1785473103.305,2.07,ok
1785473103.318,1.74,ok
1785473103.330,1.98,ok
1785473103.347,1.92,ok
1785473103.370,8.28,ok
1785473103.386,2.15,ok
1785473103.401,2.18,ok
1785473103.415,1.66,ok
1785473103.429,1.60,ok
1785473103.443,1.74,ok
1785473103.462,4.33,ok
1785473103.476,1.97,ok
1785473103.491,3.21,ok
1785473103.507,1.82,ok
1785473103.522,2.10,ok
1785473103.535,2.25,ok
1785473103.552,1.70,ok
1785473103.565,1.93,ok
1785473103.581,3.24,ok
1785473103.596,1.81,ok
1785473103.613,1.70,ok
1785473103.629,1.55,ok
1785473103.644,1.60,ok
1785473103.660,2.12,ok
1785473103.674,2.02,ok
1785473103.689,1.70,ok
1785473103.704,1.76,ok
1785473103.717,1.91,ok
1785473103.734,1.90,ok
1785473103.750,1.83,ok
1785473103.767,1.82,ok
1785473103.781,2.26,ok
1785473103.795,3.03,ok
1785473103.812,1.85,ok
1785473103.828,1.54,ok
1785473103.845,2.24,ok
1785473103.862,2.30,ok
1785473103.879,1.95,ok
1785473103.897,2.00,ok
1785473103.914,2.18,ok
1785473103.927,1.96,ok
1785473103.941,2.62,ok
1785473103.955,1.77,ok
1785473103.972,2.02,ok
1785473103.987,1.75,ok
1785473104.003,1.79,ok
1785473104.021,3.01,ok
1785473104.038,1.77,ok
1785473104.053,1.95,ok
1785473104.069,2.19,ok
1785473104.082,2.01,ok
1785473104.095,1.95,ok
1785473104.111,2.36,ok
1785473104.124,2.19,ok
1785473104.140,1.74,ok
1785473104.156,2.00,ok
1785473104.172,1.80,ok
1785473104.189,2.14,ok
1785473104.207,3.12,ok
1785473104.221,3.40,ok
1785473104.237,1.40,ok
1785473104.250,1.78,ok
1785473104.268,2.15,ok
1785473104.282,1.62,ok
1785473104.297,1.91,ok
1785473104.316,3.40,ok
1785473104.332,1.73,ok
1785473104.349,1.96,ok
1785473104.375,11.16,ok
1785473104.389,2.05,ok
1785473104.403,2.79,ok
1785473104.417,2.01,ok
1785473104.432,1.98,ok
1785473104.448,2.13,ok
1785473104.461,1.81,ok
1785473104.474,2.74,ok
1785473104.492,2.16,ok
1785473104.505,1.95,ok
1785473104.517,2.04,ok
1785473104.533,2.21,ok
1785473104.548,2.55,ok
1785473104.565,2.05,ok
1785473104.582,2.00,ok
1785473104.599,2.21,ok
1785473104.615,1.79,ok
1785473104.632,2.10,ok
1785473104.644,1.93,ok
1785473104.662,3.16,ok
1785473104.674,1.53,ok
1785473104.687,1.57,ok
1785473104.700,1.74,ok
1785473104.712,1.96,ok
1785473104.727,1.84,ok
1785473104.745,2.20,ok
1785473104.758,1.79,ok
1785473104.773,1.76,ok
1785473104.790,1.90,ok
1785473104.807,1.85,ok
1785473104.823,1.73,ok
1785473104.840,1.80,ok
1785473104.857,2.15,ok
1785473104.871,2.01,ok
1785473104.886,4.00,ok
1785473104.900,2.22,ok
1785473104.915,1.84,ok
1785473104.932,1.83,ok
1785473104.945,1.50,ok
1785473104.957,1.67,ok
1785473104.972,1.80,ok
1785473104.986,1.76,ok
1785473105.003,1.94,ok
1785473105.017,2.10,ok
1785473105.032,1.96,ok
1785473105.047,1.72,ok
1785473105.060,2.05,ok
1785473105.078,2.21,ok
1785473105.092,3.41,ok
1785473105.106,1.56,ok
1785473105.119,1.78,ok
1785473105.132,1.93,ok
1785473105.147,2.72,ok
1785473105.160,1.47,ok
1785473105.177,2.05,ok
1785473105.192,1.88,ok
1785473105.208,2.10,ok
1785473105.223,1.82,ok
1785473105.240,1.80,ok
1785473105.256,1.67,ok
1785473105.268,1.75,ok
1785473105.282,3.21,ok
1785473105.300,3.24,ok
1785473105.316,3.16,ok
1785473105.329,1.75,ok
1785473105.348,4.17,ok
1785473105.374,10.66,ok
1785473105.389,1.87,ok
1785473105.405,1.57,ok
1785473105.417,1.96,ok
1785473105.430,1.99,ok
1785473105.443,2.41,ok
1785473105.457,2.07,ok
1785473105.471,2.17,ok
1785473105.484,1.94,ok
1785473105.500,1.84,ok
1785473105.515,1.94,ok
1785473105.528,3.13,ok
1785473105.544,2.27,ok
1785473105.561,1.93,ok
1785473105.578,1.83,ok
1785473105.595,1.96,ok
1785473105.606,1.58,ok
1785473105.619,2.03,ok
1785473105.636,1.89,ok
1785473105.649,1.69,ok
1785473105.667,2.12,ok
1785473105.682,1.94,ok
1785473105.696,1.97,ok
1785473105.712,2.13,ok
1785473105.728,2.04,ok
1785473105.746,2.21,ok
1785473105.762,1.64,ok
1785473105.777,1.97,ok
1785473105.794,1.81,ok
1785473105.810,1.70,ok
1785473105.826,1.77,ok
1785473105.840,2.16,ok
1785473105.858,2.39,ok
1785473105.874,1.84,ok
1785473105.887,1.95,ok
1785473105.904,1.80,ok
1785473105.919,2.13,ok
1785473105.932,2.09,ok
1785473105.948,3.50,ok
1785473105.960,1.87,ok
1785473105.975,1.88,ok
1785473105.990,1.83,ok
1785473106.005,2.08,ok
1785473106.018,1.95,ok
1785473106.035,1.95,ok
1785473106.049,1.96,ok
1785473106.064,2.00,ok
1785473106.080,2.11,ok
1785473106.092,1.96,ok
1785473106.107,1.87,ok
1785473106.119,2.01,ok
1785473106.131,1.94,ok
1785473106.147,3.46,ok
1785473106.159,1.89,ok
1785473106.174,1.78,ok
1785473106.190,1.69,ok
1785473106.203,2.48,ok
1785473106.215,2.02,ok
1785473106.227,2.14,ok
1785473106.243,2.12,ok
1785473106.257,1.86,ok
1785473106.269,1.95,ok
1785473106.282,2.40,ok
1785473106.300,3.41,ok
1785473106.315,2.08,ok
1785473106.332,1.88,ok
1785473106.351,4.71,ok
1785473106.383,18.55,ok
1785473106.398,2.11,ok
1785473106.411,2.61,ok
1785473106.426,2.16,ok
1785473106.442,2.19,ok
1785473106.459,2.05,ok
1785473106.476,1.85,ok
1785473106.490,2.04,ok
1785473106.505,1.84,ok
1785473106.521,1.71,ok
1785473106.539,2.91,ok
1785473106.556,1.88,ok
1785473106.572,1.86,ok
1785473106.585,1.99,ok
1785473106.598,2.06,ok
1785473106.612,2.82,ok
1785473106.627,1.70,ok
1785473106.642,1.94,ok
1785473106.657,1.93,ok
1785473106.673,1.81,ok
1785473106.688,1.86,ok
1785473106.705,1.88,ok
1785473106.722,1.67,ok
1785473106.734,1.72,ok
1785473106.752,2.50,ok
1785473106.767,2.05,ok
1785473106.780,2.12,ok
1785473106.792,1.87,ok
1785473106.806,1.97,ok
1785473106.821,1.91,ok
1785473106.835,1.64,ok
1785473106.848,1.81,ok
1785473106.862,1.66,ok
1785473106.874,1.70,ok
1785473106.891,2.44,ok
1785473106.908,1.75,ok
1785473106.924,1.92,ok
1785473106.942,2.15,ok
1785473106.959,2.20,ok
1785473106.974,1.67,ok
1785473106.987,1.68,ok
1785473107.004,1.92,ok
1785473107.017,1.80,ok
1785473107.034,1.98,ok
1785473107.051,1.86,ok
1785473107.063,1.80,ok
1785473107.079,1.37,ok
1785473107.096,1.90,ok
1785473107.111,2.02,ok
1785473107.129,2.11,ok
1785473107.145,2.27,ok
1785473107.159,3.92,ok
1785473107.172,1.85,ok
1785473107.188,2.95,ok
1785473107.203,1.79,ok
1785473107.221,2.68,ok
1785473107.239,3.01,ok
1785473107.254,2.78,ok
1785473107.270,3.06,ok
1785473107.284,2.08,ok
1785473107.297,1.97,ok
1785473107.310,1.75,ok
1785473107.325,1.93,ok
1785473107.341,4.35,ok
1785473107.355,2.19,ok
1785473107.375,5.42,ok
1785473107.389,1.63,ok
1785473107.401,1.79,ok
1785473107.417,2.18,ok
1785473107.433,1.91,ok
1785473107.446,2.07,ok
1785473107.459,2.14,ok
1785473107.473,2.86,ok
1785473107.486,1.76,ok
1785473107.503,2.15,ok
1785473107.517,2.33,ok
1785473107.534,1.76,ok
1785473107.547,2.07,ok
1785473107.565,2.43,ok
1785473107.581,1.83,ok
1785473107.598,2.58,ok
1785473107.611,1.98,ok
1785473107.624,1.99,ok
1785473107.637,1.88,ok
1785473107.652,2.02,ok
1785473107.668,1.90,ok
1785473107.683,2.19,ok
1785473107.697,1.72,ok
1785473107.714,1.84,ok
1785473107.732,3.14,ok
1785473107.746,1.98,ok
1785473107.758,1.96,ok
1785473107.773,3.32,ok
1785473107.791,2.67,ok
1785473107.808,2.38,ok
1785473107.822,1.95,ok
1785473107.839,1.93,ok
1785473107.851,1.62,ok
1785473107.865,1.60,ok
1785473107.878,2.01,ok
1785473107.890,1.64,ok
1785473107.906,1.90,ok
1785473107.921,1.69,ok
1785473107.936,1.85,ok
1785473107.949,2.23,ok
1785473107.966,1.89,ok
1785473107.978,1.97,ok
1785473107.995,2.00,ok
1785473108.013,2.67,ok
1785473108.025,1.87,ok
1785473108.042,1.87,ok
1785473108.056,1.83,ok
1785473108.072,1.77,ok
1785473108.088,1.64,ok
1785473108.104,2.90,ok
1785473108.121,1.68,ok
1785473108.141,2.20,ok
1785473108.156,1.78,ok
1785473108.201,30.37,ok
1785473108.214,2.53,ok
1785473108.227,1.90,ok
1785473108.244,1.94,ok
1785473108.258,2.75,ok
1785473108.272,3.33,ok
1785473108.286,1.83,ok
1785473108.300,1.68,ok
1785473108.316,1.88,ok
1785473108.332,1.98,ok
1785473108.346,1.76,ok
1785473108.360,1.76,ok
1785473108.377,2.48,ok
1785473108.391,1.71,ok
1785473108.404,1.87,ok
1785473108.420,1.75,ok
1785473108.434,3.05,ok
1785473108.446,1.58,ok
1785473108.463,1.91,ok
1785473108.481,3.86,ok
1785473108.495,1.90,ok
1785473108.512,2.96,ok
1785473108.531,2.02,ok
1785473108.543,1.83,ok
1785473108.557,2.11,ok
1785473108.576,3.57,ok
1785473108.590,1.76,ok
1785473108.605,1.78,ok
1785473108.621,2.12,ok
1785473108.638,1.88,ok
1785473108.654,3.28,ok
1785473108.669,2.24,ok
1785473108.682,2.32,ok
1785473108.695,1.87,ok
1785473108.707,1.67,ok
1785473108.721,1.63,ok
1785473108.737,1.75,ok
1785473108.752,1.96,ok
1785473108.768,1.79,ok
1785473108.785,1.83,ok
1785473108.802,2.13,ok
1785473108.821,3.71,ok
1785473108.836,2.15,ok
1785473108.851,1.91,ok
1785473108.867,2.83,ok
1785473108.882,2.22,ok
1785473108.899,1.74,ok
1785473108.912,2.10,ok
1785473108.926,2.06,ok
1785473108.940,1.56,ok
1785473108.955,2.27,ok
1785473108.972,1.95,ok
1785473108.989,2.11,ok
1785473109.004,1.74,ok
1785473109.020,2.61,ok
1785473109.034,1.98,ok
1785473109.049,2.23,ok
1785473109.064,1.82,ok
1785473109.080,2.85,ok
1785473109.098,2.56,ok
1785473109.112,1.91,ok
1785473109.126,2.80,ok
1785473109.142,3.53,ok
1785473109.158,1.70,ok
1785473109.172,1.74,ok
1785473109.189,1.69,ok
1785473109.205,1.95,ok
1785473109.220,2.25,ok
1785473109.233,1.81,ok
1785473109.246,1.60,ok
1785473109.261,2.34,ok
1785473109.278,1.96,ok
1785473109.290,1.89,ok
1785473109.306,1.96,ok
1785473109.324,2.38,ok
1785473109.341,2.23,ok
1785473109.358,1.89,ok
1785473109.381,7.92,ok
1785473109.399,2.85,ok
1785473109.415,2.08,ok
1785473109.429,2.07,ok
1785473109.443,2.06,ok
1785473109.461,2.78,ok
1785473109.474,1.85,ok
1785473109.489,1.71,ok
1785473109.506,2.12,ok
1785473109.523,3.12,ok
1785473109.537,1.96,ok
1785473109.551,2.00,ok
1785473109.569,2.51,ok
1785473109.582,2.03,ok
1785473109.599,1.88,ok
1785473109.615,1.83,ok
1785473109.629,2.11,ok
1785473109.646,1.76,ok
1785473109.661,1.94,ok
1785473109.673,1.81,ok
1785473109.689,3.35,ok
1785473109.704,2.43,ok
1785473109.721,2.50,ok
1785473109.735,1.64,ok
1785473109.752,2.04,ok
1785473109.769,2.19,ok
1785473109.786,2.00,ok
1785473109.803,1.94,ok
1785473109.819,1.86,ok
1785473109.832,1.92,ok
1785473109.849,2.13,ok
1785473109.865,1.78,ok
1785473109.882,2.47,ok
1785473109.895,1.99,ok
1785473109.909,2.64,ok
1785473109.928,4.08,ok
1785473109.941,2.25,ok
1785473109.954,1.61,ok
1785473109.972,2.03,ok
1785473109.990,3.42,ok
1785473110.004,1.72,ok
1785473110.022,3.19,ok
1785473110.039,1.90,ok
1785473110.052,1.85,ok
1785473110.064,1.72,ok
1785473110.078,2.52,ok
1785473110.096,2.62,ok
1785473110.113,1.78,ok
1785473110.127,1.68,ok
1785473110.145,2.06,ok
1785473110.161,1.65,ok
1785473110.178,1.85,ok
1785473110.194,2.42,ok
1785473110.208,2.31,ok
1785473110.222,1.83,ok
1785473110.237,2.12,ok
1785473110.253,1.57,ok
1785473110.267,1.90,ok
1785473110.283,2.14,ok
1785473110.296,1.81,ok
1785473110.312,1.78,ok
1785473110.324,1.69,ok
1785473110.338,1.91,ok
1785473110.354,1.78,ok
1785473110.373,3.66,ok
1785473110.385,1.77,ok
1785473110.397,1.54,ok
1785473110.414,1.71,ok
1785473110.429,1.94,ok
1785473110.446,1.92,ok
1785473110.462,1.93,ok
1785473110.479,2.06,ok
1785473110.495,3.50,ok
1785473110.513,2.11,ok
1785473110.527,1.61,ok
1785473110.540,1.71,ok
1785473110.558,2.95,ok
1785473110.573,2.03,ok
1785473110.586,1.78,ok
1785473110.599,1.70,ok
1785473110.616,1.87,ok
1785473110.632,1.79,ok
1785473110.649,1.91,ok
1785473110.666,1.84,ok
1785473110.685,3.58,ok
1785473110.697,1.79,ok
1785473110.714,2.03,ok
1785473110.731,1.78,ok
1785473110.745,1.63,ok
1785473110.760,1.80,ok
1785473110.774,1.92,ok
1785473110.790,1.75,ok
1785473110.804,1.79,ok
1785473110.821,1.52,ok
1785473110.833,1.79,ok
1785473110.850,2.07,ok
1785473110.865,1.90,ok
1785473110.881,2.00,ok
1785473110.895,1.86,ok
1785473110.912,2.06,ok
1785473110.929,2.23,ok
1785473110.946,2.03,ok
1785473110.958,1.40,ok
1785473110.974,1.88,ok
1785473110.988,2.03,ok
1785473111.006,3.22,ok
1785473111.022,2.13,ok
1785473111.039,1.88,ok
1785473111.052,2.11,ok
1785473111.066,2.62,ok
1785473111.083,1.95,ok
1785473111.100,2.28,ok
1785473111.117,2.01,ok
1785473111.132,1.81,ok
1785473111.146,1.95,ok
1785473111.159,1.90,ok
1785473111.176,1.73,ok
1785473111.192,1.62,ok
1785473111.209,2.16,ok
1785473111.224,2.02,ok
1785473111.236,1.75,ok
1785473111.250,2.22,ok
1785473111.265,1.82,ok
1785473111.277,1.80,ok
1785473111.291,2.13,ok
1785473111.308,1.81,ok
1785473111.323,2.02,ok
1785473111.336,1.74,ok
1785473111.350,1.86,ok
1785473111.365,2.37,ok
1785473111.383,7.17,ok
1785473111.399,1.81,ok
1785473111.413,2.13,ok
1785473111.425,1.55,ok
1785473111.440,1.74,ok
1785473111.457,1.95,ok
1785473111.472,1.90,ok
1785473111.488,1.82,ok
1785473111.503,2.07,ok
1785473111.520,1.67,ok
1785473111.533,1.60,ok
1785473111.550,1.92,ok
1785473111.566,1.92,ok
1785473111.583,2.22,ok
1785473111.600,2.23,ok
1785473111.613,1.99,ok
1785473111.626,1.99,ok
1785473111.640,1.66,ok
1785473111.653,1.69,ok
1785473111.666,2.31,ok
1785473111.682,2.25,ok
1785473111.697,2.93,ok
1785473111.712,2.18,ok
1785473111.729,1.86,ok
1785473111.743,1.48,ok
1785473111.757,1.69,ok
1785473111.774,1.94,ok
1785473111.791,1.86,ok
1785473111.808,1.71,ok
1785473111.821,1.81,ok
1785473111.837,1.72,ok
1785473111.853,1.72,ok
1785473111.864,1.60,ok
1785473111.882,2.15,ok
1785473111.897,1.86,ok
1785473111.914,2.27,ok
1785473111.927,1.69,ok
1785473111.945,6.37,ok
1785473111.960,1.97,ok
1785473111.973,1.79,ok
1785473111.990,2.22,ok
1785473112.006,2.39,ok
1785473112.023,2.32,ok
1785473112.035,1.84,ok
1785473112.048,1.77,ok
1785473112.061,1.67,ok
1785473112.077,2.49,ok
1785473112.094,2.19,ok
1785473112.107,2.30,ok
1785473112.119,1.98,ok
1785473112.134,1.91,ok
1785473112.148,1.93,ok
1785473112.166,2.37,ok
1785473112.183,1.92,ok
1785473112.200,1.99,ok
1785473112.217,1.80,ok
1785473112.231,2.00,ok
1785473112.247,2.03,ok
1785473112.264,1.94,ok
1785473112.281,2.55,ok
1785473112.298,2.06,ok
1785473112.316,3.38,ok
1785473112.334,2.29,ok
1785473112.349,2.15,ok
1785473112.367,2.27,ok
1785473112.384,2.50,ok
1785473112.395,1.77,ok
1785473112.412,1.95,ok
1785473112.428,1.82,ok
1785473112.442,1.62,ok
1785473112.459,2.21,ok
1785473112.473,2.21,ok
1785473112.490,2.31,ok
1785473112.507,1.83,ok
1785473112.520,1.73,ok
1785473112.534,2.06,ok
1785473112.549,1.90,ok
1785473112.562,1.44,ok
1785473112.579,1.78,ok
1785473112.596,2.38,ok
1785473112.612,1.97,ok
1785473112.626,2.01,ok
1785473112.644,2.97,ok
1785473112.656,2.16,ok
1785473112.669,1.91,ok
1785473112.686,2.03,ok
1785473112.703,1.99,ok
1785473112.720,2.04,ok
1785473112.734,3.07,ok
1785473112.747,2.14,ok
1785473112.760,1.58,ok
1785473112.774,1.71,ok
1785473112.787,1.75,ok
1785473112.803,2.32,ok
1785473112.815,1.63,ok
1785473112.830,1.81,ok
1785473112.845,3.16,ok
1785473112.859,1.98,ok
1785473112.873,2.04,ok
1785473112.889,1.75,ok
1785473112.904,2.84,ok
1785473112.920,1.74,ok
1785473112.937,1.98,ok
1785473112.955,2.97,ok
1785473112.969,2.97,ok
1785473112.984,1.93,ok
1785473113.000,1.85,ok
1785473113.016,3.49,ok
1785473113.029,1.73,ok
1785473113.046,3.43,ok
1785473113.059,2.12,ok
1785473113.077,3.18,ok
1785473113.089,2.05,ok
1785473113.102,2.14,ok
1785473113.117,2.36,ok
1785473113.130,1.82,ok
1785473113.145,1.91,ok
1785473113.158,1.86,ok
1785473113.171,2.03,ok
1785473113.188,1.97,ok
1785473113.205,2.14,ok
1785473113.220,1.84,ok
1785473113.235,1.78,ok
1785473113.249,1.95,ok
1785473113.266,2.02,ok
1785473113.282,2.00,ok
1785473113.299,1.92,ok
1785473113.316,2.19,ok
1785473113.328,1.91,ok
1785473113.345,2.28,ok
1785473113.359,2.82,ok
1785473113.374,2.83,ok
1785473113.391,1.90,ok
1785473113.408,1.92,ok
1785473113.424,1.87,ok
1785473113.441,2.34,ok
1785473113.458,1.77,ok
1785473113.474,2.07,ok
1785473113.491,2.22,ok
1785473113.506,3.16,ok
1785473113.523,2.07,ok
1785473113.538,1.65,ok
1785473113.553,1.96,ok
1785473113.566,1.62,ok
1785473113.582,1.94,ok
1785473113.599,2.37,ok
1785473113.614,2.16,ok
1785473113.632,2.53,ok
1785473113.647,1.99,ok
1785473113.664,1.88,ok
1785473113.679,1.70,ok
1785473113.695,1.79,ok
1785473113.712,2.13,ok
1785473113.727,2.19,ok
1785473113.745,2.00,ok
1785473113.757,1.66,ok
1785473113.779,9.10,ok
1785473113.802,3.30,ok
1785473113.818,2.75,ok
1785473113.835,1.84,ok
1785473113.851,1.94,ok
1785473113.865,2.23,ok
1785473113.882,2.29,ok
1785473113.901,3.25,ok
1785473113.917,1.93,ok
1785473113.934,2.06,ok
1785473113.951,2.95,ok
1785473113.968,1.78,ok
1785473113.982,1.85,ok
1785473113.999,1.84,ok
1785473114.015,1.84,ok
1785473114.032,1.75,ok
1785473114.044,1.98,ok
1785473114.058,2.01,ok
1785473114.070,1.99,ok
1785473114.085,2.66,ok
1785473114.102,3.28,ok
1785473114.118,3.59,ok
1785473114.133,1.90,ok
1785473114.150,2.26,ok
1785473114.166,2.25,ok
1785473114.183,2.17,ok
1785473114.199,2.22,ok
1785473114.217,2.18,ok
1785473114.233,2.02,ok
1785473114.248,1.90,ok
1785473114.262,1.95,ok
1785473114.276,2.24,ok
1785473114.290,2.03,ok
1785473114.306,2.15,ok
1785473114.323,1.70,ok
1785473114.340,1.87,ok
1785473114.357,2.97,ok
1785473114.372,1.62,ok
1785473114.388,1.94,ok
1785473114.402,2.12,ok
1785473114.417,1.71,ok
1785473114.434,1.63,ok
1785473114.449,1.84,ok
1785473114.466,2.45,ok
1785473114.480,1.93,ok
1785473114.499,3.53,ok
1785473114.516,2.39,ok
1785473114.530,2.24,ok
1785473114.543,1.87,ok
1785473114.556,2.01,ok
1785473114.573,2.13,ok
1785473114.590,4.97,ok
1785473114.607,2.03,ok
1785473114.624,2.71,ok
1785473114.641,1.78,ok
1785473114.656,2.48,ok
1785473114.669,1.87,ok
1785473114.682,1.92,ok
1785473114.698,2.04,ok
1785473114.711,2.01,ok
1785473114.728,2.01,ok
1785473114.745,2.14,ok
1785473114.762,2.09,ok
1785473114.775,1.90,ok
1785473114.788,2.13,ok
1785473114.801,2.25,ok
1785473114.814,2.05,ok
1785473114.829,2.09,ok
1785473114.846,1.86,ok
1785473114.861,3.01,ok
1785473114.876,3.23,ok
1785473114.893,1.73,ok
1785473114.907,1.81,ok
1785473114.925,2.82,ok
1785473114.940,1.79,ok
1785473114.957,1.99,ok
1785473114.975,2.40,ok
1785473114.990,1.95,ok
1785473115.005,2.05,ok
1785473115.021,2.86,ok
1785473115.034,2.38,ok
1785473115.050,2.45,ok
1785473115.063,2.36,ok
1785473115.077,2.71,ok
1785473115.089,1.83,ok
1785473115.106,1.64,ok
1785473115.119,1.96,ok
1785473115.132,1.89,ok
1785473115.149,1.86,ok
1785473115.164,1.97,ok
1785473115.176,1.78,ok
1785473115.193,1.93,ok
1785473115.210,1.76,ok
1785473115.222,1.84,ok
1785473115.239,2.22,ok
1785473115.256,2.02,ok
1785473115.268,1.84,ok
1785473115.285,1.99,ok
1785473115.302,2.23,ok
1785473115.315,2.03,ok
1785473115.327,1.86,ok
1785473115.341,1.93,ok
1785473115.357,1.86,ok
1785473115.370,1.68,ok
1785473115.386,2.07,ok
1785473115.399,1.79,ok
1785473115.416,3.04,ok
1785473115.432,2.25,ok
1785473115.449,2.07,ok
1785473115.463,2.22,ok
1785473115.482,3.61,ok
1785473115.496,1.98,ok
1785473115.511,1.96,ok
1785473115.527,2.03,ok
1785473115.543,2.00,ok
1785473115.557,2.02,ok
1785473115.573,1.83,ok
1785473115.590,3.49,ok
1785473115.612,1.66,ok
1785473115.624,2.08,ok
1785473115.638,2.06,ok
1785473115.655,2.11,ok
1785473115.672,1.91,ok
1785473115.689,1.86,ok
1785473115.708,3.52,ok
1785473115.721,1.79,ok
1785473115.735,1.93,ok
1785473115.752,1.94,ok
1785473115.765,2.03,ok
1785473115.785,5.27,ok
1785473115.803,2.17,ok
1785473115.819,1.74,ok
1785473115.837,2.40,ok
1785473115.850,1.80,ok
1785473115.863,1.88,ok
1785473115.879,2.09,ok
1785473115.895,1.66,ok
1785473115.911,1.83,ok
1785473115.928,1.99,ok
1785473115.945,1.98,ok
1785473115.962,2.04,ok
1785473115.976,1.99,ok
1785473115.990,1.89,ok
1785473116.004,2.90,ok
1785473116.021,2.16,ok
1785473116.034,2.03,ok
1785473116.050,2.16,ok
1785473116.065,2.01,ok
1785473116.082,1.74,ok
1785473116.095,1.77,ok
1785473116.108,1.87,ok
1785473116.125,1.95,ok
1785473116.140,1.87,ok
1785473116.153,1.76,ok
1785473116.166,1.92,ok
1785473116.183,1.93,ok
1785473116.200,1.78,ok
1785473116.213,1.77,ok
1785473116.231,3.40,ok
1785473116.248,1.96,ok
1785473116.262,1.52,ok
1785473116.279,1.64,ok
1785473116.296,1.99,ok
1785473116.313,2.14,ok
1785473116.331,3.03,ok
1785473116.348,1.89,ok
1785473116.366,2.06,ok
1785473116.387,6.50,ok
1785473116.399,1.78,ok
1785473116.416,2.01,ok
1785473116.433,1.98,ok
1785473116.449,1.83,ok
1785473116.466,1.80,ok
1785473116.478,1.57,ok
1785473116.496,1.88,ok
1785473116.513,1.95,ok
1785473116.530,2.21,ok
1785473116.544,1.97,ok
1785473116.559,1.87,ok
1785473116.572,2.03,ok
1785473116.587,4.16,ok
1785473116.603,1.62,ok
1785473116.617,1.81,ok
1785473116.631,1.87,ok
1785473116.646,1.76,ok
1785473116.660,1.88,ok
1785473116.677,2.27,ok
1785473116.692,1.87,ok
1785473116.709,1.99,ok
1785473116.721,1.72,ok
1785473116.738,2.04,ok
1785473116.754,1.92,ok
1785473116.771,2.13,ok
1785473116.786,1.71,ok
1785473116.803,2.25,ok
1785473116.817,2.04,ok
1785473116.830,2.04,ok
1785473116.847,1.88,ok
1785473116.863,1.96,ok
1785473116.880,1.87,ok
1785473116.893,1.84,ok
1785473116.910,1.87,ok
1785473116.924,1.73,ok
1785473116.939,1.86,ok
1785473116.956,2.24,ok
1785473116.972,2.18,ok
1785473116.986,1.81,ok
1785473117.001,1.61,ok
1785473117.018,2.21,ok
1785473117.032,3.14,ok
1785473117.045,2.08,ok
1785473117.060,2.27,ok
1785473117.074,2.17,ok
1785473117.090,2.04,ok
1785473117.105,3.17,ok
1785473117.122,1.63,ok
1785473117.134,1.92,ok
1785473117.151,2.28,ok
1785473117.165,2.06,ok
1785473117.183,1.98,ok
1785473117.200,2.67,ok
1785473117.217,1.95,ok
1785473117.233,1.98,ok
1785473117.249,1.73,ok
1785473117.263,1.98,ok
1785473117.280,1.92,ok
1785473117.297,1.95,ok
1785473117.311,2.22,ok
1785473117.323,1.63,ok
1785473117.337,1.60,ok
1785473117.351,1.79,ok
1785473117.368,1.89,ok
1785473117.388,7.73,ok
1785473117.405,1.76,ok
1785473117.422,1.98,ok
1785473117.439,2.16,ok
1785473117.452,1.92,ok
1785473117.469,2.08,ok
1785473117.484,1.75,ok
1785473117.499,2.10,ok
1785473117.516,2.94,ok
1785473117.529,1.97,ok
1785473117.544,1.95,ok
1785473117.560,1.85,ok
1785473117.573,2.08,ok
1785473117.589,1.85,ok
1785473117.601,1.92,ok
1785473117.617,2.12,ok
1785473117.632,1.80,ok
1785473117.647,2.82,ok
1785473117.660,1.76,ok
1785473117.675,2.07,ok
1785473117.694,4.63,ok
1785473117.709,3.19,ok
1785473117.725,1.75,ok
1785473117.739,1.61,ok
1785473117.756,1.97,ok
1785473117.768,1.74,ok
1785473117.786,2.26,ok
1785473117.799,2.28,ok
1785473117.816,2.42,ok
1785473117.829,1.90,ok
1785473117.842,1.85,ok
1785473117.857,2.07,ok
1785473117.872,2.08,ok
1785473117.891,3.51,ok
1785473117.908,2.21,ok
1785473117.925,1.99,ok
1785473117.941,3.60,ok
1785473117.958,1.70,ok
1785473117.972,1.90,ok
1785473117.991,3.41,ok
1785473118.005,2.02,ok
1785473118.018,1.80,ok
1785473118.033,1.75,ok
1785473118.045,2.27,ok
1785473118.059,2.34,ok
1785473118.073,3.14,ok
1785473118.090,2.09,ok
1785473118.104,2.97,ok
1785473118.118,1.57,ok
1785473118.133,1.81,ok
1785473118.149,2.02,ok
1785473118.165,2.07,ok
1785473118.182,2.01,ok
1785473118.197,1.93,ok
1785473118.214,2.03,ok
1785473118.229,1.76,ok
1785473118.246,2.14,ok
1785473118.260,2.14,ok
1785473118.277,1.95,ok
1785473118.294,1.91,ok
1785473118.306,1.79,ok
1785473118.324,3.35,ok
1785473118.341,2.49,ok
1785473118.355,1.75,ok
1785473118.372,1.94,ok
1785473118.389,1.66,ok
1785473118.402,1.75,ok
1785473118.418,1.95,ok
1785473118.435,1.95,ok
1785473118.447,2.00,ok
1785473118.462,3.67,ok
1785473118.480,2.37,ok
1785473118.497,2.16,ok
1785473118.511,2.14,ok
1785473118.524,2.33,ok
1785473118.541,2.08,ok
1785473118.558,1.77,ok
1785473118.573,2.91,ok
1785473118.590,1.66,ok
1785473118.606,1.84,ok
1785473118.623,2.24,ok
1785473118.637,2.22,ok
1785473118.654,1.66,ok
1785473118.666,1.84,ok
1785473118.679,1.75,ok
1785473118.693,1.98,ok
1785473118.708,2.78,ok
1785473118.724,1.73,ok
1785473118.736,1.67,ok
1785473118.751,2.95,ok
1785473118.765,1.67,ok
1785473118.781,1.95,ok
1785473118.798,2.27,ok
1785473118.815,2.10,ok
1785473118.833,2.92,ok
1785473118.850,1.71,ok
1785473118.867,2.07,ok
1785473118.882,2.23,ok
1785473118.900,2.04,ok
1785473118.912,1.88,ok
1785473118.929,2.92,ok
1785473118.942,1.87,ok
1785473118.960,3.11,ok
1785473118.977,1.72,ok
1785473118.994,2.78,ok
1785473119.007,1.68,ok
1785473119.021,1.78,ok
1785473119.036,1.92,ok
1785473119.049,1.85,ok
1785473119.064,2.18,ok
1785473119.077,1.93,ok
1785473119.093,1.70,ok
1785473119.109,1.87,ok
1785473119.124,1.84,ok
1785473119.136,1.76,ok
1785473119.149,1.94,ok
1785473119.164,1.68,ok
1785473119.179,1.79,ok
1785473119.195,2.20,ok
1785473119.208,1.78,ok
1785473119.226,3.37,ok
1785473119.244,2.59,ok
1785473119.258,3.47,ok
1785473119.275,1.89,ok
1785473119.291,1.75,ok
1785473119.308,3.27,ok
1785473119.326,2.56,ok
1785473119.342,1.95,ok
1785473119.355,1.85,ok
1785473119.373,4.69,ok
1785473119.397,9.30,ok
1785473119.409,1.82,ok
1785473119.426,1.81,ok
1785473119.443,2.02,ok
1785473119.463,4.71,ok
1785473119.477,2.03,ok
1785473119.493,1.92,ok
1785473119.508,1.79,ok
1785473119.524,2.78,ok
1785473119.541,1.84,ok
1785473119.556,1.95,ok
1785473119.572,2.55,ok
1785473119.590,3.44,ok
1785473119.606,2.06,ok
1785473119.624,2.11,ok
1785473119.636,1.61,ok
1785473119.648,1.71,ok
1785473119.661,1.80,ok
1785473119.677,2.39,ok
1785473119.694,1.68,ok
1785473119.711,1.95,ok
1785473119.724,1.85,ok
1785473119.739,2.78,ok
1785473119.755,1.89,ok
1785473119.771,1.74,ok
1785473119.788,1.96,ok
1785473119.802,2.73,ok
1785473119.819,2.10,ok
1785473119.834,2.33,ok
1785473119.850,1.84,ok
1785473119.864,1.95,ok
1785473119.882,2.25,ok
1785473119.898,2.09,ok
1785473119.912,1.79,ok
1785473119.927,1.68,ok
1785473119.942,3.16,ok
1785473119.955,1.65,ok
1785473119.971,1.64,ok
1785473119.986,1.90,ok
1785473120.000,1.78,ok
1785473120.017,2.44,ok
1785473120.034,2.82,ok
1785473120.050,2.02,ok
1785473120.063,2.15,ok
1785473120.081,2.71,ok
1785473120.095,2.09,ok
1785473120.112,1.93,ok
1785473120.130,2.05,ok
1785473120.143,1.78,ok
1785473120.155,1.52,ok
1785473120.172,1.91,ok
1785473120.189,2.21,ok
1785473120.206,2.32,ok
1785473120.222,1.85,ok
1785473120.239,1.93,ok
1785473120.256,1.80,ok
1785473120.267,1.55,ok
1785473120.283,1.96,ok
1785473120.300,1.89,ok
1785473120.317,1.88,ok
1785473120.333,3.25,ok
1785473120.351,2.27,ok
1785473120.366,2.16,ok
1785473120.391,9.63,ok
1785473120.408,1.89,ok
1785473120.424,1.88,ok
1785473120.439,1.86,ok
1785473120.455,1.81,ok
1785473120.473,3.30,ok
1785473120.487,1.50,ok
1785473120.503,1.82,ok
1785473120.516,2.65,ok
1785473120.532,2.15,ok
1785473120.549,1.97,ok
1785473120.565,2.08,ok
1785473120.579,1.98,ok
1785473120.596,2.01,ok
1785473120.611,2.10,ok
1785473120.629,1.92,ok
1785473120.644,1.99,ok
1785473120.661,1.90,ok
1785473120.678,1.84,ok
1785473120.695,2.16,ok
1785473120.712,1.95,ok
1785473120.725,1.88,ok
1785473120.740,2.04,ok
1785473120.755,1.97,ok
1785473120.768,2.04,ok
1785473120.781,1.99,ok
1785473120.796,1.83,ok
1785473120.813,1.83,ok
1785473120.830,1.87,ok
1785473120.847,1.88,ok
1785473120.860,1.86,ok
1785473120.874,2.17,ok
1785473120.891,2.39,ok
1785473120.906,2.40,ok
1785473120.923,1.97,ok
1785473120.938,1.91,ok
1785473120.952,1.59,ok
1785473120.968,5.24,ok
1785473120.982,1.70,ok
1785473120.996,1.67,ok
1785473121.011,2.92,ok
1785473121.026,1.87,ok
1785473121.041,1.81,ok
1785473121.055,1.71,ok
1785473121.073,2.07,ok
1785473121.091,3.05,ok
1785473121.106,2.45,ok
1785473121.122,2.29,ok
1785473121.134,2.07,ok
1785473121.148,2.15,ok
1785473121.165,1.87,ok
1785473121.180,2.49,ok
1785473121.197,2.02,ok
1785473121.212,1.80,ok
1785473121.225,2.00,ok
1785473121.240,1.93,ok
1785473121.257,1.87,ok
1785473121.271,1.90,ok
1785473121.286,1.96,ok
1785473121.303,2.10,ok
1785473121.320,1.90,ok
1785473121.333,1.92,ok
1785473121.350,2.23,ok
1785473121.367,1.86,ok
1785473121.382,1.75,ok
1785473121.396,2.09,ok
1785473121.413,2.13,ok
1785473121.427,1.97,ok
1785473121.440,1.68,ok
1785473121.458,2.66,ok
1785473121.475,2.05,ok
1785473121.490,1.74,ok
1785473121.505,1.81,ok
1785473121.522,2.02,ok
1785473121.536,3.13,ok
1785473121.552,1.84,ok
1785473121.566,1.93,ok
1785473121.582,1.79,ok
1785473121.601,4.94,ok
1785473121.616,2.08,ok
1785473121.632,1.95,ok
1785473121.649,1.75,ok
1785473121.666,2.11,ok
1785473121.682,2.05,ok
1785473121.695,2.09,ok
1785473121.712,2.34,ok
1785473121.726,2.05,ok
1785473121.743,2.18,ok
1785473121.757,1.95,ok
1785473121.774,2.11,ok
1785473121.788,1.87,ok
1785473121.800,1.78,ok
1785473121.813,2.08,ok
1785473121.828,1.99,ok
1785473121.842,1.93,ok
1785473121.855,1.66,ok
1785473121.872,2.04,ok
1785473121.889,1.92,ok
1785473121.901,2.13,ok
1785473121.916,2.09,ok
1785473121.934,2.02,ok
1785473121.951,1.80,ok
1785473121.969,3.31,ok
1785473121.982,1.59,ok
1785473122.002,6.01,ok
1785473122.018,3.22,ok
1785473122.032,1.92,ok
1785473122.044,1.88,ok
1785473122.061,1.76,ok
1785473122.075,1.74,ok
1785473122.088,1.96,ok
1785473122.105,1.96,ok
1785473122.123,2.79,ok
1785473122.135,1.92,ok
1785473122.149,1.95,ok
1785473122.166,2.02,ok
1785473122.182,1.59,ok
1785473122.196,1.65,ok
1785473122.207,1.48,ok
1785473122.223,1.70,ok
1785473122.241,2.04,ok
1785473122.256,2.05,ok
1785473122.272,1.97,ok
1785473122.289,1.94,ok
1785473122.306,2.07,ok
1785473122.322,2.04,ok
1785473122.336,1.83,ok
1785473122.349,1.75,ok
1785473122.361,1.71,ok
1785473122.377,1.57,ok
1785473122.393,1.73,ok
1785473122.407,1.67,ok
1785473122.424,2.24,ok
1785473122.440,2.05,ok
1785473122.453,2.00,ok
1785473122.468,2.03,ok
1785473122.485,1.87,ok
1785473122.499,1.86,ok
1785473122.516,2.83,ok
1785473122.531,1.93,ok
1785473122.547,1.69,ok
1785473122.565,3.35,ok
1785473122.580,3.39,ok
1785473122.594,1.97,ok
1785473122.607,1.86,ok
1785473122.622,2.06,ok
1785473122.638,1.58,ok
1785473122.653,1.84,ok
1785473122.667,2.33,ok
1785473122.684,2.24,ok
1785473122.696,1.81,ok
1785473122.713,1.98,ok
1785473122.731,2.29,ok
1785473122.745,1.98,ok
1785473122.758,1.83,ok
1785473122.773,1.88,ok
1785473122.789,2.22,ok
1785473122.801,1.57,ok
1785473122.818,1.76,ok
1785473122.834,1.95,ok
1785473122.851,2.16,ok
1785473122.866,1.98,ok
1785473122.883,1.94,ok
1785473122.900,2.06,ok
1785473122.917,1.90,ok
1785473122.931,1.96,ok
1785473122.944,1.88,ok
1785473122.957,1.78,ok
1785473122.970,1.59,ok
1785473122.983,1.69,ok
1785473122.997,1.94,ok
1785473123.009,1.89,ok
1785473123.026,1.71,ok
1785473123.040,1.89,ok
1785473123.056,4.86,ok
1785473123.072,2.13,ok
1785473123.089,2.60,ok
1785473123.106,1.89,ok
1785473123.123,1.88,ok
1785473123.140,1.97,ok
1785473123.156,1.87,ok
1785473123.172,1.78,ok
1785473123.186,2.05,ok
1785473123.198,1.77,ok
1785473123.212,3.35,ok
1785473123.229,1.86,ok
1785473123.246,2.05,ok
1785473123.258,1.68,ok
1785473123.274,1.79,ok
1785473123.291,2.17,ok
1785473123.308,1.84,ok
1785473123.325,3.14,ok
1785473123.338,1.67,ok
1785473123.354,1.82,ok
1785473123.371,1.67,ok
1785473123.396,11.31,ok
1785473123.409,1.76,ok
1785473123.426,1.98,ok
1785473123.443,1.92,ok
1785473123.460,1.89,ok
1785473123.477,2.07,ok
1785473123.491,1.93,ok
1785473123.506,2.02,ok
1785473123.523,1.77,ok
1785473123.539,1.95,ok
1785473123.556,1.66,ok
1785473123.572,2.05,ok
1785473123.584,1.76,ok
1785473123.600,1.92,ok
1785473123.613,2.77,ok
1785473123.628,1.59,ok
1785473123.645,1.54,ok
1785473123.658,1.58,ok
1785473123.674,1.84,ok
1785473123.690,1.82,ok
1785473123.707,2.02,ok
1785473123.724,1.92,ok
1785473123.736,1.73,ok
1785473123.753,1.60,ok
1785473123.771,3.31,ok
1785473123.784,1.73,ok
1785473123.799,1.94,ok
1785473123.815,1.79,ok
1785473123.832,1.88,ok
1785473123.848,2.19,ok
1785473123.865,1.92,ok
1785473123.880,2.13,ok
1785473123.894,1.54,ok
1785473123.908,3.09,ok
1785473123.922,1.78,ok
1785473123.936,1.85,ok
1785473123.951,1.71,ok
1785473123.965,1.90,ok
1785473123.978,1.63,ok
1785473123.990,1.79,ok
1785473124.004,2.09,ok
1785473124.019,2.02,ok
1785473124.032,2.18,ok
1785473124.044,1.74,ok
1785473124.060,2.97,ok
1785473124.075,3.40,ok
1785473124.090,1.78,ok
1785473124.106,1.79,ok
1785473124.124,2.16,ok
1785473124.138,1.82,ok
1785473124.152,2.27,ok
1785473124.165,1.92,ok
1785473124.183,2.05,ok
1785473124.198,2.99,ok
1785473124.214,1.79,ok
1785473124.229,3.30,ok
1785473124.245,2.15,ok
1785473124.258,1.98,ok
1785473124.274,2.23,ok
1785473124.287,1.97,ok
1785473124.301,1.64,ok
1785473124.316,2.53,ok
1785473124.329,1.53,ok
1785473124.346,2.10,ok
1785473124.362,2.11,ok
1785473124.374,1.74,ok
1785473124.395,5.75,ok
1785473124.411,1.87,ok
1785473124.427,1.94,ok
1785473124.439,1.64,ok
1785473124.452,1.49,ok
1785473124.467,2.08,ok
1785473124.484,2.14,ok
1785473124.499,2.20,ok
1785473124.516,1.92,ok
1785473124.533,1.81,ok
1785473124.549,1.93,ok
1785473124.564,1.91,ok
1785473124.581,2.15,ok
1785473124.597,1.91,ok
1785473124.614,1.91,ok
1785473124.627,1.62,ok
1785473124.643,1.83,ok
1785473124.657,1.80,ok
1785473124.671,1.60,ok
1785473124.684,1.66,ok
1785473124.697,1.54,ok
1785473124.713,1.58,ok
1785473124.729,1.57,ok
1785473124.744,1.59,ok
1785473124.758,1.66,ok
1785473124.773,1.60,ok
1785473124.790,1.96,ok
1785473124.805,1.77,ok
1785473124.822,1.96,ok
1785473124.839,1.79,ok
1785473124.855,1.84,ok
1785473124.872,1.76,ok
1785473124.889,2.12,ok
1785473124.905,1.89,ok
1785473124.922,2.06,ok
1785473124.935,1.92,ok
1785473124.949,1.88,ok
1785473124.963,1.79,ok
1785473124.976,1.56,ok
1785473124.993,1.61,ok
1785473125.009,1.94,ok
1785473125.026,2.47,ok
1785473125.038,1.64,ok
1785473125.055,1.74,ok
1785473125.072,1.54,ok
1785473125.089,1.90,ok
1785473125.101,1.76,ok
1785473125.114,1.70,ok
1785473125.132,2.64,ok
1785473125.149,2.06,ok
1785473125.166,1.93,ok
1785473125.184,2.86,ok
1785473125.201,1.73,ok
1785473125.216,1.93,ok
1785473125.233,2.66,ok
1785473125.249,1.75,ok
1785473125.262,1.77,ok
1785473125.276,1.88,ok
1785473125.293,1.93,ok
1785473125.310,2.13,ok
1785473125.325,1.53,ok
1785473125.339,1.55,ok
1785473125.354,1.87,ok
1785473125.369,1.86,ok
1785473125.386,1.81,ok
1785473125.403,1.98,ok
1785473125.416,1.68,ok
1785473125.432,1.92,ok
1785473125.448,1.45,ok
1785473125.465,2.07,ok
1785473125.477,1.73,ok
1785473125.490,1.52,ok
1785473125.505,1.47,ok
1785473125.522,1.85,ok
1785473125.536,1.88,ok
1785473125.553,3.38,ok
1785473125.567,1.81,ok
1785473125.581,1.81,ok
1785473125.598,2.15,ok
1785473125.610,1.76,ok
1785473125.627,1.78,ok
1785473125.641,2.55,ok
1785473125.656,2.10,ok
1785473125.673,2.08,ok
1785473125.689,1.84,ok
1785473125.706,1.98,ok
1785473125.723,2.05,ok
1785473125.739,1.89,ok
1785473125.751,1.67,ok
1785473125.768,1.71,ok
1785473125.782,1.99,ok
1785473125.799,1.97,ok
1785473125.812,1.77,ok
1785473125.829,1.98,ok
1785473125.842,1.44,ok
1785473125.857,1.48,ok
1785473125.873,1.87,ok
1785473125.889,1.56,ok
1785473125.904,1.75,ok
1785473125.916,1.77,ok
1785473125.934,2.31,ok
1785473125.949,2.03,ok
1785473125.971,6.78,ok
1785473125.985,3.37,ok
1785473125.998,1.80,ok
1785473126.010,1.70,ok
1785473126.024,1.78,ok
1785473126.039,3.55,ok
1785473126.051,1.68,ok
1785473126.065,1.62,ok
1785473126.082,1.98,ok
1785473126.099,2.36,ok
1785473126.116,2.00,ok
1785473126.133,2.09,ok
1785473126.150,1.97,ok
1785473126.165,4.16,ok
1785473126.182,1.93,ok
1785473126.199,1.88,ok
1785473126.217,3.31,ok
1785473126.234,2.86,ok
1785473126.250,3.06,ok
1785473126.265,1.70,ok
1785473126.279,3.03,ok
1785473126.296,2.05,ok
1785473126.313,1.99,ok
1785473126.325,1.80,ok
1785473126.341,1.73,ok
1785473126.355,1.54,ok
1785473126.372,2.02,ok
1785473126.389,2.03,ok
1785473126.404,4.10,ok
1785473126.419,2.00,ok
1785473126.436,1.95,ok
1785473126.453,1.83,ok
1785473126.465,1.93,ok
1785473126.482,2.08,ok
1785473126.496,2.00,ok
1785473126.511,1.80,ok
1785473126.527,1.63,ok
1785473126.541,3.18,ok
1785473126.557,3.14,ok
1785473126.573,2.24,ok
1785473126.585,1.62,ok
1785473126.599,2.06,ok
1785473126.612,2.59,ok
1785473126.626,1.89,ok
1785473126.640,1.93,ok
1785473126.653,2.41,ok
1785473126.665,1.47,ok
1785473126.682,1.38,ok
1785473126.699,2.12,ok
1785473126.716,1.66,ok
1785473126.732,2.15,ok
1785473126.749,1.96,ok
1785473126.765,1.97,ok
1785473126.783,2.08,ok
1785473126.800,1.83,ok
1785473126.811,1.47,ok
1785473126.828,1.91,ok
1785473126.846,2.04,ok
1785473126.863,1.99,ok
1785473126.875,1.94,ok
1785473126.890,1.81,ok
1785473126.904,1.91,ok
1785473126.917,1.58,ok
1785473126.932,2.04,ok
1785473126.950,2.28,ok
1785473126.966,2.62,ok
1785473126.983,2.88,ok
1785473126.999,1.84,ok
1785473127.016,1.98,ok
1785473127.031,2.03,ok
1785473127.044,2.24,ok
1785473127.061,1.87,ok
1785473127.078,2.15,ok
1785473127.091,1.81,ok
1785473127.108,1.81,ok
1785473127.125,2.11,ok
1785473127.139,1.83,ok
1785473127.156,1.84,ok
1785473127.172,2.04,ok
1785473127.190,2.13,ok
1785473127.207,2.12,ok
1785473127.222,1.79,ok
1785473127.236,1.87,ok
1785473127.253,3.37,ok
1785473127.268,1.82,ok
1785473127.285,1.76,ok
1785473127.298,1.66,ok
1785473127.311,2.45,ok
1785473127.325,2.01,ok
1785473127.339,1.81,ok
1785473127.354,1.77,ok
1785473127.372,2.90,ok
1785473127.390,4.01,ok
1785473127.409,4.23,ok
1785473127.423,2.51,ok
1785473127.436,1.77,ok
1785473127.450,2.07,ok
1785473127.465,1.91,ok
1785473127.478,1.33,ok
1785473127.496,2.83,ok
1785473127.513,1.92,ok
1785473127.527,3.42,ok
1785473127.539,1.60,ok
1785473127.553,1.98,ok
1785473127.570,1.98,ok
1785473127.586,1.74,ok
1785473127.598,1.82,ok
1785473127.615,1.91,ok
1785473127.629,1.70,ok
1785473127.642,1.99,ok
1785473127.660,3.02,ok
1785473127.675,1.58,ok
1785473127.689,1.78,ok
1785473127.705,1.98,ok
1785473127.720,2.33,ok
1785473127.734,4.27,ok
1785473127.749,1.79,ok
1785473127.765,1.91,ok
1785473127.779,1.68,ok
1785473127.793,1.60,ok
1785473127.805,1.51,ok
1785473127.822,1.86,ok
1785473127.834,1.78,ok
1785473127.847,1.70,ok
1785473127.863,1.84,ok
1785473127.880,1.93,ok
1785473127.896,1.98,ok
1785473127.913,2.18,ok
1785473127.928,1.99,ok
1785473127.946,2.97,ok
1785473127.962,1.86,ok
1785473127.973,1.67,ok
1785473127.990,1.93,ok
1785473128.006,1.96,ok
1785473128.023,1.66,ok
1785473128.039,1.89,ok
1785473128.055,1.81,ok
1785473128.067,1.70,ok
1785473128.085,3.36,ok
1785473128.104,3.29,ok
1785473128.121,1.90,ok
1785473128.137,1.58,ok
1785473128.153,2.38,ok
1785473128.170,2.12,ok
1785473128.188,3.22,ok
1785473128.203,1.96,ok
1785473128.219,1.84,ok
1785473128.235,1.74,ok
1785473128.248,2.08,ok
1785473128.266,2.13,ok
1785473128.282,2.04,ok
1785473128.299,1.88,ok
1785473128.316,1.76,ok
1785473128.333,2.99,ok
1785473128.350,1.69,ok
1785473128.366,5.65,ok
1785473128.385,3.31,ok
1785473128.401,3.66,ok
1785473128.418,1.99,ok
1785473128.434,3.19,ok
1785473128.453,3.39,ok
1785473128.465,1.92,ok
1785473128.482,3.73,ok
1785473128.500,2.30,ok
1785473128.515,3.59,ok
1785473128.532,4.20,ok
1785473128.546,2.48,ok
1785473128.560,1.90,ok
1785473128.576,1.66,ok
1785473128.593,1.87,ok
1785473128.607,1.84,ok
1785473128.623,2.05,ok
1785473128.637,1.94,ok
1785473128.651,1.66,ok
1785473128.667,1.76,ok
1785473128.683,3.02,ok
1785473128.697,1.74,ok
1785473128.714,1.91,ok
1785473128.728,2.67,ok
1785473128.741,2.98,ok
1785473128.754,2.04,ok
1785473128.771,2.27,ok
1785473128.786,2.08,ok
1785473128.800,1.68,ok
1785473128.815,1.87,ok
1785473128.833,2.05,ok
1785473128.847,1.88,ok
1785473128.864,1.92,ok
1785473128.878,3.24,ok
1785473128.896,2.97,ok
1785473128.908,1.53,ok
1785473128.924,1.99,ok
1785473128.940,1.71,ok
1785473128.958,2.24,ok
1785473128.975,2.12,ok
1785473128.990,3.15,ok
1785473129.004,2.20,ok
1785473129.020,2.57,ok
1785473129.032,1.99,ok
1785473129.045,2.27,ok
1785473129.062,2.34,ok
1785473129.076,2.08,ok
1785473129.091,2.43,ok
1785473129.105,3.32,ok
1785473129.121,2.04,ok
1785473129.138,1.98,ok
1785473129.154,2.39,ok
1785473129.170,2.10,ok
1785473129.182,2.09,ok
1785473129.199,2.06,ok
1785473129.211,1.91,ok
1785473129.230,3.84,ok
1785473129.247,2.04,ok
1785473129.264,2.02,ok
1785473129.281,1.96,ok
1785473129.296,2.12,ok
1785473129.311,3.77,ok
1785473129.324,1.61,ok
1785473129.341,2.09,ok
1785473129.356,3.08,ok
1785473129.371,1.96,ok
1785473129.387,2.40,ok
1785473129.405,4.35,ok
1785473129.422,1.92,ok
1785473129.440,2.93,ok
1785473129.452,1.66,ok
1785473129.469,1.99,ok
1785473129.486,2.91,ok
1785473129.499,2.08,ok
1785473129.516,1.84,ok
1785473129.530,2.87,ok
1785473129.546,1.91,ok
1785473129.560,2.05,ok
1785473129.575,2.47,ok
1785473129.590,1.84,ok
1785473129.604,2.07,ok
1785473129.618,1.96,ok
1785473129.631,1.98,ok
1785473129.646,1.71,ok
1785473129.662,1.77,ok
1785473129.680,2.20,ok
1785473129.697,1.96,ok
1785473129.711,1.63,ok
1785473129.724,1.68,ok
1785473129.739,1.96,ok
1785473129.756,2.38,ok
1785473129.772,1.80,ok
1785473129.790,2.04,ok
1785473129.803,1.61,ok
1785473129.816,1.83,ok
1785473129.833,2.06,ok
1785473129.849,1.70,ok
1785473129.865,1.79,ok
1785473129.882,1.85,ok
1785473129.896,2.00,ok
1785473129.910,1.53,ok
1785473129.924,1.94,ok
1785473129.940,1.80,ok
1785473129.953,1.63,ok
1785473129.970,1.96,ok
1785473129.982,1.84,ok
1785473129.997,2.26,ok
1785473130.011,2.39,ok
1785473130.026,3.34,ok
1785473130.041,2.09,ok
1785473130.056,2.03,ok
1785473130.073,4.88,ok
1785473130.088,1.88,ok
1785473130.102,2.17,ok
1785473130.119,1.89,ok
1785473130.135,1.65,ok
1785473130.152,2.12,ok
1785473130.169,1.93,ok
1785473130.183,2.46,ok
1785473130.200,2.94,ok
1785473130.218,3.41,ok
1785473130.231,2.37,ok
1785473130.243,1.99,ok
1785473130.258,2.09,ok
1785473130.272,1.98,ok
1785473130.289,2.03,ok
1785473130.306,1.73,ok
1785473130.321,1.67,ok
1785473130.334,1.85,ok
1785473130.350,1.97,ok
1785473130.363,1.49,ok
1785473130.378,1.69,ok
1785473130.401,8.42,ok
1785473130.415,1.80,ok
1785473130.432,1.88,ok
1785473130.448,2.15,ok
1785473130.465,1.80,ok
1785473130.481,2.05,ok
1785473130.498,2.04,ok
1785473130.514,2.19,ok
1785473130.529,1.92,ok
1785473130.546,1.83,ok
1785473130.560,1.82,ok
1785473130.575,3.17,ok
1785473130.592,1.63,ok
1785473130.605,1.63,ok
1785473130.621,3.44,ok
1785473130.637,1.86,ok
1785473130.655,3.55,ok
1785473130.670,3.45,ok
1785473130.687,2.02,ok
1785473130.701,2.05,ok
1785473130.716,1.96,ok
1785473130.728,1.60,ok
1785473130.741,2.58,ok
1785473130.757,1.89,ok
1785473130.776,3.09,ok
1785473130.793,2.34,ok
1785473130.805,1.64,ok
1785473130.822,2.09,ok
1785473130.836,3.43,ok
1785473130.852,2.23,ok
1785473130.868,2.46,ok
1785473130.882,1.93,ok
1785473130.900,2.54,ok
1785473130.915,2.15,ok
1785473130.928,1.85,ok
1785473130.945,1.89,ok
1785473130.960,3.09,ok
1785473130.977,1.80,ok
1785473130.993,2.22,ok
1785473131.009,2.42,ok
1785473131.024,1.88,ok
1785473131.040,1.80,ok
1785473131.056,2.33,ok
1785473131.073,2.04,ok
1785473131.088,1.48,ok
1785473131.105,1.81,ok
1785473131.118,2.01,ok
1785473131.132,1.76,ok
1785473131.150,2.16,ok
1785473131.168,5.39,ok
1785473131.182,3.14,ok
1785473131.199,2.21,ok
1785473131.215,1.78,ok
1785473131.232,1.93,ok
1785473131.246,1.88,ok
1785473131.260,1.72,ok
1785473131.276,2.18,ok
1785473131.291,2.70,ok
1785473131.308,3.32,ok
1785473131.324,2.03,ok
1785473131.341,1.89,ok
1785473131.354,1.70,ok
1785473131.369,1.70,ok
1785473131.383,1.94,ok
1785473131.404,7.71,ok
1785473131.418,1.84,ok
1785473131.431,2.17,ok
1785473131.448,1.64,ok
1785473131.465,2.15,ok
1785473131.482,1.57,ok
1785473131.497,2.18,ok
1785473131.512,1.86,ok
1785473131.525,1.96,ok
1785473131.540,1.66,ok
1785473131.555,1.68,ok
1785473131.569,2.29,ok
1785473131.583,3.21,ok
1785473131.597,2.06,ok
1785473131.615,2.77,ok
1785473131.627,1.75,ok
1785473131.644,2.99,ok
1785473131.660,1.72,ok
1785473131.677,1.82,ok
1785473131.690,1.87,ok
1785473131.708,2.79,ok
1785473131.725,1.82,ok
1785473131.738,1.83,ok
1785473131.751,2.32,ok
1785473131.765,1.84,ok
1785473131.781,1.87,ok
1785473131.794,1.57,ok
1785473131.806,2.46,ok
1785473131.823,2.18,ok
1785473131.837,1.89,ok
1785473131.853,1.87,ok
1785473131.868,2.18,ok
1785473131.882,1.57,ok
1785473131.899,1.85,ok
1785473131.911,1.58,ok
1785473131.924,1.44,ok
1785473131.939,1.70,ok
1785473131.954,2.09,ok
1785473131.968,1.76,ok
1785473131.985,1.93,ok
1785473132.000,1.70,ok
1785473132.017,2.04,ok
1785473132.033,2.27,ok
1785473132.050,5.23,ok
1785473132.065,1.92,ok
1785473132.084,3.77,ok
1785473132.097,2.33,ok
1785473132.113,2.16,ok
1785473132.130,2.21,ok
1785473132.147,1.73,ok
1785473132.164,2.01,ok
1785473132.181,2.00,ok
1785473132.197,2.02,ok
1785473132.215,2.18,ok
1785473132.228,2.04,ok
1785473132.244,1.61,ok
1785473132.260,1.64,ok
1785473132.273,2.28,ok
1785473132.288,3.40,ok
1785473132.305,1.86,ok
1785473132.320,2.47,ok
1785473132.333,2.04,ok
1785473132.348,1.81,ok
1785473132.365,2.39,ok
1785473132.381,2.28,ok
1785473132.399,2.31,ok
1785473132.412,2.34,ok
1785473132.424,1.87,ok
1785473132.441,1.77,ok
1785473132.454,1.45,ok
1785473132.470,1.78,ok
1785473132.484,2.26,ok
1785473132.497,2.35,ok
1785473132.514,3.52,ok
1785473132.531,1.75,ok
1785473132.545,2.07,ok
1785473132.557,1.67,ok
1785473132.573,1.98,ok
1785473132.587,1.76,ok
1785473132.604,2.00,ok
1785473132.619,1.77,ok
1785473132.636,1.81,ok
1785473132.650,3.29,ok
1785473132.664,1.72,ok
1785473132.679,1.82,ok
1785473132.694,1.86,ok
1785473132.710,2.01,ok
1785473132.723,1.78,ok
1785473132.739,1.77,ok
1785473132.752,1.79,ok
1785473132.767,2.94,ok
1785473132.784,1.65,ok
1785473132.801,1.83,ok
1785473132.815,1.87,ok
1785473132.828,1.88,ok
1785473132.846,2.04,ok
1785473132.859,2.91,ok
1785473132.874,2.59,ok
1785473132.890,1.82,ok
1785473132.903,2.40,ok
1785473132.920,2.00,ok
1785473132.936,1.41,ok
1785473132.952,1.86,ok
1785473132.968,1.90,ok
1785473132.983,1.68,ok
1785473132.995,1.69,ok
1785473133.008,1.98,ok
1785473133.024,1.82,ok
1785473133.040,1.61,ok
1785473133.054,1.84,ok
1785473133.071,1.87,ok
1785473133.083,1.45,ok
1785473133.100,2.14,ok
1785473133.116,1.95,ok
1785473133.132,1.76,ok
1785473133.148,1.97,ok
1785473133.162,1.81,ok
1785473133.178,1.92,ok
1785473133.195,1.91,ok
1785473133.213,3.00,ok
1785473133.231,3.15,ok
1785473133.245,2.04,ok
1785473133.258,2.08,ok
1785473133.271,1.53,ok
1785473133.288,1.80,ok
1785473133.305,1.93,ok
1785473133.317,1.97,ok
1785473133.332,1.85,ok
1785473133.349,2.20,ok
1785473133.366,1.76,ok
1785473133.378,1.45,ok
1785473133.395,1.90,ok
1785473133.412,1.79,ok
1785473133.427,1.62,ok
1785473133.441,2.11,ok
1785473133.457,1.71,ok
1785473133.473,2.37,ok
1785473133.487,1.62,ok
1785473133.503,1.95,ok
1785473133.516,1.83,ok
1785473133.533,1.97,ok
1785473133.549,1.93,ok
1785473133.564,2.13,ok
1785473133.579,2.06,ok
1785473133.596,1.90,ok
1785473133.611,1.73,ok
1785473133.624,2.02,ok
1785473133.640,2.14,ok
1785473133.654,1.96,ok
1785473133.666,1.50,ok
1785473133.681,1.86,ok
1785473133.698,1.68,ok
1785473133.712,1.95,ok
1785473133.726,1.72,ok
1785473133.741,1.87,ok
1785473133.753,1.91,ok
1785473133.769,1.69,ok
1785473133.783,1.84,ok
1785473133.800,1.97,ok
1785473133.816,1.91,ok
1785473133.830,1.55,ok
1785473133.843,1.72,ok
1785473133.861,3.30,ok
1785473133.879,3.43,ok
1785473133.896,1.95,ok
1785473133.911,2.00,ok
1785473133.923,1.66,ok
1785473133.942,3.35,ok
1785473133.955,2.73,ok
1785473133.971,1.75,ok
1785473133.984,1.93,ok
1785473133.998,3.18,ok
1785473134.011,2.03,ok
1785473134.024,1.83,ok
1785473134.039,1.73,ok
1785473134.053,2.57,ok
1785473134.069,2.35,ok
1785473134.086,1.93,ok
1785473134.100,2.10,ok
1785473134.117,1.89,ok
1785473134.133,1.96,ok
1785473134.145,1.46,ok
1785473134.162,1.75,ok
1785473134.178,3.40,ok
1785473134.195,1.64,ok
1785473134.212,1.68,ok
1785473134.224,1.93,ok
1785473134.239,2.06,ok
1785473134.255,1.55,ok
1785473134.267,1.67,ok
1785473134.281,1.88,ok
1785473134.293,1.68,ok
1785473134.307,1.69,ok
1785473134.324,1.99,ok
1785473134.339,2.01,ok
1785473134.352,1.62,ok
1785473134.365,1.95,ok
1785473134.380,3.16,ok
1785473134.393,1.52,ok
1785473134.408,4.75,ok
1785473134.425,2.14,ok
1785473134.443,2.93,ok
1785473134.459,2.77,ok
1785473134.476,4.44,ok
1785473134.494,3.14,ok
1785473134.509,2.49,ok
1785473134.522,1.89,ok
1785473134.538,1.83,ok
1785473134.555,1.97,ok
1785473134.569,1.94,ok
1785473134.586,1.98,ok
1785473134.600,1.83,ok
1785473134.613,1.89,ok
1785473134.631,2.19,ok
1785473134.642,1.61,ok
1785473134.657,1.96,ok
1785473134.674,2.01,ok
1785473134.691,1.96,ok
1785473134.707,1.68,ok
1785473134.720,1.63,ok
1785473134.732,1.67,ok
1785473134.744,1.85,ok
1785473134.757,1.95,ok
1785473134.773,1.73,ok
1785473134.792,4.18,ok
1785473134.809,2.08,ok
1785473134.824,2.80,ok
1785473134.836,1.70,ok
1785473134.853,2.01,ok
1785473134.866,1.69,ok
1785473134.882,2.39,ok
1785473134.898,2.31,ok
1785473134.911,2.07,ok
1785473134.923,2.16,ok
1785473134.940,2.14,ok
1785473134.957,1.84,ok
1785473134.972,2.07,ok
1785473134.988,3.67,ok
1785473135.015,14.12,ok
1785473135.030,2.02,ok
1785473135.043,1.80,ok
1785473135.056,2.05,ok
1785473135.069,2.80,ok
1785473135.084,2.06,ok
1785473135.097,2.93,ok
1785473135.110,2.10,ok
1785473135.123,2.79,ok
1785473135.139,1.63,ok
1785473135.154,2.26,ok
1785473135.168,1.81,ok
1785473135.180,1.74,ok
1785473135.193,2.16,ok
1785473135.207,1.90,ok
1785473135.223,2.15,ok
1785473135.237,3.13,ok
1785473135.254,1.82,ok
1785473135.267,1.84,ok
1785473135.283,2.13,ok
1785473135.298,2.27,ok
1785473135.312,1.74,ok
1785473135.331,3.32,ok
1785473135.347,2.00,ok
1785473135.363,1.80,ok
1785473135.378,1.46,ok
1785473135.395,2.05,ok
1785473135.414,4.97,ok
1785473135.429,1.33,ok
1785473135.443,1.59,ok
1785473135.459,1.49,ok
1785473135.472,1.50,ok
1785473135.489,1.92,ok
1785473135.505,1.88,ok
1785473135.520,2.11,ok
1785473135.534,1.97,ok
1785473135.550,1.83,ok
1785473135.566,2.11,ok
1785473135.583,2.09,ok
1785473135.599,2.08,ok
1785473135.615,1.85,ok
1785473135.632,1.66,ok
1785473135.645,2.27,ok
1785473135.662,1.95,ok
1785473135.677,2.00,ok
1785473135.694,2.07,ok
1785473135.712,2.03,ok
1785473135.725,1.50,ok
1785473135.741,1.82,ok
1785473135.754,2.05,ok
1785473135.771,2.00,ok
1785473135.785,2.01,ok
1785473135.799,1.83,ok
1785473135.816,1.85,ok
1785473135.833,2.15,ok
1785473135.850,2.08,ok
1785473135.863,1.80,ok
1785473135.876,1.90,ok
1785473135.892,1.80,ok
1785473135.907,1.71,ok
1785473135.924,1.89,ok
1785473135.940,1.95,ok
1785473135.956,1.86,ok
1785473135.972,1.89,ok
1785473135.989,1.81,ok
1785473136.006,2.02,ok
1785473136.021,1.87,ok
1785473136.036,2.20,ok
1785473136.049,1.71,ok
1785473136.066,3.03,ok
1785473136.083,3.08,ok
1785473136.099,3.09,ok
1785473136.115,2.11,ok
1785473136.132,2.03,ok
1785473136.149,1.76,ok
1785473136.161,1.92,ok
1785473136.179,7.36,ok
1785473136.192,2.22,ok
1785473136.208,3.78,ok
1785473136.222,2.01,ok
1785473136.239,2.17,ok
1785473136.252,2.60,ok
1785473136.266,2.68,ok
1785473136.283,2.49,ok
1785473136.299,2.02,ok
1785473136.316,2.32,ok
1785473136.333,1.90,ok
1785473136.346,2.05,ok
1785473136.362,2.33,ok
1785473136.374,1.68,ok
1785473136.389,1.59,ok
1785473136.408,4.47,ok
1785473136.426,2.40,ok
1785473136.442,1.83,ok
1785473136.457,1.96,ok
1785473136.474,2.21,ok
1785473136.486,1.93,ok
1785473136.500,1.71,ok
1785473136.512,1.54,ok
1785473136.524,1.53,ok
1785473136.541,2.09,ok
1785473136.557,1.70,ok
1785473136.573,3.63,ok
1785473136.587,2.20,ok
1785473136.604,1.69,ok
1785473136.621,1.95,ok
1785473136.636,2.25,ok
1785473136.654,2.75,ok
1785473136.668,3.58,ok
1785473136.682,2.26,ok
1785473136.699,2.18,ok
1785473136.716,2.07,ok
1785473136.732,1.72,ok
1785473136.749,2.13,ok
1785473136.764,2.08,ok
1785473136.778,1.85,ok
1785473136.795,1.77,ok
1785473136.812,2.33,ok
1785473136.829,2.59,ok
1785473136.847,3.08,ok
1785473136.864,2.55,ok
1785473136.879,2.17,ok
1785473136.896,2.17,ok
1785473136.909,2.14,ok
1785473136.922,1.76,ok
1785473136.939,3.28,ok
1785473136.957,2.61,ok
1785473136.972,1.83,ok
1785473136.984,1.68,ok
1785473136.997,1.87,ok
1785473137.013,1.62,ok
1785473137.029,1.53,ok
1785473137.044,1.55,ok
1785473137.061,2.38,ok
1785473137.074,1.87,ok
1785473137.089,1.67,ok
1785473137.105,2.25,ok
1785473137.121,1.63,ok
1785473137.136,1.81,ok
1785473137.148,2.01,ok
1785473137.160,1.85,ok
1785473137.177,1.75,ok
1785473137.190,1.77,ok
1785473137.206,2.89,ok
1785473137.222,1.96,ok
1785473137.238,1.80,ok
1785473137.251,2.23,ok
1785473137.267,3.05,ok
1785473137.285,3.19,ok
1785473137.301,1.74,ok
1785473137.315,1.73,ok
1785473137.332,1.85,ok
1785473137.346,3.39,ok
1785473137.359,1.93,ok
1785473137.372,2.49,ok
1785473137.388,2.16,ok
1785473137.403,2.06,ok
1785473137.419,1.50,ok
1785473137.432,1.45,ok
1785473137.449,1.86,ok
1785473137.462,1.62,ok
1785473137.477,1.80,ok
1785473137.493,1.70,ok
1785473137.507,2.28,ok
1785473137.524,1.97,ok
1785473137.539,2.25,ok
1785473137.552,1.61,ok
1785473137.565,2.65,ok
1785473137.582,1.87,ok
1785473137.599,1.75,ok
1785473137.613,1.90,ok
1785473137.628,2.30,ok
1785473137.641,1.94,ok
1785473137.658,2.41,ok
1785473137.676,2.47,ok
1785473137.691,2.21,ok
1785473137.707,1.69,ok
1785473137.723,2.07,ok
1785473137.740,2.02,ok
1785473137.757,1.99,ok
1785473137.774,1.90,ok
1785473137.791,1.74,ok
1785473137.804,2.21,ok
1785473137.819,1.72,ok
1785473137.834,3.45,ok
1785473137.847,1.70,ok
1785473137.860,1.65,ok
1785473137.874,1.83,ok
1785473137.891,2.04,ok
1785473137.907,1.57,ok
1785473137.924,1.82,ok
1785473137.941,1.91,ok
1785473137.955,1.83,ok
1785473137.969,3.68,ok
1785473137.982,2.12,ok
1785473137.997,2.29,ok
1785473138.010,2.76,ok
1785473138.027,2.01,ok
1785473138.045,2.83,ok
1785473138.065,4.20,ok
1785473138.080,1.92,ok
1785473138.097,2.11,ok
1785473138.112,1.92,ok
1785473138.129,1.96,ok
1785473138.143,2.08,ok
1785473138.156,2.00,ok
1785473138.173,2.63,ok
1785473138.191,2.13,ok
1785473138.207,1.96,ok
1785473138.221,1.65,ok
1785473138.236,1.76,ok
1785473138.253,1.91,ok
1785473138.270,1.76,ok
1785473138.282,1.70,ok
1785473138.294,1.68,ok
1785473138.310,1.97,ok
1785473138.323,1.81,ok
1785473138.340,1.94,ok
1785473138.355,1.88,ok
1785473138.372,1.74,ok
1785473138.390,3.25,ok
1785473138.411,6.11,ok
1785473138.429,2.07,ok
1785473138.443,1.83,ok
1785473138.457,2.01,ok
1785473138.473,3.10,ok
1785473138.486,1.72,ok
1785473138.499,1.65,ok
1785473138.512,3.32,ok
1785473138.526,2.06,ok
1785473138.541,2.08,ok
1785473138.558,2.62,ok
1785473138.573,2.43,ok
1785473138.591,3.24,ok
1785473138.608,1.91,ok
1785473138.621,1.88,ok
1785473138.636,1.91,ok
1785473138.653,1.93,ok
1785473138.666,2.12,ok
1785473138.682,1.79,ok
1785473138.695,1.82,ok
1785473138.712,2.11,ok
1785473138.726,2.36,ok
1785473138.740,1.73,ok
1785473138.758,2.13,ok
1785473138.775,2.04,ok
1785473138.792,1.89,ok
1785473138.806,2.11,ok
1785473138.823,1.82,ok
1785473138.837,1.81,ok
1785473138.854,1.96,ok
1785473138.871,1.96,ok
1785473138.887,1.81,ok
1785473138.900,2.12,ok
1785473138.916,1.95,ok
1785473138.932,1.75,ok
1785473138.948,3.49,ok
1785473138.965,2.60,ok
1785473138.983,2.33,ok
1785473138.995,1.81,ok
1785473139.011,1.78,ok
1785473139.026,1.84,ok
1785473139.040,1.98,ok
1785473139.056,2.10,ok
1785473139.073,2.06,ok
1785473139.090,1.90,ok
1785473139.104,1.69,ok
1785473139.119,1.91,ok
1785473139.134,2.00,ok
1785473139.149,1.82,ok
1785473139.167,2.85,ok
1785473139.182,1.85,ok
1785473139.199,1.86,ok
1785473139.213,1.82,ok
1785473139.229,2.25,ok
1785473139.241,2.20,ok
1785473139.257,2.04,ok
1785473139.275,2.21,ok
1785473139.289,2.02,ok
1785473139.306,1.85,ok
1785473139.319,1.84,ok
1785473139.332,1.95,ok
1785473139.349,2.21,ok
1785473139.363,2.07,ok
1785473139.376,1.81,ok
1785473139.393,1.71,ok
1785473139.411,4.30,ok
1785473139.425,2.74,ok
1785473139.437,1.54,ok
1785473139.454,1.69,ok
1785473139.471,2.42,ok
1785473139.490,3.26,ok
1785473139.503,1.96,ok
1785473139.517,2.25,ok
1785473139.533,2.99,ok
1785473139.550,2.17,ok
1785473139.566,2.07,ok
1785473139.584,2.02,ok
1785473139.601,2.23,ok
1785473139.619,3.28,ok
1785473139.631,1.63,ok
1785473139.644,1.51,ok
1785473139.657,2.85,ok
1785473139.672,2.04,ok
1785473139.689,1.95,ok
1785473139.707,2.06,ok
1785473139.723,1.98,ok
1785473139.736,1.80,ok
1785473139.749,1.80,ok
1785473139.766,1.96,ok
1785473139.782,1.66,ok
1785473139.799,2.05,ok
1785473139.816,2.27,ok
1785473139.831,2.14,ok
1785473139.848,2.13,ok
1785473139.863,2.27,ok
1785473139.880,2.76,ok
1785473139.897,2.15,ok
1785473139.909,1.66,ok
1785473139.924,1.88,ok
1785473139.936,1.73,ok
1785473139.951,1.74,ok
1785473139.968,1.82,ok
1785473139.983,1.87,ok
1785473140.000,2.05,ok
1785473140.017,2.12,ok
1785473140.030,1.56,ok
1785473140.044,1.75,ok
1785473140.061,2.02,ok
1785473140.073,1.84,ok
1785473140.085,1.59,ok
1785473140.101,1.75,ok
1785473140.116,2.27,ok
1785473140.132,1.84,ok
1785473140.149,1.75,ok
1785473140.167,2.57,ok
1785473140.183,1.98,ok
1785473140.196,1.94,ok
1785473140.212,2.14,ok
1785473140.225,1.85,ok
1785473140.238,1.78,ok
1785473140.254,1.62,ok
1785473140.269,1.72,ok
1785473140.286,4.70,ok
1785473140.301,1.74,ok
1785473140.315,1.95,ok
1785473140.333,2.17,ok
1785473140.349,1.75,ok
1785473140.366,1.95,ok
1785473140.383,3.55,ok
1785473140.399,2.08,ok
1785473140.415,2.12,ok
1785473140.432,2.10,ok
1785473140.449,1.93,ok
1785473140.462,2.02,ok
1785473140.477,2.02,ok
1785473140.491,2.05,ok
1785473140.507,1.86,ok
1785473140.523,1.70,ok
1785473140.540,1.80,ok
1785473140.555,1.75,ok
1785473140.571,2.03,ok
1785473140.584,1.96,ok
1785473140.603,4.74,ok
1785473140.616,1.98,ok
1785473140.632,1.94,ok
1785473140.645,1.86,ok
1785473140.662,1.70,ok
1785473140.674,1.79,ok
1785473140.688,3.40,ok
1785473140.705,1.67,ok
1785473140.719,1.89,ok
1785473140.732,2.06,ok
1785473140.749,3.51,ok
1785473140.766,2.09,ok
1785473140.779,2.57,ok
1785473140.794,1.97,ok
1785473140.808,2.35,ok
1785473140.824,1.94,ok
1785473140.836,1.88,ok
1785473140.852,4.23,ok
1785473140.865,1.78,ok
1785473140.882,1.88,ok
1785473140.899,2.06,ok
1785473140.915,2.13,ok
1785473140.932,2.01,ok
1785473140.949,2.13,ok
1785473140.966,1.98,ok
1785473140.985,4.24,ok
1785473140.999,2.18,ok
1785473141.015,2.34,ok
1785473141.033,2.36,ok
1785473141.046,1.91,ok
1785473141.060,1.98,ok
1785473141.074,1.98,ok
1785473141.092,2.16,ok
1785473141.106,1.82,ok
1785473141.120,1.78,ok
1785473141.133,1.89,ok
1785473141.150,2.06,ok
1785473141.166,2.19,ok
1785473141.183,2.08,ok
1785473141.196,1.74,ok
1785473141.211,1.78,ok
1785473141.226,1.72,ok
1785473141.239,1.68,ok
1785473141.255,1.67,ok
1785473141.271,1.85,ok
1785473141.285,3.52,ok
1785473141.299,2.07,ok
1785473141.312,2.17,ok
1785473141.329,2.01,ok
1785473141.343,2.58,ok
1785473141.356,1.92,ok
1785473141.370,1.61,ok
1785473141.386,3.58,ok
1785473141.403,2.37,ok
1785473141.416,1.95,ok
1785473141.431,2.85,ok
1785473141.445,2.09,ok
1785473141.458,1.94,ok
1785473141.476,2.19,ok
1785473141.489,2.09,ok
1785473141.502,1.97,ok
1785473141.516,2.95,ok
1785473141.533,2.15,ok
1785473141.549,2.03,ok
1785473141.564,1.92,ok
1785473141.577,1.62,ok
1785473141.594,2.55,ok
1785473141.611,1.91,ok
1785473141.629,3.67,ok
1785473141.646,1.83,ok
1785473141.663,1.84,ok
1785473141.676,2.58,ok
1785473141.691,2.26,ok
1785473141.708,1.76,ok
1785473141.724,1.65,ok
1785473141.742,2.84,ok
1785473141.754,1.90,ok
1785473141.771,3.13,ok
1785473141.783,2.09,ok
1785473141.796,1.96,ok
1785473141.808,1.80,ok
1785473141.824,2.14,ok
1785473141.842,2.41,ok
1785473141.857,2.04,ok
1785473141.870,1.80,ok
1785473141.886,1.73,ok
1785473141.900,2.90,ok
1785473141.913,1.82,ok
1785473141.928,2.70,ok
1785473141.945,2.19,ok
1785473141.958,2.94,ok
1785473141.974,2.12,ok
1785473141.990,1.76,ok
1785473142.003,1.98,ok
1785473142.017,2.25,ok
1785473142.033,2.92,ok
1785473142.050,2.12,ok
1785473142.064,2.22,ok
1785473142.082,3.15,ok
1785473142.096,3.80,ok
1785473142.114,2.12,ok
1785473142.129,2.08,ok
1785473142.146,2.37,ok
1785473142.164,2.19,ok
1785473142.181,2.18,ok
1785473142.199,3.99,ok
1785473142.212,1.81,ok
1785473142.229,1.90,ok
1785473142.246,2.05,ok
1785473142.261,1.99,ok
1785473142.276,3.54,ok
1785473142.294,2.16,ok
1785473142.306,2.01,ok
1785473142.320,2.10,ok
1785473142.338,3.00,ok
1785473142.356,2.51,ok
1785473142.374,3.55,ok
1785473142.387,1.88,ok
1785473142.400,1.99,ok
1785473142.415,2.34,ok
1785473142.432,2.09,ok
1785473142.449,1.82,ok
1785473142.462,1.70,ok
1785473142.476,1.56,ok
1785473142.491,2.15,ok
1785473142.508,2.13,ok
1785473142.522,1.79,ok
1785473142.539,1.92,ok
1785473142.556,1.93,ok
1785473142.568,1.85,ok
1785473142.584,1.67,ok
1785473142.600,1.98,ok
1785473142.619,3.94,ok
1785473142.634,3.49,ok
1785473142.652,3.30,ok
1785473142.669,1.89,ok
1785473142.683,1.78,ok
1785473142.699,1.70,ok
1785473142.713,3.29,ok
1785473142.728,3.39,ok
1785473142.742,2.32,ok
1785473142.758,2.87,ok
1785473142.775,2.01,ok
1785473142.792,1.91,ok
1785473142.808,1.95,ok
1785473142.822,2.02,ok
1785473142.839,2.23,ok
1785473142.855,2.00,ok
1785473142.873,2.10,ok
1785473142.887,2.03,ok
1785473142.906,4.17,ok
1785473142.919,1.83,ok
1785473142.937,2.64,ok
1785473142.953,2.09,ok
1785473142.970,1.92,ok
1785473142.986,2.00,ok
1785473143.000,1.98,ok
1785473143.020,9.09,ok
1785473143.037,5.95,ok
1785473143.055,4.90,ok
1785473143.076,7.59,ok
1785473143.097,7.72,ok
1785473143.111,3.94,ok
1785473143.132,5.67,ok
1785473143.156,9.18,ok
1785473143.180,9.75,ok
1785473143.195,4.29,ok
1785473143.210,4.09,ok
1785473143.228,5.89,ok
1785473143.241,2.34,ok
1785473143.258,5.92,ok
1785473143.275,4.82,ok
1785473143.294,5.76,ok
1785473143.316,7.28,ok
1785473143.333,6.26,ok
1785473143.353,4.59,ok
1785473143.370,3.43,ok
1785473143.389,5.89,ok
1785473143.407,6.85,ok
1785473143.454,31.78,ok
1785473143.469,4.50,ok
1785473143.483,2.74,ok
1785473143.503,4.66,ok
1785473143.519,3.59,ok
1785473143.540,5.45,ok
1785473143.556,4.53,ok
1785473143.575,5.07,ok
1785473143.598,7.91,ok
1785473143.620,6.57,ok
1785473143.636,4.75,ok
1785473143.650,2.88,ok
1785473143.670,5.14,ok
1785473143.689,4.00,ok
1785473143.709,4.50,ok
1785473143.724,2.14,ok
1785473143.741,6.95,ok
1785473143.761,4.34,ok
1785473143.777,2.33,ok
1785473143.801,8.36,ok
1785473143.817,4.93,ok
1785473143.839,8.85,ok
1785473143.859,4.98,ok
1785473143.891,16.82,ok
1785473143.932,16.68,ok
1785473143.951,3.99,ok
1785473143.971,9.47,ok
1785473143.989,6.23,ok
1785473144.010,6.77,ok
1785473144.029,5.29,ok
1785473144.050,5.05,ok
1785473144.069,4.81,ok
1785473144.087,7.11,ok
1785473144.105,4.59,ok
1785473144.121,5.23,ok
1785473144.135,3.67,ok
1785473144.150,4.26,ok
1785473144.169,4.19,ok
1785473144.184,2.35,ok
1785473144.199,4.24,ok
1785473144.218,3.84,ok
1785473144.238,8.66,ok
1785473144.258,5.45,ok
1785473144.277,4.65,ok
1785473144.298,7.02,ok
1785473144.314,3.17,ok
1785473144.328,4.60,ok
1785473144.345,3.09,ok
1785473144.363,3.59,ok
1785473144.381,2.79,ok
1785473144.400,3.69,ok
1785473144.422,8.45,ok
1785473144.442,4.96,ok
1785473144.460,3.48,ok
1785473144.475,3.11,ok
1785473144.492,3.73,ok
1785473144.507,3.84,ok
1785473144.522,2.21,ok
1785473144.541,4.33,ok
1785473144.559,3.47,ok
1785473144.577,4.81,ok
1785473144.594,5.70,ok
1785473144.609,3.61,ok
1785473144.628,4.52,ok
1785473144.644,2.74,ok
1785473144.661,5.68,ok
1785473144.679,3.74,ok
1785473144.699,5.43,ok
1785473144.715,3.34,ok
1785473144.734,4.30,ok
1785473144.749,4.38,ok
1785473144.767,4.77,ok
1785473144.784,3.31,ok
1785473144.800,4.03,ok
1785473144.815,3.09,ok
1785473144.830,3.34,ok
1785473144.849,3.63,ok
1785473144.863,3.75,ok
1785473144.882,4.14,ok
1785473144.898,4.87,ok
1785473144.917,3.70,ok
1785473144.934,3.49,ok
1785473144.952,4.95,ok
1785473144.971,4.24,ok
1785473144.986,4.21,ok
1785473145.001,2.78,ok
1785473145.020,7.24,ok
1785473145.038,4.91,ok
1785473145.059,7.57,ok
1785473145.079,4.51,ok
1785473145.096,5.28,ok
1785473145.116,4.73,ok
1785473145.131,3.26,ok
1785473145.150,4.33,ok
1785473145.165,4.69,ok
1785473145.181,4.58,ok
1785473145.201,4.81,ok
1785473145.222,8.64,ok
1785473145.242,4.93,ok
1785473145.259,3.57,ok
1785473145.275,4.54,ok
1785473145.294,4.47,ok
1785473145.312,3.80,ok
1785473145.328,2.74,ok
1785473145.350,7.17,ok
1785473145.369,3.53,ok
1785473145.386,5.89,ok
1785473145.404,6.96,ok
1785473145.418,4.74,ok
1785473145.440,6.92,ok
1785473145.455,3.71,ok
1785473145.470,4.58,ok
1785473145.490,5.04,ok
1785473145.507,5.29,ok
1785473145.524,3.55,ok
1785473145.546,6.36,ok
1785473145.561,4.60,ok
1785473145.580,5.52,ok
1785473145.600,7.05,ok
1785473145.622,10.41,ok
1785473145.638,4.08,ok
1785473145.658,5.07,ok
1785473145.675,6.05,ok
1785473145.694,5.62,ok
1785473145.714,5.15,ok
1785473145.732,6.48,ok
1785473145.757,10.64,ok
1785473145.775,2.54,ok
1785473145.793,4.52,ok
1785473145.812,3.96,ok
1785473145.831,5.62,ok
1785473145.847,5.24,ok
1785473145.864,5.39,ok
1785473145.884,5.22,ok
1785473145.899,3.63,ok
1785473145.920,6.32,ok
1785473145.945,10.73,ok
1785473145.962,3.74,ok
1785473145.979,2.10,ok
1785473145.998,5.17,ok
1785473146.017,7.22,ok
1785473146.036,5.51,ok
1785473146.052,5.13,ok
1785473146.074,6.73,ok
1785473146.090,3.89,ok
1785473146.107,6.46,ok
1785473146.125,4.72,ok
1785473146.144,5.51,ok
1785473146.157,1.86,ok
1785473146.178,5.63,ok
1785473146.194,5.24,ok
1785473146.211,6.03,ok
1785473146.227,4.87,ok
1785473146.244,4.49,ok
1785473146.260,5.49,ok
1785473146.277,6.36,ok
1785473146.294,3.65,ok
1785473146.309,4.77,ok
1785473146.332,7.79,ok
1785473146.349,3.72,ok
1785473146.368,5.23,ok
1785473146.387,7.03,ok
1785473146.403,4.23,ok
1785473146.422,7.99,ok
1785473146.443,6.88,ok
1785473146.461,5.68,ok
1785473146.474,2.07,ok
1785473146.492,4.08,ok
1785473146.508,3.13,ok
1785473146.523,3.90,ok
1785473146.538,2.99,ok
1785473146.554,2.31,ok
1785473146.569,4.75,ok
1785473146.583,2.00,ok
1785473146.599,2.20,ok
1785473146.614,3.12,ok
1785473146.632,3.54,ok
1785473146.645,1.71,ok
1785473146.661,2.36,ok
1785473146.678,1.69,ok
1785473146.695,1.68,ok
1785473146.711,2.28,ok
1785473146.727,1.83,ok
1785473146.741,1.78,ok
1785473146.757,1.74,ok
1785473146.769,1.92,ok
1785473146.785,2.45,ok
1785473146.801,1.89,ok
1785473146.815,1.82,ok
1785473146.829,1.94,ok
1785473146.847,2.80,ok
1785473146.863,1.83,ok
1785473146.877,1.98,ok
1785473146.894,2.09,ok
1785473146.911,2.00,ok
1785473146.925,1.73,ok
1785473146.942,3.33,ok
1785473146.954,1.57,ok
1785473146.972,2.84,ok
1785473146.990,2.26,ok
1785473147.003,2.20,ok
1785473147.016,2.19,ok
1785473147.034,2.12,ok
1785473147.052,3.47,ok
1785473147.069,1.89,ok
1785473147.084,2.45,ok
1785473147.099,2.03,ok
1785473147.117,2.07,ok
1785473147.134,2.00,ok
1785473147.151,1.90,ok
1785473147.163,2.14,ok
1785473147.180,1.77,ok
1785473147.191,1.77,ok
1785473147.203,1.51,ok
1785473147.219,1.83,ok
1785473147.235,2.14,ok
1785473147.249,1.73,ok
1785473147.266,2.05,ok
1785473147.283,2.20,ok
1785473147.295,1.78,ok
1785473147.310,1.76,ok
1785473147.325,1.99,ok
1785473147.341,2.11,ok
1785473147.356,2.01,ok
1785473147.369,2.30,ok
1785473147.385,1.93,ok
1785473147.397,1.70,ok
1785473147.409,1.86,ok
1785473147.422,1.78,ok
1785473147.435,1.56,ok
1785473147.448,1.61,ok
1785473147.461,1.66,ok
1785473147.476,1.91,ok
1785473147.490,2.03,ok
1785473147.510,4.94,ok
1785473147.527,2.07,ok
1785473147.542,2.00,ok
1785473147.559,1.63,ok
1785473147.573,2.02,ok
1785473147.590,1.76,ok
1785473147.607,1.69,ok
1785473147.623,2.01,ok
1785473147.641,2.07,ok
1785473147.655,1.64,ok
1785473147.669,3.28,ok
1785473147.685,1.90,ok
1785473147.698,1.80,ok
1785473147.716,3.17,ok
1785473147.729,1.97,ok
1785473147.745,2.11,ok
1785473147.759,3.30,ok
1785473147.773,1.54,ok
1785473147.786,1.85,ok
1785473147.802,4.80,ok
1785473147.816,1.73,ok
1785473147.832,1.75,ok
1785473147.846,3.14,ok
1785473147.864,2.83,ok
1785473147.879,2.24,ok
1785473147.898,4.19,ok
1785473147.914,2.14,ok
1785473147.928,3.21,ok
1785473147.941,2.60,ok
1785473147.955,1.96,ok
1785473147.969,1.94,ok
1785473147.988,3.71,ok
1785473148.001,2.04,ok
1785473148.015,2.28,ok
1785473148.032,2.19,ok
1785473148.049,2.25,ok
1785473148.065,2.28,ok
1785473148.082,2.29,ok
1785473148.101,3.60,ok
1785473148.118,2.29,ok
1785473148.130,1.62,ok
1785473148.146,1.74,ok
1785473148.160,1.83,ok
1785473148.172,1.59,ok
1785473148.189,2.32,ok
1785473148.202,2.70,ok
1785473148.219,2.08,ok
1785473148.234,1.74,ok
1785473148.251,2.13,ok
1785473148.266,1.90,ok
1785473148.278,1.72,ok
1785473148.292,2.26,ok
1785473148.308,2.16,ok
1785473148.320,1.47,ok
1785473148.336,1.84,ok
1785473148.352,1.63,ok
1785473148.364,1.77,ok
1785473148.379,2.64,ok
1785473148.397,3.17,ok
1785473148.410,2.17,ok
1785473148.424,3.62,ok
1785473148.440,2.27,ok
1785473148.454,1.97,ok
1785473148.469,1.76,ok
1785473148.486,2.15,ok
1785473148.498,1.93,ok
1785473148.514,1.91,ok
1785473148.528,2.32,ok
1785473148.541,2.11,ok
1785473148.553,1.95,ok
1785473148.566,2.18,ok
1785473148.584,3.07,ok
1785473148.606,3.81,ok
1785473148.620,2.37,ok
1785473148.632,1.77,ok
1785473148.649,2.04,ok
1785473148.662,1.96,ok
1785473148.679,2.22,ok
1785473148.694,2.18,ok
1785473148.710,2.00,ok
1785473148.725,2.07,ok
1785473148.737,1.79,ok
1785473148.754,1.91,ok
1785473148.772,2.78,ok
1785473148.787,1.84,ok
1785473148.801,2.18,ok
1785473148.818,2.10,ok
1785473148.832,1.98,ok
1785473148.844,2.38,ok
1785473148.861,2.82,ok
1785473148.876,3.11,ok
1785473148.891,2.17,ok
1785473148.905,2.59,ok
1785473148.917,1.87,ok
1785473148.930,1.91,ok
1785473148.944,2.01,ok
1785473148.961,3.11,ok
1785473148.976,2.10,ok
1785473148.991,2.08,ok
1785473149.007,2.65,ok
1785473149.023,1.92,ok
1785473149.038,1.48,ok
1785473149.053,3.23,ok
1785473149.070,1.93,ok
1785473149.083,2.02,ok
1785473149.101,3.04,ok
1785473149.114,2.29,ok
1785473149.131,2.27,ok
1785473149.146,1.96,ok
1785473149.162,2.22,ok
1785473149.177,2.57,ok
1785473149.192,2.78,ok
1785473149.207,1.68,ok
1785473149.224,2.23,ok
1785473149.239,2.19,ok
1785473149.254,2.88,ok
1785473149.269,2.00,ok
1785473149.284,2.09,ok
1785473149.300,1.88,ok
1785473149.312,1.75,ok
1785473149.326,2.29,ok
1785473149.340,2.01,ok
1785473149.357,2.15,ok
1785473149.373,1.79,ok
1785473149.389,1.90,ok
1785473149.405,1.53,ok
1785473149.436,15.37,ok
1785473149.449,2.18,ok
1785473149.466,1.87,ok
1785473149.482,1.87,ok
1785473149.495,1.78,ok
1785473149.509,3.74,ok
1785473149.525,1.51,ok
1785473149.539,1.72,ok
1785473149.556,1.95,ok
1785473149.573,1.91,ok
1785473149.590,1.93,ok
1785473149.606,1.68,ok
1785473149.623,2.64,ok
1785473149.637,1.81,ok
1785473149.650,1.81,ok
1785473149.663,1.71,ok
1785473149.676,1.81,ok
1785473149.691,1.85,ok
1785473149.707,2.04,ok
1785473149.721,1.58,ok
1785473149.737,1.51,ok
1785473149.751,1.80,ok
1785473149.766,1.86,ok
1785473149.779,2.12,ok
1785473149.793,2.04,ok
1785473149.808,2.44,ok
1785473149.824,2.01,ok
1785473149.841,1.82,ok
1785473149.857,1.96,ok
1785473149.872,2.05,ok
1785473149.887,1.43,ok
1785473149.900,2.10,ok
1785473149.915,2.08,ok
1785473149.932,2.08,ok
1785473149.951,3.51,ok
1785473149.965,2.24,ok
1785473149.980,2.01,ok
1785473149.994,2.81,ok
1785473150.011,1.88,ok
1785473150.028,1.95,ok
1785473150.041,1.70,ok
1785473150.058,1.76,ok
1785473150.072,1.72,ok
1785473150.088,1.87,ok
1785473150.101,1.62,ok
1785473150.116,1.94,ok
1785473150.132,2.34,ok
1785473150.145,1.82,ok
1785473150.161,3.16,ok
1785473150.176,1.95,ok
1785473150.190,2.39,ok
1785473150.204,2.60,ok
1785473150.220,1.94,ok
1785473150.233,1.64,ok
1785473150.247,2.04,ok
1785473150.264,2.18,ok
1785473150.280,2.02,ok
1785473150.297,1.71,ok
1785473150.311,1.87,ok
1785473150.323,1.76,ok
1785473150.337,1.64,ok
1785473150.352,1.84,ok
1785473150.368,2.08,ok
1785473150.382,1.97,ok
1785473150.399,1.80,ok
1785473150.416,1.86,ok
1785473150.432,1.66,ok
1785473150.449,1.85,ok
1785473150.464,2.02,ok
1785473150.481,2.04,ok
1785473150.495,1.62,ok
1785473150.508,2.56,ok
1785473150.525,1.73,ok
1785473150.542,1.82,ok
1785473150.557,1.88,ok
1785473150.576,3.52,ok
1785473150.590,1.64,ok
1785473150.606,1.87,ok
1785473150.622,1.73,ok
1785473150.635,2.12,ok
1785473150.651,2.18,ok
1785473150.666,2.57,ok
1785473150.684,2.43,ok
1785473150.701,2.23,ok
1785473150.716,1.86,ok
1785473150.730,2.06,ok
1785473150.742,1.73,ok
1785473150.760,3.62,ok
1785473150.774,2.01,ok
1785473150.791,1.83,ok
1785473150.807,1.71,ok
1785473150.820,1.55,ok
1785473150.835,1.74,ok
1785473150.852,1.84,ok
1785473150.865,1.69,ok
1785473150.882,1.73,ok
1785473150.898,1.38,ok
1785473150.910,1.67,ok
1785473150.925,1.75,ok
1785473150.942,1.61,ok
1785473150.957,1.66,ok
1785473150.972,2.83,ok
1785473150.990,1.96,ok
1785473151.005,1.85,ok
1785473151.022,2.03,ok
1785473151.036,2.10,ok
1785473151.053,2.28,ok
1785473151.068,2.24,ok
1785473151.083,2.08,ok
1785473151.101,2.02,ok
1785473151.113,1.97,ok
1785473151.128,2.20,ok
1785473151.145,2.27,ok
1785473151.162,2.22,ok
1785473151.179,1.86,ok
1785473151.194,2.09,ok
1785473151.211,2.82,ok
1785473151.225,1.74,ok
1785473151.242,1.50,ok
1785473151.259,2.07,ok
1785473151.274,1.91,ok
1785473151.289,1.79,ok
1785473151.305,1.54,ok
1785473151.317,1.77,ok
1785473151.334,1.87,ok
1785473151.347,2.03,ok
1785473151.363,1.81,ok
1785473151.378,1.89,ok
1785473151.392,1.80,ok
1785473151.407,1.78,ok
1785473151.428,7.22,ok
1785473151.441,1.85,ok
1785473151.458,1.96,ok
1785473151.475,1.90,ok
1785473151.488,2.46,ok
1785473151.506,3.31,ok
1785473151.524,2.11,ok
1785473151.536,1.82,ok
1785473151.553,1.88,ok
1785473151.566,2.31,ok
1785473151.584,2.39,ok
1785473151.597,2.44,ok
1785473151.614,2.22,ok
1785473151.626,1.75,ok
1785473151.643,4.92,ok
1785473151.660,1.99,ok
1785473151.673,1.84,ok
1785473151.689,2.04,ok
1785473151.701,1.60,ok
1785473151.716,1.42,ok
1785473151.732,1.87,ok
1785473151.748,2.20,ok
1785473151.765,2.49,ok
1785473151.781,2.27,ok
1785473151.798,2.26,ok
1785473151.813,2.06,ok
1785473151.828,2.22,ok
1785473151.840,2.13,ok
1785473151.858,2.55,ok
1785473151.875,2.10,ok
1785473151.892,2.14,ok
1785473151.904,2.37,ok
1785473151.920,1.77,ok
1785473151.936,2.44,ok
1785473151.954,2.70,ok
1785473151.973,4.36,ok
1785473151.987,3.31,ok
1785473152.005,2.62,ok
1785473152.023,3.09,ok
1785473152.041,3.56,ok
1785473152.061,4.41,ok
1785473152.079,3.58,ok
1785473152.097,4.02,ok
1785473152.116,3.96,ok
1785473152.133,3.34,ok
1785473152.148,3.61,ok
1785473152.166,6.70,ok
1785473152.184,4.52,ok
1785473152.203,4.64,ok
1785473152.222,3.96,ok
1785473152.236,3.25,ok
1785473152.254,3.11,ok
1785473152.270,4.22,ok
1785473152.285,2.48,ok
1785473152.301,2.93,ok
1785473152.319,2.39,ok
1785473152.333,1.87,ok
1785473152.349,2.75,ok
1785473152.366,2.04,ok
1785473152.383,2.14,ok
1785473152.400,2.49,ok
1785473152.416,2.50,ok
1785473152.431,2.05,ok
1785473152.445,2.04,ok
1785473152.460,2.14,ok
1785473152.473,1.98,ok
1785473152.491,2.26,ok
1785473152.508,2.73,ok
1785473152.525,3.59,ok
1785473152.541,2.17,ok
1785473152.558,2.34,ok
1785473152.578,6.11,ok
1785473152.594,2.54,ok
1785473152.613,4.30,ok
1785473152.629,3.34,ok
1785473152.647,2.71,ok
1785473152.661,2.34,ok
1785473152.678,3.13,ok
1785473152.694,3.55,ok
1785473152.709,2.12,ok
1785473152.725,2.67,ok
1785473152.741,1.80,ok
1785473152.756,2.37,ok
1785473152.773,2.05,ok
1785473152.791,2.82,ok
1785473152.809,2.99,ok
1785473152.828,3.54,ok
1785473152.844,3.78,ok
1785473152.866,7.16,ok
1785473152.879,3.33,ok
1785473152.893,3.41,ok
1785473152.909,3.53,ok
1785473152.926,3.38,ok
1785473152.941,3.19,ok
1785473152.957,3.05,ok
1785473152.973,4.93,ok
1785473152.990,4.38,ok
1785473153.006,3.96,ok
1785473153.025,4.36,ok
1785473153.042,4.19,ok
1785473153.059,3.41,ok
1785473153.077,5.05,ok
1785473153.093,4.25,ok
1785473153.109,3.34,ok
1785473153.127,4.18,ok
1785473153.144,4.61,ok
1785473153.161,3.76,ok
1785473153.179,4.20,ok
1785473153.197,3.71,ok
1785473153.212,4.53,ok
1785473153.230,3.46,ok
1785473153.246,3.68,ok
1785473153.263,3.56,ok
1785473153.283,4.71,ok
1785473153.302,3.92,ok
1785473153.318,3.81,ok
1785473153.332,3.26,ok
1785473153.350,3.17,ok
1785473153.366,3.32,ok
1785473153.384,3.08,ok
1785473153.400,3.22,ok
1785473153.416,2.97,ok
1785473153.434,6.98,ok
1785473153.448,2.27,ok
1785473153.465,4.56,ok
1785473153.481,2.02,ok
1785473153.498,2.30,ok
1785473153.517,4.52,ok
1785473153.533,3.05,ok
1785473153.551,2.84,ok
1785473153.565,3.03,ok
1785473153.581,3.30,ok
1785473153.596,3.36,ok
1785473153.612,3.58,ok
1785473153.627,3.00,ok
1785473153.645,3.40,ok
1785473153.659,3.02,ok
1785473153.677,3.04,ok
1785473153.694,2.36,ok
1785473153.710,2.33,ok
1785473153.729,3.83,ok
1785473153.747,3.01,ok
1785473153.765,3.04,ok
1785473153.782,2.97,ok
1785473153.801,3.94,ok
1785473153.817,3.37,ok
1785473153.835,3.63,ok
1785473153.851,3.46,ok
1785473153.870,4.43,ok
1785473153.888,3.39,ok
1785473153.905,3.68,ok
1785473153.923,2.87,ok
1785473153.942,3.90,ok
1785473153.959,3.45,ok
1785473153.978,3.73,ok
1785473153.994,3.67,ok
1785473154.010,4.37,ok
1785473154.030,5.44,ok
1785473154.050,4.44,ok
1785473154.068,3.29,ok
1785473154.086,3.20,ok
1785473154.101,3.37,ok
1785473154.119,2.88,ok
1785473154.137,3.15,ok
1785473154.155,2.81,ok
1785473154.173,3.00,ok
1785473154.192,4.90,ok
1785473154.209,3.30,ok
1785473154.227,3.05,ok
1785473154.245,4.02,ok
1785473154.263,4.21,ok
1785473154.281,3.00,ok
1785473154.300,4.11,ok
1785473154.316,3.26,ok
1785473154.334,3.76,ok
1785473154.352,4.57,ok
1785473154.369,3.18,ok
1785473154.384,3.55,ok
1785473154.400,3.39,ok
1785473154.419,3.72,ok
1785473154.436,5.73,ok
1785473154.451,1.93,ok
1785473154.469,3.15,ok
1785473154.482,2.33,ok
1785473154.495,2.99,ok
1785473154.511,4.07,ok
1785473154.527,4.83,ok
1785473154.540,2.08,ok
1785473154.557,2.16,ok
1785473154.573,1.95,ok
1785473154.585,1.80,ok
1785473154.601,2.12,ok
1785473154.617,2.58,ok
1785473154.632,2.51,ok
1785473154.649,2.33,ok
1785473154.664,3.30,ok
1785473154.679,3.31,ok
