ts,ms,status
1785473231.764,1.42,ok
1785473231.780,1.99,ok
1785473231.796,1.77,ok
1785473231.811,1.84,ok
1785473231.823,1.63,ok
1785473231.839,1.85,ok
1785473231.856,1.96,ok
1785473231.869,1.75,ok
1785473231.881,1.88,ok
1785473231.894,1.63,ok
1785473231.907,1.72,ok
1785473231.923,2.35,ok
1785473231.938,2.14,ok
1785473231.956,6.18,ok
1785473231.975,3.59,ok
1785473231.991,3.28,ok
1785473232.007,3.27,ok
1785473232.025,4.56,ok
1785473232.044,4.42,ok
1785473232.062,3.75,ok
1785473232.076,3.55,ok
1785473232.094,4.13,ok
1785473232.113,4.86,ok
1785473232.130,3.17,ok
1785473232.147,3.68,ok
1785473232.166,3.11,ok
1785473232.184,4.01,ok
1785473232.200,4.16,ok
1785473232.217,3.30,ok
1785473232.236,4.08,ok
1785473232.256,5.61,ok
1785473232.275,5.29,ok
1785473232.291,3.42,ok
1785473232.307,3.01,ok
1785473232.325,3.00,ok
1785473232.342,3.18,ok
1785473232.359,3.42,ok
1785473232.377,3.89,ok
1785473232.396,4.17,ok
1785473232.411,2.29,ok
1785473232.428,2.39,ok
1785473232.445,2.33,ok
1785473232.460,2.28,ok
1785473232.474,2.90,ok
1785473232.492,2.88,ok
1785473232.509,4.28,ok
1785473232.526,3.40,ok
1785473232.545,4.22,ok
1785473232.561,3.93,ok
1785473232.580,3.69,ok
1785473232.601,6.09,ok
1785473232.645,30.87,ok
1785473232.658,2.02,ok
1785473232.671,2.01,ok
1785473232.685,2.12,ok
1785473232.700,2.97,ok
1785473232.716,1.97,ok
1785473232.732,1.99,ok
1785473232.746,1.84,ok
1785473232.763,2.09,ok
1785473232.780,1.91,ok
1785473232.795,2.23,ok
1785473232.809,1.55,ok
1785473232.824,2.03,ok
1785473232.842,3.13,ok
1785473232.860,2.46,ok
1785473232.878,3.31,ok
1785473232.897,3.53,ok
1785473232.915,3.04,ok
1785473232.933,3.26,ok
1785473232.947,3.59,ok
1785473232.966,4.03,ok
1785473232.987,7.39,ok
1785473233.002,3.76,ok
1785473233.016,3.45,ok
1785473233.033,3.73,ok
1785473233.051,4.78,ok
1785473233.068,3.28,ok
1785473233.085,4.19,ok
1785473233.105,7.15,ok
1785473233.122,3.56,ok
1785473233.142,4.76,ok
1785473233.158,2.08,ok
1785473233.171,2.08,ok
1785473233.183,1.77,ok
1785473233.199,1.64,ok
1785473233.214,1.96,ok
1785473233.232,3.35,ok
1785473233.247,3.83,ok
1785473233.260,2.50,ok
1785473233.275,2.49,ok
1785473233.289,3.01,ok
1785473233.307,3.16,ok
1785473233.324,2.89,ok
1785473233.343,3.89,ok
1785473233.360,3.71,ok
1785473233.376,2.10,ok
1785473233.388,1.83,ok
1785473233.404,1.85,ok
1785473233.418,2.23,ok
1785473233.435,3.37,ok
1785473233.450,2.11,ok
1785473233.467,2.47,ok
1785473233.483,2.22,ok
1785473233.501,2.74,ok
1785473233.516,2.30,ok
1785473233.529,2.92,ok
1785473233.546,4.16,ok
1785473233.565,3.83,ok
1785473233.585,5.63,ok
1785473233.604,5.28,ok
1785473233.628,13.69,ok
1785473233.643,2.40,ok
1785473233.658,2.14,ok
1785473233.670,1.91,ok
1785473233.683,1.85,ok
1785473233.698,2.28,ok
1785473233.716,2.56,ok
1785473233.733,2.02,ok
1785473233.750,2.62,ok
1785473233.767,2.39,ok
1785473233.784,2.15,ok
1785473233.801,2.09,ok
1785473233.818,2.20,ok
1785473233.838,4.80,ok
1785473233.854,3.36,ok
1785473233.871,3.20,ok
1785473233.890,3.91,ok
1785473233.907,2.26,ok
1785473233.925,2.67,ok
1785473233.939,2.52,ok
1785473233.956,2.48,ok
1785473233.969,1.87,ok
1785473233.985,1.86,ok
1785473234.003,3.16,ok
1785473234.020,3.91,ok
1785473234.036,4.59,ok
1785473234.054,3.30,ok
1785473234.075,4.98,ok
1785473234.093,4.58,ok
1785473234.110,3.88,ok
1785473234.128,3.61,ok
1785473234.146,2.98,ok
1785473234.164,3.60,ok
1785473234.178,3.65,ok
1785473234.196,3.37,ok
1785473234.210,3.39,ok
1785473234.237,14.52,ok
1785473234.259,2.95,ok
1785473234.276,2.96,ok
1785473234.293,3.11,ok
1785473234.310,3.26,ok
1785473234.330,4.94,ok
1785473234.345,2.74,ok
1785473234.364,4.44,ok
1785473234.381,3.64,ok
1785473234.400,4.35,ok
1785473234.417,3.50,ok
1785473234.434,3.10,ok
1785473234.452,2.80,ok
1785473234.466,2.55,ok
1785473234.481,3.04,ok
1785473234.496,3.67,ok
1785473234.509,2.64,ok
1785473234.526,3.17,ok
1785473234.544,3.00,ok
1785473234.558,2.98,ok
1785473234.574,2.75,ok
1785473234.587,2.39,ok
1785473234.602,2.92,ok
1785473234.616,2.17,ok
1785473234.631,2.19,ok
1785473234.644,2.71,ok
1785473234.657,2.29,ok
1785473234.670,2.14,ok
1785473234.687,3.06,ok
1785473234.703,2.11,ok
1785473234.718,3.28,ok
1785473234.735,2.31,ok
1785473234.749,2.17,ok
1785473234.765,2.03,ok
1785473234.780,2.19,ok
1785473234.792,2.19,ok
1785473234.810,2.30,ok
1785473234.825,3.32,ok
1785473234.841,3.00,ok
1785473234.857,3.26,ok
1785473234.872,3.69,ok
1785473234.891,3.22,ok
1785473234.907,2.97,ok
1785473234.926,3.37,ok
1785473234.938,1.84,ok
1785473234.956,2.28,ok
1785473234.973,2.49,ok
1785473234.986,2.19,ok
1785473235.004,3.84,ok
1785473235.018,4.14,ok
1785473235.034,2.97,ok
1785473235.051,4.13,ok
1785473235.069,3.09,ok
1785473235.084,3.57,ok
1785473235.103,5.19,ok
1785473235.118,3.67,ok
1785473235.133,2.96,ok
1785473235.147,3.21,ok
1785473235.164,3.81,ok
1785473235.181,3.44,ok
1785473235.199,3.14,ok
1785473235.218,4.24,ok
1785473235.239,6.27,ok
1785473235.257,2.89,ok
1785473235.274,3.01,ok
1785473235.289,4.22,ok
1785473235.307,4.03,ok
1785473235.325,4.47,ok
1785473235.344,3.99,ok
1785473235.362,2.93,ok
1785473235.377,3.25,ok
1785473235.396,4.23,ok
1785473235.415,3.92,ok
1785473235.432,3.40,ok
1785473235.450,3.21,ok
1785473235.468,3.30,ok
1785473235.482,2.73,ok
1785473235.500,3.33,ok
1785473235.517,4.86,ok
1785473235.535,3.17,ok
1785473235.551,2.66,ok
1785473235.567,2.99,ok
1785473235.585,2.98,ok
1785473235.603,3.49,ok
1785473235.616,2.43,ok
1785473235.636,4.36,ok
1785473235.654,3.45,ok
1785473235.671,4.27,ok
1785473235.688,2.44,ok
1785473235.705,1.92,ok
1785473235.719,2.13,ok
1785473235.736,2.37,ok
1785473235.751,3.70,ok
1785473235.765,2.53,ok
1785473235.782,2.13,ok
1785473235.797,2.30,ok
1785473235.810,2.39,ok
1785473235.823,2.33,ok
1785473235.841,2.24,ok
1785473235.857,2.22,ok
1785473235.876,3.72,ok
1785473235.893,3.75,ok
1785473235.912,3.54,ok
1785473235.931,3.68,ok
1785473235.949,3.46,ok
1785473235.967,3.43,ok
1785473235.983,2.01,ok
1785473235.995,2.00,ok
1785473236.011,1.94,ok
1785473236.025,2.14,ok
1785473236.044,4.84,ok
1785473236.061,2.30,ok
1785473236.079,2.14,ok
1785473236.096,2.56,ok
1785473236.113,1.95,ok
1785473236.128,2.00,ok
1785473236.143,2.18,ok
1785473236.160,1.92,ok
1785473236.177,2.24,ok
1785473236.192,2.07,ok
1785473236.209,2.36,ok
1785473236.226,3.01,ok
1785473236.243,2.63,ok
1785473236.262,3.43,ok
1785473236.275,1.88,ok
1785473236.294,4.02,ok
1785473236.313,4.41,ok
1785473236.328,2.61,ok
1785473236.345,2.40,ok
1785473236.363,3.40,ok
1785473236.377,2.86,ok
1785473236.392,2.45,ok
1785473236.409,1.96,ok
1785473236.426,2.86,ok
1785473236.443,2.07,ok
1785473236.460,2.58,ok
1785473236.475,2.22,ok
1785473236.489,2.38,ok
1785473236.507,2.88,ok
1785473236.521,1.57,ok
1785473236.539,2.91,ok
1785473236.554,4.54,ok
1785473236.567,2.19,ok
1785473236.579,1.65,ok
1785473236.591,1.99,ok
1785473236.613,6.87,ok
1785473236.625,1.93,ok
1785473236.642,2.29,ok
1785473236.658,2.35,ok
1785473236.671,1.94,ok
1785473236.686,1.98,ok
1785473236.700,2.49,ok
1785473236.719,6.00,ok
1785473236.732,2.53,ok
1785473236.746,2.53,ok
1785473236.764,2.52,ok
1785473236.778,3.53,ok
1785473236.791,2.52,ok
1785473236.809,2.37,ok
1785473236.828,4.24,ok
1785473236.842,1.77,ok
1785473236.857,1.75,ok
1785473236.873,1.91,ok
1785473236.889,2.63,ok
1785473236.907,3.50,ok
1785473236.924,1.91,ok
1785473236.942,3.44,ok
1785473236.958,1.67,ok
1785473236.972,1.95,ok
1785473236.984,2.48,ok
1785473237.000,2.41,ok
1785473237.017,2.96,ok
1785473237.034,2.03,ok
1785473237.047,2.34,ok
1785473237.062,2.30,ok
1785473237.077,3.04,ok
1785473237.090,1.92,ok
1785473237.106,1.91,ok
1785473237.124,3.02,ok
1785473237.142,2.49,ok
1785473237.158,1.82,ok
1785473237.176,2.66,ok
1785473237.190,2.04,ok
1785473237.209,4.47,ok
1785473237.224,2.01,ok
1785473237.237,2.10,ok
1785473237.251,1.93,ok
1785473237.264,1.97,ok
1785473237.281,3.40,ok
1785473237.295,1.86,ok
1785473237.311,2.70,ok
1785473237.328,2.18,ok
1785473237.343,3.69,ok
1785473237.356,1.90,ok
1785473237.373,1.94,ok
1785473237.388,2.49,ok
1785473237.404,2.40,ok
1785473237.420,3.23,ok
1785473237.437,2.25,ok
1785473237.457,4.85,ok
1785473237.469,1.87,ok
1785473237.486,2.22,ok
1785473237.503,2.02,ok
1785473237.519,2.38,ok
1785473237.533,3.62,ok
1785473237.546,2.38,ok
1785473237.563,1.83,ok
1785473237.576,1.83,ok
1785473237.594,3.31,ok
1785473237.622,14.16,ok
1785473237.638,2.86,ok
1785473237.652,2.28,ok
1785473237.667,2.27,ok
1785473237.682,3.25,ok
1785473237.697,1.69,ok
1785473237.711,1.80,ok
1785473237.730,3.86,ok
1785473237.742,1.85,ok
1785473237.759,2.17,ok
1785473237.775,1.74,ok
1785473237.794,4.13,ok
1785473237.807,2.97,ok
1785473237.820,2.76,ok
1785473237.837,1.65,ok
1785473237.852,1.72,ok
1785473237.865,2.06,ok
1785473237.882,1.92,ok
1785473237.899,2.09,ok
1785473237.913,3.51,ok
1785473237.926,2.44,ok
1785473237.945,3.70,ok
1785473237.962,2.50,ok
1785473237.979,1.96,ok
1785473237.993,2.44,ok
1785473238.010,1.86,ok
1785473238.023,2.06,ok
1785473238.035,1.79,ok
1785473238.051,4.26,ok
1785473238.069,2.08,ok
1785473238.086,2.04,ok
1785473238.099,2.06,ok
1785473238.117,2.69,ok
1785473238.134,2.09,ok
1785473238.149,3.32,ok
1785473238.165,1.80,ok
1785473238.179,1.96,ok
1785473238.192,1.69,ok
1785473238.205,2.72,ok
1785473238.217,1.81,ok
1785473238.238,5.67,ok
1785473238.255,1.67,ok
1785473238.268,2.38,ok
1785473238.283,2.10,ok
1785473238.296,1.73,ok
1785473238.313,2.48,ok
1785473238.332,3.28,ok
1785473238.346,1.67,ok
1785473238.361,2.03,ok
1785473238.378,1.99,ok
1785473238.395,3.50,ok
1785473238.407,1.58,ok
1785473238.424,2.40,ok
1785473238.438,1.86,ok
1785473238.453,1.71,ok
1785473238.469,4.93,ok
1785473238.486,1.75,ok
1785473238.502,1.72,ok
1785473238.516,1.57,ok
1785473238.531,3.35,ok
1785473238.545,1.70,ok
1785473238.558,1.85,ok
1785473238.573,1.93,ok
1785473238.591,3.35,ok
1785473238.617,10.92,ok
1785473238.632,1.87,ok
1785473238.650,2.08,ok
1785473238.667,1.92,ok
1785473238.683,2.15,ok
1785473238.700,3.48,ok
1785473238.717,2.52,ok
1785473238.734,2.29,ok
1785473238.749,1.95,ok
1785473238.767,2.64,ok
1785473238.783,1.92,ok
1785473238.800,1.86,ok
1785473238.816,1.85,ok
1785473238.835,3.96,ok
1785473238.850,3.28,ok
1785473238.866,2.05,ok
1785473238.883,1.88,ok
1785473238.900,1.56,ok
1785473238.912,1.88,ok
1785473238.926,1.84,ok
1785473238.940,2.18,ok
1785473238.958,3.48,ok
1785473238.975,1.85,ok
1785473238.992,3.20,ok
1785473239.008,1.98,ok
1785473239.025,1.95,ok
1785473239.040,2.39,ok
1785473239.055,2.57,ok
1785473239.073,1.81,ok
1785473239.085,1.80,ok
1785473239.102,1.73,ok
1785473239.118,1.78,ok
1785473239.133,1.85,ok
1785473239.150,2.71,ok
1785473239.166,2.97,ok
1785473239.180,1.87,ok
1785473239.194,2.01,ok
1785473239.209,2.58,ok
1785473239.226,2.99,ok
1785473239.243,2.38,ok
1785473239.258,2.07,ok
1785473239.272,2.45,ok
1785473239.285,2.04,ok
1785473239.300,2.14,ok
1785473239.313,2.04,ok
1785473239.330,3.56,ok
1785473239.343,2.39,ok
1785473239.357,2.11,ok
1785473239.370,1.80,ok
1785473239.385,3.15,ok
1785473239.402,2.52,ok
1785473239.419,1.98,ok
1785473239.434,2.56,ok
1785473239.452,2.26,ok
1785473239.467,2.17,ok
1785473239.485,2.73,ok
1785473239.499,2.18,ok
1785473239.517,3.13,ok
1785473239.534,3.14,ok
1785473239.550,2.16,ok
1785473239.568,3.31,ok
1785473239.587,4.38,ok
1785473239.601,2.18,ok
1785473239.625,8.33,ok
1785473239.643,3.76,ok
1785473239.662,2.94,ok
1785473239.679,2.25,ok
1785473239.696,2.11,ok
1785473239.712,3.59,ok
1785473239.728,1.81,ok
1785473239.745,1.95,ok
1785473239.759,2.82,ok
1785473239.774,2.68,ok
1785473239.792,2.88,ok
1785473239.809,2.86,ok
1785473239.823,1.92,ok
1785473239.836,1.95,ok
1785473239.854,2.00,ok
1785473239.867,2.21,ok
1785473239.882,1.87,ok
1785473239.899,2.63,ok
1785473239.912,1.89,ok
1785473239.932,5.17,ok
1785473239.950,2.57,ok
1785473239.967,2.26,ok
1785473239.981,1.97,ok
1785473239.999,3.69,ok
1785473240.015,1.86,ok
1785473240.029,2.48,ok
1785473240.047,3.23,ok
1785473240.061,1.93,ok
1785473240.078,2.05,ok
1785473240.092,2.10,ok
1785473240.110,2.67,ok
1785473240.128,2.21,ok
1785473240.142,1.94,ok
1785473240.154,1.83,ok
1785473240.172,1.99,ok
1785473240.185,2.54,ok
1785473240.198,1.99,ok
1785473240.215,2.08,ok
1785473240.232,2.18,ok
1785473240.251,3.61,ok
1785473240.268,2.69,ok
1785473240.283,2.36,ok
1785473240.300,2.06,ok
1785473240.316,2.34,ok
1785473240.331,4.19,ok
1785473240.344,2.36,ok
1785473240.360,4.38,ok
1785473240.376,3.63,ok
1785473240.395,3.95,ok
1785473240.409,3.42,ok
1785473240.422,2.11,ok
1785473240.441,3.68,ok
1785473240.456,3.42,ok
1785473240.470,2.55,ok
1785473240.485,2.49,ok
1785473240.501,3.33,ok
1785473240.520,4.09,ok
1785473240.539,3.89,ok
1785473240.559,4.77,ok
1785473240.574,2.45,ok
1785473240.591,3.54,ok
1785473240.614,8.85,ok
1785473240.633,6.05,ok
1785473240.652,3.85,ok
1785473240.672,4.66,ok
1785473240.685,2.60,ok
1785473240.700,3.85,ok
1785473240.719,3.58,ok
1785473240.737,3.95,ok
1785473240.757,4.04,ok
1785473240.775,3.61,ok
1785473240.791,1.96,ok
1785473240.808,1.72,ok
1785473240.823,2.00,ok
1785473240.835,1.69,ok
1785473240.852,5.07,ok
1785473240.868,3.35,ok
1785473240.881,1.74,ok
1785473240.899,2.78,ok
1785473240.916,2.10,ok
1785473240.933,1.99,ok
1785473240.948,1.74,ok
1785473240.963,1.72,ok
1785473240.980,1.82,ok
1785473240.997,2.05,ok
1785473241.011,1.59,ok
1785473241.027,2.03,ok
1785473241.041,1.85,ok
1785473241.058,1.76,ok
1785473241.072,1.80,ok
1785473241.087,1.65,ok
1785473241.101,2.08,ok
1785473241.117,2.21,ok
1785473241.134,2.62,ok
1785473241.150,1.87,ok
1785473241.173,7.72,ok
1785473241.190,2.48,ok
1785473241.207,1.57,ok
1785473241.224,1.83,ok
1785473241.241,1.78,ok
1785473241.257,5.99,ok
1785473241.270,1.71,ok
1785473241.283,1.76,ok
1785473241.300,1.73,ok
1785473241.317,2.02,ok
1785473241.333,1.50,ok
1785473241.351,3.47,ok
1785473241.367,2.01,ok
1785473241.384,2.27,ok
1785473241.400,1.59,ok
1785473241.417,1.85,ok
1785473241.430,1.72,ok
1785473241.444,4.08,ok
1785473241.459,2.68,ok
1785473241.473,1.92,ok
1785473241.490,1.93,ok
1785473241.502,1.90,ok
1785473241.517,2.05,ok
1785473241.530,2.06,ok
1785473241.544,1.85,ok
1785473241.559,1.95,ok
1785473241.574,2.00,ok
1785473241.589,3.72,ok
1785473241.606,1.67,ok
1785473241.627,8.82,ok
1785473241.641,2.28,ok
1785473241.656,3.57,ok
1785473241.673,2.13,ok
1785473241.689,3.46,ok
1785473241.706,1.81,ok
1785473241.721,1.97,ok
1785473241.739,2.62,ok
1785473241.755,1.75,ok
1785473241.772,1.96,ok
1785473241.785,1.73,ok
1785473241.803,2.56,ok
1785473241.816,1.91,ok
1785473241.833,1.80,ok
1785473241.850,1.84,ok
1785473241.866,2.06,ok
1785473241.883,1.93,ok
1785473241.900,1.81,ok
1785473241.917,2.98,ok
1785473241.934,3.41,ok
1785473241.991,42.25,ok
1785473242.029,23.02,ok
1785473242.042,2.33,ok
1785473242.055,2.44,ok
1785473242.067,2.38,ok
1785473242.081,3.09,ok
1785473242.100,4.02,ok
1785473242.116,2.12,ok
1785473242.132,2.17,ok
1785473242.147,2.39,ok
1785473242.163,2.73,ok
1785473242.179,2.14,ok
1785473242.195,1.97,ok
1785473242.212,2.04,ok
1785473242.226,2.70,ok
1785473242.247,5.85,ok
1785473242.265,2.57,ok
1785473242.281,3.10,ok
1785473242.298,1.96,ok
1785473242.311,2.36,ok
1785473242.325,1.61,ok
1785473242.344,5.04,ok
1785473242.357,2.04,ok
1785473242.372,3.76,ok
1785473242.389,2.00,ok
1785473242.404,1.78,ok
1785473242.420,2.19,ok
1785473242.435,2.50,ok
1785473242.452,1.92,ok
1785473242.468,2.54,ok
1785473242.483,1.93,ok
1785473242.500,2.86,ok
1785473242.517,2.25,ok
1785473242.533,2.03,ok
1785473242.550,2.40,ok
1785473242.567,1.87,ok
1785473242.585,3.84,ok
1785473242.599,1.95,ok
1785473242.614,2.97,ok
1785473242.643,14.40,ok
1785473242.660,2.07,ok
1785473242.677,2.13,ok
1785473242.692,3.01,ok
1785473242.711,3.26,ok
1785473242.727,1.62,ok
1785473242.746,3.69,ok
1785473242.759,2.27,ok
1785473242.776,4.11,ok
1785473242.789,1.75,ok
1785473242.807,2.75,ok
1785473242.824,1.92,ok
1785473242.840,1.81,ok
1785473242.859,3.55,ok
1785473242.874,2.07,ok
1785473242.887,3.20,ok
1785473242.905,3.24,ok
1785473242.922,2.68,ok
1785473242.936,3.84,ok
1785473242.949,1.78,ok
1785473242.967,2.39,ok
1785473242.984,2.53,ok
1785473242.999,2.56,ok
1785473243.012,2.41,ok
1785473243.027,2.02,ok
1785473243.043,2.28,ok
1785473243.057,2.14,ok
1785473243.074,2.10,ok
1785473243.089,1.92,ok
1785473243.106,3.43,ok
1785473243.121,1.55,ok
1785473243.138,3.33,ok
1785473243.152,2.50,ok
1785473243.168,2.56,ok
1785473243.181,2.07,ok
1785473243.197,3.08,ok
1785473243.211,2.29,ok
1785473243.227,2.21,ok
1785473243.244,3.01,ok
1785473243.256,1.86,ok
1785473243.269,2.83,ok
1785473243.284,1.86,ok
1785473243.301,1.61,ok
1785473243.316,1.99,ok
1785473243.335,3.15,ok
1785473243.352,1.70,ok
1785473243.369,3.09,ok
1785473243.383,2.17,ok
1785473243.400,2.14,ok
1785473243.418,3.61,ok
1785473243.434,1.89,ok
1785473243.452,2.21,ok
1785473243.465,1.86,ok
1785473243.482,2.60,ok
1785473243.499,2.35,ok
1785473243.513,2.59,ok
1785473243.528,1.97,ok
1785473243.544,1.97,ok
1785473243.561,2.17,ok
1785473243.578,3.43,ok
1785473243.595,2.03,ok
1785473243.608,2.05,ok
1785473243.638,18.82,ok
1785473243.651,2.19,ok
1785473243.667,2.30,ok
1785473243.683,1.91,ok
1785473243.700,2.19,ok
1785473243.716,4.39,ok
1785473243.730,1.93,ok
1785473243.743,2.47,ok
1785473243.756,1.87,ok
1785473243.770,2.43,ok
1785473243.786,1.66,ok
1785473243.803,4.11,ok
1785473243.819,1.72,ok
1785473243.833,1.65,ok
1785473243.848,2.04,ok
1785473243.866,4.26,ok
1785473243.880,2.15,ok
1785473243.893,1.80,ok
1785473243.912,3.97,ok
1785473243.931,3.88,ok
1785473243.945,3.07,ok
1785473243.959,2.01,ok
1785473243.975,1.84,ok
1785473243.990,1.89,ok
1785473244.004,2.87,ok
1785473244.018,2.16,ok
1785473244.032,2.51,ok
1785473244.045,2.11,ok
1785473244.059,3.67,ok
1785473244.076,1.66,ok
1785473244.091,2.24,ok
1785473244.109,2.80,ok
1785473244.125,2.11,ok
1785473244.139,1.60,ok
1785473244.156,1.76,ok
1785473244.170,2.29,ok
1785473244.185,3.28,ok
1785473244.202,1.92,ok
1785473244.215,2.15,ok
1785473244.228,2.08,ok
1785473244.243,1.67,ok
1785473244.259,2.20,ok
1785473244.275,1.79,ok
1785473244.288,2.25,ok
1785473244.306,2.75,ok
1785473244.320,2.39,ok
1785473244.335,1.94,ok
1785473244.352,1.97,ok
1785473244.367,1.97,ok
1785473244.379,1.79,ok
1785473244.392,2.05,ok
1785473244.408,2.63,ok
1785473244.423,2.37,ok
1785473244.440,2.02,ok
1785473244.455,3.52,ok
1785473244.471,1.94,ok
1785473244.485,2.10,ok
1785473244.500,2.53,ok
1785473244.524,2.35,ok
1785473244.537,2.15,ok
1785473244.554,1.75,ok
1785473244.570,2.00,ok
1785473244.585,2.40,ok
1785473244.600,2.81,ok
1785473244.617,2.07,ok
1785473244.635,7.12,ok
1785473244.652,1.82,ok
1785473244.667,2.36,ok
1785473244.684,2.05,ok
1785473244.698,3.47,ok
1785473244.712,2.16,ok
1785473244.731,3.87,ok
1785473244.746,3.43,ok
1785473244.758,1.78,ok
1785473244.773,2.49,ok
1785473244.788,2.24,ok
1785473244.800,1.84,ok
1785473244.813,2.29,ok
1785473244.828,3.98,ok
1785473244.842,2.46,ok
1785473244.859,2.82,ok
1785473244.873,2.11,ok
1785473244.885,2.50,ok
1785473244.899,2.30,ok
1785473244.914,2.06,ok
1785473244.929,2.24,ok
1785473244.947,2.41,ok
1785473244.963,2.34,ok
1785473244.980,2.06,ok
1785473244.999,3.82,ok
1785473245.015,2.04,ok
1785473245.030,2.12,ok
1785473245.048,3.01,ok
1785473245.063,3.16,ok
1785473245.079,2.00,ok
1785473245.091,1.59,ok
1785473245.104,1.63,ok
1785473245.123,3.65,ok
1785473245.140,1.81,ok
1785473245.153,2.13,ok
1785473245.167,2.18,ok
1785473245.180,2.05,ok
1785473245.193,1.92,ok
1785473245.210,2.33,ok
1785473245.226,2.71,ok
1785473245.240,2.28,ok
1785473245.258,3.84,ok
1785473245.271,1.75,ok
1785473245.285,3.33,ok
1785473245.300,2.24,ok
1785473245.317,2.16,ok
1785473245.330,2.09,ok
1785473245.343,2.61,ok
1785473245.359,2.46,ok
1785473245.373,1.93,ok
1785473245.388,2.24,ok
1785473245.405,2.81,ok
1785473245.419,2.26,ok
1785473245.434,2.87,ok
1785473245.450,2.08,ok
1785473245.467,3.47,ok
1785473245.483,1.79,ok
1785473245.500,3.24,ok
1785473245.514,2.83,ok
1785473245.530,2.29,ok
1785473245.546,4.08,ok
1785473245.563,1.89,ok
1785473245.578,2.65,ok
1785473245.596,3.51,ok
1785473245.612,3.39,ok
1785473245.633,8.34,ok
1785473245.649,2.13,ok
1785473245.663,2.09,ok
1785473245.680,3.68,ok
1785473245.693,2.06,ok
1785473245.707,2.71,ok
1785473245.723,3.56,ok
1785473245.737,1.96,ok
1785473245.754,2.44,ok
1785473245.772,2.62,ok
1785473245.785,2.44,ok
1785473245.798,2.21,ok
1785473245.813,2.74,ok
1785473245.829,2.49,ok
1785473245.845,2.57,ok
1785473245.859,2.27,ok
1785473245.874,2.33,ok
1785473245.890,2.44,ok
1785473245.904,2.80,ok
1785473245.922,3.40,ok
1785473245.938,3.32,ok
1785473245.953,2.01,ok
1785473245.969,2.84,ok
1785473245.983,2.14,ok
1785473246.001,2.49,ok
1785473246.019,3.56,ok
1785473246.035,2.77,ok
1785473246.051,2.37,ok
1785473246.065,3.81,ok
1785473246.082,2.64,ok
1785473246.095,2.35,ok
1785473246.110,2.17,ok
1785473246.126,2.25,ok
1785473246.140,2.41,ok
1785473246.157,2.11,ok
1785473246.172,4.52,ok
1785473246.184,1.82,ok
1785473246.199,2.78,ok
1785473246.230,20.42,ok
1785473246.247,3.21,ok
1785473246.260,2.14,ok
1785473246.277,1.84,ok
1785473246.294,3.42,ok
1785473246.307,2.06,ok
1785473246.324,1.80,ok
1785473246.339,1.76,ok
1785473246.353,2.20,ok
1785473246.367,2.21,ok
1785473246.382,2.19,ok
1785473246.400,6.12,ok
1785473246.416,1.60,ok
1785473246.431,1.88,ok
1785473246.445,1.95,ok
1785473246.459,3.23,ok
1785473246.473,1.61,ok
1785473246.490,2.49,ok
1785473246.509,4.08,ok
1785473246.527,2.50,ok
1785473246.544,2.02,ok
1785473246.558,2.37,ok
1785473246.573,3.27,ok
1785473246.590,1.75,ok
1785473246.608,3.15,ok
1785473246.628,8.43,ok
1785473246.643,1.98,ok
1785473246.658,3.97,ok
1785473246.674,4.62,ok
1785473246.687,2.02,ok
1785473246.699,1.79,ok
1785473246.718,3.24,ok
1785473246.734,2.63,ok
1785473246.749,2.00,ok
1785473246.766,2.19,ok
1785473246.784,2.74,ok
1785473246.801,2.04,ok
1785473246.817,2.40,ok
1785473246.835,3.43,ok
1785473246.852,3.65,ok
1785473246.866,2.03,ok
1785473246.883,2.26,ok
1785473246.897,2.48,ok
1785473246.914,2.86,ok
1785473246.926,2.31,ok
1785473246.941,2.21,ok
1785473246.957,2.13,ok
1785473246.973,2.76,ok
1785473246.988,2.82,ok
1785473247.000,1.96,ok
1785473247.016,2.76,ok
1785473247.029,2.39,ok
1785473247.045,3.36,ok
1785473247.058,3.38,ok
1785473247.072,2.33,ok
1785473247.090,2.28,ok
1785473247.105,1.82,ok
1785473247.120,1.98,ok
1785473247.135,3.69,ok
1785473247.152,1.91,ok
1785473247.167,1.89,ok
1785473247.184,2.03,ok
1785473247.199,2.26,ok
1785473247.213,2.23,ok
1785473247.227,1.83,ok
1785473247.241,1.95,ok
1785473247.254,2.07,ok
1785473247.267,1.98,ok
1785473247.283,1.81,ok
1785473247.300,2.26,ok
1785473247.314,3.12,ok
1785473247.330,4.07,ok
1785473247.347,3.52,ok
1785473247.360,1.84,ok
1785473247.378,7.27,ok
1785473247.393,1.72,ok
1785473247.409,2.00,ok
1785473247.426,2.07,ok
1785473247.441,1.81,ok
1785473247.459,2.71,ok
1785473247.475,2.10,ok
1785473247.492,2.32,ok
1785473247.509,2.57,ok
1785473247.526,2.08,ok
1785473247.540,3.03,ok
1785473247.554,2.07,ok
1785473247.571,1.86,ok
1785473247.595,11.06,ok
1785473247.613,2.23,ok
1785473247.635,9.95,ok
1785473247.650,3.22,ok
1785473247.665,2.24,ok
1785473247.679,3.41,ok
1785473247.696,2.16,ok
1785473247.711,4.51,ok
1785473247.728,2.96,ok
1785473247.742,2.75,ok
1785473247.755,2.44,ok
1785473247.768,2.26,ok
1785473247.783,1.61,ok
1785473247.800,2.37,ok
1785473247.817,2.33,ok
1785473247.834,2.11,ok
1785473247.850,2.11,ok
1785473247.867,2.10,ok
1785473247.883,2.34,ok
1785473247.900,2.18,ok
1785473247.913,1.89,ok
1785473247.928,1.88,ok
1785473247.940,1.95,ok
1785473247.953,2.03,ok
1785473247.968,2.42,ok
1785473247.985,3.75,ok
1785473248.003,2.52,ok
1785473248.020,1.75,ok
1785473248.034,2.29,ok
1785473248.051,3.04,ok
1785473248.068,3.20,ok
1785473248.085,2.44,ok
1785473248.099,2.24,ok
1785473248.117,2.23,ok
1785473248.130,2.20,ok
1785473248.145,2.24,ok
1785473248.161,2.02,ok
1785473248.178,1.98,ok
1785473248.194,1.79,ok
1785473248.211,2.20,ok
1785473248.228,2.26,ok
1785473248.245,1.96,ok
1785473248.258,1.85,ok
1785473248.274,3.35,ok
1785473248.289,2.56,ok
1785473248.306,2.52,ok
1785473248.325,3.51,ok
1785473248.342,3.03,ok
1785473248.358,2.03,ok
1785473248.375,2.23,ok
1785473248.392,2.10,ok
1785473248.409,2.29,ok
1785473248.423,2.26,ok
1785473248.439,5.46,ok
1785473248.454,2.51,ok
1785473248.467,2.30,ok
1785473248.482,2.02,ok
1785473248.497,2.14,ok
1785473248.510,2.15,ok
1785473248.525,1.94,ok
1785473248.537,1.94,ok
1785473248.551,2.21,ok
1785473248.568,2.66,ok
1785473248.583,1.80,ok
1785473248.600,2.26,ok
1785473248.617,2.11,ok
1785473248.635,7.43,ok
1785473248.649,1.98,ok
1785473248.662,2.01,ok
1785473248.679,2.19,ok
1785473248.693,2.96,ok
1785473248.707,1.91,ok
1785473248.724,2.20,ok
1785473248.736,1.83,ok
1785473248.753,2.07,ok
1785473248.770,2.91,ok
1785473248.789,5.00,ok
1785473248.802,2.24,ok
1785473248.817,2.92,ok
1785473248.829,2.04,ok
1785473248.845,2.01,ok
1785473248.862,3.71,ok
1785473248.879,2.03,ok
1785473248.895,2.35,ok
1785473248.908,2.05,ok
1785473248.921,2.73,ok
1785473248.936,2.92,ok
1785473248.949,2.15,ok
1785473248.962,2.15,ok
1785473248.975,2.51,ok
1785473248.991,2.11,ok
1785473249.005,2.82,ok
1785473249.023,3.67,ok
1785473249.038,3.41,ok
1785473249.052,2.25,ok
1785473249.068,3.06,ok
1785473249.085,2.14,ok
1785473249.100,2.41,ok
1785473249.115,2.26,ok
1785473249.128,2.36,ok
1785473249.143,2.11,ok
1785473249.160,1.86,ok
1785473249.176,3.93,ok
1785473249.189,2.37,ok
1785473249.204,2.15,ok
1785473249.218,1.90,ok
1785473249.230,1.66,ok
1785473249.247,1.90,ok
1785473249.261,2.88,ok
1785473249.273,2.01,ok
1785473249.286,1.61,ok
1785473249.305,3.43,ok
1785473249.320,1.63,ok
1785473249.333,1.74,ok
1785473249.351,2.15,ok
1785473249.366,2.12,ok
1785473249.385,3.32,ok
1785473249.402,2.52,ok
1785473249.421,4.02,ok
1785473249.438,3.06,ok
1785473249.453,3.81,ok
1785473249.466,2.62,ok
1785473249.482,3.66,ok
1785473249.499,2.09,ok
1785473249.516,5.59,ok
1785473249.532,3.28,ok
1785473249.550,3.31,ok
1785473249.564,2.57,ok
1785473249.580,2.17,ok
1785473249.594,1.83,ok
1785473249.611,2.32,ok
1785473249.638,12.28,ok
1785473249.656,2.51,ok
1785473249.669,2.04,ok
1785473249.684,1.93,ok
1785473249.702,2.38,ok
1785473249.717,2.54,ok
1785473249.731,2.44,ok
1785473249.747,3.30,ok
1785473249.762,1.89,ok
1785473249.778,2.22,ok
1785473249.795,1.94,ok
1785473249.808,1.62,ok
1785473249.820,1.97,ok
1785473249.834,2.76,ok
1785473249.850,2.08,ok
1785473249.865,4.74,ok
1785473249.878,1.98,ok
1785473249.896,2.45,ok
1785473249.914,2.74,ok
1785473249.928,2.65,ok
1785473249.941,2.21,ok
1785473249.958,3.58,ok
1785473249.974,1.96,ok
1785473249.990,1.98,ok
1785473250.007,3.03,ok
1785473250.023,2.03,ok
1785473250.040,3.85,ok
1785473250.055,2.12,ok
1785473250.068,2.04,ok
1785473250.085,3.47,ok
1785473250.100,2.18,ok
1785473250.117,3.02,ok
1785473250.134,2.25,ok
1785473250.153,3.87,ok
1785473250.170,2.07,ok
1785473250.183,1.89,ok
1785473250.201,2.06,ok
1785473250.217,2.34,ok
1785473250.234,2.04,ok
1785473250.254,4.94,ok
1785473250.267,2.19,ok
1785473250.279,1.49,ok
1785473250.294,2.17,ok
1785473250.312,3.79,ok
1785473250.325,2.31,ok
1785473250.339,3.00,ok
1785473250.352,2.06,ok
1785473250.368,2.12,ok
1785473250.382,2.28,ok
1785473250.399,2.00,ok
1785473250.414,2.10,ok
1785473250.431,1.96,ok
1785473250.448,2.12,ok
1785473250.465,2.13,ok
1785473250.480,2.01,ok
1785473250.497,2.22,ok
1785473250.515,2.88,ok
1785473250.530,2.84,ok
1785473250.547,2.59,ok
1785473250.564,2.09,ok
1785473250.580,2.39,ok
1785473250.592,1.93,ok
1785473250.608,2.19,ok
1785473250.625,2.00,ok
1785473250.638,2.02,ok
1785473250.658,4.46,ok
1785473250.675,6.36,ok
1785473250.690,1.97,ok
1785473250.705,2.06,ok
1785473250.720,1.97,ok
1785473250.737,5.68,ok
1785473250.752,2.65,ok
1785473250.767,2.16,ok
1785473250.783,1.91,ok
1785473250.801,2.70,ok
1785473250.817,1.97,ok
1785473250.834,2.30,ok
1785473250.849,2.27,ok
1785473250.861,1.77,ok
1785473250.874,2.09,ok
1785473250.887,1.47,ok
1785473250.906,3.55,ok
1785473250.923,2.35,ok
1785473250.941,2.37,ok
1785473250.959,3.09,ok
1785473250.976,1.86,ok
1785473250.993,2.31,ok
1785473251.009,2.04,ok
1785473251.026,2.05,ok
1785473251.045,3.34,ok
1785473251.062,1.88,ok
1785473251.079,1.79,ok
1785473251.094,3.37,ok
1785473251.108,1.91,ok
1785473251.124,2.57,ok
1785473251.138,2.55,ok
1785473251.153,2.10,ok
1785473251.168,3.37,ok
1785473251.185,1.93,ok
1785473251.199,1.98,ok
1785473251.219,7.21,ok
1785473251.236,2.10,ok
1785473251.249,2.02,ok
1785473251.263,2.61,ok
1785473251.280,1.93,ok
1785473251.297,2.12,ok
1785473251.314,2.19,ok
1785473251.332,2.63,ok
1785473251.344,1.85,ok
1785473251.365,7.68,ok
1785473251.383,3.36,ok
1785473251.395,1.84,ok
1785473251.408,2.07,ok
1785473251.427,3.07,ok
1785473251.445,3.19,ok
1785473251.462,1.93,ok
1785473251.476,3.27,ok
1785473251.491,2.15,ok
1785473251.505,1.74,ok
1785473251.522,2.00,ok
1785473251.537,2.12,ok
1785473251.552,1.74,ok
1785473251.569,2.64,ok
1785473251.584,2.02,ok
1785473251.600,3.70,ok
1785473251.613,2.15,ok
1785473251.641,14.02,ok
1785473251.657,2.11,ok
1785473251.670,1.84,ok
1785473251.684,1.81,ok
1785473251.697,1.86,ok
1785473251.715,2.55,ok
1785473251.728,2.15,ok
1785473251.744,1.95,ok
1785473251.757,1.91,ok
1785473251.773,1.82,ok
1785473251.790,2.22,ok
1785473251.805,2.07,ok
1785473251.821,3.02,ok
1785473251.833,1.93,ok
1785473251.850,2.20,ok
1785473251.866,2.97,ok
1785473251.884,2.67,ok
1785473251.898,1.99,ok
1785473251.917,3.24,ok
1785473251.933,1.97,ok
1785473251.950,2.08,ok
1785473251.965,2.70,ok
1785473251.979,1.82,ok
1785473251.995,1.84,ok
1785473252.011,2.10,ok
1785473252.026,2.15,ok
1785473252.043,2.18,ok
1785473252.059,2.11,ok
1785473252.074,2.06,ok
1785473252.091,1.78,ok
1785473252.106,1.95,ok
1785473252.123,1.51,ok
1785473252.136,1.92,ok
1785473252.150,2.15,ok
1785473252.166,1.92,ok
1785473252.180,1.75,ok
1785473252.197,1.64,ok
1785473252.214,2.20,ok
1785473252.228,2.01,ok
1785473252.245,1.82,ok
1785473252.259,2.16,ok
1785473252.278,3.75,ok
1785473252.291,1.84,ok
1785473252.306,1.97,ok
1785473252.323,1.92,ok
1785473252.340,1.76,ok
1785473252.357,3.95,ok
1785473252.370,1.74,ok
1785473252.382,2.16,ok
1785473252.398,2.26,ok
1785473252.415,1.83,ok
1785473252.431,1.75,ok
1785473252.445,1.68,ok
1785473252.461,1.94,ok
1785473252.476,3.85,ok
1785473252.489,1.67,ok
1785473252.502,2.18,ok
1785473252.517,1.72,ok
1785473252.533,1.64,ok
1785473252.548,1.84,ok
1785473252.561,2.01,ok
1785473252.578,1.85,ok
1785473252.594,1.36,ok
1785473252.608,1.78,ok
1785473252.625,2.27,ok
1785473252.645,6.37,ok
1785473252.660,1.82,ok
1785473252.676,2.12,ok
1785473252.695,2.72,ok
1785473252.710,2.88,ok
1785473252.726,1.51,ok
1785473252.743,3.18,ok
1785473252.759,1.94,ok
1785473252.776,3.51,ok
1785473252.791,1.89,ok
1785473252.805,2.89,ok
1785473252.821,3.02,ok
1785473252.833,2.25,ok
1785473252.847,1.89,ok
1785473252.861,1.94,ok
1785473252.878,2.04,ok
1785473252.891,1.90,ok
1785473252.911,4.70,ok
1785473252.924,2.49,ok
1785473252.937,1.96,ok
1785473252.950,1.97,ok
1785473252.964,2.66,ok
1785473252.982,2.95,ok
1785473252.999,1.77,ok
1785473253.014,2.08,ok
1785473253.031,2.26,ok
1785473253.048,2.21,ok
1785473253.066,2.82,ok
1785473253.083,1.86,ok
1785473253.096,2.04,ok
1785473253.109,1.95,ok
1785473253.125,1.81,ok
1785473253.140,2.50,ok
1785473253.152,1.94,ok
1785473253.168,1.96,ok
1785473253.181,1.79,ok
1785473253.198,2.07,ok
1785473253.216,2.04,ok
1785473253.229,2.34,ok
1785473253.244,2.06,ok
1785473253.258,3.42,ok
1785473253.271,1.81,ok
1785473253.285,2.42,ok
1785473253.301,1.77,ok
1785473253.317,2.09,ok
1785473253.333,2.04,ok
1785473253.346,2.26,ok
1785473253.363,1.94,ok
1785473253.380,2.04,ok
1785473253.395,1.93,ok
1785473253.409,2.23,ok
1785473253.427,2.03,ok
1785473253.444,2.26,ok
1785473253.457,2.04,ok
1785473253.473,2.26,ok
1785473253.490,1.87,ok
1785473253.503,1.92,ok
1785473253.519,1.88,ok
1785473253.534,2.01,ok
1785473253.551,1.72,ok
1785473253.587,24.54,ok
1785473253.603,2.99,ok
1785473253.616,2.00,ok
1785473253.640,9.47,ok
1785473253.653,1.92,ok
1785473253.670,1.97,ok
1785473253.685,3.83,ok
1785473253.700,2.06,ok
1785473253.717,2.81,ok
1785473253.731,2.71,ok
1785473253.747,2.35,ok
1785473253.762,2.95,ok
1785473253.780,2.24,ok
1785473253.794,2.43,ok
1785473253.811,1.96,ok
1785473253.828,2.09,ok
1785473253.844,2.36,ok
1785473253.861,2.07,ok
1785473253.878,2.16,ok
1785473253.895,2.09,ok
1785473253.910,1.98,ok
1785473253.927,2.07,ok
1785473253.945,3.61,ok
1785473253.958,1.72,ok
1785473253.972,1.84,ok
1785473253.987,2.37,ok
1785473254.002,2.95,ok
1785473254.020,4.33,ok
1785473254.038,3.35,ok
1785473254.051,2.20,ok
1785473254.066,2.15,ok
1785473254.079,1.66,ok
1785473254.094,2.89,ok
1785473254.109,3.15,ok
1785473254.122,2.04,ok
1785473254.139,4.72,ok
1785473254.155,3.56,ok
1785473254.168,2.25,ok
1785473254.185,1.81,ok
1785473254.202,2.55,ok
1785473254.217,1.84,ok
1785473254.229,1.88,ok
1785473254.242,2.01,ok
1785473254.259,2.02,ok
1785473254.276,2.34,ok
1785473254.292,2.15,ok
1785473254.310,2.77,ok
1785473254.325,2.04,ok
1785473254.342,2.09,ok
1785473254.356,2.14,ok
1785473254.372,1.61,ok
1785473254.386,1.87,ok
1785473254.402,2.00,ok
1785473254.415,1.66,ok
1785473254.431,2.14,ok
1785473254.448,2.37,ok
1785473254.463,1.68,ok
1785473254.479,1.82,ok
1785473254.492,2.19,ok
1785473254.505,1.53,ok
1785473254.520,2.34,ok
1785473254.535,1.90,ok
1785473254.548,1.98,ok
1785473254.565,2.44,ok
1785473254.582,4.35,ok
1785473254.599,3.87,ok
1785473254.611,2.11,ok
1785473254.626,2.75,ok
1785473254.644,7.42,ok
1785473254.657,1.88,ok
1785473254.674,1.88,ok
1785473254.691,2.93,ok
1785473254.708,1.96,ok
1785473254.723,2.02,ok
1785473254.736,1.71,ok
1785473254.752,1.69,ok
1785473254.766,2.01,ok
1785473254.782,2.15,ok
1785473254.796,1.42,ok
1785473254.810,2.12,ok
1785473254.824,1.85,ok
1785473254.838,2.13,ok
1785473254.852,2.24,ok
1785473254.867,1.85,ok
1785473254.882,2.66,ok
1785473254.895,1.96,ok
1785473254.912,3.18,ok
1785473254.926,1.92,ok
1785473254.943,2.15,ok
1785473254.960,2.08,ok
1785473254.974,2.13,ok
1785473254.991,1.92,ok
1785473255.004,2.01,ok
1785473255.024,4.47,ok
1785473255.040,2.67,ok
1785473255.056,1.55,ok
1785473255.068,2.21,ok
1785473255.087,3.64,ok
1785473255.102,2.50,ok
1785473255.119,1.79,ok
1785473255.131,1.53,ok
1785473255.148,2.56,ok
1785473255.164,1.92,ok
1785473255.176,1.71,ok
1785473255.193,2.01,ok
1785473255.207,1.59,ok
1785473255.219,1.91,ok
1785473255.235,1.91,ok
1785473255.251,1.88,ok
1785473255.263,1.69,ok
1785473255.276,1.87,ok
1785473255.293,1.83,ok
1785473255.306,1.59,ok
1785473255.322,2.92,ok
1785473255.337,2.30,ok
1785473255.350,1.71,ok
1785473255.367,2.00,ok
1785473255.384,3.08,ok
1785473255.401,3.17,ok
1785473255.415,1.99,ok
1785473255.430,3.24,ok
1785473255.445,3.15,ok
1785473255.459,2.36,ok
1785473255.477,3.50,ok
1785473255.493,1.79,ok
1785473255.509,2.80,ok
1785473255.522,1.84,ok
1785473255.539,2.87,ok
1785473255.555,3.46,ok
1785473255.569,2.45,ok
1785473255.586,2.74,ok
1785473255.598,1.98,ok
1785473255.615,1.87,ok
1785473255.627,1.43,ok
1785473255.649,6.58,ok
1785473255.661,2.03,ok
1785473255.675,1.88,ok
1785473255.689,1.60,ok
1785473255.706,1.84,ok
1785473255.720,3.11,ok
1785473255.737,1.86,ok
1785473255.749,1.85,ok
1785473255.766,2.21,ok
1785473255.784,2.30,ok
1785473255.801,1.94,ok
1785473255.816,2.46,ok
1785473255.829,2.09,ok
1785473255.844,1.73,ok
1785473255.857,1.96,ok
1785473255.874,2.20,ok
1785473255.893,3.35,ok
1785473255.909,1.66,ok
1785473255.926,3.24,ok
1785473255.942,2.42,ok
1785473255.959,2.39,ok
1785473255.976,2.16,ok
1785473255.994,2.89,ok
1785473256.010,2.59,ok
1785473256.024,2.11,ok
1785473256.039,1.92,ok
1785473256.052,2.13,ok
1785473256.068,2.35,ok
1785473256.084,1.95,ok
1785473256.101,2.05,ok
1785473256.116,4.59,ok
1785473256.133,2.02,ok
1785473256.146,1.86,ok
1785473256.163,2.19,ok
1785473256.179,1.90,ok
1785473256.192,2.09,ok
1785473256.209,1.98,ok
1785473256.224,2.16,ok
1785473256.242,2.91,ok
1785473256.258,2.29,ok
1785473256.275,2.04,ok
1785473256.292,2.05,ok
1785473256.307,2.26,ok
1785473256.321,1.68,ok
1785473256.340,3.34,ok
1785473256.353,1.91,ok
1785473256.366,1.80,ok
1785473256.379,2.00,ok
1785473256.392,1.75,ok
1785473256.407,1.84,ok
1785473256.421,1.96,ok
1785473256.434,2.27,ok
1785473256.453,3.32,ok
1785473256.465,2.02,ok
1785473256.478,1.70,ok
1785473256.492,2.11,ok
1785473256.504,2.27,ok
1785473256.518,1.95,ok
1785473256.530,1.83,ok
1785473256.546,2.19,ok
1785473256.562,1.86,ok
1785473256.575,2.19,ok
1785473256.589,1.88,ok
1785473256.605,2.01,ok
1785473256.619,1.86,ok
1785473256.634,4.50,ok
1785473256.650,1.95,ok
1785473256.667,2.13,ok
1785473256.684,2.49,ok
1785473256.701,2.08,ok
1785473256.714,1.75,ok
1785473256.728,2.43,ok
1785473256.745,1.99,ok
1785473256.762,2.09,ok
1785473256.778,2.34,ok
1785473256.790,1.89,ok
1785473256.803,2.15,ok
1785473256.818,1.64,ok
1785473256.833,1.95,ok
1785473256.850,1.94,ok
1785473256.866,1.59,ok
1785473256.881,1.77,ok
1785473256.898,2.07,ok
1785473256.912,3.18,ok
1785473256.926,2.74,ok
1785473256.942,2.87,ok
1785473256.961,3.34,ok
1785473256.977,1.57,ok
1785473256.992,2.94,ok
1785473257.009,1.98,ok
1785473257.024,2.55,ok
1785473257.040,1.85,ok
1785473257.052,1.85,ok
1785473257.069,2.35,ok
1785473257.086,1.84,ok
1785473257.103,2.02,ok
1785473257.116,1.97,ok
1785473257.128,1.50,ok
1785473257.142,1.88,ok
1785473257.158,1.85,ok
1785473257.175,2.09,ok
1785473257.190,2.22,ok
1785473257.205,1.81,ok
1785473257.222,1.99,ok
1785473257.238,1.98,ok
1785473257.254,2.65,ok
1785473257.269,2.21,ok
1785473257.282,1.76,ok
1785473257.299,2.11,ok
1785473257.312,2.03,ok
1785473257.327,1.76,ok
1785473257.342,3.05,ok
1785473257.355,1.48,ok
1785473257.371,1.75,ok
1785473257.384,1.92,ok
1785473257.401,1.84,ok
1785473257.419,2.88,ok
1785473257.435,2.80,ok
1785473257.452,2.19,ok
1785473257.467,2.19,ok
1785473257.479,2.13,ok
1785473257.492,2.63,ok
1785473257.508,2.24,ok
1785473257.521,3.51,ok
1785473257.536,1.92,ok
1785473257.554,4.00,ok
1785473257.571,2.04,ok
1785473257.588,2.07,ok
1785473257.603,2.25,ok
1785473257.620,4.56,ok
1785473257.648,14.70,ok
1785473257.666,2.42,ok
1785473257.683,2.55,ok
1785473257.700,2.54,ok
1785473257.716,2.17,ok
1785473257.729,1.80,ok
1785473257.746,1.98,ok
1785473257.764,3.52,ok
1785473257.781,2.09,ok
1785473257.798,3.39,ok
1785473257.814,1.70,ok
1785473257.830,2.47,ok
1785473257.843,1.66,ok
1785473257.857,1.60,ok
1785473257.872,2.16,ok
1785473257.887,1.92,ok
1785473257.902,4.18,ok
1785473257.916,2.61,ok
1785473257.934,2.90,ok
1785473257.949,2.09,ok
1785473257.963,1.84,ok
1785473257.979,3.25,ok
1785473257.991,2.46,ok
1785473258.008,2.57,ok
1785473258.021,2.19,ok
1785473258.036,2.23,ok
1785473258.052,1.89,ok
1785473258.067,2.20,ok
1785473258.084,3.55,ok
1785473258.101,2.17,ok
1785473258.119,2.20,ok
1785473258.134,2.35,ok
1785473258.153,3.45,ok
1785473258.166,3.32,ok
1785473258.182,2.05,ok
1785473258.197,2.20,ok
1785473258.213,1.90,ok
1785473258.230,1.82,ok
1785473258.246,2.17,ok
1785473258.262,1.45,ok
1785473258.277,2.16,ok
1785473258.291,2.09,ok
1785473258.307,2.11,ok
1785473258.321,1.75,ok
1785473258.337,3.34,ok
1785473258.351,1.88,ok
1785473258.364,1.58,ok
1785473258.380,3.21,ok
1785473258.399,3.54,ok
1785473258.414,2.24,ok
1785473258.426,2.07,ok
1785473258.439,1.55,ok
1785473258.455,4.07,ok
1785473258.470,1.70,ok
1785473258.486,2.14,ok
1785473258.500,1.90,ok
1785473258.518,3.87,ok
1785473258.535,2.49,ok
1785473258.552,5.04,ok
1785473258.566,2.09,ok
1785473258.581,1.78,ok
1785473258.594,1.91,ok
1785473258.610,1.88,ok
1785473258.624,1.92,ok
1785473258.650,11.95,ok
1785473258.667,1.83,ok
1785473258.682,1.86,ok
1785473258.694,1.75,ok
1785473258.710,1.80,ok
1785473258.725,2.26,ok
1785473258.737,1.79,ok
1785473258.750,2.07,ok
1785473258.768,3.03,ok
1785473258.784,1.93,ok
1785473258.799,2.08,ok
1785473258.816,1.92,ok
1785473258.833,1.69,ok
1785473258.849,2.28,ok
1785473258.864,3.27,ok
1785473258.879,1.92,ok
1785473258.892,1.92,ok
1785473258.906,3.13,ok
1785473258.920,2.15,ok
1785473258.938,2.21,ok
1785473258.950,1.83,ok
1785473258.967,1.98,ok
1785473258.984,2.28,ok
1785473258.997,2.06,ok
1785473259.015,3.55,ok
1785473259.030,2.56,ok
1785473259.044,1.98,ok
1785473259.057,2.07,ok
1785473259.071,1.75,ok
1785473259.088,1.90,ok
1785473259.102,3.37,ok
1785473259.115,2.23,ok
1785473259.132,2.13,ok
1785473259.150,2.10,ok
1785473259.167,2.02,ok
1785473259.186,3.56,ok
1785473259.203,3.19,ok
1785473259.221,2.12,ok
1785473259.235,2.26,ok
1785473259.250,2.14,ok
1785473259.266,1.96,ok
1785473259.283,2.33,ok
1785473259.301,3.47,ok
1785473259.315,2.43,ok
1785473259.333,2.22,ok
1785473259.350,2.79,ok
1785473259.367,1.74,ok
1785473259.385,2.12,ok
1785473259.400,1.75,ok
1785473259.417,1.90,ok
1785473259.434,2.74,ok
1785473259.449,3.25,ok
1785473259.465,2.85,ok
1785473259.479,2.21,ok
1785473259.497,3.21,ok
1785473259.511,1.89,ok
1785473259.525,1.90,ok
1785473259.542,3.76,ok
1785473259.557,2.25,ok
1785473259.574,2.06,ok
1785473259.590,2.09,ok
1785473259.607,2.08,ok
1785473259.622,1.94,ok
1785473259.649,14.59,ok
1785473259.666,2.12,ok
1785473259.684,2.05,ok
1785473259.700,2.26,ok
1785473259.716,3.67,ok
1785473259.734,2.18,ok
1785473259.746,1.95,ok
1785473259.763,2.04,ok
1785473259.776,2.18,ok
1785473259.790,2.42,ok
1785473259.805,2.03,ok
1785473259.822,2.10,ok
1785473259.840,2.30,ok
1785473259.856,3.55,ok
1785473259.874,2.29,ok
1785473259.888,2.33,ok
1785473259.902,3.45,ok
1785473259.916,1.97,ok
1785473259.932,1.93,ok
1785473259.949,2.21,ok
1785473259.966,2.79,ok
1785473259.982,2.22,ok
1785473259.996,1.75,ok
1785473260.010,3.62,ok
1785473260.027,1.99,ok
1785473260.040,1.67,ok
1785473260.056,2.12,ok
1785473260.070,2.44,ok
1785473260.087,1.84,ok
1785473260.101,1.96,ok
1785473260.118,2.17,ok
1785473260.134,2.08,ok
1785473260.148,2.25,ok
1785473260.164,1.89,ok
1785473260.179,1.89,ok
1785473260.193,1.79,ok
1785473260.205,1.93,ok
1785473260.222,2.23,ok
1785473260.239,2.18,ok
1785473260.255,2.29,ok
1785473260.271,2.15,ok
1785473260.285,2.06,ok
1785473260.300,2.02,ok
1785473260.314,1.86,ok
1785473260.330,1.82,ok
1785473260.347,2.11,ok
1785473260.364,1.88,ok
1785473260.380,2.04,ok
1785473260.394,1.71,ok
1785473260.410,2.19,ok
1785473260.426,2.11,ok
1785473260.441,3.31,ok
1785473260.457,2.14,ok
1785473260.474,2.52,ok
1785473260.490,2.02,ok
1785473260.508,3.06,ok
1785473260.523,1.77,ok
1785473260.540,1.87,ok
1785473260.555,2.01,ok
1785473260.572,2.94,ok
1785473260.590,2.10,ok
1785473260.601,1.74,ok
1785473260.615,2.29,ok
1785473260.632,2.27,ok
1785473260.649,6.43,ok
1785473260.661,2.26,ok
1785473260.674,2.07,ok
1785473260.692,2.27,ok
1785473260.708,1.77,ok
1785473260.726,3.56,ok
1785473260.741,1.96,ok
1785473260.758,2.18,ok
1785473260.775,1.93,ok
1785473260.792,2.08,ok
1785473260.804,1.80,ok
1785473260.821,2.06,ok
1785473260.837,2.41,ok
1785473260.852,2.19,ok
1785473260.867,1.76,ok
1785473260.884,2.36,ok
1785473260.902,3.51,ok
1785473260.918,2.22,ok
1785473260.933,1.82,ok
1785473260.950,2.06,ok
1785473260.963,2.15,ok
1785473260.980,1.71,ok
1785473260.997,1.89,ok
1785473261.014,1.94,ok
1785473261.033,3.21,ok
1785473261.050,1.88,ok
1785473261.068,3.27,ok
1785473261.084,2.28,ok
1785473261.099,2.05,ok
1785473261.117,2.98,ok
1785473261.129,2.02,ok
1785473261.145,2.25,ok
1785473261.161,1.90,ok
1785473261.174,1.84,ok
1785473261.186,1.65,ok
1785473261.199,1.84,ok
1785473261.211,2.08,ok
1785473261.224,2.07,ok
1785473261.241,2.07,ok
1785473261.258,1.92,ok
1785473261.273,1.87,ok
1785473261.290,2.24,ok
1785473261.308,2.35,ok
1785473261.322,2.01,ok
1785473261.339,1.75,ok
1785473261.356,1.65,ok
1785473261.370,2.21,ok
1785473261.383,2.02,ok
1785473261.396,1.75,ok
1785473261.409,1.55,ok
1785473261.423,3.10,ok
1785473261.437,1.73,ok
1785473261.451,1.88,ok
1785473261.466,2.29,ok
1785473261.479,1.85,ok
1785473261.491,1.74,ok
1785473261.507,3.34,ok
1785473261.520,1.79,ok
1785473261.533,2.15,ok
1785473261.550,3.05,ok
1785473261.567,2.22,ok
1785473261.584,1.69,ok
1785473261.600,2.59,ok
1785473261.613,1.99,ok
1785473261.626,1.89,ok
1785473261.646,6.80,ok
1785473261.661,1.86,ok
1785473261.675,2.20,ok
1785473261.691,2.26,ok
1785473261.708,3.04,ok
1785473261.725,2.71,ok
1785473261.741,2.32,ok
1785473261.758,1.98,ok
1785473261.773,1.77,ok
1785473261.788,1.79,ok
1785473261.802,1.82,ok
1785473261.819,1.89,ok
1785473261.834,2.23,ok
1785473261.848,2.22,ok
1785473261.867,3.47,ok
1785473261.880,1.77,ok
1785473261.898,2.40,ok
1785473261.911,1.99,ok
1785473261.926,2.06,ok
1785473261.943,2.11,ok
1785473261.956,1.62,ok
1785473261.974,3.57,ok
1785473261.992,2.34,ok
1785473262.004,1.74,ok
1785473262.021,2.45,ok
1785473262.034,2.24,ok
1785473262.050,2.20,ok
1785473262.065,2.39,ok
1785473262.082,2.19,ok
1785473262.099,2.09,ok
1785473262.115,2.95,ok
1785473262.129,1.76,ok
1785473262.147,2.30,ok
1785473262.159,2.71,ok
1785473262.172,1.80,ok
1785473262.187,1.82,ok
1785473262.200,1.88,ok
1785473262.218,4.22,ok
1785473262.233,2.04,ok
1785473262.250,2.21,ok
1785473262.265,1.97,ok
1785473262.282,2.24,ok
1785473262.296,1.63,ok
1785473262.308,2.07,ok
1785473262.327,3.27,ok
1785473262.339,1.57,ok
1785473262.355,2.21,ok
1785473262.370,2.23,ok
1785473262.383,1.87,ok
1785473262.400,1.82,ok
1785473262.413,1.72,ok
1785473262.430,2.03,ok
1785473262.447,1.55,ok
1785473262.459,1.97,ok
1785473262.476,1.94,ok
1785473262.490,1.95,ok
1785473262.507,2.70,ok
1785473262.525,2.25,ok
1785473262.542,2.19,ok
1785473262.556,2.14,ok
1785473262.574,2.08,ok
1785473262.587,2.40,ok
1785473262.600,2.01,ok
1785473262.617,1.95,ok
1785473262.634,3.07,ok
1785473262.653,4.28,ok
1785473262.668,1.70,ok
1785473262.683,1.97,ok
1785473262.700,3.19,ok
1785473262.717,1.96,ok
1785473262.729,1.75,ok
1785473262.745,3.04,ok
1785473262.761,1.85,ok
1785473262.775,1.90,ok
1785473262.792,1.90,ok
1785473262.807,2.04,ok
1785473262.820,2.31,ok
1785473262.835,3.30,ok
1785473262.848,1.59,ok
1785473262.860,1.71,ok
1785473262.873,1.79,ok
1785473262.891,2.34,ok
1785473262.907,2.21,ok
1785473262.923,1.73,ok
1785473262.940,1.75,ok
1785473262.957,2.03,ok
1785473262.974,1.96,ok
1785473262.990,1.69,ok
1785473263.008,3.16,ok
1785473263.023,1.78,ok
1785473263.038,1.69,ok
1785473263.050,2.03,ok
1785473263.063,1.62,ok
1785473263.077,1.74,ok
1785473263.090,1.64,ok
1785473263.103,3.21,ok
1785473263.117,2.11,ok
1785473263.133,1.80,ok
1785473263.146,1.74,ok
1785473263.158,1.98,ok
1785473263.177,3.55,ok
1785473263.194,1.93,ok
1785473263.207,2.21,ok
1785473263.222,1.81,ok
1785473263.239,1.83,ok
1785473263.256,2.00,ok
1785473263.271,2.01,ok
1785473263.283,1.78,ok
1785473263.297,1.64,ok
1785473263.314,2.01,ok
1785473263.330,1.96,ok
1785473263.348,3.04,ok
1785473263.366,2.84,ok
1785473263.383,2.20,ok
1785473263.396,2.06,ok
1785473263.409,2.15,ok
1785473263.425,1.64,ok
1785473263.441,1.76,ok
1785473263.458,2.01,ok
1785473263.475,2.09,ok
1785473263.492,2.36,ok
1785473263.509,2.13,ok
1785473263.525,1.76,ok
1785473263.537,2.03,ok
1785473263.550,1.98,ok
1785473263.567,2.15,ok
1785473263.584,2.41,ok
1785473263.598,2.39,ok
1785473263.615,2.48,ok
1785473263.628,1.85,ok
1785473263.653,9.96,ok
1785473263.670,1.98,ok
1785473263.685,2.02,ok
1785473263.698,2.25,ok
1785473263.712,2.24,ok
1785473263.724,2.12,ok
1785473263.742,3.09,ok
1785473263.759,2.38,ok
1785473263.776,2.41,ok
1785473263.794,2.12,ok
1785473263.809,1.88,ok
1785473263.826,1.88,ok
1785473263.840,1.87,ok
1785473263.857,2.01,ok
1785473263.873,2.20,ok
1785473263.890,2.09,ok
1785473263.904,2.77,ok
1785473263.918,4.15,ok
1785473263.935,3.73,ok
1785473263.952,2.35,ok
1785473263.966,2.03,ok
1785473263.978,1.83,ok
1785473263.995,1.88,ok
1785473264.011,1.61,ok
1785473264.027,2.10,ok
1785473264.041,1.86,ok
1785473264.058,2.22,ok
1785473264.073,2.18,ok
1785473264.088,2.02,ok
1785473264.102,2.03,ok
1785473264.117,2.23,ok
1785473264.134,2.00,ok
1785473264.150,1.76,ok
1785473264.167,1.88,ok
1785473264.182,1.86,ok
1785473264.195,1.71,ok
1785473264.209,1.86,ok
1785473264.224,1.95,ok
1785473264.241,1.81,ok
1785473264.258,1.89,ok
1785473264.275,1.86,ok
1785473264.293,3.25,ok
1785473264.306,1.75,ok
1785473264.320,1.86,ok
1785473264.337,3.30,ok
1785473264.353,1.80,ok
1785473264.369,1.90,ok
1785473264.384,2.19,ok
1785473264.399,1.77,ok
1785473264.429,14.94,ok
1785473264.445,1.91,ok
1785473264.461,2.04,ok
1785473264.478,1.89,ok
1785473264.492,1.96,ok
1785473264.511,4.33,ok
1785473264.525,3.57,ok
1785473264.537,2.51,ok
1785473264.551,2.95,ok
1785473264.566,2.01,ok
1785473264.581,1.85,ok
1785473264.593,2.23,ok
1785473264.611,3.28,ok
1785473264.628,1.67,ok
1785473264.659,16.66,ok
1785473264.675,2.08,ok
1785473264.691,2.31,ok
1785473264.706,2.28,ok
1785473264.719,1.93,ok
1785473264.731,1.79,ok
1785473264.748,3.74,ok
1785473264.766,3.46,ok
1785473264.780,2.09,ok
1785473264.794,1.76,ok
1785473264.808,2.01,ok
1785473264.823,1.95,ok
1785473264.837,3.28,ok
1785473264.851,1.77,ok
1785473264.870,3.34,ok
1785473264.884,2.30,ok
1785473264.901,1.93,ok
1785473264.917,1.86,ok
1785473264.930,2.14,ok
1785473264.945,1.88,ok
1785473264.959,2.10,ok
1785473264.975,2.99,ok
1785473264.988,1.65,ok
1785473265.004,1.63,ok
1785473265.021,3.18,ok
1785473265.037,1.91,ok
1785473265.051,3.16,ok
1785473265.065,1.71,ok
1785473265.082,2.66,ok
1785473265.100,3.41,ok
1785473265.120,5.05,ok
1785473265.136,2.50,ok
1785473265.151,1.93,ok
1785473265.169,2.65,ok
1785473265.182,2.34,ok
1785473265.199,2.19,ok
1785473265.212,2.19,ok
1785473265.228,2.15,ok
1785473265.245,1.97,ok
1785473265.261,2.26,ok
1785473265.278,2.08,ok
1785473265.291,1.87,ok
1785473265.308,2.02,ok
1785473265.323,3.60,ok
1785473265.338,2.20,ok
1785473265.354,1.96,ok
1785473265.366,1.78,ok
1785473265.385,3.73,ok
1785473265.400,2.40,ok
1785473265.413,1.99,ok
1785473265.428,2.08,ok
1785473265.442,2.27,ok
1785473265.459,1.93,ok
1785473265.474,2.03,ok
1785473265.488,1.97,ok
1785473265.500,1.97,ok
1785473265.515,1.93,ok
1785473265.528,1.79,ok
1785473265.541,1.79,ok
1785473265.559,2.94,ok
1785473265.575,2.48,ok
1785473265.588,1.75,ok
1785473265.604,2.64,ok
1785473265.618,1.85,ok
1785473265.634,2.38,ok
1785473265.656,11.83,ok
1785473265.670,1.76,ok
1785473265.683,2.03,ok
1785473265.701,2.42,ok
1785473265.715,2.29,ok
1785473265.728,1.91,ok
1785473265.741,1.71,ok
1785473265.758,3.08,ok
1785473265.773,1.77,ok
1785473265.787,2.00,ok
1785473265.803,1.91,ok
1785473265.816,1.86,ok
1785473265.833,1.97,ok
1785473265.850,2.26,ok
1785473265.865,2.04,ok
1785473265.881,2.05,ok
1785473265.897,1.80,ok
1785473265.911,1.74,ok
1785473265.926,2.04,ok
1785473265.942,1.71,ok
1785473265.958,1.99,ok
1785473265.971,2.08,ok
1785473265.987,1.75,ok
1785473266.001,1.72,ok
1785473266.015,2.49,ok
1785473266.032,1.89,ok
1785473266.045,1.62,ok
1785473266.058,1.54,ok
1785473266.075,2.20,ok
1785473266.093,3.26,ok
1785473266.107,1.83,ok
1785473266.119,1.64,ok
1785473266.134,1.94,ok
1785473266.151,1.94,ok
1785473266.169,3.30,ok
1785473266.184,1.95,ok
1785473266.200,1.94,ok
1785473266.217,1.97,ok
1785473266.234,2.23,ok
1785473266.252,2.46,ok
1785473266.264,1.76,ok
1785473266.281,2.14,ok
1785473266.293,1.70,ok
1785473266.312,5.85,ok
1785473266.331,3.61,ok
1785473266.345,3.17,ok
1785473266.360,2.30,ok
1785473266.376,2.16,ok
1785473266.392,2.24,ok
1785473266.408,1.74,ok
1785473266.423,1.79,ok
1785473266.437,3.16,ok
1785473266.450,2.03,ok
1785473266.468,2.16,ok
1785473266.484,2.16,ok
1785473266.500,2.11,ok
1785473266.516,1.96,ok
1785473266.529,1.90,ok
1785473266.545,2.23,ok
1785473266.562,1.78,ok
1785473266.578,1.75,ok
1785473266.591,1.71,ok
1785473266.608,2.11,ok
1785473266.625,1.74,ok
1785473266.639,1.75,ok
1785473266.661,11.10,ok
1785473266.674,1.78,ok
1785473266.691,2.16,ok
1785473266.708,1.86,ok
1785473266.722,2.20,ok
1785473266.739,2.20,ok
1785473266.752,2.23,ok
1785473266.767,2.04,ok
1785473266.779,1.88,ok
1785473266.798,3.32,ok
1785473266.815,2.02,ok
1785473266.833,3.13,ok
1785473266.850,1.92,ok
1785473266.867,2.06,ok
1785473266.884,2.93,ok
1785473266.897,1.88,ok
1785473266.915,5.95,ok
1785473266.930,3.78,ok
1785473266.943,1.69,ok
1785473266.958,2.31,ok
1785473266.973,2.59,ok
1785473266.989,1.93,ok
1785473267.003,2.14,ok
1785473267.017,2.03,ok
1785473267.031,1.97,ok
1785473267.045,2.15,ok
1785473267.060,1.82,ok
1785473267.077,1.95,ok
1785473267.091,2.31,ok
1785473267.109,2.33,ok
1785473267.124,2.17,ok
1785473267.141,2.02,ok
1785473267.158,2.08,ok
1785473267.175,1.96,ok
1785473267.192,2.18,ok
1785473267.208,1.87,ok
1785473267.224,2.50,ok
1785473267.239,1.96,ok
1785473267.255,2.20,ok
1785473267.267,1.99,ok
1785473267.281,1.89,ok
1785473267.299,2.94,ok
1785473267.316,2.28,ok
1785473267.333,1.82,ok
1785473267.350,1.71,ok
1785473267.367,2.38,ok
1785473267.384,2.89,ok
1785473267.399,2.07,ok
1785473267.415,1.90,ok
1785473267.430,3.76,ok
1785473267.443,1.93,ok
1785473267.458,1.94,ok
1785473267.476,2.97,ok
1785473267.493,2.05,ok
1785473267.508,1.83,ok
1785473267.526,3.12,ok
1785473267.543,1.98,ok
1785473267.557,1.58,ok
1785473267.575,3.52,ok
1785473267.592,2.37,ok
1785473267.606,1.71,ok
1785473267.623,1.82,ok
1785473267.639,1.88,ok
1785473267.664,9.64,ok
1785473267.676,1.86,ok
1785473267.693,1.85,ok
1785473267.709,3.30,ok
1785473267.726,2.24,ok
1785473267.737,1.62,ok
1785473267.753,2.98,ok
1785473267.772,3.32,ok
1785473267.789,2.20,ok
1785473267.806,1.57,ok
1785473267.823,1.97,ok
1785473267.835,2.09,ok
1785473267.848,1.71,ok
1785473267.865,2.28,ok
1785473267.883,2.37,ok
1785473267.896,1.95,ok
1785473267.913,1.85,ok
1785473267.927,1.91,ok
1785473267.939,1.81,ok
1785473267.957,2.16,ok
1785473267.973,1.65,ok
1785473267.987,2.81,ok
1785473267.999,2.08,ok
1785473268.017,3.07,ok
1785473268.034,2.54,ok
1785473268.049,2.01,ok
1785473268.065,3.46,ok
1785473268.083,3.30,ok
1785473268.100,2.23,ok
1785473268.118,3.20,ok
1785473268.135,2.10,ok
1785473268.152,3.40,ok
1785473268.167,2.18,ok
1785473268.183,1.82,ok
1785473268.196,1.79,ok
1785473268.209,2.28,ok
1785473268.221,1.61,ok
1785473268.234,1.55,ok
1785473268.250,1.75,ok
1785473268.265,2.18,ok
1785473268.281,1.78,ok
1785473268.295,2.38,ok
1785473268.308,1.80,ok
1785473268.321,2.01,ok
1785473268.336,2.31,ok
1785473268.352,1.82,ok
1785473268.371,4.27,ok
1785473268.387,1.82,ok
1785473268.402,2.76,ok
1785473268.417,1.94,ok
1785473268.432,1.92,ok
1785473268.449,1.89,ok
1785473268.465,2.22,ok
1785473268.478,1.78,ok
1785473268.494,1.89,ok
1785473268.508,2.12,ok
1785473268.521,1.91,ok
1785473268.537,1.83,ok
1785473268.550,1.76,ok
1785473268.566,2.55,ok
1785473268.578,1.90,ok
1785473268.591,1.97,ok
1785473268.609,3.90,ok
1785473268.625,1.95,ok
1785473268.641,1.74,ok
1785473268.666,9.60,ok
1785473268.684,3.06,ok
1785473268.696,2.09,ok
1785473268.709,1.83,ok
1785473268.723,2.83,ok
1785473268.736,1.85,ok
1785473268.750,1.57,ok
1785473268.766,2.05,ok
1785473268.781,1.83,ok
1785473268.797,1.83,ok
1785473268.814,2.37,ok
1785473268.830,4.14,ok
1785473268.844,1.98,ok
1785473268.858,2.24,ok
1785473268.873,1.94,ok
1785473268.889,2.14,ok
1785473268.906,3.42,ok
1785473268.924,3.00,ok
1785473268.942,2.19,ok
1785473268.956,2.21,ok
1785473268.969,1.91,ok
1785473268.984,2.35,ok
1785473268.999,2.29,ok
1785473269.016,1.93,ok
1785473269.029,1.72,ok
1785473269.042,1.95,ok
1785473269.057,2.17,ok
1785473269.073,2.92,ok
1785473269.088,1.87,ok
1785473269.105,2.07,ok
1785473269.122,1.96,ok
1785473269.140,3.08,ok
1785473269.155,2.49,ok
1785473269.168,2.95,ok
1785473269.183,2.19,ok
1785473269.200,1.84,ok
1785473269.216,1.66,ok
1785473269.231,1.76,ok
1785473269.250,3.67,ok
1785473269.263,1.94,ok
1785473269.276,1.72,ok
1785473269.292,2.00,ok
1785473269.309,1.99,ok
1785473269.326,2.15,ok
1785473269.342,2.09,ok
1785473269.360,3.43,ok
1785473269.375,3.08,ok
1785473269.393,3.25,ok
1785473269.406,1.52,ok
1785473269.422,3.20,ok
1785473269.438,1.67,ok
1785473269.455,1.81,ok
1785473269.469,2.83,ok
1785473269.482,2.09,ok
1785473269.495,1.64,ok
1785473269.510,2.04,ok
1785473269.525,1.49,ok
1785473269.542,1.82,ok
1785473269.555,1.77,ok
1785473269.571,2.25,ok
1785473269.585,2.96,ok
1785473269.600,1.93,ok
1785473269.617,1.97,ok
1785473269.629,2.20,ok
1785473269.646,1.85,ok
1785473269.661,3.82,ok
1785473269.678,4.68,ok
1785473269.691,1.85,ok
1785473269.708,2.37,ok
1785473269.725,1.93,ok
1785473269.742,2.18,ok
1785473269.755,2.11,ok
1785473269.771,2.66,ok
1785473269.789,3.05,ok
1785473269.807,2.09,ok
1785473269.821,1.77,ok
1785473269.835,2.21,ok
1785473269.849,2.24,ok
1785473269.863,1.84,ok
1785473269.880,2.92,ok
1785473269.897,1.87,ok
1785473269.910,2.30,ok
1785473269.928,3.51,ok
1785473269.941,1.81,ok
1785473269.958,1.90,ok
1785473269.974,2.03,ok
1785473269.990,2.00,ok
1785473270.009,3.48,ok
1785473270.024,1.55,ok
1785473270.037,2.86,ok
1785473270.053,2.18,ok
1785473270.071,3.32,ok
1785473270.083,1.83,ok
1785473270.100,3.04,ok
1785473270.116,2.52,ok
1785473270.129,1.90,ok
1785473270.145,3.15,ok
1785473270.162,2.04,ok
1785473270.179,1.96,ok
1785473270.196,2.19,ok
1785473270.213,2.04,ok
1785473270.230,1.86,ok
1785473270.250,4.37,ok
1785473270.264,1.85,ok
1785473270.279,2.03,ok
1785473270.296,1.96,ok
1785473270.311,1.73,ok
1785473270.325,1.68,ok
1785473270.340,1.68,ok
1785473270.352,1.95,ok
1785473270.370,2.10,ok
1785473270.383,1.83,ok
1785473270.399,2.03,ok
1785473270.411,1.74,ok
1785473270.428,1.98,ok
1785473270.441,1.74,ok
1785473270.459,2.23,ok
1785473270.476,2.10,ok
1785473270.493,2.17,ok
1785473270.510,1.93,ok
1785473270.525,2.14,ok
1785473270.538,1.57,ok
1785473270.552,1.63,ok
1785473270.568,1.78,ok
1785473270.583,2.02,ok
1785473270.598,3.12,ok
1785473270.615,1.47,ok
1785473270.629,2.67,ok
1785473270.646,1.73,ok
1785473270.668,7.17,ok
1785473270.685,1.88,ok
1785473270.703,3.29,ok
1785473270.719,1.84,ok
1785473270.735,3.26,ok
1785473270.749,1.81,ok
1785473270.765,1.76,ok
1785473270.780,2.38,ok
1785473270.797,2.37,ok
1785473270.810,1.70,ok
1785473270.822,1.60,ok
1785473270.839,1.76,ok
1785473270.855,1.74,ok
1785473270.872,2.11,ok
1785473270.887,2.93,ok
1785473270.899,2.44,ok
1785473270.912,2.03,ok
1785473270.929,2.28,ok
1785473270.942,1.98,ok
1785473270.959,1.84,ok
1785473270.976,2.20,ok
1785473270.992,1.76,ok
1785473271.006,1.83,ok
1785473271.023,1.55,ok
1785473271.036,1.73,ok
1785473271.051,1.86,ok
1785473271.069,3.74,ok
1785473271.084,1.92,ok
1785473271.098,2.14,ok
1785473271.114,2.31,ok
1785473271.132,2.36,ok
1785473271.149,2.00,ok
1785473271.167,3.29,ok
1785473271.182,2.25,ok
1785473271.194,1.75,ok
1785473271.210,2.74,ok
1785473271.223,1.72,ok
1785473271.240,2.19,ok
1785473271.258,2.96,ok
1785473271.275,3.49,ok
1785473271.290,1.92,ok
1785473271.303,1.98,ok
1785473271.318,3.50,ok
1785473271.335,3.79,ok
1785473271.350,3.04,ok
1785473271.366,1.88,ok
1785473271.383,2.77,ok
1785473271.402,4.08,ok
1785473271.419,2.51,ok
1785473271.431,1.57,ok
1785473271.445,2.92,ok
1785473271.460,1.97,ok
1785473271.474,2.00,ok
1785473271.488,2.13,ok
1785473271.500,2.04,ok
1785473271.517,1.95,ok
1785473271.534,2.25,ok
1785473271.551,2.14,ok
1785473271.567,2.04,ok
1785473271.581,2.18,ok
1785473271.594,1.78,ok
1785473271.606,1.75,ok
1785473271.619,2.02,ok
1785473271.635,2.04,ok
1785473271.649,1.75,ok
1785473271.663,2.03,ok
1785473271.682,3.60,ok
1785473271.699,2.92,ok
1785473271.711,1.93,ok
1785473271.724,1.64,ok
1785473271.741,5.11,ok
1785473271.759,2.75,ok
1785473271.775,2.42,ok
1785473271.790,2.12,ok
1785473271.807,2.35,ok
1785473271.824,2.03,ok
1785473271.837,1.83,ok
1785473271.854,2.02,ok
1785473271.867,1.87,ok
1785473271.883,1.76,ok
1785473271.899,2.12,ok
1785473271.917,3.23,ok
1785473271.933,1.78,ok
1785473271.948,1.90,ok
1785473271.962,1.90,ok
1785473271.978,2.12,ok
1785473271.993,3.32,ok
1785473272.008,2.05,ok
1785473272.023,1.64,ok
1785473272.039,2.46,ok
1785473272.056,1.94,ok
1785473272.069,3.72,ok
1785473272.082,2.54,ok
1785473272.097,1.78,ok
1785473272.109,1.91,ok
1785473272.125,2.01,ok
1785473272.142,2.24,ok
1785473272.155,1.53,ok
1785473272.173,4.64,ok
1785473272.190,1.96,ok
1785473272.204,2.16,ok
1785473272.221,2.07,ok
1785473272.238,2.00,ok
1785473272.251,3.25,ok
1785473272.267,2.16,ok
1785473272.285,3.46,ok
1785473272.300,1.99,ok
1785473272.317,1.92,ok
1785473272.336,4.82,ok
1785473272.353,1.77,ok
1785473272.367,2.32,ok
1785473272.384,2.21,ok
1785473272.401,1.90,ok
1785473272.414,1.96,ok
1785473272.427,1.90,ok
1785473272.445,3.00,ok
1785473272.459,2.26,ok
1785473272.475,2.07,ok
1785473272.492,1.92,ok
1785473272.510,3.07,ok
1785473272.525,2.22,ok
1785473272.542,1.98,ok
1785473272.558,2.63,ok
1785473272.576,2.94,ok
1785473272.593,2.33,ok
1785473272.608,1.90,ok
1785473272.626,2.78,ok
1785473272.639,1.66,ok
1785473272.655,2.89,ok
1785473272.679,13.13,ok
1785473272.693,1.65,ok
1785473272.710,1.89,ok
1785473272.754,29.18,ok
1785473272.771,1.90,ok
1785473272.785,3.17,ok
1785473272.800,3.44,ok
1785473272.816,2.24,ok
1785473272.828,2.34,ok
1785473272.844,2.20,ok
1785473272.861,2.09,ok
1785473272.878,1.96,ok
1785473272.895,3.98,ok
1785473272.908,2.00,ok
1785473272.925,1.90,ok
1785473272.942,1.89,ok
1785473272.957,2.21,ok
1785473272.971,1.82,ok
1785473272.985,2.54,ok
1785473272.998,1.83,ok
1785473273.011,2.26,ok
1785473273.027,1.87,ok
1785473273.041,2.13,ok
1785473273.059,2.26,ok
1785473273.073,1.70,ok
1785473273.089,3.74,ok
1785473273.101,1.84,ok
1785473273.114,1.74,ok
1785473273.130,2.28,ok
1785473273.143,1.82,ok
1785473273.157,1.83,ok
1785473273.173,1.63,ok
1785473273.187,2.91,ok
1785473273.200,2.17,ok
1785473273.217,1.98,ok
1785473273.233,1.66,ok
1785473273.250,2.04,ok
1785473273.263,2.54,ok
1785473273.278,2.16,ok
1785473273.291,1.64,ok
1785473273.304,1.67,ok
1785473273.317,1.92,ok
1785473273.333,1.68,ok
1785473273.346,2.13,ok
1785473273.360,3.07,ok
1785473273.372,1.84,ok
1785473273.387,2.85,ok
1785473273.401,1.90,ok
1785473273.416,1.97,ok
1785473273.433,2.82,ok
1785473273.446,1.91,ok
1785473273.459,2.19,ok
1785473273.474,2.09,ok
1785473273.489,1.89,ok
1785473273.506,1.94,ok
1785473273.523,2.00,ok
1785473273.541,2.63,ok
1785473273.558,2.13,ok
1785473273.572,2.31,ok
1785473273.587,2.15,ok
1785473273.601,2.26,ok
1785473273.617,1.83,ok
1785473273.635,3.41,ok
1785473273.652,1.89,ok
1785473273.664,2.05,ok
1785473273.679,4.01,ok
1785473273.694,3.09,ok
1785473273.711,1.97,ok
1785473273.723,1.88,ok
1785473273.735,1.52,ok
1785473273.751,2.02,ok
1785473273.767,2.05,ok
1785473273.784,1.97,ok
1785473273.800,2.14,ok
1785473273.817,2.07,ok
1785473273.834,2.11,ok
1785473273.850,2.15,ok
1785473273.863,1.87,ok
1785473273.879,1.80,ok
1785473273.892,1.85,ok
1785473273.904,1.91,ok
1785473273.923,3.65,ok
1785473273.940,1.96,ok
1785473273.955,1.64,ok
1785473273.967,1.83,ok
1785473273.984,2.28,ok
1785473274.000,1.73,ok
1785473274.015,1.83,ok
1785473274.032,1.93,ok
1785473274.049,3.10,ok
1785473274.066,1.58,ok
1785473274.083,2.20,ok
1785473274.096,2.68,ok
1785473274.108,1.67,ok
1785473274.122,3.39,ok
1785473274.135,1.78,ok
1785473274.147,2.07,ok
1785473274.161,2.75,ok
1785473274.176,2.07,ok
1785473274.190,3.13,ok
1785473274.204,2.13,ok
1785473274.219,2.71,ok
1785473274.234,1.95,ok
1785473274.248,2.42,ok
1785473274.266,2.50,ok
1785473274.283,1.98,ok
1785473274.295,2.10,ok
1785473274.311,2.21,ok
1785473274.328,1.95,ok
1785473274.345,2.01,ok
1785473274.358,2.10,ok
1785473274.375,1.79,ok
1785473274.392,1.92,ok
1785473274.406,2.92,ok
1785473274.423,2.07,ok
1785473274.436,1.83,ok
1785473274.449,1.94,ok
1785473274.466,2.19,ok
1785473274.483,2.39,ok
1785473274.497,2.05,ok
1785473274.512,2.49,ok
1785473274.525,1.88,ok
1785473274.537,1.66,ok
1785473274.554,2.25,ok
1785473274.566,1.82,ok
1785473274.585,3.54,ok
1785473274.600,2.14,ok
1785473274.617,1.66,ok
1785473274.634,2.07,ok
1785473274.647,1.67,ok
1785473274.660,2.93,ok
1785473274.680,6.96,ok
1785473274.697,2.08,ok
1785473274.710,1.93,ok
1785473274.727,3.81,ok
1785473274.740,1.90,ok
1785473274.755,2.73,ok
1785473274.767,1.69,ok
1785473274.786,2.27,ok
1785473274.801,2.89,ok
1785473274.815,1.86,ok
1785473274.828,2.08,ok
1785473274.843,1.77,ok
1785473274.858,2.53,ok
1785473274.871,2.40,ok
1785473274.885,2.03,ok
1785473274.898,1.65,ok
1785473274.915,1.93,ok
1785473274.927,2.05,ok
1785473274.940,1.76,ok
1785473274.957,1.73,ok
1785473274.974,1.74,ok
1785473274.986,1.67,ok
1785473275.003,2.48,ok
1785473275.021,2.22,ok
1785473275.034,1.96,ok
1785473275.050,2.17,ok
1785473275.063,1.73,ok
1785473275.075,1.65,ok
1785473275.091,2.12,ok
1785473275.104,1.76,ok
1785473275.117,1.97,ok
1785473275.132,1.82,ok
1785473275.146,1.68,ok
1785473275.163,2.72,ok
1785473275.180,1.82,ok
1785473275.193,1.82,ok
1785473275.207,1.72,ok
1785473275.224,2.09,ok
1785473275.237,1.67,ok
1785473275.254,1.90,ok
1785473275.267,1.99,ok
1785473275.284,2.74,ok
1785473275.300,2.00,ok
1785473275.313,2.05,ok
1785473275.325,1.91,ok
1785473275.337,1.70,ok
1785473275.350,2.31,ok
1785473275.367,1.88,ok
1785473275.384,3.03,ok
1785473275.400,2.16,ok
1785473275.416,2.20,ok
1785473275.431,2.78,ok
1785473275.448,1.77,ok
1785473275.462,2.00,ok
1785473275.479,2.01,ok
1785473275.494,1.89,ok
1785473275.507,2.19,ok
1785473275.524,3.44,ok
1785473275.540,1.75,ok
1785473275.553,3.36,ok
1785473275.566,1.59,ok
1785473275.578,1.47,ok
1785473275.592,1.72,ok
1785473275.605,1.99,ok
1785473275.621,2.01,ok
1785473275.638,2.00,ok
1785473275.652,2.20,ok
1785473275.667,2.13,ok
1785473275.683,1.78,ok
1785473275.698,1.85,ok
1785473275.715,1.82,ok
1785473275.728,1.65,ok
1785473275.745,1.74,ok
1785473275.760,3.71,ok
1785473275.774,2.17,ok
1785473275.787,2.26,ok
1785473275.803,1.85,ok
1785473275.816,2.78,ok
1785473275.833,2.07,ok
1785473275.850,1.88,ok
1785473275.867,1.84,ok
1785473275.882,1.98,ok
1785473275.899,2.02,ok
1785473275.916,1.92,ok
1785473275.931,1.51,ok
1785473275.946,2.11,ok
1785473275.961,1.87,ok
1785473275.974,1.97,ok
1785473275.990,2.06,ok
1785473276.006,2.12,ok
1785473276.023,2.35,ok
1785473276.040,1.92,ok
1785473276.053,1.82,ok
1785473276.070,2.30,ok
1785473276.087,1.69,ok
1785473276.100,1.85,ok
1785473276.118,2.54,ok
1785473276.132,2.00,ok
1785473276.149,1.95,ok
1785473276.166,2.00,ok
1785473276.182,1.83,ok
1785473276.194,1.85,ok
1785473276.209,1.95,ok
1785473276.223,2.81,ok
1785473276.240,1.73,ok
1785473276.254,2.20,ok
1785473276.266,2.41,ok
1785473276.286,4.52,ok
1785473276.300,2.15,ok
1785473276.317,1.60,ok
1785473276.332,2.91,ok
1785473276.349,1.93,ok
1785473276.365,2.72,ok
1785473276.377,1.71,ok
1785473276.393,1.63,ok
1785473276.409,2.60,ok
1785473276.425,2.24,ok
1785473276.442,2.26,ok
1785473276.460,2.17,ok
1785473276.475,2.10,ok
1785473276.491,2.03,ok
1785473276.508,1.99,ok
1785473276.521,1.88,ok
1785473276.538,1.95,ok
1785473276.551,1.86,ok
1785473276.568,1.75,ok
1785473276.588,5.70,ok
1785473276.601,1.93,ok
1785473276.615,3.33,ok
1785473276.633,2.57,ok
1785473276.650,1.94,ok
1785473276.666,2.00,ok
1785473276.681,2.07,ok
1785473276.698,1.81,ok
1785473276.712,2.60,ok
1785473276.731,3.71,ok
1785473276.748,2.03,ok
1785473276.766,2.28,ok
1785473276.783,1.96,ok
1785473276.797,2.18,ok
1785473276.812,1.93,ok
1785473276.830,4.60,ok
1785473276.846,3.44,ok
1785473276.862,2.91,ok
1785473276.878,3.76,ok
1785473276.892,1.84,ok
1785473276.908,2.08,ok
1785473276.925,1.77,ok
1785473276.940,1.69,ok
1785473276.957,1.82,ok
1785473276.969,2.59,ok
1785473276.986,1.70,ok
1785473277.001,2.37,ok
1785473277.016,2.20,ok
1785473277.030,1.58,ok
1785473277.045,1.98,ok
1785473277.057,1.73,ok
1785473277.071,2.29,ok
1785473277.085,2.01,ok
1785473277.101,2.00,ok
1785473277.117,2.29,ok
1785473277.133,2.63,ok
1785473277.149,1.96,ok
1785473277.164,3.80,ok
1785473277.181,2.27,ok
1785473277.198,2.02,ok
1785473277.215,2.12,ok
1785473277.232,2.09,ok
1785473277.249,2.14,ok
1785473277.267,2.32,ok
1785473277.284,2.47,ok
1785473277.301,2.46,ok
1785473277.316,2.10,ok
1785473277.333,2.22,ok
1785473277.350,2.08,ok
1785473277.364,2.26,ok
1785473277.381,2.52,ok
1785473277.394,2.23,ok
1785473277.407,1.88,ok
1785473277.423,2.29,ok
1785473277.436,1.87,ok
1785473277.449,2.20,ok
1785473277.463,3.16,ok
1785473277.480,2.07,ok
1785473277.497,1.71,ok
1785473277.514,2.29,ok
1785473277.527,2.05,ok
1785473277.544,1.63,ok
1785473277.558,3.13,ok
1785473277.575,1.71,ok
1785473277.588,1.98,ok
1785473277.605,1.70,ok
1785473277.621,3.29,ok
1785473277.636,2.99,ok
1785473277.650,1.89,ok
1785473277.667,1.70,ok
1785473277.685,6.45,ok
1785473277.701,2.06,ok
1785473277.716,1.95,ok
1785473277.730,1.94,ok
1785473277.743,1.91,ok
1785473277.759,2.34,ok
1785473277.775,2.02,ok
1785473277.791,2.38,ok
1785473277.808,2.16,ok
1785473277.825,1.86,ok
1785473277.840,1.79,ok
1785473277.858,3.05,ok
1785473277.871,1.67,ok
1785473277.886,1.89,ok
1785473277.900,1.99,ok
1785473277.917,1.95,ok
1785473277.935,3.80,ok
1785473277.950,2.07,ok
1785473277.965,1.85,ok
1785473277.983,2.01,ok
1785473278.000,1.97,ok
1785473278.017,1.98,ok
1785473278.030,3.42,ok
1785473278.047,2.45,ok
1785473278.064,2.02,ok
1785473278.081,2.23,ok
1785473278.098,1.90,ok
1785473278.115,1.59,ok
1785473278.127,1.92,ok
1785473278.140,1.58,ok
1785473278.156,1.94,ok
1785473278.172,1.59,ok
1785473278.186,1.81,ok
1785473278.199,1.72,ok
1785473278.213,2.28,ok
1785473278.227,3.35,ok
1785473278.241,2.06,ok
1785473278.257,2.26,ok
1785473278.269,1.98,ok
1785473278.286,1.72,ok
1785473278.303,1.96,ok
1785473278.317,1.93,ok
1785473278.330,1.75,ok
1785473278.344,1.98,ok
1785473278.359,2.07,ok
1785473278.374,2.20,ok
1785473278.391,1.95,ok
1785473278.405,3.00,ok
1785473278.420,1.87,ok
1785473278.433,2.08,ok
1785473278.449,1.89,ok
1785473278.461,1.72,ok
1785473278.477,1.82,ok
1785473278.492,1.97,ok
1785473278.507,2.05,ok
1785473278.522,1.76,ok
1785473278.539,2.95,ok
1785473278.556,1.61,ok
1785473278.573,2.01,ok
1785473278.587,2.02,ok
1785473278.602,2.19,ok
1785473278.619,1.93,ok
1785473278.636,1.98,ok
1785473278.653,2.14,ok
1785473278.668,1.93,ok
1785473278.685,2.54,ok
1785473278.700,2.03,ok
1785473278.716,2.70,ok
1785473278.733,2.29,ok
1785473278.750,1.99,ok
1785473278.767,1.91,ok
1785473278.783,1.83,ok
1785473278.800,1.72,ok
1785473278.817,2.03,ok
1785473278.833,2.03,ok
1785473278.846,1.55,ok
1785473278.859,2.59,ok
1785473278.877,3.38,ok
1785473278.893,1.95,ok
1785473278.909,2.13,ok
1785473278.926,2.37,ok
1785473278.942,2.09,ok
1785473278.957,1.97,ok
1785473278.975,2.73,ok
1785473278.991,2.36,ok
1785473279.009,3.45,ok
1785473279.022,1.87,ok
1785473279.035,1.86,ok
1785473279.047,2.02,ok
1785473279.063,2.01,ok
1785473279.077,1.95,ok
1785473279.090,1.86,ok
1785473279.103,2.27,ok
1785473279.121,3.56,ok
1785473279.134,2.00,ok
1785473279.151,2.92,ok
1785473279.164,1.95,ok
1785473279.182,5.19,ok
1785473279.197,1.86,ok
1785473279.214,1.74,ok
1785473279.231,1.73,ok
1785473279.245,1.91,ok
1785473279.262,1.83,ok
1785473279.275,2.07,ok
1785473279.290,1.62,ok
1785473279.303,1.95,ok
1785473279.320,1.96,ok
1785473279.335,1.85,ok
1785473279.347,2.08,ok
1785473279.365,2.49,ok
1785473279.380,1.85,ok
1785473279.397,2.00,ok
1785473279.414,2.05,ok
1785473279.429,2.50,ok
1785473279.445,1.80,ok
1785473279.461,3.09,ok
1785473279.476,3.22,ok
1785473279.492,1.86,ok
1785473279.505,1.93,ok
1785473279.518,1.92,ok
1785473279.533,1.84,ok
1785473279.550,1.55,ok
1785473279.562,1.96,ok
1785473279.579,1.72,ok
1785473279.596,4.17,ok
1785473279.615,3.65,ok
1785473279.628,1.99,ok
1785473279.641,1.99,ok
1785473279.658,1.93,ok
1785473279.684,12.19,ok
1785473279.698,3.01,ok
1785473279.718,4.93,ok
1785473279.738,6.86,ok
1785473279.758,4.61,ok
1785473279.775,1.82,ok
1785473279.793,2.94,ok
1785473279.810,3.17,ok
1785473279.823,1.85,ok
1785473279.841,3.34,ok
1785473279.860,4.10,ok
1785473279.875,2.12,ok
1785473279.890,3.09,ok
1785473279.905,2.43,ok
1785473279.920,1.87,ok
1785473279.936,1.94,ok
1785473279.952,1.97,ok
1785473279.964,1.74,ok
1785473279.979,3.49,ok
1785473279.992,1.94,ok
1785473280.007,2.10,ok
1785473280.021,2.92,ok
1785473280.038,2.54,ok
1785473280.053,2.27,ok
1785473280.070,2.37,ok
1785473280.085,2.88,ok
1785473280.101,2.72,ok
1785473280.118,2.38,ok
1785473280.132,2.47,ok
1785473280.147,2.67,ok
1785473280.161,2.00,ok
1785473280.178,2.57,ok
1785473280.194,2.20,ok
1785473280.208,2.03,ok
1785473280.223,2.32,ok
1785473280.238,1.98,ok
1785473280.255,1.88,ok
1785473280.271,1.86,ok
1785473280.288,2.07,ok
1785473280.304,2.10,ok
1785473280.320,2.49,ok
1785473280.334,2.14,ok
1785473280.351,4.08,ok
1785473280.368,2.19,ok
1785473280.384,2.10,ok
1785473280.401,1.84,ok
1785473280.417,2.16,ok
1785473280.430,2.12,ok
1785473280.443,1.85,ok
1785473280.462,4.10,ok
1785473280.475,1.61,ok
1785473280.492,1.70,ok
1785473280.510,3.49,ok
1785473280.527,1.85,ok
1785473280.544,2.12,ok
1785473280.564,4.92,ok
1785473280.581,1.79,ok
1785473280.598,2.23,ok
1785473280.610,1.87,ok
1785473280.628,2.02,ok
1785473280.643,1.69,ok
1785473280.660,2.07,ok
1785473280.686,12.79,ok
1785473280.698,1.84,ok
1785473280.715,1.85,ok
1785473280.733,2.52,ok
1785473280.750,1.89,ok
1785473280.767,2.26,ok
1785473280.784,2.01,ok
1785473280.800,2.10,ok
1785473280.816,2.17,ok
1785473280.835,4.08,ok
1785473280.852,1.98,ok
1785473280.866,1.97,ok
1785473280.882,2.05,ok
1785473280.896,1.94,ok
1785473280.913,2.10,ok
1785473280.931,2.16,ok
1785473280.948,2.31,ok
1785473280.966,2.64,ok
1785473280.983,1.85,ok
1785473281.000,2.20,ok
1785473281.017,2.44,ok
1785473281.031,2.35,ok
1785473281.044,1.89,ok
1785473281.061,2.08,ok
1785473281.076,2.19,ok
1785473281.092,2.27,ok
1785473281.109,2.23,ok
1785473281.122,2.05,ok
1785473281.135,3.05,ok
1785473281.150,2.22,ok
1785473281.169,4.73,ok
1785473281.187,2.02,ok
1785473281.200,2.14,ok
1785473281.214,1.77,ok
1785473281.231,2.87,ok
1785473281.243,1.76,ok
1785473281.258,1.88,ok
1785473281.273,1.66,ok
1785473281.290,2.09,ok
1785473281.307,1.89,ok
1785473281.326,3.53,ok
1785473281.343,1.93,ok
1785473281.360,2.97,ok
1785473281.377,1.80,ok
1785473281.392,2.05,ok
1785473281.405,2.11,ok
1785473281.421,1.62,ok
1785473281.436,1.91,ok
1785473281.451,2.02,ok
1785473281.466,2.15,ok
1785473281.482,2.17,ok
1785473281.497,1.88,ok
1785473281.511,1.99,ok
1785473281.529,2.31,ok
1785473281.542,2.38,ok
1785473281.557,2.12,ok
1785473281.573,2.09,ok
1785473281.587,2.11,ok
1785473281.604,2.05,ok
1785473281.620,2.08,ok
1785473281.633,1.88,ok
1785473281.648,1.99,ok
1785473281.663,1.88,ok
1785473281.681,8.19,ok
1785473281.698,1.84,ok
1785473281.712,2.06,ok
1785473281.725,2.51,ok
1785473281.742,2.08,ok
1785473281.757,1.96,ok
1785473281.774,2.12,ok
1785473281.791,2.40,ok
1785473281.807,4.75,ok
1785473281.823,1.90,ok
1785473281.835,2.09,ok
1785473281.852,1.74,ok
1785473281.865,1.97,ok
1785473281.881,1.71,ok
1785473281.894,1.97,ok
1785473281.911,2.15,ok
1785473281.924,2.08,ok
1785473281.940,2.08,ok
1785473281.954,3.01,ok
1785473281.968,2.14,ok
1785473281.983,1.84,ok
1785473282.000,1.94,ok
1785473282.017,2.13,ok
1785473282.034,2.85,ok
1785473282.053,4.30,ok
1785473282.066,1.79,ok
1785473282.081,1.77,ok
1785473282.098,2.09,ok
1785473282.116,2.95,ok
1785473282.133,2.00,ok
1785473282.146,2.98,ok
1785473282.162,2.18,ok
1785473282.179,1.71,ok
1785473282.195,1.83,ok
1785473282.209,2.11,ok
1785473282.225,2.03,ok
1785473282.243,3.03,ok
1785473282.260,2.28,ok
1785473282.274,2.46,ok
1785473282.291,1.80,ok
1785473282.308,1.84,ok
1785473282.321,2.00,ok
1785473282.338,1.78,ok
1785473282.351,1.81,ok
1785473282.367,1.83,ok
1785473282.383,1.85,ok
1785473282.402,3.55,ok
1785473282.418,1.85,ok
1785473282.434,3.21,ok
1785473282.448,1.91,ok
1785473282.460,1.79,ok
1785473282.475,2.24,ok
1785473282.492,2.13,ok
1785473282.507,2.08,ok
1785473282.524,2.11,ok
1785473282.540,3.05,ok
1785473282.554,2.87,ok
1785473282.566,1.96,ok
1785473282.581,1.97,ok
1785473282.598,3.69,ok
1785473282.612,2.38,ok
1785473282.628,3.67,ok
1785473282.645,2.08,ok
1785473282.661,2.10,ok
1785473282.674,1.82,ok
1785473282.688,3.24,ok
1785473282.705,1.90,ok
1785473282.718,1.95,ok
1785473282.731,2.14,ok
1785473282.744,1.87,ok
1785473282.757,1.96,ok
1785473282.776,3.42,ok
1785473282.792,1.62,ok
1785473282.810,3.79,ok
1785473282.827,2.03,ok
1785473282.843,2.16,ok
1785473282.861,3.09,ok
1785473282.878,2.05,ok
1785473282.892,1.99,ok
1785473282.906,2.11,ok
1785473282.920,1.83,ok
1785473282.933,1.63,ok
1785473282.951,2.82,ok
1785473282.967,2.01,ok
1785473282.984,2.02,ok
1785473283.000,1.80,ok
1785473283.012,1.90,ok
1785473283.025,1.70,ok
1785473283.038,1.58,ok
1785473283.055,2.38,ok
1785473283.067,2.05,ok
1785473283.084,2.55,ok
1785473283.100,1.98,ok
1785473283.118,2.33,ok
1785473283.135,1.95,ok
1785473283.150,2.07,ok
1785473283.163,1.84,ok
1785473283.176,1.97,ok
1785473283.194,3.14,ok
1785473283.210,3.35,ok
1785473283.224,2.10,ok
1785473283.241,2.05,ok
1785473283.257,1.91,ok
1785473283.270,2.17,ok
1785473283.289,3.37,ok
1785473283.304,2.18,ok
1785473283.321,2.19,ok
1785473283.334,2.12,ok
1785473283.352,3.44,ok
1785473283.369,2.97,ok
1785473283.384,2.66,ok
1785473283.396,2.15,ok
1785473283.411,2.65,ok
1785473283.426,3.32,ok
1785473283.444,3.01,ok
1785473283.460,1.95,ok
1785473283.476,2.47,ok
1785473283.490,1.85,ok
1785473283.503,3.25,ok
1785473283.517,2.37,ok
1785473283.530,2.01,ok
1785473283.543,1.60,ok
1785473283.559,2.53,ok
1785473283.573,2.11,ok
1785473283.586,1.98,ok
1785473283.600,1.83,ok
1785473283.615,1.65,ok
1785473283.628,1.71,ok
1785473283.642,4.05,ok
1785473283.657,2.01,ok
1785473283.674,2.43,ok
1785473283.689,4.09,ok
1785473283.706,1.51,ok
1785473283.720,1.48,ok
1785473283.735,2.20,ok
1785473283.748,2.01,ok
1785473283.765,1.97,ok
1785473283.781,2.07,ok
1785473283.795,1.69,ok
1785473283.811,2.10,ok
1785473283.828,1.99,ok
1785473283.841,1.95,ok
1785473283.857,1.93,ok
1785473283.872,1.95,ok
1785473283.885,2.00,ok
1785473283.898,1.59,ok
1785473283.913,1.81,ok
1785473283.929,1.99,ok
1785473283.945,1.89,ok
1785473283.958,3.02,ok
1785473283.971,2.09,ok
1785473283.985,2.24,ok
1785473284.000,2.11,ok
1785473284.014,2.15,ok
1785473284.029,3.25,ok
1785473284.042,1.95,ok
1785473284.055,1.65,ok
1785473284.070,2.19,ok
1785473284.086,2.05,ok
1785473284.101,2.22,ok
1785473284.114,2.25,ok
1785473284.127,2.11,ok
1785473284.142,2.01,ok
1785473284.157,1.80,ok
1785473284.174,1.91,ok
1785473284.188,2.32,ok
1785473284.201,1.92,ok
1785473284.216,2.17,ok
1785473284.229,1.86,ok
1785473284.246,1.68,ok
1785473284.258,2.27,ok
1785473284.275,2.07,ok
1785473284.289,3.28,ok
1785473284.303,1.91,ok
1785473284.317,2.19,ok
1785473284.330,1.97,ok
1785473284.349,3.31,ok
1785473284.363,1.94,ok
1785473284.379,2.01,ok
1785473284.394,3.33,ok
1785473284.409,4.44,ok
1785473284.424,2.40,ok
1785473284.438,3.16,ok
1785473284.451,2.22,ok
1785473284.466,1.91,ok
1785473284.480,2.20,ok
1785473284.497,2.19,ok
1785473284.512,1.79,ok
1785473284.529,2.31,ok
1785473284.542,1.97,ok
1785473284.557,2.22,ok
1785473284.573,1.98,ok
1785473284.587,1.76,ok
1785473284.603,2.12,ok
1785473284.617,1.75,ok
1785473284.636,3.70,ok
1785473284.649,2.48,ok
1785473284.664,1.95,ok
1785473284.693,13.55,ok
1785473284.709,2.24,ok
1785473284.724,1.81,ok
1785473284.737,2.05,ok
1785473284.752,2.18,ok
1785473284.770,2.39,ok
1785473284.785,2.08,ok
1785473284.800,1.91,ok
1785473284.817,1.79,ok
1785473284.833,1.83,ok
1785473284.847,1.89,ok
1785473284.861,1.92,ok
1785473284.878,1.97,ok
1785473284.892,1.83,ok
1785473284.906,1.79,ok
1785473284.921,1.88,ok
1785473284.940,3.50,ok
1785473284.957,2.36,ok
1785473284.975,2.56,ok
1785473284.992,1.98,ok
1785473285.008,1.96,ok
1785473285.023,1.97,ok
1785473285.040,2.00,ok
1785473285.058,2.23,ok
1785473285.075,2.00,ok
1785473285.090,2.14,ok
1785473285.105,2.03,ok
1785473285.120,4.67,ok
1785473285.134,2.05,ok
1785473285.151,1.99,ok
1785473285.168,3.84,ok
1785473285.185,2.21,ok
1785473285.201,3.24,ok
1785473285.213,1.83,ok
1785473285.227,2.14,ok
1785473285.244,2.45,ok
1785473285.261,1.81,ok
1785473285.276,1.80,ok
1785473285.292,1.98,ok
1785473285.309,1.93,ok
1785473285.323,2.48,ok
1785473285.340,1.95,ok
1785473285.353,1.98,ok
1785473285.367,2.01,ok
1785473285.384,2.12,ok
1785473285.401,2.32,ok
1785473285.417,2.24,ok
1785473285.434,2.05,ok
1785473285.450,2.27,ok
1785473285.467,2.30,ok
1785473285.480,2.10,ok
1785473285.496,2.13,ok
1785473285.509,1.86,ok
1785473285.526,1.93,ok
1785473285.543,1.83,ok
1785473285.560,2.09,ok
1785473285.577,2.01,ok
1785473285.594,2.00,ok
1785473285.611,2.04,ok
1785473285.628,1.78,ok
1785473285.645,1.89,ok
1785473285.657,1.87,ok
1785473285.674,2.07,ok
1785473285.695,10.33,ok
1785473285.708,1.97,ok
1785473285.725,3.01,ok
1785473285.738,1.91,ok
1785473285.754,2.10,ok
1785473285.772,2.04,ok
1785473285.787,2.22,ok
1785473285.800,1.68,ok
1785473285.817,2.11,ok
1785473285.836,3.84,ok
1785473285.850,1.89,ok
1785473285.867,3.67,ok
1785473285.883,2.11,ok
1785473285.897,3.07,ok
1785473285.912,2.02,ok
1785473285.929,2.03,ok
1785473285.947,2.87,ok
1785473285.964,1.83,ok
1785473285.978,1.89,ok
1785473285.993,3.26,ok
1785473286.009,1.92,ok
1785473286.022,2.29,ok
1785473286.035,2.29,ok
1785473286.051,2.22,ok
1785473286.068,4.19,ok
1785473286.083,1.93,ok
1785473286.100,1.85,ok
1785473286.116,2.08,ok
1785473286.133,1.90,ok
1785473286.148,1.81,ok
1785473286.165,1.81,ok
1785473286.182,2.09,ok
1785473286.198,1.93,ok
1785473286.213,1.80,ok
1785473286.229,3.16,ok
1785473286.246,3.50,ok
1785473286.259,1.98,ok
1785473286.275,2.00,ok
1785473286.291,1.90,ok
1785473286.308,2.44,ok
1785473286.320,1.90,ok
1785473286.334,1.94,ok
1785473286.348,2.34,ok
1785473286.365,1.97,ok
1785473286.382,1.94,ok
1785473286.397,1.92,ok
1785473286.413,1.86,ok
1785473286.429,3.36,ok
1785473286.445,2.24,ok
1785473286.462,2.18,ok
1785473286.479,2.46,ok
1785473286.492,2.40,ok
1785473286.509,2.27,ok
1785473286.525,3.02,ok
1785473286.540,2.52,ok
1785473286.554,1.75,ok
1785473286.571,1.92,ok
1785473286.587,1.72,ok
1785473286.600,1.89,ok
1785473286.616,1.91,ok
1785473286.631,2.23,ok
1785473286.650,3.98,ok
1785473286.663,2.53,ok
1785473286.676,2.77,ok
1785473286.694,2.95,ok
1785473286.711,1.99,ok
1785473286.727,3.46,ok
1785473286.743,1.79,ok
1785473286.757,1.68,ok
1785473286.775,4.71,ok
1785473286.790,1.87,ok
1785473286.808,2.36,ok
1785473286.821,1.88,ok
1785473286.836,2.79,ok
1785473286.852,2.14,ok
1785473286.865,1.96,ok
1785473286.882,2.16,ok
1785473286.897,1.89,ok
1785473286.910,1.77,ok
1785473286.922,1.62,ok
1785473286.938,2.19,ok
1785473286.953,1.81,ok
1785473286.967,2.25,ok
1785473286.983,2.38,ok
1785473287.000,1.86,ok
1785473287.014,1.83,ok
1785473287.031,1.93,ok
1785473287.044,1.67,ok
1785473287.059,2.21,ok
1785473287.075,1.68,ok
1785473287.091,2.36,ok
1785473287.107,2.14,ok
1785473287.118,1.56,ok
1785473287.135,2.22,ok
1785473287.147,1.93,ok
1785473287.161,1.94,ok
1785473287.174,2.28,ok
1785473287.192,2.45,ok
1785473287.207,2.10,ok
1785473287.224,2.18,ok
1785473287.237,2.08,ok
1785473287.250,1.99,ok
1785473287.267,2.11,ok
1785473287.282,1.74,ok
1785473287.298,1.91,ok
1785473287.311,1.70,ok
1785473287.328,2.17,ok
1785473287.341,1.65,ok
1785473287.358,3.05,ok
1785473287.375,1.96,ok
1785473287.391,1.92,ok
1785473287.408,1.87,ok
1785473287.423,1.54,ok
1785473287.439,1.74,ok
1785473287.453,2.68,ok
1785473287.468,1.50,ok
1785473287.484,2.98,ok
1785473287.497,1.44,ok
1785473287.511,2.87,ok
1785473287.527,1.93,ok
1785473287.545,1.94,ok
1785473287.558,2.21,ok
1785473287.575,2.26,ok
1785473287.593,3.18,ok
1785473287.608,1.79,ok
1785473287.621,1.72,ok
1785473287.636,3.24,ok
1785473287.649,2.22,ok
1785473287.661,1.75,ok
1785473287.676,1.73,ok
1785473287.697,10.16,ok
1785473287.713,1.89,ok
1785473287.730,2.18,ok
1785473287.746,1.80,ok
1785473287.760,1.68,ok
1785473287.777,2.11,ok
1785473287.794,1.65,ok
1785473287.808,1.59,ok
1785473287.822,3.43,ok
1785473287.839,1.73,ok
1785473287.854,1.85,ok
1785473287.867,1.50,ok
1785473287.883,1.73,ok
1785473287.900,1.74,ok
1785473287.917,1.76,ok
1785473287.934,1.83,ok
1785473287.951,2.09,ok
1785473287.967,1.80,ok
1785473287.983,2.02,ok
1785473288.000,1.85,ok
1785473288.017,2.04,ok
1785473288.031,1.85,ok
1785473288.045,1.80,ok
1785473288.059,2.12,ok
1785473288.074,3.09,ok
1785473288.090,1.88,ok
1785473288.103,2.36,ok
1785473288.118,1.89,ok
1785473288.132,2.07,ok
1785473288.148,1.88,ok
1785473288.165,2.63,ok
1785473288.183,2.18,ok
1785473288.200,1.95,ok
1785473288.217,2.04,ok
1785473288.229,1.76,ok
1785473288.246,1.40,ok
1785473288.264,3.02,ok
1785473288.280,1.90,ok
1785473288.292,1.58,ok
1785473288.309,2.43,ok
1785473288.326,2.00,ok
1785473288.342,1.51,ok
1785473288.358,1.63,ok
1785473288.375,2.02,ok
1785473288.388,1.75,ok
1785473288.403,3.67,ok
1785473288.422,4.02,ok
1785473288.438,1.99,ok
1785473288.456,3.43,ok
1785473288.473,1.96,ok
1785473288.490,1.50,ok
1785473288.502,2.30,ok
1785473288.519,1.86,ok
1785473288.534,1.98,ok
1785473288.546,1.89,ok
1785473288.560,1.68,ok
1785473288.573,2.08,ok
1785473288.590,1.93,ok
1785473288.607,1.98,ok
1785473288.624,2.32,ok
1785473288.638,1.80,ok
1785473288.650,1.91,ok
1785473288.667,1.86,ok
1785473288.684,2.40,ok
1785473288.702,3.14,ok
1785473288.718,2.07,ok
1785473288.730,1.75,ok
1785473288.744,2.37,ok
1785473288.761,1.59,ok
1785473288.777,1.84,ok
1785473288.794,1.93,ok
1785473288.807,1.75,ok
1785473288.824,2.24,ok
1785473288.841,2.12,ok
1785473288.858,2.04,ok
1785473288.873,1.56,ok
1785473288.886,2.21,ok
1785473288.905,3.34,ok
1785473288.918,1.91,ok
1785473288.935,2.55,ok
1785473288.948,2.04,ok
1785473288.963,1.48,ok
1785473288.978,1.91,ok
1785473288.992,1.91,ok
1785473289.009,2.06,ok
1785473289.025,1.80,ok
1785473289.037,2.45,ok
1785473289.050,2.18,ok
1785473289.065,1.91,ok
1785473289.077,1.69,ok
1785473289.095,3.04,ok
1785473289.111,1.44,ok
1785473289.128,1.91,ok
1785473289.141,1.73,ok
1785473289.158,1.79,ok
1785473289.175,1.70,ok
1785473289.191,3.02,ok
1785473289.205,1.98,ok
1785473289.220,3.43,ok
1785473289.233,1.64,ok
1785473289.247,2.83,ok
1785473289.260,1.82,ok
1785473289.274,2.35,ok
1785473289.287,1.81,ok
1785473289.300,1.91,ok
1785473289.313,1.74,ok
1785473289.328,1.77,ok
1785473289.341,1.59,ok
1785473289.357,2.20,ok
1785473289.370,1.72,ok
1785473289.383,2.23,ok
1785473289.400,1.87,ok
1785473289.417,1.90,ok
1785473289.434,1.80,ok
1785473289.446,1.92,ok
1785473289.458,1.71,ok
1785473289.473,1.97,ok
1785473289.489,2.10,ok
1785473289.506,1.75,ok
1785473289.520,3.27,ok
1785473289.532,1.58,ok
1785473289.545,2.37,ok
1785473289.558,1.99,ok
1785473289.571,1.79,ok
1785473289.584,1.73,ok
1785473289.598,1.53,ok
1785473289.610,1.87,ok
1785473289.625,1.66,ok
1785473289.641,1.54,ok
1785473289.658,1.70,ok
1785473289.671,1.63,ok
1785473289.683,1.78,ok
1785473289.700,1.97,ok
1785473289.717,1.95,ok
1785473289.732,1.85,ok
1785473289.751,3.43,ok
1785473289.766,1.77,ok
1785473289.780,1.75,ok
1785473289.796,1.89,ok
1785473289.808,1.71,ok
1785473289.824,2.19,ok
1785473289.839,2.06,ok
1785473289.856,2.11,ok
1785473289.869,1.95,ok
1785473289.885,2.20,ok
1785473289.901,3.46,ok
1785473289.917,1.97,ok
1785473289.934,2.38,ok
1785473289.950,3.82,ok
1785473289.962,1.79,ok
1785473289.978,1.51,ok
1785473289.991,1.91,ok
1785473290.008,1.77,ok
1785473290.022,3.00,ok
1785473290.037,1.70,ok
1785473290.052,1.77,ok
1785473290.067,1.90,ok
1785473290.084,1.93,ok
1785473290.099,2.37,ok
1785473290.115,1.85,ok
1785473290.132,1.98,ok
1785473290.149,2.38,ok
1785473290.162,1.84,ok
1785473290.175,1.72,ok
1785473290.189,1.53,ok
1785473290.206,1.88,ok
1785473290.223,1.86,ok
1785473290.240,1.83,ok
1785473290.254,2.57,ok
1785473290.267,1.86,ok
1785473290.284,3.68,ok
1785473290.297,1.62,ok
1785473290.313,1.98,ok
1785473290.330,2.49,ok
1785473290.349,3.54,ok
1785473290.366,1.79,ok
1785473290.379,2.09,ok
1785473290.392,1.93,ok
1785473290.410,3.25,ok
1785473290.425,3.43,ok
1785473290.437,1.60,ok
1785473290.453,2.58,ok
1785473290.467,1.86,ok
1785473290.483,1.70,ok
1785473290.499,4.88,ok
1785473290.512,2.75,ok
1785473290.525,1.85,ok
1785473290.540,1.68,ok
1785473290.557,1.90,ok
1785473290.569,1.59,ok
1785473290.584,2.87,ok
1785473290.600,1.53,ok
1785473290.618,3.50,ok
1785473290.634,2.35,ok
1785473290.652,3.06,ok
1785473290.669,2.08,ok
1785473290.684,1.73,ok
1785473290.699,2.70,ok
1785473290.712,1.81,ok
1785473290.727,2.18,ok
1785473290.741,1.97,ok
1785473290.755,3.14,ok
1785473290.772,1.96,ok
1785473290.785,2.12,ok
1785473290.797,1.71,ok
1785473290.811,2.10,ok
1785473290.828,1.96,ok
1785473290.842,2.00,ok
1785473290.860,3.56,ok
1785473290.877,1.86,ok
1785473290.889,1.63,ok
1785473290.902,1.88,ok
1785473290.915,2.08,ok
1785473290.931,2.17,ok
1785473290.944,1.78,ok
1785473290.959,1.52,ok
1785473290.975,1.83,ok
1785473290.989,2.06,ok
1785473291.002,1.45,ok
1785473291.016,1.79,ok
1785473291.031,2.07,ok
1785473291.048,1.89,ok
1785473291.065,1.93,ok
1785473291.078,1.58,ok
1785473291.091,1.81,ok
1785473291.108,1.98,ok
1785473291.124,1.70,ok
1785473291.140,2.14,ok
1785473291.156,1.80,ok
1785473291.173,2.18,ok
1785473291.191,2.49,ok
1785473291.207,2.20,ok
1785473291.225,3.62,ok
1785473291.241,1.66,ok
1785473291.258,2.04,ok
1785473291.275,2.04,ok
1785473291.292,1.94,ok
1785473291.307,1.60,ok
1785473291.319,1.85,ok
1785473291.333,1.63,ok
1785473291.348,1.79,ok
1785473291.361,1.72,ok
1785473291.375,1.94,ok
1785473291.392,1.96,ok
1785473291.408,1.85,ok
1785473291.425,2.07,ok
1785473291.442,2.10,ok
1785473291.459,3.39,ok
1785473291.473,1.90,ok
1785473291.491,2.24,ok
1785473291.506,1.99,ok
1785473291.519,2.49,ok
1785473291.536,1.83,ok
1785473291.550,2.02,ok
1785473291.567,1.92,ok
1785473291.584,2.15,ok
1785473291.599,1.90,ok
1785473291.612,1.69,ok
1785473291.626,2.81,ok
1785473291.641,2.52,ok
1785473291.658,3.17,ok
1785473291.675,3.15,ok
1785473291.698,10.25,ok
1785473291.711,1.68,ok
1785473291.729,3.14,ok
1785473291.747,2.11,ok
1785473291.760,1.74,ok
1785473291.777,2.08,ok
1785473291.789,2.19,ok
1785473291.802,1.94,ok
1785473291.815,1.64,ok
1785473291.828,3.39,ok
1785473291.842,2.14,ok
1785473291.858,1.74,ok
1785473291.875,1.86,ok
1785473291.892,1.83,ok
1785473291.907,2.23,ok
1785473291.924,1.54,ok
1785473291.936,1.70,ok
1785473291.951,1.83,ok
1785473291.968,1.95,ok
1785473291.982,1.81,ok
1785473291.995,1.98,ok
1785473292.008,1.75,ok
1785473292.023,1.84,ok
1785473292.039,2.12,ok
1785473292.056,2.04,ok
1785473292.073,2.07,ok
1785473292.091,2.16,ok
1785473292.103,1.58,ok
1785473292.116,1.72,ok
1785473292.133,1.77,ok
1785473292.148,1.65,ok
1785473292.160,1.87,ok
1785473292.177,1.99,ok
1785473292.191,2.05,ok
1785473292.208,2.12,ok
1785473292.225,2.06,ok
1785473292.241,2.43,ok
1785473292.258,2.16,ok
1785473292.275,3.39,ok
1785473292.292,2.08,ok
1785473292.305,2.09,ok
1785473292.320,1.79,ok
1785473292.336,1.66,ok
1785473292.350,1.71,ok
1785473292.365,1.88,ok
1785473292.382,1.71,ok
1785473292.394,1.83,ok
1785473292.407,1.66,ok
1785473292.424,1.82,ok
1785473292.440,3.92,ok
1785473292.455,2.10,ok
1785473292.470,1.69,ok
1785473292.487,3.17,ok
1785473292.510,9.05,ok
1785473292.536,12.84,ok
1785473292.552,2.78,ok
1785473292.569,2.17,ok
1785473292.581,1.80,ok
1785473292.598,1.87,ok
1785473292.612,1.94,ok
1785473292.631,5.07,ok
1785473292.645,3.45,ok
1785473292.661,2.32,ok
1785473292.674,2.19,ok
1785473292.689,1.58,ok
1785473292.705,1.91,ok
1785473292.719,2.18,ok
1785473292.732,2.31,ok
1785473292.747,1.98,ok
1785473292.763,1.99,ok
1785473292.781,2.27,ok
1785473292.798,1.79,ok
1785473292.814,2.17,ok
1785473292.832,3.71,ok
1785473292.855,2.19,ok
1785473292.872,1.74,ok
1785473292.884,2.33,ok
1785473292.901,2.16,ok
1785473292.918,2.06,ok
1785473292.934,1.79,ok
1785473292.947,1.62,ok
1785473292.962,3.06,ok
1785473292.978,1.70,ok
1785473292.991,1.86,ok
1785473293.007,2.04,ok
1785473293.024,2.41,ok
1785473293.037,2.18,ok
1785473293.050,2.25,ok
1785473293.067,2.10,ok
1785473293.084,2.22,ok
1785473293.101,2.40,ok
1785473293.118,3.62,ok
1785473293.135,1.88,ok
1785473293.150,1.83,ok
1785473293.167,2.17,ok
1785473293.184,2.02,ok
1785473293.199,1.96,ok
1785473293.211,1.92,ok
1785473293.228,1.83,ok
1785473293.242,1.90,ok
1785473293.257,1.83,ok
1785473293.274,1.66,ok
1785473293.288,1.54,ok
1785473293.304,1.78,ok
1785473293.318,3.65,ok
1785473293.334,1.99,ok
1785473293.350,1.76,ok
1785473293.367,1.93,ok
1785473293.382,2.09,ok
1785473293.399,1.81,ok
1785473293.416,1.96,ok
1785473293.432,1.77,ok
1785473293.445,1.79,ok
1785473293.459,1.74,ok
1785473293.473,3.09,ok
1785473293.486,2.48,ok
1785473293.500,2.80,ok
1785473293.513,1.78,ok
1785473293.528,1.86,ok
1785473293.540,1.78,ok
1785473293.554,1.73,ok
1785473293.567,1.73,ok
1785473293.584,1.90,ok
1785473293.598,1.96,ok
1785473293.612,2.53,ok
1785473293.625,1.84,ok
1785473293.637,1.56,ok
1785473293.653,1.57,ok
1785473293.666,1.87,ok
1785473293.683,1.84,ok
1785473293.704,5.61,ok
1785473293.720,1.88,ok
1785473293.737,1.86,ok
1785473293.753,1.77,ok
1785473293.767,1.80,ok
1785473293.785,3.01,ok
1785473293.802,1.72,ok
1785473293.817,1.85,ok
1785473293.834,1.88,ok
1785473293.848,1.64,ok
1785473293.861,1.82,ok
1785473293.873,1.63,ok
1785473293.891,2.06,ok
1785473293.904,1.64,ok
1785473293.917,1.68,ok
1785473293.931,1.74,ok
1785473293.944,2.14,ok
1785473293.958,2.04,ok
1785473293.975,1.73,ok
1785473293.992,2.11,ok
1785473294.009,2.20,ok
1785473294.025,1.75,ok
1785473294.040,1.86,ok
1785473294.056,1.81,ok
1785473294.074,2.64,ok
1785473294.087,1.88,ok
1785473294.104,2.33,ok
1785473294.122,2.20,ok
1785473294.139,2.12,ok
1785473294.151,1.66,ok
1785473294.163,1.81,ok
1785473294.178,2.17,ok
1785473294.195,3.40,ok
1785473294.208,1.72,ok
1785473294.227,3.42,ok
1785473294.242,1.82,ok
1785473294.259,2.01,ok
1785473294.274,1.58,ok
1785473294.291,1.76,ok
1785473294.308,1.82,ok
1785473294.321,1.49,ok
1785473294.335,2.38,ok
1785473294.349,2.28,ok
1785473294.364,2.38,ok
1785473294.381,2.24,ok
1785473294.399,2.05,ok
1785473294.411,1.87,ok
1785473294.428,1.85,ok
1785473294.445,2.23,ok
1785473294.461,1.69,ok
1785473294.475,3.04,ok
1785473294.489,1.99,ok
1785473294.506,1.95,ok
1785473294.528,10.35,ok
1785473294.545,2.20,ok
1785473294.562,2.65,ok
1785473294.579,1.82,ok
1785473294.596,1.99,ok
1785473294.608,1.81,ok
1785473294.621,2.00,ok
1785473294.637,2.33,ok
1785473294.654,2.11,ok
1785473294.667,2.01,ok
1785473294.680,1.92,ok
1785473294.701,9.69,ok
1785473294.717,1.92,ok
1785473294.731,1.81,ok
1785473294.743,1.44,ok
1785473294.759,1.79,ok
1785473294.772,1.95,ok
1785473294.790,2.06,ok
1785473294.807,1.97,ok
1785473294.824,2.09,ok
1785473294.837,1.93,ok
1785473294.850,1.94,ok
1785473294.866,1.96,ok
1785473294.878,1.71,ok
1785473294.894,1.67,ok
1785473294.908,3.29,ok
1785473294.924,1.86,ok
1785473294.940,1.76,ok
1785473294.955,1.37,ok
1785473294.968,1.66,ok
1785473294.985,3.52,ok
1785473294.998,2.11,ok
1785473295.011,2.58,ok
1785473295.027,1.99,ok
1785473295.039,1.69,ok
1785473295.054,1.67,ok
1785473295.070,2.07,ok
1785473295.083,1.98,ok
1785473295.098,1.68,ok
1785473295.112,1.92,ok
1785473295.124,1.88,ok
1785473295.141,1.96,ok
1785473295.158,1.76,ok
1785473295.173,1.72,ok
1785473295.195,7.14,ok
1785473295.211,1.86,ok
1785473295.229,3.09,ok
1785473295.244,2.35,ok
1785473295.259,1.94,ok
1785473295.271,1.49,ok
1785473295.283,1.78,ok
1785473295.297,2.18,ok
1785473295.314,1.90,ok
1785473295.329,1.89,ok
1785473295.345,1.99,ok
1785473295.359,1.83,ok
1785473295.373,3.07,ok
1785473295.388,1.74,ok
1785473295.405,2.77,ok
1785473295.417,1.68,ok
1785473295.434,1.86,ok
1785473295.451,2.24,ok
1785473295.463,1.98,ok
1785473295.480,1.66,ok
1785473295.495,1.89,ok
1785473295.508,1.73,ok
1785473295.525,1.91,ok
1785473295.539,1.58,ok
1785473295.555,1.88,ok
1785473295.568,2.08,ok
1785473295.585,2.10,ok
1785473295.598,1.50,ok
1785473295.611,1.68,ok
1785473295.628,1.90,ok
1785473295.645,2.21,ok
1785473295.661,1.83,ok
1785473295.678,1.93,ok
1785473295.703,10.07,ok
1785473295.716,2.30,ok
1785473295.731,3.63,ok
1785473295.749,1.96,ok
1785473295.766,2.68,ok
1785473295.784,2.61,ok
1785473295.802,2.28,ok
1785473295.817,1.98,ok
1785473295.834,1.78,ok
1785473295.850,2.09,ok
1785473295.867,1.89,ok
1785473295.884,1.72,ok
1785473295.898,1.85,ok
1785473295.914,2.21,ok
1785473295.926,2.06,ok
1785473295.942,2.42,ok
1785473295.959,1.82,ok
1785473295.972,1.75,ok
1785473295.987,1.35,ok
1785473296.002,1.68,ok
1785473296.016,1.82,ok
1785473296.033,2.04,ok
1785473296.046,1.74,ok
1785473296.060,1.95,ok
1785473296.080,4.59,ok
1785473296.097,2.23,ok
1785473296.112,3.01,ok
1785473296.126,2.00,ok
1785473296.142,2.84,ok
1785473296.159,1.89,ok
1785473296.175,1.71,ok
1785473296.192,1.83,ok
1785473296.209,1.81,ok
1785473296.221,1.76,ok
1785473296.235,2.37,ok
1785473296.252,2.06,ok
1785473296.267,2.07,ok
1785473296.283,2.10,ok
1785473296.300,1.94,ok
1785473296.314,2.13,ok
1785473296.327,2.02,ok
1785473296.342,1.98,ok
1785473296.360,3.18,ok
1785473296.373,1.63,ok
1785473296.390,1.62,ok
1785473296.405,2.90,ok
1785473296.422,2.17,ok
1785473296.439,2.17,ok
1785473296.455,1.93,ok
1785473296.468,2.17,ok
1785473296.487,3.31,ok
1785473296.500,2.12,ok
1785473296.514,2.13,ok
1785473296.529,1.97,ok
1785473296.544,1.85,ok
1785473296.559,2.07,ok
1785473296.575,1.86,ok
1785473296.591,5.82,ok
1785473296.608,1.92,ok
1785473296.622,1.83,ok
1785473296.635,2.39,ok
1785473296.648,2.07,ok
1785473296.661,1.87,ok
1785473296.674,1.76,ok
1785473296.689,3.07,ok
1785473296.708,5.09,ok
1785473296.720,1.57,ok
1785473296.735,2.19,ok
1785473296.750,2.21,ok
1785473296.768,2.82,ok
1785473296.783,3.44,ok
1785473296.800,1.83,ok
1785473296.817,1.94,ok
1785473296.834,2.03,ok
1785473296.850,1.98,ok
1785473296.867,1.97,ok
1785473296.886,3.08,ok
1785473296.900,1.69,ok
1785473296.913,1.73,ok
1785473296.925,1.60,ok
1785473296.939,2.06,ok
1785473296.955,1.94,ok
1785473296.971,3.51,ok
1785473296.985,2.05,ok
1785473296.997,1.92,ok
1785473297.010,1.73,ok
1785473297.026,2.37,ok
1785473297.042,2.17,ok
1785473297.062,4.92,ok
1785473297.079,1.93,ok
1785473297.091,2.02,ok
1785473297.105,1.90,ok
1785473297.122,2.01,ok
1785473297.139,1.83,ok
1785473297.156,1.90,ok
1785473297.170,2.26,ok
1785473297.187,2.17,ok
1785473297.203,1.66,ok
1785473297.217,1.92,ok
1785473297.231,2.09,ok
1785473297.248,2.02,ok
1785473297.265,1.95,ok
1785473297.279,3.10,ok
1785473297.295,2.36,ok
1785473297.308,2.40,ok
1785473297.322,1.93,ok
1785473297.337,1.90,ok
1785473297.352,2.07,ok
1785473297.365,2.17,ok
1785473297.381,1.75,ok
1785473297.395,1.87,ok
1785473297.412,2.09,ok
1785473297.425,1.87,ok
1785473297.442,1.94,ok
1785473297.459,1.87,ok
1785473297.474,2.13,ok
1785473297.487,2.22,ok
1785473297.504,1.91,ok
1785473297.518,2.96,ok
1785473297.534,3.01,ok
1785473297.550,2.13,ok
1785473297.567,1.89,ok
1785473297.582,2.04,ok
1785473297.596,2.10,ok
1785473297.608,1.93,ok
1785473297.625,1.90,ok
1785473297.638,1.84,ok
1785473297.655,1.92,ok
1785473297.667,1.78,ok
1785473297.680,1.83,ok
1785473297.695,3.15,ok
1785473297.711,1.62,ok
1785473297.728,1.65,ok
1785473297.745,1.95,ok
1785473297.757,1.64,ok
1785473297.773,1.88,ok
1785473297.792,3.51,ok
1785473297.806,1.78,ok
1785473297.821,3.00,ok
1785473297.834,1.74,ok
1785473297.850,1.86,ok
1785473297.865,4.12,ok
1785473297.878,2.15,ok
1785473297.891,1.92,ok
1785473297.904,2.01,ok
1785473297.920,2.26,ok
1785473297.936,2.13,ok
1785473297.952,1.95,ok
1785473297.966,3.08,ok
1785473297.980,1.82,ok
1785473297.995,1.95,ok
1785473298.010,1.87,ok
1785473298.024,1.75,ok
1785473298.041,1.92,ok
1785473298.054,1.90,ok
1785473298.070,1.75,ok
1785473298.083,2.12,ok
1785473298.100,2.13,ok
1785473298.117,2.10,ok
1785473298.131,1.91,ok
1785473298.145,1.97,ok
1785473298.162,1.81,ok
1785473298.177,3.22,ok
1785473298.191,3.21,ok
1785473298.204,1.97,ok
1785473298.219,1.97,ok
1785473298.233,1.84,ok
1785473298.248,2.03,ok
1785473298.262,3.84,ok
1785473298.275,1.85,ok
1785473298.292,1.94,ok
1785473298.308,2.04,ok
1785473298.323,1.77,ok
1785473298.335,1.76,ok
1785473298.353,2.03,ok
1785473298.367,1.89,ok
1785473298.383,2.33,ok
1785473298.400,2.06,ok
1785473298.417,2.27,ok
1785473298.432,2.00,ok
1785473298.449,2.17,ok
1785473298.463,1.90,ok
1785473298.479,2.34,ok
1785473298.491,1.66,ok
1785473298.507,2.03,ok
1785473298.522,1.97,ok
1785473298.537,2.06,ok
1785473298.554,1.99,ok
1785473298.568,2.49,ok
1785473298.581,2.57,ok
1785473298.594,1.57,ok
1785473298.612,3.50,ok
1785473298.628,1.81,ok
1785473298.643,1.90,ok
1785473298.661,2.91,ok
1785473298.674,1.74,ok
1785473298.688,3.06,ok
1785473298.704,3.80,ok
1785473298.718,2.50,ok
1785473298.734,1.82,ok
1785473298.751,1.81,ok
1785473298.765,1.81,ok
1785473298.779,2.43,ok
1785473298.791,1.96,ok
1785473298.808,1.96,ok
1785473298.823,1.67,ok
1785473298.837,1.93,ok
1785473298.854,2.26,ok
1785473298.870,1.85,ok
1785473298.887,2.00,ok
1785473298.904,2.14,ok
1785473298.917,1.73,ok
1785473298.929,1.65,ok
1785473298.944,1.86,ok
1785473298.958,2.14,ok
1785473298.977,3.46,ok
1785473298.991,2.18,ok
1785473299.008,2.11,ok
1785473299.022,2.24,ok
1785473299.036,1.74,ok
1785473299.052,2.06,ok
1785473299.064,1.53,ok
1785473299.079,1.68,ok
1785473299.095,2.12,ok
1785473299.108,1.71,ok
1785473299.125,1.78,ok
1785473299.140,1.99,ok
1785473299.157,1.95,ok
1785473299.174,1.73,ok
1785473299.191,1.79,ok
1785473299.208,2.28,ok
1785473299.225,2.06,ok
1785473299.241,2.32,ok
1785473299.258,1.97,ok
1785473299.272,2.19,ok
1785473299.288,2.13,ok
1785473299.305,1.85,ok
1785473299.321,1.84,ok
1785473299.335,1.97,ok
1785473299.352,2.12,ok
1785473299.366,1.75,ok
1785473299.382,1.79,ok
1785473299.394,1.87,ok
1785473299.411,2.16,ok
1785473299.428,2.13,ok
1785473299.445,2.03,ok
1785473299.461,1.73,ok
1785473299.478,1.93,ok
1785473299.494,1.64,ok
1785473299.507,1.84,ok
1785473299.521,1.89,ok
1785473299.535,3.16,ok
1785473299.550,2.01,ok
1785473299.567,1.82,ok
1785473299.582,2.06,ok
1785473299.599,1.75,ok
1785473299.616,1.90,ok
1785473299.632,1.93,ok
1785473299.645,1.86,ok
1785473299.662,1.93,ok
1785473299.679,2.25,ok
1785473299.692,2.21,ok
1785473299.709,3.63,ok
1785473299.723,3.25,ok
1785473299.735,1.99,ok
1785473299.749,1.92,ok
1785473299.762,1.93,ok
1785473299.775,1.87,ok
1785473299.787,1.74,ok
1785473299.806,3.48,ok
1785473299.820,1.86,ok
1785473299.834,3.45,ok
1785473299.848,2.20,ok
1785473299.861,2.10,ok
1785473299.875,3.01,ok
1785473299.892,2.07,ok
1785473299.908,1.75,ok
1785473299.925,1.86,ok
1785473299.940,1.99,ok
1785473299.957,1.76,ok
1785473299.974,1.73,ok
1785473299.990,1.70,ok
1785473300.003,1.97,ok
1785473300.019,2.02,ok
1785473300.033,2.14,ok
1785473300.047,1.90,ok
1785473300.064,1.86,ok
1785473300.081,2.33,ok
1785473300.100,4.57,ok
1785473300.114,2.05,ok
1785473300.127,2.17,ok
1785473300.144,1.89,ok
1785473300.158,2.08,ok
1785473300.175,1.77,ok
1785473300.188,1.82,ok
1785473300.204,1.78,ok
1785473300.219,1.86,ok
1785473300.232,1.92,ok
1785473300.245,1.96,ok
1785473300.261,1.58,ok
1785473300.278,2.07,ok
1785473300.295,2.07,ok
1785473300.313,2.14,ok
1785473300.330,2.09,ok
1785473300.345,1.98,ok
1785473300.361,1.71,ok
1785473300.376,1.84,ok
1785473300.388,1.97,ok
1785473300.403,1.97,ok
1785473300.420,2.01,ok
1785473300.436,1.73,ok
1785473300.449,2.02,ok
1785473300.465,3.35,ok
1785473300.483,3.02,ok
1785473300.500,2.33,ok
1785473300.516,3.42,ok
1785473300.530,1.96,ok
1785473300.551,8.13,ok
1785473300.566,2.48,ok
1785473300.582,1.96,ok
1785473300.595,2.44,ok
1785473300.611,2.40,ok
1785473300.629,2.87,ok
1785473300.644,2.09,ok
1785473300.663,3.96,ok
1785473300.677,1.95,ok
1785473300.691,1.76,ok
1785473300.709,3.04,ok
1785473300.725,1.83,ok
1785473300.742,1.88,ok
1785473300.758,1.82,ok
1785473300.775,1.87,ok
1785473300.790,2.30,ok
1785473300.808,2.90,ok
1785473300.824,1.86,ok
1785473300.840,2.09,ok
1785473300.852,2.01,ok
1785473300.869,2.18,ok
1785473300.882,2.02,ok
1785473300.895,1.97,ok
1785473300.908,1.83,ok
1785473300.924,2.04,ok
1785473300.938,1.80,ok
1785473300.950,1.64,ok
1785473300.967,2.99,ok
1785473300.983,1.82,ok
1785473301.001,2.72,ok
1785473301.017,1.68,ok
1785473301.032,2.41,ok
1785473301.046,1.84,ok
1785473301.061,1.74,ok
1785473301.074,2.17,ok
1785473301.092,2.25,ok
1785473301.109,1.86,ok
1785473301.125,2.07,ok
1785473301.142,2.43,ok
1785473301.159,3.15,ok
1785473301.177,3.09,ok
1785473301.191,1.98,ok
1785473301.205,2.00,ok
1785473301.222,2.14,ok
1785473301.237,2.28,ok
1785473301.251,2.14,ok
1785473301.266,1.86,ok
1785473301.281,1.89,ok
1785473301.295,1.69,ok
1785473301.308,1.85,ok
1785473301.324,3.26,ok
1785473301.339,1.76,ok
1785473301.355,1.74,ok
1785473301.368,3.01,ok
1785473301.382,2.02,ok
1785473301.399,3.21,ok
1785473301.412,1.64,ok
1785473301.427,1.71,ok
1785473301.440,1.52,ok
1785473301.456,3.51,ok
1785473301.469,2.03,ok
1785473301.483,2.27,ok
1785473301.495,2.13,ok
1785473301.511,1.79,ok
1785473301.526,3.60,ok
1785473301.541,2.04,ok
1785473301.558,2.27,ok
1785473301.574,2.26,ok
1785473301.590,2.01,ok
1785473301.602,1.76,ok
1785473301.618,2.09,ok
1785473301.632,2.98,ok
1785473301.645,2.60,ok
1785473301.660,2.48,ok
1785473301.674,2.20,ok
1785473301.688,1.58,ok
1785473301.708,8.21,ok
1785473301.725,2.19,ok
1785473301.740,1.90,ok
1785473301.757,2.06,ok
1785473301.771,2.07,ok
1785473301.784,2.13,ok
1785473301.801,2.09,ok
1785473301.814,1.71,ok
1785473301.831,1.96,ok
1785473301.843,1.81,ok
1785473301.860,3.49,ok
1785473301.874,2.04,ok
1785473301.887,1.76,ok
1785473301.902,2.00,ok
1785473301.915,2.03,ok
1785473301.932,2.30,ok
1785473301.945,1.94,ok
1785473301.962,1.90,ok
1785473301.978,1.97,ok
1785473301.992,1.84,ok
1785473302.007,1.80,ok
1785473302.023,1.64,ok
1785473302.041,3.20,ok
1785473302.057,1.79,ok
1785473302.074,2.01,ok
1785473302.086,1.60,ok
1785473302.102,1.96,ok
1785473302.119,1.94,ok
1785473302.131,1.44,ok
1785473302.146,1.84,ok
1785473302.159,2.04,ok
1785473302.175,1.94,ok
1785473302.188,1.77,ok
1785473302.201,2.01,ok
1785473302.217,1.86,ok
1785473302.230,2.16,ok
1785473302.244,3.64,ok
1785473302.261,1.71,ok
1785473302.275,1.75,ok
1785473302.292,1.53,ok
1785473302.309,1.81,ok
1785473302.325,2.01,ok
1785473302.340,1.43,ok
1785473302.358,2.24,ok
1785473302.371,1.89,ok
1785473302.387,1.74,ok
1785473302.404,2.24,ok
1785473302.419,2.56,ok
1785473302.437,3.59,ok
1785473302.448,1.66,ok
1785473302.464,1.55,ok
1785473302.476,1.75,ok
1785473302.494,3.07,ok
1785473302.508,1.83,ok
1785473302.522,1.97,ok
1785473302.534,1.63,ok
1785473302.550,1.74,ok
1785473302.564,2.94,ok
1785473302.580,1.86,ok
1785473302.593,1.85,ok
1785473302.610,1.74,ok
1785473302.623,1.63,ok
1785473302.640,1.99,ok
1785473302.656,1.50,ok
1785473302.669,1.98,ok
1785473302.684,2.02,ok
1785473302.708,9.07,ok
1785473302.724,1.96,ok
1785473302.740,1.60,ok
1785473302.757,1.98,ok
1785473302.770,2.16,ok
1785473302.783,2.01,ok
1785473302.800,2.02,ok
1785473302.817,2.04,ok
1785473302.834,1.77,ok
1785473302.850,1.85,ok
1785473302.867,2.07,ok
1785473302.884,2.24,ok
1785473302.899,3.61,ok
1785473302.913,1.70,ok
1785473302.927,1.88,ok
1785473302.942,2.14,ok
1785473302.959,1.71,ok
1785473302.973,1.61,ok
1785473302.987,1.82,ok
1785473303.000,1.62,ok
1785473303.017,1.97,ok
1785473303.035,3.86,ok
1785473303.050,1.96,ok
1785473303.066,1.70,ok
1785473303.080,1.86,ok
1785473303.093,1.81,ok
1785473303.110,1.98,ok
1785473303.126,1.71,ok
1785473303.142,2.02,ok
1785473303.155,2.09,ok
1785473303.168,2.44,ok
1785473303.185,3.67,ok
1785473303.203,2.10,ok
1785473303.219,1.86,ok
1785473303.236,1.87,ok
1785473303.253,1.71,ok
1785473303.269,2.01,ok
1785473303.288,6.71,ok
1785473303.305,2.01,ok
1785473303.319,2.11,ok
1785473303.333,2.37,ok
1785473303.346,2.17,ok
1785473303.362,1.99,ok
1785473303.375,1.79,ok
1785473303.387,1.75,ok
1785473303.405,2.92,ok
1785473303.417,1.83,ok
1785473303.433,1.74,ok
1785473303.450,2.16,ok
1785473303.467,2.22,ok
1785473303.487,4.88,ok
1785473303.500,2.22,ok
1785473303.515,2.09,ok
1785473303.530,2.05,ok
1785473303.545,1.93,ok
1785473303.558,2.06,ok
1785473303.572,1.81,ok
1785473303.589,2.22,ok
1785473303.602,1.70,ok
1785473303.617,1.74,ok
1785473303.633,2.03,ok
1785473303.645,1.85,ok
1785473303.659,2.14,ok
1785473303.674,2.08,ok
1785473303.692,2.04,ok
1785473303.714,10.94,ok
1785473303.728,2.12,ok
1785473303.745,1.88,ok
1785473303.762,2.01,ok
1785473303.775,1.72,ok
1785473303.791,2.79,ok
1785473303.806,3.87,ok
1785473303.822,2.05,ok
1785473303.837,1.82,ok
1785473303.855,2.11,ok
1785473303.867,2.14,ok
1785473303.884,2.06,ok
1785473303.901,2.07,ok
1785473303.918,1.85,ok
1785473303.935,2.10,ok
1785473303.953,3.70,ok
1785473303.967,2.05,ok
1785473303.984,1.95,ok
1785473304.001,2.28,ok
1785473304.017,1.72,ok
1785473304.035,3.76,ok
1785473304.049,2.13,ok
1785473304.065,1.83,ok
1785473304.078,2.72,ok
1785473304.095,1.75,ok
1785473304.108,1.77,ok
1785473304.121,1.80,ok
1785473304.133,1.93,ok
1785473304.149,1.81,ok
1785473304.164,1.67,ok
1785473304.177,1.88,ok
1785473304.195,3.23,ok
1785473304.208,1.78,ok
1785473304.227,3.21,ok
1785473304.240,1.69,ok
1785473304.257,1.69,ok
1785473304.273,1.86,ok
1785473304.288,2.23,ok
1785473304.303,1.42,ok
1785473304.317,1.83,ok
1785473304.334,2.13,ok
1785473304.351,2.25,ok
1785473304.364,1.91,ok
1785473304.381,2.13,ok
1785473304.397,1.77,ok
1785473304.416,3.89,ok
1785473304.429,2.00,ok
1785473304.442,1.93,ok
1785473304.459,2.03,ok
1785473304.475,1.89,ok
1785473304.491,1.98,ok
1785473304.506,1.80,ok
1785473304.524,2.90,ok
1785473304.536,1.58,ok
1785473304.553,2.05,ok
1785473304.571,3.38,ok
1785473304.587,1.99,ok
1785473304.603,1.93,ok
1785473304.620,2.29,ok
1785473304.636,2.11,ok
1785473304.652,1.99,ok
1785473304.666,2.78,ok
1785473304.679,2.63,ok
1785473304.696,2.07,ok
1785473304.714,2.80,ok
1785473304.729,1.96,ok
1785473304.743,3.25,ok
1785473304.757,2.00,ok
1785473304.770,1.89,ok
1785473304.784,2.11,ok
1785473304.801,2.21,ok
1785473304.818,1.99,ok
1785473304.831,1.82,ok
1785473304.848,1.78,ok
1785473304.863,3.06,ok
1785473304.877,2.15,ok
1785473304.892,2.03,ok
1785473304.907,2.16,ok
1785473304.924,2.19,ok
1785473304.937,1.98,ok
1785473304.953,1.84,ok
1785473304.970,1.67,ok
1785473304.986,1.80,ok
1785473304.999,1.76,ok
1785473305.011,1.78,ok
1785473305.026,2.09,ok
1785473305.041,1.64,ok
1785473305.053,1.52,ok
1785473305.069,2.86,ok
1785473305.084,1.95,ok
1785473305.097,1.84,ok
1785473305.115,2.68,ok
1785473305.132,1.79,ok
1785473305.144,1.87,ok
1785473305.158,1.90,ok
1785473305.174,4.85,ok
1785473305.188,2.24,ok
1785473305.204,2.79,ok
1785473305.218,1.75,ok
1785473305.231,3.03,ok
1785473305.245,1.79,ok
1785473305.262,2.04,ok
1785473305.275,1.92,ok
1785473305.290,1.76,ok
1785473305.307,1.82,ok
1785473305.323,1.72,ok
1785473305.336,1.78,ok
1785473305.350,1.79,ok
1785473305.363,1.86,ok
1785473305.376,1.59,ok
1785473305.389,1.79,ok
1785473305.402,2.04,ok
1785473305.416,2.01,ok
1785473305.434,2.90,ok
1785473305.446,1.75,ok
1785473305.464,4.93,ok
1785473305.480,4.42,ok
1785473305.493,3.15,ok
1785473305.512,4.54,ok
1785473305.530,3.43,ok
1785473305.548,4.12,ok
1785473305.567,3.75,ok
1785473305.585,3.21,ok
1785473305.601,3.48,ok
1785473305.615,2.85,ok
1785473305.633,2.80,ok
1785473305.649,3.15,ok
1785473305.665,2.26,ok
1785473305.678,2.03,ok
1785473305.695,2.17,ok
1785473305.715,5.17,ok
1785473305.730,2.06,ok
1785473305.747,1.73,ok
1785473305.760,2.20,ok
1785473305.777,3.71,ok
1785473305.792,1.84,ok
1785473305.810,2.59,ok
1785473305.825,2.27,ok
1785473305.842,1.66,ok
1785473305.859,2.18,ok
1785473305.874,2.04,ok
1785473305.889,2.14,ok
1785473305.907,3.13,ok
1785473305.923,1.81,ok
1785473305.940,1.80,ok
1785473305.956,3.34,ok
1785473305.969,1.93,ok
1785473305.985,3.53,ok
1785473306.001,2.09,ok
1785473306.017,3.40,ok
1785473306.032,2.07,ok
1785473306.049,3.34,ok
1785473306.065,1.90,ok
1785473306.082,1.94,ok
1785473306.098,2.06,ok
1785473306.116,3.44,ok
1785473306.129,1.98,ok
1785473306.146,2.11,ok
1785473306.160,1.88,ok
1785473306.176,3.65,ok
1785473306.193,3.19,ok
1785473306.209,2.15,ok
1785473306.224,1.96,ok
1785473306.241,2.12,ok
1785473306.258,1.71,ok
1785473306.272,1.66,ok
1785473306.284,1.59,ok
1785473306.300,1.89,ok
1785473306.316,2.04,ok
1785473306.331,2.03,ok
1785473306.348,2.52,ok
1785473306.362,1.99,ok
1785473306.375,2.09,ok
1785473306.390,1.84,ok
1785473306.406,1.63,ok
1785473306.420,2.45,ok
1785473306.437,3.44,ok
1785473306.449,1.56,ok
1785473306.467,2.22,ok
1785473306.484,2.07,ok
1785473306.499,1.85,ok
1785473306.513,2.63,ok
1785473306.530,2.12,ok
1785473306.546,1.83,ok
1785473306.561,1.72,ok
1785473306.574,1.89,ok
1785473306.591,2.03,ok
1785473306.613,6.78,ok
1785473306.629,2.41,ok
1785473306.642,1.69,ok
1785473306.658,1.93,ok
1785473306.671,1.90,ok
1785473306.688,2.05,ok
1785473306.714,11.29,ok
1785473306.731,1.98,ok
1785473306.745,2.38,ok
1785473306.759,1.96,ok
1785473306.773,2.12,ok
1785473306.787,1.85,ok
1785473306.803,2.03,ok
1785473306.818,1.96,ok
1785473306.832,2.55,ok
1785473306.849,2.01,ok
1785473306.863,2.12,ok
1785473306.880,1.86,ok
1785473306.894,1.98,ok
1785473306.909,1.67,ok
1785473306.925,2.13,ok
1785473306.940,2.18,ok
1785473306.955,2.12,ok
1785473306.973,2.51,ok
1785473306.986,1.69,ok
1785473307.002,3.35,ok
1785473307.017,1.73,ok
1785473307.032,3.17,ok
1785473307.047,1.96,ok
1785473307.064,1.74,ok
1785473307.081,1.86,ok
1785473307.094,2.94,ok
1785473307.111,1.88,ok
1785473307.126,2.77,ok
1785473307.139,1.59,ok
1785473307.151,1.72,ok
1785473307.167,1.62,ok
1785473307.184,1.93,ok
1785473307.197,1.68,ok
1785473307.214,2.15,ok
1785473307.231,2.21,ok
1785473307.247,2.07,ok
1785473307.261,1.95,ok
1785473307.276,1.88,ok
1785473307.292,2.22,ok
1785473307.309,2.06,ok
1785473307.325,1.95,ok
1785473307.342,2.47,ok
1785473307.359,1.80,ok
1785473307.378,3.45,ok
1785473307.395,1.90,ok
1785473307.408,1.95,ok
1785473307.424,2.01,ok
1785473307.440,1.61,ok
1785473307.452,1.78,ok
1785473307.467,1.68,ok
1785473307.484,2.07,ok
1785473307.501,1.98,ok
1785473307.518,1.70,ok
1785473307.534,1.98,ok
1785473307.551,2.11,ok
1785473307.568,2.58,ok
1785473307.586,3.04,ok
1785473307.604,2.83,ok
1785473307.621,2.10,ok
1785473307.635,1.88,ok
1785473307.652,1.94,ok
1785473307.667,1.87,ok
1785473307.684,1.99,ok
1785473307.698,1.73,ok
1785473307.718,5.71,ok
1785473307.731,1.74,ok
1785473307.744,2.03,ok
1785473307.757,1.68,ok
1785473307.774,1.87,ok
1785473307.787,1.75,ok
1785473307.804,1.96,ok
1785473307.821,1.91,ok
1785473307.834,2.47,ok
1785473307.851,2.38,ok
1785473307.868,2.03,ok
1785473307.884,2.04,ok
1785473307.896,1.94,ok
1785473307.912,2.06,ok
1785473307.926,1.98,ok
1785473307.942,2.21,ok
1785473307.955,1.76,ok
1785473307.972,1.81,ok
1785473307.986,2.76,ok
1785473308.005,2.99,ok
1785473308.020,1.64,ok
1785473308.036,1.91,ok
1785473308.049,3.08,ok
1785473308.066,2.00,ok
1785473308.078,1.62,ok
1785473308.091,2.96,ok
1785473308.109,3.38,ok
1785473308.126,1.78,ok
1785473308.142,1.87,ok
1785473308.159,2.44,ok
1785473308.176,2.12,ok
1785473308.193,2.08,ok
1785473308.207,2.07,ok
1785473308.222,2.12,ok
1785473308.239,1.64,ok
1785473308.257,2.36,ok
1785473308.271,2.22,ok
1785473308.286,2.01,ok
1785473308.300,1.81,ok
1785473308.315,1.68,ok
1785473308.328,1.69,ok
1785473308.345,1.96,ok
1785473308.362,1.91,ok
1785473308.374,2.07,ok
1785473308.389,1.99,ok
1785473308.406,1.91,ok
1785473308.423,1.97,ok
1785473308.440,1.89,ok
1785473308.457,1.83,ok
1785473308.475,2.09,ok
1785473308.492,2.08,ok
1785473308.509,1.92,ok
1785473308.526,2.11,ok
1785473308.541,1.98,ok
1785473308.558,1.82,ok
1785473308.574,2.24,ok
1785473308.589,1.61,ok
1785473308.602,1.95,ok
1785473308.615,1.72,ok
1785473308.632,2.41,ok
1785473308.646,2.93,ok
1785473308.658,1.58,ok
1785473308.673,1.81,ok
1785473308.691,2.60,ok
1785473308.715,11.08,ok
1785473308.734,2.84,ok
1785473308.746,1.96,ok
1785473308.763,2.13,ok
1785473308.778,3.37,ok
1785473308.792,2.04,ok
1785473308.807,2.06,ok
1785473308.823,2.19,ok
1785473308.840,2.43,ok
1785473308.853,1.91,ok
1785473308.866,1.90,ok
1785473308.883,2.23,ok
1785473308.895,2.60,ok
1785473308.911,2.17,ok
1785473308.927,2.25,ok
1785473308.944,3.49,ok
1785473308.961,3.61,ok
1785473308.974,2.49,ok
1785473308.991,3.08,ok
1785473309.006,2.72,ok
1785473309.020,1.71,ok
1785473309.035,2.43,ok
1785473309.049,2.21,ok
1785473309.063,2.07,ok
1785473309.077,1.96,ok
1785473309.093,1.65,ok
1785473309.109,3.66,ok
1785473309.124,1.71,ok
1785473309.140,1.95,ok
1785473309.155,1.96,ok
1785473309.172,2.05,ok
1785473309.186,1.83,ok
1785473309.203,1.96,ok
1785473309.217,2.17,ok
1785473309.234,2.11,ok
1785473309.250,1.88,ok
1785473309.266,1.94,ok
1785473309.283,4.15,ok
1785473309.297,2.49,ok
1785473309.313,3.25,ok
1785473309.330,2.11,ok
1785473309.345,1.99,ok
1785473309.360,2.65,ok
1785473309.375,1.89,ok
1785473309.392,2.06,ok
1785473309.410,3.15,ok
1785473309.426,1.98,ok
1785473309.445,3.66,ok
1785473309.462,2.14,ok
1785473309.477,2.10,ok
1785473309.493,1.79,ok
1785473309.508,2.03,ok
1785473309.525,1.70,ok
1785473309.540,2.01,ok
1785473309.554,2.09,ok
1785473309.567,2.06,ok
1785473309.584,2.04,ok
1785473309.601,2.01,ok
1785473309.615,1.79,ok
1785473309.628,1.89,ok
1785473309.645,1.99,ok
1785473309.661,1.91,ok
1785473309.677,2.01,ok
1785473309.693,2.23,ok
1785473309.706,2.42,ok
1785473309.720,2.11,ok
1785473309.738,2.18,ok
1785473309.750,2.03,ok
1785473309.767,2.59,ok
1785473309.783,1.76,ok
1785473309.800,1.73,ok
1785473309.815,1.53,ok
1785473309.832,1.99,ok
1785473309.849,2.46,ok
1785473309.866,2.28,ok
1785473309.880,2.32,ok
1785473309.894,3.33,ok
1785473309.908,1.87,ok
1785473309.924,2.05,ok
1785473309.965,30.78,ok
1785473309.983,3.04,ok
1785473310.002,4.02,ok
1785473310.019,3.45,ok
1785473310.032,1.91,ok
1785473310.045,1.72,ok
1785473310.062,2.39,ok
1785473310.079,2.02,ok
1785473310.095,2.30,ok
1785473310.109,2.06,ok
1785473310.126,2.17,ok
1785473310.139,1.64,ok
1785473310.152,2.62,ok
1785473310.164,1.86,ok
1785473310.176,1.71,ok
1785473310.188,1.70,ok
1785473310.207,3.08,ok
1785473310.219,1.76,ok
1785473310.232,2.16,ok
1785473310.249,2.01,ok
1785473310.267,2.07,ok
1785473310.283,2.12,ok
1785473310.298,1.98,ok
1785473310.311,1.88,ok
1785473310.328,1.71,ok
1785473310.348,5.27,ok
1785473310.367,8.72,ok
1785473310.384,2.03,ok
1785473310.400,1.83,ok
1785473310.417,2.35,ok
1785473310.434,2.09,ok
1785473310.450,1.95,ok
1785473310.463,1.87,ok
1785473310.480,2.02,ok
1785473310.497,2.02,ok
1785473310.513,2.11,ok
1785473310.527,2.06,ok
1785473310.542,1.91,ok
1785473310.559,1.99,ok
1785473310.574,2.86,ok
1785473310.592,3.42,ok
1785473310.612,2.12,ok
1785473310.626,2.12,ok
1785473310.642,1.77,ok
1785473310.658,1.86,ok
1785473310.675,2.13,ok
1785473310.691,1.90,ok
1785473310.703,2.48,ok
1785473310.717,4.04,ok
1785473310.733,1.75,ok
1785473310.750,1.75,ok
1785473310.767,2.21,ok
1785473310.781,2.18,ok
1785473310.798,1.72,ok
1785473310.815,1.67,ok
1785473310.830,2.29,ok
1785473310.846,3.29,ok
1785473310.863,1.74,ok
1785473310.880,1.81,ok
1785473310.893,1.61,ok
1785473310.910,1.86,ok
1785473310.925,2.99,ok
1785473310.936,1.80,ok
1785473310.950,1.88,ok
1785473310.967,1.94,ok
1785473310.983,3.20,ok
1785473310.998,2.71,ok
1785473311.013,2.67,ok
1785473311.030,2.13,ok
1785473311.046,2.07,ok
1785473311.063,1.84,ok
1785473311.080,2.04,ok
1785473311.093,2.07,ok
1785473311.106,1.71,ok
1785473311.121,1.93,ok
1785473311.137,2.02,ok
1785473311.152,2.97,ok
1785473311.166,2.16,ok
1785473311.182,2.34,ok
1785473311.197,1.77,ok
1785473311.214,1.82,ok
1785473311.229,2.13,ok
1785473311.244,2.02,ok
1785473311.258,1.70,ok
1785473311.275,1.96,ok
1785473311.288,2.07,ok
1785473311.305,2.13,ok
1785473311.323,2.09,ok
1785473311.338,2.46,ok
1785473311.351,1.77,ok
1785473311.367,2.09,ok
1785473311.385,2.49,ok
1785473311.401,2.00,ok
1785473311.417,2.11,ok
1785473311.433,1.46,ok
1785473311.445,1.41,ok
1785473311.458,1.80,ok
1785473311.471,1.64,ok
1785473311.483,2.06,ok
1785473311.497,1.86,ok
1785473311.514,2.08,ok
1785473311.531,1.85,ok
1785473311.548,1.56,ok
1785473311.561,1.69,ok
1785473311.575,2.21,ok
1785473311.591,1.77,ok
1785473311.608,1.97,ok
1785473311.624,1.94,ok
1785473311.641,1.40,ok
1785473311.654,1.58,ok
1785473311.667,1.47,ok
1785473311.683,1.96,ok
1785473311.700,1.83,ok
1785473311.721,8.69,ok
1785473311.735,2.36,ok
1785473311.750,2.07,ok
1785473311.763,1.74,ok
1785473311.776,1.73,ok
1785473311.790,1.79,ok
1785473311.806,3.04,ok
1785473311.822,1.62,ok
1785473311.839,1.87,ok
1785473311.852,1.76,ok
1785473311.867,3.00,ok
1785473311.881,1.93,ok
1785473311.894,1.82,ok
1785473311.909,2.91,ok
1785473311.924,1.98,ok
1785473311.940,2.13,ok
1785473311.953,2.31,ok
1785473311.965,2.00,ok
1785473311.978,1.72,ok
1785473311.990,1.70,ok
1785473312.005,2.30,ok
1785473312.022,1.80,ok
1785473312.037,1.74,ok
1785473312.052,1.71,ok
1785473312.067,2.03,ok
1785473312.084,1.83,ok
1785473312.098,1.94,ok
1785473312.110,1.82,ok
1785473312.122,1.40,ok
1785473312.135,1.79,ok
1785473312.151,2.27,ok
1785473312.167,1.85,ok
1785473312.184,2.01,ok
1785473312.199,2.68,ok
1785473312.212,2.00,ok
1785473312.226,2.70,ok
1785473312.243,2.05,ok
1785473312.258,2.02,ok
1785473312.272,1.74,ok
1785473312.287,1.82,ok
1785473312.299,1.96,ok
1785473312.315,1.88,ok
1785473312.329,2.05,ok
1785473312.346,1.43,ok
1785473312.363,1.94,ok
1785473312.380,2.16,ok
1785473312.393,1.97,ok
1785473312.405,1.66,ok
1785473312.423,2.27,ok
1785473312.439,1.96,ok
1785473312.452,1.68,ok
1785473312.467,1.94,ok
1785473312.484,2.03,ok
1785473312.500,2.13,ok
1785473312.517,1.62,ok
1785473312.531,1.69,ok
1785473312.547,1.81,ok
1785473312.561,1.98,ok
1785473312.578,1.48,ok
1785473312.592,2.01,ok
1785473312.609,2.01,ok
1785473312.626,1.71,ok
1785473312.642,1.64,ok
1785473312.658,1.88,ok
1785473312.675,2.04,ok
1785473312.692,1.88,ok
1785473312.716,9.20,ok
1785473312.732,1.94,ok
1785473312.745,2.17,ok
1785473312.759,1.38,ok
1785473312.776,1.81,ok
1785473312.792,1.99,ok
1785473312.806,1.84,ok
1785473312.823,1.80,ok
1785473312.836,1.50,ok
1785473312.855,3.34,ok
1785473312.868,2.12,ok
1785473312.883,2.16,ok
1785473312.896,1.88,ok
1785473312.909,1.82,ok
1785473312.924,1.95,ok
1785473312.939,3.65,ok
1785473312.956,2.77,ok
1785473312.968,2.12,ok
1785473312.982,1.71,ok
1785473312.998,1.99,ok
1785473313.012,1.77,ok
1785473313.028,2.06,ok
1785473313.042,1.93,ok
1785473313.057,1.64,ok
1785473313.071,1.97,ok
1785473313.085,3.12,ok
1785473313.102,1.89,ok
1785473313.119,1.97,ok
1785473313.136,1.97,ok
1785473313.153,2.06,ok
1785473313.171,2.39,ok
1785473313.186,4.05,ok
1785473313.199,2.05,ok
1785473313.213,1.81,ok
1785473313.226,1.75,ok
1785473313.240,2.13,ok
1785473313.257,2.01,ok
1785473313.274,1.69,ok
1785473313.290,1.97,ok
1785473313.307,2.97,ok
1785473313.319,2.72,ok
1785473313.335,2.49,ok
1785473313.347,1.86,ok
1785473313.364,1.87,ok
1785473313.381,2.14,ok
1785473313.398,2.15,ok
1785473313.415,2.11,ok
1785473313.432,1.69,ok
1785473313.445,2.12,ok
1785473313.459,1.90,ok
1785473313.474,2.09,ok
1785473313.491,1.69,ok
1785473313.507,1.59,ok
1785473313.524,2.12,ok
1785473313.539,1.80,ok
1785473313.552,1.58,ok
1785473313.566,1.91,ok
1785473313.578,1.78,ok
1785473313.591,1.57,ok
1785473313.610,3.06,ok
1785473313.626,3.17,ok
1785473313.642,1.91,ok
1785473313.659,2.17,ok
1785473313.674,1.83,ok
1785473313.691,1.86,ok
1785473313.706,1.45,ok
1785473313.720,2.06,ok
1785473313.733,1.76,ok
1785473313.749,2.19,ok
1785473313.766,1.65,ok
1785473313.781,1.48,ok
1785473313.794,1.99,ok
1785473313.812,3.37,ok
1785473313.826,1.89,ok
1785473313.844,2.89,ok
1785473313.862,2.48,ok
1785473313.878,1.93,ok
1785473313.895,3.07,ok
1785473313.907,2.00,ok
1785473313.924,1.93,ok
1785473313.940,2.04,ok
1785473313.954,2.00,ok
1785473313.972,2.93,ok
1785473313.986,3.13,ok
1785473314.002,1.65,ok
1785473314.017,1.57,ok
1785473314.031,1.71,ok
1785473314.046,1.97,ok
1785473314.062,2.07,ok
1785473314.077,1.85,ok
1785473314.090,1.77,ok
1785473314.105,2.04,ok
1785473314.122,1.75,ok
1785473314.139,1.63,ok
1785473314.152,2.15,ok
1785473314.169,2.30,ok
1785473314.184,2.03,ok
1785473314.196,1.65,ok
1785473314.208,1.84,ok
1785473314.222,1.86,ok
1785473314.237,1.90,ok
1785473314.253,1.85,ok
1785473314.267,1.99,ok
1785473314.282,1.82,ok
1785473314.298,2.04,ok
1785473314.310,1.52,ok
1785473314.327,2.24,ok
1785473314.342,1.88,ok
1785473314.358,1.83,ok
1785473314.375,1.89,ok
1785473314.392,1.65,ok
1785473314.406,1.94,ok
1785473314.423,1.58,ok
1785473314.440,1.67,ok
1785473314.453,1.79,ok
1785473314.471,2.49,ok
1785473314.485,2.13,ok
1785473314.500,1.56,ok
1785473314.517,2.10,ok
1785473314.536,3.41,ok
1785473314.550,1.64,ok
1785473314.564,1.78,ok
1785473314.581,2.87,ok
1785473314.598,1.65,ok
1785473314.612,2.21,ok
1785473314.629,1.58,ok
1785473314.646,2.28,ok
1785473314.662,1.45,ok
1785473314.675,1.44,ok
1785473314.688,1.91,ok
1785473314.702,2.07,ok
1785473314.721,4.00,ok
1785473314.737,1.66,ok
1785473314.750,1.86,ok
1785473314.767,1.76,ok
1785473314.782,2.09,ok
1785473314.796,1.76,ok
1785473314.811,1.70,ok
1785473314.823,1.65,ok
1785473314.835,1.71,ok
1785473314.851,3.43,ok
1785473314.865,1.65,ok
1785473314.879,2.20,ok
1785473314.892,1.78,ok
1785473314.909,1.84,ok
1785473314.921,1.44,ok
1785473314.938,2.15,ok
1785473314.955,1.78,ok
1785473314.969,3.59,ok
1785473314.985,1.77,ok
1785473315.001,2.27,ok
1785473315.017,1.63,ok
1785473315.034,2.16,ok
1785473315.050,1.75,ok
1785473315.067,2.10,ok
1785473315.082,2.13,ok
1785473315.100,2.05,ok
1785473315.116,1.65,ok
1785473315.130,1.69,ok
1785473315.143,1.82,ok
1785473315.159,1.84,ok
1785473315.174,1.98,ok
1785473315.191,1.90,ok
1785473315.205,1.97,ok
1785473315.220,1.93,ok
1785473315.237,1.93,ok
1785473315.255,2.10,ok
1785473315.268,2.14,ok
1785473315.284,2.21,ok
1785473315.302,2.61,ok
1785473315.315,2.93,ok
1785473315.332,2.04,ok
1785473315.350,2.27,ok
1785473315.367,1.88,ok
1785473315.382,2.31,ok
1785473315.396,3.24,ok
1785473315.410,1.55,ok
1785473315.426,1.86,ok
1785473315.442,1.74,ok
1785473315.459,1.98,ok
1785473315.474,2.02,ok
1785473315.491,1.58,ok
1785473315.506,1.36,ok
1785473315.523,1.81,ok
1785473315.535,1.58,ok
1785473315.548,1.89,ok
1785473315.561,1.80,ok
1785473315.578,1.56,ok
1785473315.592,1.72,ok
1785473315.609,2.71,ok
1785473315.628,3.51,ok
1785473315.645,1.84,ok
1785473315.659,1.97,ok
1785473315.673,1.78,ok
1785473315.690,1.90,ok
1785473315.703,1.70,ok
1785473315.722,6.83,ok
1785473315.737,2.21,ok
1785473315.753,1.98,ok
1785473315.767,1.64,ok
1785473315.778,1.65,ok
1785473315.792,2.25,ok
1785473315.805,1.64,ok
1785473315.822,1.84,ok
1785473315.836,1.63,ok
1785473315.852,2.04,ok
1785473315.869,1.96,ok
1785473315.884,2.12,ok
1785473315.899,2.19,ok
1785473315.913,2.89,ok
1785473315.930,2.26,ok
1785473315.946,2.95,ok
1785473315.968,6.64,ok
1785473315.982,1.92,ok
1785473315.994,2.17,ok
1785473316.007,2.20,ok
1785473316.023,2.20,ok
1785473316.040,1.74,ok
1785473316.055,1.89,ok
1785473316.070,2.10,ok
1785473316.083,2.29,ok
1785473316.098,1.58,ok
1785473316.115,3.01,ok
1785473316.132,2.07,ok
1785473316.149,2.30,ok
1785473316.168,3.24,ok
1785473316.184,1.65,ok
1785473316.196,1.98,ok
1785473316.213,2.13,ok
1785473316.230,1.81,ok
1785473316.243,1.98,ok
1785473316.258,1.91,ok
1785473316.275,1.88,ok
1785473316.290,1.86,ok
1785473316.308,3.15,ok
1785473316.325,2.03,ok
1785473316.342,1.93,ok
1785473316.355,1.92,ok
1785473316.372,2.13,ok
1785473316.386,2.05,ok
1785473316.404,2.66,ok
1785473316.416,1.79,ok
1785473316.428,1.74,ok
1785473316.445,1.89,ok
1785473316.461,1.60,ok
1785473316.477,1.68,ok
1785473316.494,1.76,ok
1785473316.509,1.70,ok
1785473316.524,2.12,ok
1785473316.538,1.58,ok
1785473316.550,1.84,ok
1785473316.567,1.93,ok
1785473316.579,1.87,ok
1785473316.592,1.99,ok
1785473316.608,2.02,ok
1785473316.624,1.57,ok
1785473316.640,2.07,ok
1785473316.658,2.30,ok
1785473316.674,2.12,ok
1785473316.691,1.75,ok
1785473316.708,1.98,ok
1785473316.725,1.67,ok
1785473316.742,1.73,ok
1785473316.759,2.68,ok
1785473316.773,1.83,ok
1785473316.790,1.91,ok
1785473316.806,1.95,ok
1785473316.821,2.37,ok
1785473316.835,2.57,ok
1785473316.849,1.73,ok
1785473316.862,1.82,ok
1785473316.876,1.59,ok
1785473316.889,2.05,ok
1785473316.906,2.55,ok
1785473316.924,1.99,ok
1785473316.936,1.87,ok
1785473316.953,2.71,ok
1785473316.970,1.88,ok
1785473316.984,1.78,ok
1785473316.997,1.76,ok
1785473317.010,1.89,ok
1785473317.025,2.20,ok
1785473317.038,1.89,ok
1785473317.052,2.02,ok
1785473317.067,1.84,ok
1785473317.081,1.96,ok
1785473317.098,2.44,ok
1785473317.111,1.89,ok
1785473317.125,2.07,ok
1785473317.142,3.26,ok
1785473317.158,1.98,ok
1785473317.175,1.83,ok
1785473317.190,3.33,ok
1785473317.207,2.45,ok
1785473317.222,2.16,ok
1785473317.238,1.79,ok
1785473317.252,2.22,ok
1785473317.269,2.13,ok
1785473317.284,1.90,ok
1785473317.301,2.07,ok
1785473317.317,2.25,ok
1785473317.333,1.65,ok
1785473317.346,1.89,ok
1785473317.360,1.67,ok
1785473317.377,3.24,ok
1785473317.393,1.93,ok
1785473317.409,2.00,ok
1785473317.424,1.94,ok
1785473317.441,2.20,ok
1785473317.457,2.08,ok
1785473317.470,2.08,ok
1785473317.487,2.56,ok
1785473317.504,1.88,ok
1785473317.522,1.96,ok
1785473317.536,1.71,ok
1785473317.551,1.94,ok
1785473317.565,1.85,ok
1785473317.580,1.63,ok
1785473317.595,2.98,ok
1785473317.609,1.90,ok
1785473317.622,1.74,ok
1785473317.637,2.47,ok
1785473317.651,1.96,ok
1785473317.668,2.04,ok
1785473317.683,2.65,ok
1785473317.700,1.84,ok
1785473317.729,13.46,ok
1785473317.742,1.79,ok
1785473317.758,2.57,ok
1785473317.775,3.15,ok
1785473317.790,2.07,ok
1785473317.803,1.88,ok
1785473317.818,1.65,ok
1785473317.831,1.66,ok
1785473317.845,3.56,ok
1785473317.862,1.80,ok
1785473317.878,2.09,ok
1785473317.895,2.21,ok
1785473317.909,1.77,ok
1785473317.926,2.34,ok
1785473317.942,2.22,ok
1785473317.955,1.59,ok
1785473317.968,2.21,ok
1785473317.985,1.91,ok
1785473318.002,2.12,ok
1785473318.019,1.94,ok
1785473318.034,2.65,ok
1785473318.052,2.19,ok
1785473318.065,3.19,ok
1785473318.079,1.76,ok
1785473318.094,1.77,ok
1785473318.110,2.77,ok
1785473318.126,2.23,ok
1785473318.142,1.59,ok
1785473318.161,3.25,ok
1785473318.177,1.65,ok
1785473318.192,2.03,ok
1785473318.209,2.11,ok
1785473318.225,1.75,ok
1785473318.240,1.77,ok
1785473318.255,1.82,ok
1785473318.271,1.90,ok
1785473318.288,1.67,ok
1785473318.300,1.90,ok
1785473318.316,2.95,ok
1785473318.331,1.76,ok
1785473318.343,2.01,ok
1785473318.360,1.49,ok
1785473318.376,2.47,ok
1785473318.393,1.87,ok
1785473318.406,1.76,ok
1785473318.420,2.04,ok
1785473318.433,2.08,ok
1785473318.445,1.75,ok
1785473318.459,2.52,ok
1785473318.476,2.17,ok
1785473318.492,2.18,ok
1785473318.509,2.15,ok
1785473318.526,2.70,ok
1785473318.542,4.42,ok
1785473318.559,2.03,ok
1785473318.575,1.87,ok
1785473318.590,1.62,ok
1785473318.607,2.12,ok
1785473318.624,1.73,ok
1785473318.640,1.77,ok
1785473318.653,1.74,ok
1785473318.670,2.08,ok
1785473318.687,1.75,ok
1785473318.703,2.00,ok
1785473318.725,8.33,ok
1785473318.739,2.96,ok
1785473318.755,1.58,ok
1785473318.770,1.79,ok
1785473318.785,1.81,ok
1785473318.800,1.64,ok
1785473318.817,1.68,ok
1785473318.830,1.82,ok
1785473318.847,1.93,ok
1785473318.863,1.91,ok
1785473318.880,1.65,ok
1785473318.895,1.95,ok
1785473318.913,2.08,ok
1785473318.927,1.77,ok
1785473318.942,2.25,ok
1785473318.957,1.62,ok
1785473318.973,2.12,ok
1785473318.991,2.85,ok
1785473319.008,2.09,ok
1785473319.023,2.08,ok
1785473319.042,4.35,ok
1785473319.060,2.47,ok
1785473319.075,1.80,ok
1785473319.087,1.81,ok
1785473319.101,2.90,ok
1785473319.117,1.48,ok
1785473319.133,2.17,ok
1785473319.148,2.38,ok
1785473319.162,3.17,ok
1785473319.179,1.93,ok
1785473319.194,1.55,ok
1785473319.211,1.65,ok
1785473319.228,1.78,ok
1785473319.242,1.89,ok
1785473319.259,1.96,ok
1785473319.274,2.45,ok
1785473319.290,1.80,ok
1785473319.306,1.92,ok
1785473319.323,2.71,ok
1785473319.340,1.74,ok
1785473319.357,1.77,ok
1785473319.373,1.86,ok
1785473319.391,2.32,ok
1785473319.408,2.13,ok
1785473319.425,2.34,ok
1785473319.440,4.09,ok
1785473319.458,2.36,ok
1785473319.470,1.94,ok
1785473319.487,1.83,ok
1785473319.503,2.00,ok
1785473319.517,3.06,ok
1785473319.531,1.70,ok
1785473319.547,1.98,ok
1785473319.560,2.45,ok
1785473319.577,1.62,ok
1785473319.591,2.06,ok
1785473319.608,1.89,ok
1785473319.623,2.11,ok
1785473319.637,1.69,ok
1785473319.654,2.06,ok
1785473319.671,3.48,ok
1785473319.688,2.04,ok
1785473319.705,1.79,ok
1785473319.727,6.40,ok
1785473319.744,2.42,ok
1785473319.760,2.91,ok
1785473319.772,1.38,ok
1785473319.788,1.79,ok
1785473319.801,2.40,ok
1785473319.813,1.67,ok
1785473319.830,2.15,ok
1785473319.847,2.30,ok
1785473319.864,1.93,ok
1785473319.877,2.26,ok
1785473319.894,2.03,ok
1785473319.910,5.17,ok
1785473319.926,2.11,ok
1785473319.942,1.99,ok
1785473319.960,3.00,ok
1785473319.979,3.87,ok
1785473319.995,1.76,ok
1785473320.011,2.15,ok
1785473320.023,1.61,ok
1785473320.036,1.86,ok
1785473320.052,2.48,ok
1785473320.068,3.08,ok
1785473320.085,1.75,ok
1785473320.099,1.81,ok
1785473320.113,2.61,ok
1785473320.127,1.95,ok
1785473320.140,2.40,ok
1785473320.154,1.59,ok
1785473320.170,1.89,ok
1785473320.185,1.78,ok
1785473320.200,1.92,ok
1785473320.213,1.70,ok
1785473320.230,3.09,ok
1785473320.245,1.93,ok
1785473320.261,2.32,ok
1785473320.274,1.64,ok
1785473320.291,1.62,ok
1785473320.303,2.14,ok
1785473320.320,1.89,ok
1785473320.336,2.17,ok
1785473320.348,1.99,ok
1785473320.363,1.76,ok
1785473320.375,1.55,ok
1785473320.388,1.82,ok
1785473320.403,1.85,ok
1785473320.420,2.16,ok
1785473320.437,1.79,ok
1785473320.450,1.59,ok
1785473320.461,1.63,ok
1785473320.477,1.54,ok
1785473320.494,2.17,ok
1785473320.508,1.89,ok
1785473320.525,2.04,ok
1785473320.542,1.87,ok
1785473320.554,1.88,ok
1785473320.571,1.92,ok
1785473320.587,2.15,ok
1785473320.599,1.76,ok
1785473320.616,2.06,ok
1785473320.632,2.49,ok
1785473320.648,2.25,ok
1785473320.666,2.28,ok
1785473320.679,1.78,ok
1785473320.696,1.74,ok
1785473320.708,1.75,ok
1785473320.729,9.78,ok
1785473320.742,1.92,ok
1785473320.758,1.61,ok
1785473320.773,1.76,ok
1785473320.789,1.89,ok
1785473320.801,1.99,ok
1785473320.816,3.03,ok
1785473320.833,2.24,ok
1785473320.850,1.98,ok
1785473320.867,1.88,ok
1785473320.884,1.86,ok
1785473320.900,2.03,ok
1785473320.917,2.09,ok
1785473320.933,1.96,ok
1785473320.950,1.78,ok
1785473320.967,1.80,ok
1785473320.984,2.46,ok
1785473320.998,3.19,ok
1785473321.014,1.78,ok
1785473321.031,1.87,ok
1785473321.048,2.07,ok
1785473321.060,1.57,ok
1785473321.075,1.75,ok
1785473321.090,1.55,ok
1785473321.106,1.76,ok
1785473321.120,1.77,ok
1785473321.133,1.52,ok
1785473321.145,1.59,ok
1785473321.161,2.16,ok
1785473321.177,2.01,ok
1785473321.191,2.06,ok
1785473321.204,1.81,ok
1785473321.221,1.96,ok
1785473321.233,1.81,ok
1785473321.249,1.92,ok
1785473321.262,1.60,ok
1785473321.279,1.71,ok
1785473321.296,1.76,ok
1785473321.313,1.85,ok
1785473321.325,1.84,ok
1785473321.340,1.64,ok
1785473321.355,2.13,ok
1785473321.368,2.16,ok
1785473321.384,1.97,ok
1785473321.400,1.81,ok
1785473321.415,1.63,ok
1785473321.428,1.75,ok
1785473321.445,2.09,ok
1785473321.459,1.90,ok
1785473321.471,1.83,ok
1785473321.483,1.81,ok
1785473321.500,1.90,ok
1785473321.515,1.86,ok
1785473321.530,2.14,ok
1785473321.547,1.96,ok
1785473321.563,1.92,ok
1785473321.580,2.03,ok
1785473321.597,2.02,ok
1785473321.614,1.86,ok
1785473321.629,1.69,ok
1785473321.644,1.90,ok
1785473321.659,1.85,ok
1785473321.676,2.14,ok
1785473321.692,1.68,ok
1785473321.707,1.78,ok
1785473321.734,11.99,ok
1785473321.750,2.13,ok
1785473321.767,1.84,ok
1785473321.782,1.98,ok
1785473321.795,2.62,ok
1785473321.811,1.62,ok
1785473321.825,1.80,ok
1785473321.839,2.07,ok
1785473321.852,2.07,ok
1785473321.865,1.78,ok
1785473321.878,2.10,ok
1785473321.894,1.87,ok
1785473321.908,1.64,ok
1785473321.925,2.24,ok
1785473321.939,2.20,ok
1785473321.952,1.91,ok
1785473321.969,1.92,ok
1785473321.985,2.01,ok
1785473322.002,1.80,ok
1785473322.019,2.13,ok
1785473322.034,2.17,ok
1785473322.050,1.81,ok
1785473322.064,2.38,ok
1785473322.082,3.11,ok
1785473322.099,2.24,ok
1785473322.114,1.67,ok
1785473322.128,1.69,ok
1785473322.144,1.67,ok
1785473322.156,2.68,ok
1785473322.173,1.75,ok
1785473322.190,1.79,ok
1785473322.205,3.57,ok
1785473322.217,1.95,ok
1785473322.234,2.21,ok
1785473322.249,1.86,ok
1785473322.266,2.00,ok
1785473322.283,1.96,ok
1785473322.299,1.93,ok
1785473322.313,1.65,ok
1785473322.331,4.56,ok
1785473322.349,2.28,ok
1785473322.367,3.37,ok
1785473322.384,2.05,ok
1785473322.396,1.62,ok
1785473322.409,1.77,ok
1785473322.427,2.26,ok
1785473322.442,1.80,ok
1785473322.454,1.82,ok
1785473322.471,2.17,ok
1785473322.489,2.23,ok
1785473322.503,1.87,ok
1785473322.519,2.38,ok
1785473322.533,3.53,ok
1785473322.550,1.86,ok
1785473322.567,2.08,ok
1785473322.584,2.02,ok
1785473322.597,1.68,ok
1785473322.616,2.32,ok
1785473322.628,1.72,ok
1785473322.645,2.13,ok
1785473322.662,1.90,ok
1785473322.680,2.13,ok
1785473322.692,1.74,ok
1785473322.707,1.85,ok
1785473322.737,14.91,ok
1785473322.755,2.17,ok
1785473322.772,2.07,ok
1785473322.786,2.01,ok
1785473322.799,1.82,ok
1785473322.813,1.68,ok
1785473322.828,1.70,ok
1785473322.843,1.83,ok
1785473322.860,1.69,ok
1785473322.875,1.62,ok
1785473322.891,2.00,ok
1785473322.904,1.74,ok
1785473322.921,1.85,ok
1785473322.934,1.98,ok
1785473322.947,2.19,ok
1785473322.962,1.88,ok
1785473322.975,2.05,ok
1785473322.992,1.97,ok
1785473323.008,1.63,ok
1785473323.025,1.75,ok
1785473323.041,2.14,ok
1785473323.059,2.22,ok
1785473323.075,1.82,ok
1785473323.089,2.11,ok
1785473323.102,1.84,ok
1785473323.121,3.97,ok
1785473323.136,1.69,ok
1785473323.150,2.01,ok
1785473323.167,2.21,ok
1785473323.187,4.62,ok
1785473323.200,1.87,ok
1785473323.213,1.70,ok
1785473323.231,2.55,ok
1785473323.246,1.92,ok
1785473323.263,3.14,ok
1785473323.278,4.33,ok
1785473323.291,1.91,ok
1785473323.307,2.12,ok
1785473323.324,2.61,ok
1785473323.336,1.78,ok
1785473323.352,2.19,ok
1785473323.369,2.32,ok
1785473323.382,1.75,ok
1785473323.398,1.54,ok
1785473323.415,2.06,ok
1785473323.428,1.83,ok
1785473323.444,2.13,ok
1785473323.459,1.94,ok
1785473323.474,1.99,ok
1785473323.486,1.70,ok
1785473323.501,1.60,ok
1785473323.513,2.17,ok
1785473323.530,1.84,ok
1785473323.547,1.97,ok
1785473323.564,1.80,ok
1785473323.581,2.52,ok
1785473323.600,3.39,ok
1785473323.618,2.73,ok
1785473323.635,1.84,ok
1785473323.647,1.54,ok
1785473323.661,1.80,ok
1785473323.677,2.05,ok
1785473323.694,1.64,ok
1785473323.707,2.94,ok
1785473323.722,2.92,ok
1785473323.734,1.78,ok
1785473323.747,1.54,ok
1785473323.762,1.72,ok
1785473323.774,1.78,ok
1785473323.790,2.06,ok
1785473323.806,1.43,ok
1785473323.821,2.97,ok
1785473323.834,2.19,ok
1785473323.850,2.06,ok
1785473323.867,1.98,ok
1785473323.883,1.93,ok
1785473323.900,2.25,ok
1785473323.917,2.47,ok
1785473323.931,2.26,ok
1785473323.948,1.88,ok
1785473323.961,1.87,ok
1785473323.978,2.10,ok
1785473323.993,2.08,ok
1785473324.009,1.58,ok
1785473324.026,2.06,ok
1785473324.043,2.03,ok
1785473324.056,2.01,ok
1785473324.069,1.93,ok
1785473324.082,2.06,ok
1785473324.096,3.21,ok
1785473324.108,1.54,ok
1785473324.121,1.75,ok
1785473324.138,1.97,ok
1785473324.154,1.82,ok
1785473324.168,2.19,ok
1785473324.184,2.67,ok
1785473324.201,2.22,ok
1785473324.215,1.60,ok
1785473324.227,1.94,ok
1785473324.243,2.69,ok
1785473324.259,2.49,ok
1785473324.275,2.05,ok
1785473324.294,3.25,ok
1785473324.309,1.76,ok
1785473324.326,1.86,ok
1785473324.341,3.33,ok
1785473324.358,1.82,ok
1785473324.371,1.92,ok
1785473324.383,1.56,ok
1785473324.397,2.06,ok
1785473324.414,1.65,ok
1785473324.428,1.46,ok
1785473324.441,1.66,ok
1785473324.458,1.71,ok
1785473324.471,1.83,ok
1785473324.488,1.81,ok
1785473324.500,1.99,ok
1785473324.517,1.77,ok
1785473324.534,1.97,ok
1785473324.548,1.90,ok
1785473324.564,2.07,ok
1785473324.579,2.89,ok
1785473324.600,8.12,ok
1785473324.617,1.92,ok
1785473324.632,1.60,ok
1785473324.646,1.72,ok
1785473324.658,1.56,ok
1785473324.675,1.90,ok
1785473324.692,2.21,ok
1785473324.711,3.54,ok
1785473324.725,1.95,ok
1785473324.741,2.18,ok
1785473324.756,1.72,ok
1785473324.773,1.70,ok
1785473324.789,1.58,ok
1785473324.806,1.72,ok
1785473324.819,2.21,ok
1785473324.834,2.07,ok
1785473324.851,2.92,ok
1785473324.866,1.85,ok
1785473324.883,2.10,ok
1785473324.895,1.96,ok
1785473324.914,3.47,ok
1785473324.927,1.86,ok
1785473324.945,2.54,ok
1785473324.961,2.14,ok
1785473324.975,1.66,ok
1785473324.992,1.96,ok
1785473325.010,3.76,ok
1785473325.023,1.70,ok
1785473325.038,1.72,ok
1785473325.055,1.78,ok
1785473325.070,1.79,ok
1785473325.086,1.60,ok
1785473325.099,2.33,ok
1785473325.116,2.00,ok
1785473325.129,1.55,ok
1785473325.142,1.73,ok
1785473325.159,1.75,ok
1785473325.176,2.18,ok
1785473325.192,1.98,ok
1785473325.209,1.86,ok
1785473325.225,1.83,ok
1785473325.241,2.33,ok
1785473325.258,1.98,ok
1785473325.270,1.66,ok
1785473325.284,3.01,ok
1785473325.296,2.20,ok
1785473325.313,1.96,ok
1785473325.330,1.88,ok
1785473325.345,1.83,ok
1785473325.361,1.80,ok
1785473325.377,2.01,ok
1785473325.391,2.01,ok
1785473325.407,1.81,ok
1785473325.420,2.26,ok
1785473325.436,1.83,ok
1785473325.451,1.77,ok
1785473325.467,1.96,ok
1785473325.483,1.81,ok
1785473325.496,2.06,ok
1785473325.513,2.55,ok
1785473325.529,1.72,ok
1785473325.542,2.97,ok
1785473325.559,2.02,ok
1785473325.573,2.00,ok
1785473325.586,1.97,ok
1785473325.598,1.72,ok
1785473325.615,2.08,ok
1785473325.628,1.81,ok
1785473325.645,2.04,ok
1785473325.658,1.96,ok
1785473325.674,2.11,ok
1785473325.691,1.82,ok
1785473325.706,1.59,ok
1785473325.720,2.22,ok
1785473325.736,5.45,ok
1785473325.749,2.10,ok
1785473325.766,1.82,ok
1785473325.778,1.66,ok
1785473325.791,2.19,ok
1785473325.808,1.65,ok
1785473325.822,1.78,ok
1785473325.835,3.23,ok
1785473325.848,1.72,ok
1785473325.863,1.58,ok
1785473325.879,2.23,ok
1785473325.892,1.96,ok
1785473325.906,1.80,ok
1785473325.922,1.83,ok
1785473325.938,1.94,ok
1785473325.955,2.14,ok
1785473325.972,2.09,ok
1785473325.989,1.94,ok
1785473326.005,2.31,ok
1785473326.022,2.13,ok
1785473326.039,1.99,ok
1785473326.051,2.07,ok
1785473326.068,1.92,ok
1785473326.084,2.21,ok
1785473326.100,2.05,ok
1785473326.116,2.01,ok
1785473326.133,1.91,ok
1785473326.145,1.64,ok
1785473326.162,1.77,ok
1785473326.174,1.93,ok
1785473326.187,1.92,ok
1785473326.202,1.93,ok
1785473326.220,3.10,ok
1785473326.236,2.03,ok
1785473326.250,1.75,ok
1785473326.262,1.57,ok
1785473326.276,2.05,ok
1785473326.292,1.84,ok
1785473326.309,2.06,ok
1785473326.325,1.91,ok
1785473326.342,1.94,ok
1785473326.360,3.04,ok
1785473326.372,1.61,ok
1785473326.386,2.03,ok
1785473326.402,3.07,ok
1785473326.418,1.72,ok
1785473326.434,1.65,ok
1785473326.448,2.81,ok
1785473326.468,4.99,ok
1785473326.486,4.02,ok
1785473326.502,2.19,ok
1785473326.516,2.47,ok
1785473326.530,1.89,ok
1785473326.546,1.83,ok
1785473326.561,1.80,ok
1785473326.577,2.12,ok
1785473326.592,2.18,ok
1785473326.609,2.04,ok
1785473326.625,1.80,ok
1785473326.640,1.95,ok
1785473326.657,1.97,ok
1785473326.674,1.81,ok
1785473326.689,2.03,ok
1785473326.703,1.84,ok
1785473326.717,1.66,ok
1785473326.736,3.87,ok
1785473326.749,1.69,ok
1785473326.766,2.03,ok
1785473326.783,1.65,ok
1785473326.795,1.86,ok
1785473326.811,2.60,ok
1785473326.828,1.90,ok
1785473326.845,2.14,ok
1785473326.859,2.61,ok
1785473326.872,2.07,ok
1785473326.889,2.26,ok
1785473326.902,1.93,ok
1785473326.918,3.06,ok
1785473326.936,2.37,ok
1785473326.954,3.02,ok
1785473326.969,2.00,ok
1785473326.982,1.94,ok
1785473326.998,2.00,ok
1785473327.012,2.22,ok
1785473327.031,3.58,ok
1785473327.048,1.80,ok
1785473327.061,2.02,ok
1785473327.080,3.47,ok
1785473327.092,2.29,ok
1785473327.105,1.56,ok
1785473327.121,1.80,ok
1785473327.135,2.02,ok
1785473327.152,2.07,ok
1785473327.169,2.19,ok
1785473327.186,1.88,ok
1785473327.201,2.15,ok
1785473327.217,1.77,ok
1785473327.234,1.98,ok
1785473327.248,2.02,ok
1785473327.266,2.83,ok
1785473327.278,1.65,ok
1785473327.292,1.77,ok
1785473327.306,2.28,ok
1785473327.319,1.63,ok
1785473327.336,1.94,ok
1785473327.352,2.04,ok
1785473327.369,3.52,ok
1785473327.384,2.30,ok
1785473327.400,1.44,ok
1785473327.415,4.75,ok
1785473327.428,2.03,ok
1785473327.442,2.26,ok
1785473327.457,1.90,ok
1785473327.473,1.66,ok
1785473327.491,2.63,ok
1785473327.506,1.75,ok
1785473327.520,2.60,ok
1785473327.537,1.81,ok
1785473327.551,1.95,ok
1785473327.568,2.93,ok
1785473327.584,2.15,ok
1785473327.597,2.41,ok
1785473327.613,2.23,ok
1785473327.630,2.47,ok
1785473327.643,1.69,ok
1785473327.660,2.01,ok
1785473327.674,1.92,ok
1785473327.690,1.87,ok
1785473327.706,1.95,ok
1785473327.723,3.38,ok
1785473327.740,2.61,ok
1785473327.754,1.69,ok
1785473327.769,4.36,ok
1785473327.784,4.06,ok
1785473327.800,2.01,ok
1785473327.817,1.96,ok
1785473327.832,2.25,ok
1785473327.848,2.98,ok
1785473327.865,2.08,ok
1785473327.882,2.06,ok
1785473327.900,2.12,ok
1785473327.913,1.80,ok
1785473327.930,2.12,ok
1785473327.947,3.24,ok
1785473327.965,1.99,ok
1785473327.981,1.76,ok
1785473327.998,2.38,ok
1785473328.012,2.08,ok
1785473328.025,1.71,ok
1785473328.040,1.84,ok
1785473328.054,2.03,ok
1785473328.069,2.38,ok
1785473328.083,2.48,ok
1785473328.100,2.26,ok
1785473328.116,1.94,ok
1785473328.130,2.15,ok
1785473328.142,2.12,ok
1785473328.159,2.01,ok
1785473328.176,2.09,ok
1785473328.193,2.02,ok
1785473328.208,1.90,ok
1785473328.225,1.98,ok
1785473328.240,2.01,ok
1785473328.257,2.01,ok
1785473328.275,2.14,ok
1785473328.288,1.94,ok
1785473328.301,2.09,ok
1785473328.316,2.20,ok
1785473328.334,2.02,ok
1785473328.351,2.08,ok
1785473328.368,2.21,ok
1785473328.384,2.02,ok
1785473328.402,2.22,ok
1785473328.414,1.63,ok
1785473328.431,1.90,ok
1785473328.448,1.88,ok
1785473328.462,1.91,ok
1785473328.476,2.24,ok
1785473328.488,1.87,ok
1785473328.505,1.83,ok
1785473328.517,1.80,ok
1785473328.533,3.38,ok
1785473328.551,3.41,ok
1785473328.567,1.85,ok
1785473328.582,2.34,ok
1785473328.600,1.98,ok
1785473328.616,2.01,ok
1785473328.634,3.29,ok
1785473328.651,1.92,ok
1785473328.667,2.61,ok
1785473328.683,3.07,ok
1785473328.699,2.20,ok
1785473328.715,1.83,ok
1785473328.727,1.92,ok
1785473328.744,1.79,ok
1785473328.758,1.85,ok
1785473328.775,1.99,ok
1785473328.791,1.81,ok
1785473328.804,1.80,ok
1785473328.816,1.97,ok
1785473328.833,3.08,ok
1785473328.850,2.15,ok
1785473328.863,2.18,ok
1785473328.880,1.95,ok
1785473328.897,1.53,ok
1785473328.910,1.58,ok
1785473328.924,1.87,ok
1785473328.943,4.83,ok
1785473328.960,1.74,ok
1785473328.976,2.01,ok
1785473328.989,1.65,ok
1785473329.006,2.02,ok
1785473329.021,2.53,ok
1785473329.040,3.03,ok
1785473329.057,2.09,ok
1785473329.069,2.03,ok
1785473329.084,2.34,ok
1785473329.102,2.24,ok
1785473329.118,1.94,ok
1785473329.133,2.17,ok
1785473329.151,2.14,ok
1785473329.166,2.05,ok
1785473329.179,2.56,ok
1785473329.194,1.83,ok
1785473329.207,2.01,ok
1785473329.224,1.98,ok
1785473329.241,2.15,ok
1785473329.255,2.13,ok
1785473329.268,2.14,ok
1785473329.285,1.82,ok
1785473329.300,2.00,ok
1785473329.313,2.02,ok
1785473329.325,1.97,ok
1785473329.340,2.03,ok
1785473329.358,2.65,ok
1785473329.374,1.81,ok
1785473329.392,2.20,ok
1785473329.407,1.89,ok
1785473329.424,2.40,ok
1785473329.437,1.95,ok
1785473329.451,1.86,ok
1785473329.467,1.92,ok
1785473329.481,1.74,ok
1785473329.498,1.90,ok
1785473329.512,1.46,ok
1785473329.525,1.77,ok
1785473329.542,1.80,ok
1785473329.558,2.07,ok
1785473329.573,1.68,ok
1785473329.590,1.99,ok
1785473329.606,1.62,ok
1785473329.620,1.75,ok
1785473329.636,1.65,ok
1785473329.649,1.91,ok
1785473329.664,1.88,ok
1785473329.680,2.91,ok
1785473329.692,2.25,ok
1785473329.709,1.89,ok
1785473329.726,2.95,ok
1785473329.742,2.07,ok
1785473329.760,2.25,ok
1785473329.774,1.80,ok
1785473329.787,2.09,ok
1785473329.800,1.85,ok
1785473329.815,2.95,ok
1785473329.831,1.84,ok
1785473329.844,1.47,ok
1785473329.858,1.68,ok
1785473329.872,1.87,ok
1785473329.889,1.96,ok
1785473329.907,2.68,ok
1785473329.920,2.00,ok
1785473329.934,1.86,ok
1785473329.950,2.04,ok
1785473329.967,1.90,ok
1785473329.981,1.87,ok
1785473329.994,2.13,ok
1785473330.012,2.14,ok
1785473330.027,1.55,ok
1785473330.040,1.64,ok
1785473330.057,3.12,ok
1785473330.071,2.04,ok
1785473330.083,2.06,ok
1785473330.097,2.60,ok
1785473330.114,1.93,ok
1785473330.129,1.86,ok
1785473330.142,1.57,ok
1785473330.159,1.76,ok
1785473330.175,1.75,ok
1785473330.187,1.59,ok
1785473330.201,1.84,ok
1785473330.218,1.99,ok
1785473330.234,1.82,ok
1785473330.249,1.94,ok
1785473330.264,1.42,ok
1785473330.277,1.87,ok
1785473330.292,1.95,ok
1785473330.308,1.84,ok
1785473330.325,1.90,ok
1785473330.339,2.65,ok
1785473330.356,1.92,ok
1785473330.369,2.59,ok
1785473330.383,2.89,ok
1785473330.396,1.60,ok
1785473330.411,1.53,ok
1785473330.424,1.59,ok
1785473330.439,1.99,ok
1785473330.456,1.81,ok
1785473330.472,1.80,ok
1785473330.485,1.71,ok
1785473330.500,1.75,ok
1785473330.518,2.06,ok
1785473330.532,1.96,ok
1785473330.547,1.76,ok
1785473330.564,1.82,ok
1785473330.577,1.57,ok
1785473330.592,1.65,ok
1785473330.608,1.66,ok
1785473330.625,1.72,ok
1785473330.640,1.60,ok
1785473330.657,1.83,ok
1785473330.674,2.06,ok
1785473330.688,2.10,ok
1785473330.703,2.28,ok
1785473330.718,3.49,ok
1785473330.737,5.41,ok
1785473330.754,1.88,ok
1785473330.768,1.80,ok
1785473330.781,1.58,ok
1785473330.798,3.33,ok
1785473330.813,3.23,ok
1785473330.825,1.66,ok
1785473330.840,1.68,ok
1785473330.854,3.13,ok
1785473330.869,3.45,ok
1785473330.885,3.53,ok
1785473330.901,1.72,ok
1785473330.914,2.82,ok
1785473330.927,2.33,ok
1785473330.942,1.70,ok
1785473330.959,2.31,ok
1785473330.977,3.50,ok
1785473330.992,1.88,ok
1785473331.009,2.25,ok
1785473331.025,1.54,ok
1785473331.042,1.63,ok
1785473331.057,1.83,ok
1785473331.074,1.69,ok
1785473331.088,1.78,ok
1785473331.105,1.82,ok
1785473331.122,1.66,ok
1785473331.137,2.03,ok
1785473331.151,1.57,ok
1785473331.164,1.70,ok
1785473331.181,1.66,ok
1785473331.194,1.95,ok
1785473331.206,1.35,ok
1785473331.220,1.89,ok
1785473331.233,1.83,ok
1785473331.250,1.90,ok
1785473331.267,2.03,ok
1785473331.284,1.92,ok
1785473331.298,1.84,ok
1785473331.316,2.40,ok
1785473331.333,2.50,ok
1785473331.350,2.11,ok
1785473331.365,1.85,ok
1785473331.382,2.05,ok
1785473331.399,1.93,ok
1785473331.411,1.72,ok
1785473331.429,2.11,ok
1785473331.446,2.26,ok
1785473331.460,2.21,ok
1785473331.475,1.85,ok
1785473331.492,1.72,ok
1785473331.509,1.76,ok
1785473331.521,1.67,ok
1785473331.534,1.70,ok
1785473331.550,1.65,ok
1785473331.567,1.71,ok
1785473331.583,1.75,ok
1785473331.600,1.80,ok
1785473331.614,1.52,ok
1785473331.630,1.63,ok
1785473331.648,2.15,ok
1785473331.661,2.70,ok
1785473331.674,1.63,ok
1785473331.690,1.85,ok
1785473331.704,2.47,ok
1785473331.717,2.15,ok
1785473331.748,15.50,ok
1785473331.765,3.01,ok
1785473331.781,1.75,ok
1785473331.795,1.85,ok
1785473331.809,1.88,ok
1785473331.827,3.31,ok
1785473331.844,1.84,ok
1785473331.859,2.59,ok
1785473331.876,1.52,ok
1785473331.892,2.15,ok
1785473331.908,5.48,ok
1785473331.922,1.54,ok
1785473331.939,1.89,ok
1785473331.956,1.72,ok
1785473331.970,1.70,ok
1785473331.985,4.00,ok
1785473332.001,2.23,ok
1785473332.015,2.94,ok
1785473332.030,3.42,ok
1785473332.043,1.64,ok
1785473332.059,1.61,ok
1785473332.075,1.83,ok
1785473332.093,2.93,ok
1785473332.106,1.76,ok
1785473332.123,1.98,ok
1785473332.136,1.91,ok
1785473332.150,2.10,ok
1785473332.166,1.63,ok
1785473332.183,1.94,ok
1785473332.202,3.59,ok
1785473332.217,2.12,ok
1785473332.232,1.66,ok
1785473332.246,1.77,ok
1785473332.258,1.85,ok
1785473332.273,1.68,ok
1785473332.290,1.52,ok
1785473332.304,1.87,ok
1785473332.319,3.41,ok
1785473332.334,2.00,ok
1785473332.351,2.86,ok
1785473332.363,1.87,ok
1785473332.380,2.22,ok
1785473332.396,2.04,ok
1785473332.412,1.99,ok
1785473332.427,2.03,ok
1785473332.444,2.04,ok
1785473332.457,1.98,ok
1785473332.470,1.75,ok
1785473332.487,1.92,ok
1785473332.505,3.56,ok
1785473332.519,1.98,ok
1785473332.537,2.84,ok
1785473332.552,2.77,ok
1785473332.566,2.02,ok
1785473332.578,1.92,ok
1785473332.591,1.80,ok
1785473332.604,1.67,ok
1785473332.620,1.67,ok
1785473332.634,2.08,ok
1785473332.651,2.14,ok
1785473332.666,2.09,ok
1785473332.679,1.81,ok
1785473332.695,1.78,ok
1785473332.708,1.70,ok
1785473332.725,1.92,ok
1785473332.743,4.41,ok
1785473332.760,1.81,ok
1785473332.777,1.83,ok
1785473332.792,1.74,ok
1785473332.807,1.77,ok
1785473332.824,2.02,ok
1785473332.841,1.72,ok
1785473332.853,1.73,ok
1785473332.868,1.71,ok
1785473332.885,2.33,ok
1785473332.903,2.49,ok
1785473332.920,2.73,ok
1785473332.934,2.49,ok
1785473332.949,1.81,ok
1785473332.964,1.91,ok
1785473332.982,3.04,ok
1785473332.996,2.15,ok
1785473333.013,2.44,ok
1785473333.031,2.07,ok
1785473333.044,2.38,ok
1785473333.059,2.14,ok
1785473333.099,24.63,ok
1785473333.115,3.40,ok
1785473333.127,2.00,ok
1785473333.142,2.62,ok
1785473333.158,2.31,ok
1785473333.171,1.63,ok
1785473333.186,1.60,ok
1785473333.202,1.98,ok
1785473333.216,2.55,ok
1785473333.227,1.58,ok
1785473333.242,1.87,ok
1785473333.259,2.42,ok
1785473333.276,1.86,ok
1785473333.291,1.82,ok
1785473333.308,2.34,ok
1785473333.325,2.23,ok
1785473333.338,1.93,ok
1785473333.351,1.97,ok
1785473333.363,1.87,ok
1785473333.375,1.93,ok
1785473333.391,2.08,ok
1785473333.404,1.91,ok
1785473333.416,1.89,ok
1785473333.431,2.16,ok
1785473333.448,2.13,ok
1785473333.466,2.03,ok
1785473333.481,2.23,ok
1785473333.498,3.00,ok
1785473333.513,2.03,ok
1785473333.530,2.08,ok
1785473333.547,1.87,ok
1785473333.564,1.75,ok
1785473333.581,1.95,ok
1785473333.595,2.13,ok
1785473333.612,1.83,ok
1785473333.627,1.92,ok
1785473333.641,1.89,ok
1785473333.653,1.92,ok
1785473333.667,2.00,ok
1785473333.683,2.08,ok
1785473333.695,1.76,ok
1785473333.709,1.88,ok
1785473333.726,1.99,ok
1785473333.744,3.69,ok
1785473333.760,2.03,ok
1785473333.775,1.46,ok
1785473333.789,1.36,ok
1785473333.802,1.55,ok
1785473333.817,1.93,ok
1785473333.833,1.50,ok
1785473333.850,1.79,ok
1785473333.863,1.83,ok
1785473333.876,1.87,ok
1785473333.889,3.13,ok
1785473333.904,2.13,ok
1785473333.917,1.68,ok
1785473333.934,2.06,ok
1785473333.949,1.82,ok
1785473333.961,1.66,ok
1785473333.978,1.84,ok
1785473333.995,3.65,ok
1785473334.012,2.11,ok
1785473334.028,2.02,ok
1785473334.042,2.47,ok
1785473334.057,1.93,ok
1785473334.071,2.95,ok
1785473334.087,1.70,ok
1785473334.103,2.08,ok
1785473334.117,2.11,ok
1785473334.134,1.96,ok
1785473334.146,1.81,ok
1785473334.161,1.87,ok
1785473334.178,1.71,ok
1785473334.193,2.96,ok
1785473334.205,2.29,ok
1785473334.220,1.89,ok
1785473334.232,1.91,ok
1785473334.249,2.37,ok
1785473334.263,1.90,ok
1785473334.275,1.87,ok
1785473334.288,2.01,ok
1785473334.302,1.83,ok
1785473334.317,2.12,ok
1785473334.334,2.18,ok
1785473334.352,2.12,ok
1785473334.369,2.22,ok
1785473334.382,2.26,ok
1785473334.399,1.77,ok
1785473334.414,1.45,ok
1785473334.427,1.67,ok
1785473334.445,3.33,ok
1785473334.458,1.85,ok
1785473334.471,2.33,ok
1785473334.488,1.89,ok
1785473334.505,1.71,ok
1785473334.517,2.08,ok
1785473334.534,2.06,ok
1785473334.550,2.16,ok
1785473334.567,1.99,ok
1785473334.583,2.01,ok
1785473334.597,1.58,ok
1785473334.610,3.15,ok
1785473334.625,1.66,ok
1785473334.639,1.87,ok
1785473334.652,2.04,ok
1785473334.671,3.04,ok
1785473334.685,2.01,ok
1785473334.700,1.90,ok
1785473334.716,2.24,ok
1785473334.733,1.88,ok
1785473334.750,2.40,ok
1785473334.766,1.96,ok
1785473334.780,1.93,ok
1785473334.795,2.03,ok
1785473334.807,1.60,ok
1785473334.819,1.79,ok
1785473334.836,2.16,ok
1785473334.853,1.95,ok
1785473334.869,2.18,ok
1785473334.884,2.04,ok
1785473334.899,2.02,ok
1785473334.913,1.94,ok
1785473334.927,2.80,ok
1785473334.941,1.89,ok
1785473334.957,2.16,ok
1785473334.975,2.95,ok
1785473334.992,2.06,ok
1785473335.008,3.24,ok
1785473335.020,1.68,ok
1785473335.036,2.02,ok
1785473335.048,1.89,ok
1785473335.066,2.23,ok
1785473335.079,1.73,ok
1785473335.095,2.40,ok
1785473335.110,1.96,ok
1785473335.127,1.74,ok
1785473335.143,1.73,ok
1785473335.159,2.47,ok
1785473335.175,2.14,ok
1785473335.188,1.93,ok
1785473335.200,1.66,ok
1785473335.217,2.16,ok
1785473335.235,2.92,ok
1785473335.251,1.78,ok
1785473335.264,1.71,ok
1785473335.277,2.97,ok
1785473335.292,1.89,ok
1785473335.308,1.69,ok
1785473335.321,1.82,ok
1785473335.338,2.99,ok
1785473335.355,4.12,ok
1785473335.370,2.45,ok
1785473335.385,2.25,ok
1785473335.402,2.16,ok
1785473335.419,1.73,ok
1785473335.434,1.84,ok
1785473335.447,1.93,ok
1785473335.462,2.05,ok
1785473335.475,2.11,ok
1785473335.489,1.76,ok
1785473335.506,1.96,ok
1785473335.521,1.70,ok
1785473335.538,1.94,ok
1785473335.553,2.45,ok
1785473335.569,1.97,ok
1785473335.586,2.14,ok
1785473335.601,2.18,ok
1785473335.617,1.87,ok
1785473335.634,3.26,ok
1785473335.651,1.91,ok
1785473335.665,1.60,ok
1785473335.679,2.27,ok
1785473335.696,2.06,ok
1785473335.709,1.89,ok
1785473335.721,1.97,ok
1785473335.735,2.06,ok
1785473335.750,2.69,ok
1785473335.767,2.84,ok
1785473335.783,2.06,ok
1785473335.796,2.35,ok
1785473335.813,1.92,ok
1785473335.825,1.93,ok
1785473335.839,2.17,ok
1785473335.856,1.94,ok
1785473335.868,2.01,ok
1785473335.882,1.86,ok
1785473335.898,2.00,ok
1785473335.913,1.94,ok
1785473335.930,2.03,ok
1785473335.946,1.94,ok
1785473335.959,1.70,ok
1785473335.976,1.94,ok
1785473335.993,1.86,ok
1785473336.010,2.12,ok
1785473336.025,1.76,ok
1785473336.042,1.80,ok
1785473336.056,2.10,ok
1785473336.071,2.19,ok
1785473336.085,2.09,ok
1785473336.099,2.30,ok
1785473336.112,1.73,ok
1785473336.126,1.81,ok
1785473336.142,1.99,ok
1785473336.160,2.98,ok
1785473336.177,2.01,ok
1785473336.193,3.29,ok
1785473336.206,1.60,ok
1785473336.219,1.80,ok
1785473336.234,1.80,ok
1785473336.246,1.80,ok
1785473336.262,2.21,ok
1785473336.279,2.04,ok
1785473336.294,1.83,ok
1785473336.311,2.14,ok
1785473336.326,2.03,ok
1785473336.342,1.96,ok
1785473336.359,1.88,ok
1785473336.376,2.03,ok
1785473336.394,3.41,ok
1785473336.409,2.20,ok
1785473336.422,1.67,ok
1785473336.439,2.60,ok
1785473336.453,1.90,ok
1785473336.466,2.34,ok
1785473336.480,3.32,ok
1785473336.494,1.89,ok
1785473336.510,2.99,ok
1785473336.527,2.30,ok
1785473336.543,1.92,ok
1785473336.561,2.11,ok
1785473336.577,1.56,ok
1785473336.592,1.92,ok
1785473336.609,1.91,ok
1785473336.625,1.90,ok
1785473336.638,1.77,ok
1785473336.652,2.04,ok
1785473336.665,2.30,ok
1785473336.680,1.80,ok
1785473336.695,2.19,ok
1785473336.708,1.70,ok
1785473336.723,1.60,ok
1785473336.736,1.73,ok
1785473336.754,2.96,ok
1785473336.767,1.70,ok
1785473336.782,1.81,ok
1785473336.797,1.79,ok
1785473336.814,1.91,ok
1785473336.830,1.65,ok
1785473336.847,1.81,ok
1785473336.863,1.86,ok
1785473336.879,2.58,ok
1785473336.896,1.86,ok
1785473336.911,1.92,ok
1785473336.928,2.07,ok
1785473336.946,2.32,ok
1785473336.964,3.08,ok
1785473336.976,1.97,ok
1785473336.992,1.78,ok
1785473337.009,2.17,ok
1785473337.025,2.99,ok
1785473337.039,2.85,ok
1785473337.053,2.81,ok
1785473337.067,1.86,ok
1785473337.082,2.05,ok
1785473337.095,1.96,ok
1785473337.109,1.69,ok
1785473337.127,3.21,ok
1785473337.142,3.08,ok
1785473337.159,2.30,ok
1785473337.175,2.10,ok
1785473337.191,2.10,ok
1785473337.208,1.97,ok
1785473337.225,2.00,ok
1785473337.238,2.04,ok
1785473337.251,1.94,ok
1785473337.264,2.01,ok
1785473337.279,1.94,ok
1785473337.295,2.02,ok
1785473337.311,2.07,ok
1785473337.326,2.04,ok
1785473337.339,2.03,ok
1785473337.352,1.90,ok
1785473337.368,1.98,ok
1785473337.382,2.20,ok
1785473337.397,2.10,ok
1785473337.412,2.45,ok
1785473337.426,2.02,ok
1785473337.441,2.20,ok
1785473337.454,1.89,ok
1785473337.470,2.91,ok
1785473337.485,4.33,ok
1785473337.500,2.02,ok
1785473337.516,2.29,ok
1785473337.531,3.49,ok
1785473337.548,2.37,ok
1785473337.562,1.91,ok
1785473337.579,2.09,ok
1785473337.594,1.84,ok
1785473337.610,5.02,ok
1785473337.626,1.87,ok
1785473337.642,2.94,ok
1785473337.657,2.08,ok
1785473337.673,4.21,ok
1785473337.686,1.71,ok
1785473337.703,2.21,ok
1785473337.717,1.82,ok
1785473337.734,2.11,ok
1785473337.754,9.42,ok
1785473337.768,2.52,ok
1785473337.782,3.46,ok
1785473337.797,2.08,ok
1785473337.810,2.75,ok
1785473337.825,2.45,ok
1785473337.839,1.93,ok
1785473337.854,2.09,ok
1785473337.872,4.32,ok
1785473337.889,2.16,ok
1785473337.903,1.72,ok
1785473337.918,1.91,ok
1785473337.931,2.24,ok
1785473337.943,2.09,ok
1785473337.958,1.85,ok
1785473337.975,1.82,ok
1785473337.990,1.82,ok
1785473338.003,2.11,ok
1785473338.019,2.08,ok
1785473338.038,3.12,ok
1785473338.053,1.77,ok
1785473338.067,1.89,ok
1785473338.084,2.59,ok
1785473338.101,2.02,ok
1785473338.119,2.36,ok
1785473338.130,1.79,ok
1785473338.143,1.82,ok
1785473338.161,4.10,ok
1785473338.179,2.61,ok
1785473338.196,2.07,ok
1785473338.210,1.82,ok
1785473338.224,1.93,ok
1785473338.241,1.64,ok
1785473338.258,2.29,ok
1785473338.272,1.96,ok
1785473338.285,2.37,ok
1785473338.298,2.08,ok
1785473338.315,1.75,ok
1785473338.332,2.03,ok
1785473338.349,2.14,ok
1785473338.362,2.22,ok
1785473338.380,3.68,ok
1785473338.394,2.49,ok
1785473338.411,1.87,ok
1785473338.426,1.96,ok
1785473338.443,1.84,ok
1785473338.455,1.97,ok
1785473338.470,3.27,ok
1785473338.483,1.89,ok
1785473338.497,2.10,ok
1785473338.515,2.67,ok
1785473338.531,2.48,ok
1785473338.547,1.97,ok
1785473338.564,2.16,ok
1785473338.581,2.70,ok
1785473338.598,2.09,ok
1785473338.615,2.57,ok
1785473338.629,2.86,ok
1785473338.646,2.04,ok
1785473338.662,2.11,ok
1785473338.677,2.22,ok
1785473338.691,2.09,ok
1785473338.702,1.62,ok
1785473338.717,3.06,ok
1785473338.732,2.21,ok
1785473338.751,5.36,ok
1785473338.767,2.58,ok
1785473338.780,2.79,ok
1785473338.794,2.25,ok
1785473338.811,3.90,ok
1785473338.826,2.24,ok
1785473338.843,3.22,ok
1785473338.859,1.95,ok
1785473338.871,1.81,ok
1785473338.883,1.83,ok
1785473338.895,1.77,ok
1785473338.910,2.06,ok
1785473338.926,2.31,ok
1785473338.942,2.16,ok
1785473338.958,2.11,ok
1785473338.972,2.15,ok
1785473338.988,2.00,ok
1785473339.003,1.65,ok
1785473339.019,1.94,ok
1785473339.031,1.91,ok
1785473339.048,2.16,ok
1785473339.062,2.02,ok
1785473339.078,1.78,ok
1785473339.090,1.77,ok
1785473339.109,3.49,ok
1785473339.121,1.82,ok
1785473339.139,2.66,ok
1785473339.150,1.55,ok
1785473339.167,1.88,ok
1785473339.184,1.84,ok
1785473339.202,2.74,ok
1785473339.218,1.97,ok
1785473339.236,3.09,ok
1785473339.248,1.63,ok
1785473339.264,1.58,ok
1785473339.277,2.28,ok
1785473339.295,2.82,ok
1785473339.312,1.95,ok
1785473339.328,2.58,ok
1785473339.344,1.87,ok
1785473339.360,1.68,ok
1785473339.377,2.81,ok
1785473339.391,1.93,ok
1785473339.404,1.59,ok
1785473339.419,1.55,ok
1785473339.435,2.73,ok
1785473339.451,3.31,ok
1785473339.468,2.90,ok
1785473339.484,2.24,ok
1785473339.501,2.98,ok
1785473339.518,1.73,ok
1785473339.532,2.16,ok
1785473339.547,2.26,ok
1785473339.563,1.66,ok
1785473339.575,1.63,ok
1785473339.588,2.12,ok
1785473339.603,1.80,ok
1785473339.617,1.77,ok
1785473339.633,3.50,ok
1785473339.649,2.02,ok
1785473339.663,1.70,ok
1785473339.679,2.06,ok
1785473339.695,2.51,ok
1785473339.709,2.14,ok
1785473339.725,1.72,ok
1785473339.749,8.92,ok
1785473339.761,1.91,ok
1785473339.778,1.75,ok
1785473339.793,1.82,ok
1785473339.808,1.85,ok
1785473339.826,2.13,ok
1785473339.843,2.06,ok
1785473339.857,2.16,ok
1785473339.872,2.00,ok
1785473339.889,1.95,ok
1785473339.902,1.78,ok
1785473339.918,3.22,ok
1785473339.932,1.72,ok
1785473339.947,2.46,ok
1785473339.959,1.74,ok
1785473339.971,1.80,ok
1785473339.986,1.80,ok
1785473339.999,1.79,ok
1785473340.015,2.15,ok
1785473340.033,2.13,ok
1785473340.046,2.72,ok
1785473340.059,1.76,ok
1785473340.076,2.20,ok
1785473340.092,2.09,ok
1785473340.112,4.42,ok
1785473340.128,3.74,ok
1785473340.146,2.73,ok
1785473340.162,2.18,ok
1785473340.177,3.78,ok
1785473340.194,3.31,ok
1785473340.212,4.17,ok
1785473340.227,1.97,ok
1785473340.239,1.53,ok
1785473340.255,2.76,ok
1785473340.269,1.78,ok
1785473340.281,2.20,ok
1785473340.295,1.98,ok
1785473340.310,2.05,ok
1785473340.324,2.10,ok
1785473340.341,1.96,ok
1785473340.359,2.50,ok
1785473340.371,1.60,ok
1785473340.387,2.93,ok
1785473340.404,4.10,ok
1785473340.417,2.28,ok
1785473340.434,2.24,ok
1785473340.446,1.82,ok
1785473340.463,1.90,ok
1785473340.476,1.97,ok
1785473340.493,2.21,ok
1785473340.510,2.26,ok
1785473340.537,12.59,ok
1785473340.561,11.53,ok
1785473340.575,1.83,ok
1785473340.589,1.98,ok
1785473340.606,1.91,ok
1785473340.619,2.05,ok
1785473340.636,1.99,ok
1785473340.653,3.29,ok
1785473340.667,2.07,ok
1785473340.684,2.14,ok
1785473340.701,1.73,ok
1785473340.713,1.78,ok
1785473340.730,2.20,ok
1785473340.752,6.34,ok
1785473340.769,1.84,ok
1785473340.783,1.81,ok
1785473340.800,1.85,ok
1785473340.814,2.02,ok
1785473340.830,2.05,ok
1785473340.846,1.94,ok
1785473340.864,2.98,ok
1785473340.876,1.71,ok
1785473340.892,1.90,ok
1785473340.909,2.03,ok
1785473340.925,2.09,ok
1785473340.938,1.83,ok
1785473340.959,6.10,ok
1785473340.975,3.71,ok
1785473340.991,2.17,ok
1785473341.006,2.66,ok
1785473341.023,3.53,ok
1785473341.041,3.25,ok
1785473341.057,1.85,ok
1785473341.070,2.54,ok
1785473341.084,2.49,ok
1785473341.101,2.07,ok
1785473341.116,2.48,ok
1785473341.132,2.43,ok
1785473341.147,3.24,ok
1785473341.160,2.28,ok
1785473341.175,1.87,ok
1785473341.190,1.83,ok
1785473341.203,2.01,ok
1785473341.217,1.87,ok
1785473341.234,2.34,ok
1785473341.249,3.37,ok
1785473341.262,3.14,ok
1785473341.275,2.01,ok
1785473341.292,2.10,ok
1785473341.304,1.76,ok
1785473341.321,1.95,ok
1785473341.337,1.89,ok
1785473341.353,2.43,ok
1785473341.370,2.52,ok
1785473341.385,1.88,ok
1785473341.402,3.60,ok
1785473341.419,2.21,ok
1785473341.433,2.66,ok
1785473341.450,2.11,ok
1785473341.465,2.37,ok
1785473341.484,3.40,ok
1785473341.501,3.84,ok
1785473341.517,2.43,ok
1785473341.534,2.20,ok
1785473341.553,3.66,ok
1785473341.569,3.40,ok
1785473341.585,1.93,ok
1785473341.608,8.14,ok
1785473341.625,1.98,ok
1785473341.642,2.00,ok
1785473341.659,1.80,ok
1785473341.673,1.83,ok
1785473341.687,3.16,ok
1785473341.702,3.34,ok
1785473341.717,2.01,ok
1785473341.734,1.91,ok
1785473341.754,5.07,ok
1785473341.767,1.95,ok
1785473341.784,1.95,ok
1785473341.801,2.14,ok
1785473341.818,1.98,ok
1785473341.835,1.80,ok
1785473341.848,1.96,ok
1785473341.861,1.83,ok
1785473341.874,1.70,ok
1785473341.887,1.88,ok
1785473341.904,1.94,ok
1785473341.920,1.82,ok
1785473341.934,2.13,ok
1785473341.950,1.87,ok
1785473341.966,2.92,ok
1785473341.981,2.26,ok
1785473341.998,2.02,ok
1785473342.012,2.19,ok
1785473342.026,2.27,ok
1785473342.044,2.41,ok
1785473342.062,3.33,ok
1785473342.074,1.90,ok
1785473342.094,4.24,ok
1785473342.112,2.88,ok
1785473342.125,2.40,ok
1785473342.138,1.76,ok
1785473342.157,4.02,ok
1785473342.172,1.82,ok
1785473342.187,2.02,ok
1785473342.204,1.88,ok
1785473342.219,3.03,ok
1785473342.235,2.27,ok
1785473342.249,1.91,ok
1785473342.265,2.70,ok
1785473342.277,1.99,ok
1785473342.291,1.84,ok
1785473342.306,1.65,ok
1785473342.323,1.58,ok
1785473342.337,2.30,ok
1785473342.351,1.76,ok
1785473342.365,1.73,ok
1785473342.381,1.66,ok
1785473342.398,1.83,ok
1785473342.411,1.60,ok
1785473342.428,1.81,ok
1785473342.446,3.40,ok
1785473342.462,2.07,ok
1785473342.479,1.74,ok
1785473342.496,2.01,ok
1785473342.508,1.77,ok
1785473342.522,2.00,ok
1785473342.535,1.98,ok
1785473342.550,1.94,ok
1785473342.567,2.33,ok
1785473342.583,2.02,ok
1785473342.599,1.82,ok
1785473342.616,1.95,ok
1785473342.632,2.16,ok
1785473342.647,1.98,ok
1785473342.664,1.64,ok
1785473342.677,1.53,ok
1785473342.693,2.92,ok
1785473342.706,1.78,ok
1785473342.721,1.85,ok
1785473342.734,1.94,ok
1785473342.747,1.77,ok
1785473342.760,2.13,ok
1785473342.775,1.88,ok
1785473342.790,3.31,ok
1785473342.807,3.09,ok
1785473342.825,2.29,ok
1785473342.842,1.93,ok
1785473342.857,2.01,ok
1785473342.873,1.65,ok
1785473342.889,1.70,ok
1785473342.901,1.91,ok
1785473342.918,2.22,ok
1785473342.935,2.11,ok
1785473342.950,1.66,ok
1785473342.967,1.98,ok
1785473342.980,2.45,ok
1785473342.994,1.52,ok
1785473343.012,3.72,ok
1785473343.027,1.88,ok
1785473343.041,1.89,ok
1785473343.058,2.23,ok
1785473343.074,2.02,ok
1785473343.090,1.89,ok
1785473343.104,1.92,ok
1785473343.119,1.95,ok
1785473343.134,2.06,ok
1785473343.149,2.28,ok
1785473343.167,3.11,ok
1785473343.184,2.10,ok
1785473343.201,2.01,ok
1785473343.218,1.91,ok
1785473343.234,1.90,ok
1785473343.251,2.23,ok
1785473343.267,1.97,ok
1785473343.283,1.81,ok
1785473343.298,2.09,ok
1785473343.311,2.55,ok
1785473343.329,2.93,ok
1785473343.343,1.82,ok
1785473343.360,2.77,ok
1785473343.377,2.27,ok
1785473343.391,2.72,ok
1785473343.403,1.89,ok
1785473343.416,2.38,ok
1785473343.428,1.82,ok
1785473343.446,3.55,ok
1785473343.460,2.17,ok
1785473343.479,7.17,ok
1785473343.493,2.04,ok
1785473343.506,2.04,ok
1785473343.519,1.75,ok
1785473343.535,1.99,ok
1785473343.552,2.00,ok
1785473343.569,1.92,ok
1785473343.592,7.17,ok
1785473343.609,2.26,ok
1785473343.626,1.92,ok
1785473343.642,1.61,ok
1785473343.655,2.13,ok
1785473343.672,2.12,ok
1785473343.691,3.74,ok
1785473343.705,1.81,ok
1785473343.720,2.03,ok
1785473343.734,2.30,ok
1785473343.750,3.55,ok
1785473343.769,3.48,ok
1785473343.783,1.61,ok
1785473343.797,1.56,ok
1785473343.813,1.89,ok
1785473343.831,2.18,ok
1785473343.845,1.76,ok
1785473343.862,1.78,ok
1785473343.876,2.14,ok
1785473343.891,1.78,ok
1785473343.904,2.06,ok
1785473343.921,3.06,ok
1785473343.934,1.91,ok
1785473343.951,2.09,ok
1785473343.969,2.18,ok
1785473343.985,2.04,ok
1785473344.001,1.95,ok
1785473344.014,3.41,ok
1785473344.028,2.60,ok
1785473344.044,2.00,ok
1785473344.059,1.89,ok
1785473344.076,1.63,ok
1785473344.091,1.95,ok
1785473344.104,2.05,ok
1785473344.116,2.06,ok
1785473344.132,2.09,ok
1785473344.146,1.74,ok
1785473344.162,2.04,ok
1785473344.178,3.15,ok
1785473344.194,2.13,ok
1785473344.211,1.72,ok
1785473344.226,2.09,ok
1785473344.242,2.39,ok
1785473344.256,1.63,ok
1785473344.274,5.36,ok
1785473344.288,2.14,ok
1785473344.301,2.37,ok
1785473344.316,1.94,ok
1785473344.330,1.85,ok
1785473344.347,2.01,ok
1785473344.362,2.04,ok
1785473344.379,2.09,ok
1785473344.396,2.07,ok
1785473344.409,1.90,ok
1785473344.422,1.72,ok
1785473344.438,3.27,ok
1785473344.455,2.89,ok
1785473344.468,1.89,ok
1785473344.484,2.40,ok
1785473344.496,1.88,ok
1785473344.515,3.14,ok
1785473344.529,3.28,ok
1785473344.546,2.07,ok
1785473344.562,1.82,ok
1785473344.579,2.09,ok
1785473344.592,1.97,ok
1785473344.608,3.06,ok
1785473344.625,2.34,ok
1785473344.639,1.66,ok
1785473344.655,2.12,ok
1785473344.667,1.81,ok
1785473344.683,2.40,ok
1785473344.699,1.93,ok
1785473344.711,1.61,ok
1785473344.725,1.80,ok
1785473344.740,1.88,ok
1785473344.755,2.07,ok
1785473344.770,2.82,ok
1785473344.784,1.63,ok
1785473344.797,2.22,ok
1785473344.815,2.17,ok
1785473344.828,2.07,ok
1785473344.844,3.74,ok
1785473344.861,2.00,ok
1785473344.875,2.12,ok
1785473344.892,1.86,ok
1785473344.906,1.95,ok
1785473344.924,3.14,ok
1785473344.941,1.81,ok
1785473344.953,1.52,ok
1785473344.970,3.65,ok
1785473344.986,1.90,ok
1785473344.999,2.07,ok
1785473345.011,1.63,ok
1785473345.028,1.89,ok
1785473345.045,2.06,ok
1785473345.062,2.14,ok
1785473345.078,1.81,ok
1785473345.093,2.34,ok
1785473345.107,2.22,ok
1785473345.120,1.95,ok
1785473345.133,2.08,ok
1785473345.147,1.57,ok
1785473345.162,1.67,ok
1785473345.176,2.05,ok
1785473345.191,2.23,ok
1785473345.204,1.57,ok
1785473345.216,2.27,ok
1785473345.232,3.36,ok
1785473345.247,2.17,ok
1785473345.264,1.91,ok
1785473345.280,1.97,ok
1785473345.298,3.30,ok
1785473345.314,1.55,ok
1785473345.331,1.96,ok
1785473345.343,1.62,ok
1785473345.356,2.70,ok
1785473345.371,1.73,ok
1785473345.386,2.04,ok
1785473345.401,2.11,ok
1785473345.418,1.72,ok
1785473345.436,2.89,ok
1785473345.448,2.02,ok
1785473345.460,1.62,ok
1785473345.476,2.42,ok
1785473345.493,2.14,ok
1785473345.509,2.20,ok
1785473345.524,2.05,ok
1785473345.542,2.25,ok
1785473345.554,1.95,ok
1785473345.570,1.90,ok
1785473345.584,1.73,ok
1785473345.605,5.49,ok
1785473345.617,1.91,ok
1785473345.635,2.82,ok
1785473345.653,2.91,ok
1785473345.668,1.71,ok
1785473345.683,1.75,ok
1785473345.697,1.63,ok
1785473345.712,1.80,ok
1785473345.725,2.55,ok
1785473345.738,2.59,ok
1785473345.752,2.90,ok
1785473345.770,4.28,ok
1785473345.783,3.00,ok
1785473345.796,3.12,ok
1785473345.813,2.10,ok
1785473345.833,6.86,ok
1785473345.848,2.55,ok
1785473345.864,1.75,ok
1785473345.878,1.59,ok
1785473345.895,2.26,ok
1785473345.912,1.95,ok
1785473345.929,1.85,ok
1785473345.946,1.84,ok
1785473345.958,1.59,ok
1785473345.973,1.94,ok
1785473345.991,3.17,ok
1785473346.008,1.75,ok
1785473346.020,2.34,ok
1785473346.036,2.14,ok
1785473346.051,2.16,ok
1785473346.068,1.99,ok
1785473346.081,2.24,ok
1785473346.099,3.14,ok
1785473346.116,2.71,ok
1785473346.133,2.25,ok
1785473346.148,2.87,ok
1785473346.166,4.83,ok
1785473346.182,3.92,ok
1785473346.199,2.95,ok
1785473346.217,3.82,ok
1785473346.231,3.24,ok
1785473346.246,3.50,ok
1785473346.262,2.23,ok
1785473346.277,3.17,ok
1785473346.294,3.17,ok
1785473346.311,2.37,ok
1785473346.325,2.33,ok
1785473346.338,1.94,ok
1785473346.350,2.19,ok
1785473346.367,1.87,ok
1785473346.384,2.15,ok
1785473346.401,2.32,ok
1785473346.417,2.05,ok
1785473346.435,2.69,ok
1785473346.449,1.75,ok
1785473346.467,2.86,ok
1785473346.482,1.91,ok
1785473346.495,1.57,ok
1785473346.512,2.83,ok
1785473346.528,1.81,ok
1785473346.545,1.93,ok
1785473346.563,5.42,ok
1785473346.579,1.97,ok
1785473346.592,2.30,ok
1785473346.609,2.03,ok
1785473346.625,2.08,ok
1785473346.642,1.91,ok
1785473346.659,2.08,ok
1785473346.674,1.62,ok
1785473346.690,1.90,ok
1785473346.707,1.80,ok
1785473346.720,1.85,ok
1785473346.734,1.83,ok
1785473346.747,1.75,ok
1785473346.765,4.77,ok
1785473346.782,1.92,ok
1785473346.798,1.85,ok
1785473346.815,2.78,ok
1785473346.829,1.95,ok
1785473346.845,2.03,ok
1785473346.859,2.03,ok
1785473346.876,1.99,ok
1785473346.889,2.02,ok
1785473346.907,3.15,ok
1785473346.924,2.29,ok
1785473346.942,3.45,ok
1785473346.960,3.37,ok
1785473346.977,2.17,ok
1785473346.992,1.85,ok
1785473347.007,2.32,ok
1785473347.020,2.19,ok
1785473347.034,3.16,ok
1785473347.050,3.65,ok
1785473347.064,1.73,ok
1785473347.078,1.72,ok
1785473347.094,1.78,ok
1785473347.111,1.85,ok
1785473347.130,3.49,ok
1785473347.147,2.41,ok
1785473347.164,1.99,ok
1785473347.181,1.73,ok
1785473347.195,1.87,ok
1785473347.209,1.96,ok
1785473347.222,2.02,ok
1785473347.238,2.13,ok
1785473347.252,2.34,ok
1785473347.267,2.10,ok
1785473347.284,1.83,ok
1785473347.296,1.83,ok
1785473347.309,1.75,ok
1785473347.325,2.08,ok
1785473347.340,1.68,ok
1785473347.358,3.03,ok
1785473347.371,1.75,ok
1785473347.387,1.88,ok
1785473347.401,1.98,ok
1785473347.417,2.09,ok
1785473347.436,3.72,ok
1785473347.453,2.56,ok
1785473347.469,1.90,ok
1785473347.486,2.02,ok
1785473347.501,2.17,ok
1785473347.514,1.47,ok
1785473347.531,2.18,ok
1785473347.547,1.88,ok
1785473347.559,1.83,ok
1785473347.574,1.42,ok
1785473347.588,1.96,ok
1785473347.605,1.93,ok
1785473347.621,2.09,ok
1785473347.638,1.98,ok
1785473347.653,1.96,ok
1785473347.672,3.11,ok
1785473347.687,2.85,ok
1785473347.703,1.98,ok
1785473347.718,2.49,ok
1785473347.735,1.96,ok
1785473347.751,1.95,ok
1785473347.769,3.19,ok
1785473347.786,2.28,ok
1785473347.802,2.15,ok
1785473347.820,2.19,ok
1785473347.833,2.13,ok
1785473347.848,2.05,ok
1785473347.863,1.99,ok
1785473347.877,1.77,ok
1785473347.895,2.63,ok
1785473347.907,1.81,ok
1785473347.921,1.82,ok
1785473347.936,2.15,ok
1785473347.952,2.07,ok
1785473347.966,1.85,ok
1785473347.978,1.70,ok
1785473347.993,1.99,ok
1785473348.006,1.93,ok
1785473348.025,3.72,ok
1785473348.039,1.88,ok
1785473348.056,1.84,ok
1785473348.071,3.48,ok
1785473348.084,1.93,ok
1785473348.098,1.52,ok
1785473348.113,2.23,ok
1785473348.130,1.99,ok
1785473348.147,1.79,ok
1785473348.165,2.11,ok
1785473348.182,2.82,ok
1785473348.200,3.44,ok
1785473348.214,3.04,ok
1785473348.231,2.29,ok
1785473348.248,2.09,ok
1785473348.264,2.00,ok
1785473348.281,1.79,ok
1785473348.297,2.37,ok
1785473348.313,1.99,ok
1785473348.326,1.56,ok
1785473348.341,1.81,ok
1785473348.357,1.85,ok
1785473348.374,1.72,ok
1785473348.390,1.83,ok
1785473348.407,2.10,ok
1785473348.421,2.16,ok
1785473348.437,1.89,ok
1785473348.453,1.84,ok
1785473348.471,2.16,ok
1785473348.488,1.96,ok
1785473348.504,2.22,ok
1785473348.518,2.36,ok
1785473348.534,3.61,ok
1785473348.552,3.03,ok
1785473348.566,2.26,ok
1785473348.580,2.53,ok
1785473348.592,1.94,ok
1785473348.611,3.05,ok
1785473348.627,1.81,ok
1785473348.640,3.08,ok
1785473348.653,1.74,ok
1785473348.667,2.15,ok
1785473348.683,1.91,ok
1785473348.698,1.77,ok
1785473348.715,2.16,ok
1785473348.732,1.76,ok
1785473348.745,2.12,ok
1785473348.767,7.49,ok
1785473348.781,1.58,ok
1785473348.794,1.86,ok
1785473348.809,1.93,ok
1785473348.826,1.86,ok
1785473348.843,3.02,ok
1785473348.860,1.62,ok
1785473348.876,2.03,ok
1785473348.892,1.70,ok
1785473348.905,1.68,ok
1785473348.922,2.21,ok
1785473348.938,2.17,ok
1785473348.954,2.07,ok
1785473348.967,1.74,ok
1785473348.984,2.27,ok
1785473349.000,2.39,ok
1785473349.018,2.25,ok
1785473349.035,2.01,ok
1785473349.052,2.11,ok
1785473349.069,1.91,ok
1785473349.086,1.72,ok
1785473349.101,1.83,ok
1785473349.117,1.88,ok
1785473349.134,2.37,ok
1785473349.146,1.74,ok
1785473349.163,1.93,ok
1785473349.177,1.82,ok
1785473349.193,2.72,ok
1785473349.207,1.82,ok
1785473349.225,2.86,ok
1785473349.242,1.90,ok
1785473349.259,1.90,ok
1785473349.276,2.05,ok
1785473349.292,2.95,ok
1785473349.307,1.99,ok
1785473349.324,2.33,ok
1785473349.337,2.89,ok
1785473349.353,1.93,ok
1785473349.371,2.36,ok
1785473349.386,1.86,ok
1785473349.401,2.88,ok
1785473349.416,1.78,ok
1785473349.430,2.25,ok
1785473349.446,2.23,ok
1785473349.464,2.27,ok
1785473349.476,1.86,ok
1785473349.490,2.07,ok
1785473349.503,2.23,ok
1785473349.520,2.21,ok
1785473349.537,1.65,ok
1785473349.550,1.85,ok
1785473349.566,1.80,ok
1785473349.581,2.68,ok
1785473349.598,2.04,ok
1785473349.611,1.91,ok
1785473349.624,1.83,ok
1785473349.636,1.51,ok
1785473349.652,1.52,ok
1785473349.669,1.81,ok
1785473349.686,2.15,ok
1785473349.703,1.84,ok
1785473349.720,2.30,ok
1785473349.734,2.09,ok
1785473349.750,1.75,ok
1785473349.770,6.90,ok
1785473349.787,1.94,ok
1785473349.801,1.41,ok
1785473349.817,1.93,ok
1785473349.834,1.82,ok
1785473349.851,1.92,ok
1785473349.866,2.32,ok
1785473349.879,1.41,ok
1785473349.893,2.74,ok
1785473349.911,2.83,ok
1785473349.927,2.02,ok
1785473349.944,2.42,ok
1785473349.961,2.13,ok
1785473349.978,2.18,ok
1785473349.995,2.11,ok
1785473350.012,2.19,ok
1785473350.024,1.85,ok
1785473350.041,2.00,ok
1785473350.053,1.45,ok
1785473350.068,2.10,ok
1785473350.082,1.93,ok
1785473350.098,1.64,ok
1785473350.111,1.64,ok
1785473350.126,1.95,ok
1785473350.142,2.18,ok
1785473350.157,2.07,ok
1785473350.173,1.37,ok
1785473350.190,1.96,ok
1785473350.202,1.63,ok
1785473350.217,1.59,ok
1785473350.234,2.13,ok
1785473350.250,1.92,ok
1785473350.267,1.81,ok
1785473350.284,1.92,ok
1785473350.301,1.98,ok
1785473350.318,2.24,ok
1785473350.335,1.89,ok
1785473350.349,1.53,ok
1785473350.362,2.54,ok
1785473350.377,2.37,ok
1785473350.395,2.58,ok
1785473350.412,2.40,ok
1785473350.424,1.93,ok
1785473350.451,12.34,ok
1785473350.468,2.79,ok
1785473350.484,1.99,ok
1785473350.501,1.89,ok
1785473350.517,2.52,ok
1785473350.532,2.27,ok
1785473350.547,1.52,ok
1785473350.560,2.94,ok
1785473350.575,1.73,ok
1785473350.589,2.72,ok
1785473350.601,1.70,ok
1785473350.617,2.34,ok
1785473350.633,1.90,ok
1785473350.647,1.76,ok
1785473350.663,1.91,ok
1785473350.680,1.88,ok
1785473350.697,1.86,ok
1785473350.714,1.76,ok
1785473350.733,3.85,ok
1785473350.750,2.14,ok
1785473350.762,1.98,ok
1785473350.776,2.03,ok
1785473350.793,1.98,ok
1785473350.810,2.13,ok
1785473350.822,1.50,ok
1785473350.838,2.00,ok
1785473350.855,2.91,ok
1785473350.872,3.21,ok
1785473350.886,1.81,ok
1785473350.903,3.61,ok
1785473350.924,9.36,ok
1785473350.938,2.04,ok
1785473350.953,1.70,ok
1785473350.970,1.80,ok
1785473350.987,1.92,ok
1785473351.002,2.04,ok
1785473351.018,2.53,ok
1785473351.033,2.27,ok
1785473351.050,3.51,ok
1785473351.063,1.80,ok
1785473351.076,2.22,ok
1785473351.092,2.27,ok
1785473351.109,2.22,ok
1785473351.122,1.86,ok
1785473351.138,3.20,ok
1785473351.153,1.86,ok
1785473351.170,2.17,ok
1785473351.182,1.97,ok
1785473351.200,2.03,ok
1785473351.216,2.34,ok
1785473351.233,1.97,ok
1785473351.246,2.05,ok
1785473351.262,2.29,ok
1785473351.279,2.21,ok
1785473351.294,1.77,ok
1785473351.309,2.02,ok
1785473351.323,1.89,ok
1785473351.337,2.63,ok
1785473351.354,1.70,ok
1785473351.371,2.16,ok
1785473351.388,2.15,ok
1785473351.404,1.97,ok
1785473351.422,3.01,ok
1785473351.434,1.82,ok
1785473351.447,1.58,ok
1785473351.463,1.66,ok
1785473351.475,2.09,ok
1785473351.490,1.88,ok
1785473351.508,2.07,ok
1785473351.521,1.91,ok
1785473351.535,1.92,ok
1785473351.550,1.80,ok
1785473351.568,2.27,ok
1785473351.581,2.52,ok
1785473351.597,1.62,ok
1785473351.614,1.74,ok
1785473351.626,1.82,ok
1785473351.643,1.84,ok
1785473351.659,1.71,ok
1785473351.674,2.08,ok
1785473351.691,1.89,ok
1785473351.705,2.38,ok
1785473351.722,1.81,ok
1785473351.735,1.80,ok
1785473351.753,3.11,ok
1785473351.771,3.56,ok
1785473351.787,1.96,ok
1785473351.803,1.95,ok
1785473351.822,3.63,ok
1785473351.836,2.04,ok
1785473351.852,1.80,ok
1785473351.866,2.28,ok
1785473351.879,1.63,ok
1785473351.891,1.71,ok
1785473351.907,1.79,ok
1785473351.919,2.00,ok
1785473351.934,2.02,ok
1785473351.949,2.09,ok
1785473351.962,1.60,ok
1785473351.974,1.59,ok
1785473351.990,1.79,ok
1785473352.003,2.04,ok
1785473352.018,2.61,ok
1785473352.034,2.02,ok
1785473352.050,2.13,ok
1785473352.064,1.92,ok
1785473352.082,2.27,ok
1785473352.095,2.00,ok
1785473352.112,1.82,ok
1785473352.128,1.97,ok
1785473352.142,1.74,ok
1785473352.157,3.75,ok
1785473352.170,1.94,ok
1785473352.184,1.97,ok
1785473352.201,2.35,ok
1785473352.219,2.17,ok
1785473352.234,1.92,ok
1785473352.249,1.87,ok
1785473352.264,2.05,ok
1785473352.279,3.82,ok
1785473352.296,1.86,ok
1785473352.310,2.03,ok
1785473352.328,2.32,ok
1785473352.345,1.94,ok
1785473352.358,2.05,ok
1785473352.377,3.39,ok
1785473352.395,3.78,ok
1785473352.415,3.99,ok
1785473352.434,5.69,ok
1785473352.448,3.27,ok
1785473352.465,4.58,ok
1785473352.481,3.33,ok
1785473352.499,3.69,ok
1785473352.520,6.13,ok
1785473352.537,4.66,ok
1785473352.554,4.90,ok
1785473352.574,6.27,ok
1785473352.591,3.57,ok
1785473352.607,4.25,ok
1785473352.621,2.37,ok
1785473352.635,2.87,ok
1785473352.651,2.58,ok
1785473352.667,2.37,ok
1785473352.681,2.13,ok
1785473352.698,2.16,ok
1785473352.716,3.14,ok
1785473352.733,3.27,ok
1785473352.751,3.95,ok
1785473352.775,11.88,ok
1785473352.792,2.29,ok
1785473352.808,3.41,ok
1785473352.824,3.09,ok
1785473352.841,3.51,ok
1785473352.858,3.35,ok
1785473352.872,2.83,ok
1785473352.890,3.33,ok
1785473352.907,3.95,ok
1785473352.922,3.12,ok
1785473352.939,3.79,ok
1785473352.960,6.37,ok
1785473352.976,3.89,ok
1785473352.996,6.16,ok
1785473353.012,3.96,ok
1785473353.025,3.08,ok
1785473353.046,5.56,ok
1785473353.065,4.23,ok
1785473353.083,3.52,ok
1785473353.102,4.09,ok
1785473353.118,3.20,ok
1785473353.134,4.23,ok
1785473353.152,3.06,ok
1785473353.170,4.64,ok
1785473353.188,3.46,ok
1785473353.203,2.96,ok
1785473353.219,3.51,ok
1785473353.236,3.49,ok
1785473353.249,2.47,ok
1785473353.264,3.18,ok
1785473353.282,3.53,ok
1785473353.301,3.67,ok
1785473353.317,2.84,ok
1785473353.334,2.54,ok
1785473353.353,4.63,ok
1785473353.372,3.41,ok
1785473353.388,3.11,ok
1785473353.406,5.94,ok
1785473353.423,2.38,ok
1785473353.436,2.32,ok
1785473353.450,2.19,ok
1785473353.464,2.34,ok
1785473353.477,2.17,ok
1785473353.492,2.11,ok
1785473353.505,1.49,ok
1785473353.521,2.44,ok
1785473353.538,2.44,ok
1785473353.554,2.14,ok
1785473353.567,1.88,ok
1785473353.585,2.45,ok
1785473353.597,1.92,ok
1785473353.614,2.11,ok
1785473353.631,2.05,ok
1785473353.645,2.34,ok
1785473353.662,2.38,ok
1785473353.680,3.74,ok
1785473353.697,2.25,ok
1785473353.715,2.64,ok
1785473353.732,2.30,ok
1785473353.745,1.97,ok
1785473353.758,1.96,ok
1785473353.774,4.89,ok
1785473353.792,2.35,ok
1785473353.809,2.39,ok
1785473353.824,2.54,ok
1785473353.841,2.35,ok
1785473353.858,2.72,ok
1785473353.872,2.22,ok
1785473353.887,2.00,ok
1785473353.902,2.66,ok
1785473353.918,2.22,ok
1785473353.932,3.02,ok
1785473353.950,3.70,ok
1785473353.967,3.38,ok
1785473353.985,3.45,ok
1785473354.000,3.52,ok
1785473354.020,4.52,ok
1785473354.038,4.04,ok
1785473354.055,3.80,ok
1785473354.074,4.98,ok
1785473354.093,5.82,ok
1785473354.109,3.40,ok
1785473354.129,5.41,ok
1785473354.148,3.72,ok
1785473354.163,3.46,ok
1785473354.179,4.55,ok
1785473354.197,3.55,ok
1785473354.212,3.01,ok
1785473354.229,2.26,ok
1785473354.242,2.31,ok
1785473354.257,2.09,ok
1785473354.274,2.03,ok
1785473354.287,2.46,ok
1785473354.301,2.42,ok
1785473354.318,2.27,ok
1785473354.335,3.83,ok
1785473354.352,3.76,ok
1785473354.368,3.99,ok
1785473354.385,3.78,ok
1785473354.403,3.97,ok
1785473354.420,5.04,ok
1785473354.436,4.00,ok
1785473354.454,3.78,ok
1785473354.471,4.75,ok
1785473354.487,3.07,ok
1785473354.506,4.44,ok
1785473354.524,4.57,ok
1785473354.541,4.32,ok
1785473354.560,4.26,ok
1785473354.578,3.63,ok
1785473354.593,2.91,ok
1785473354.608,3.08,ok
1785473354.626,5.21,ok
1785473354.643,4.92,ok
1785473354.660,4.22,ok
1785473354.679,4.55,ok
1785473354.703,6.44,ok
1785473354.717,3.43,ok
1785473354.734,2.51,ok
1785473354.750,2.50,ok
1785473354.765,2.89,ok
1785473354.777,1.72,ok
1785473354.792,1.79,ok
1785473354.807,1.93,ok
1785473354.824,2.14,ok
1785473354.841,2.07,ok
1785473354.858,1.82,ok
1785473354.875,2.12,ok
1785473354.893,2.30,ok
1785473354.906,2.48,ok
1785473354.923,2.32,ok
1785473354.937,2.00,ok
1785473354.954,5.29,ok
