ts,ms,status
1785473433.851,2.13,ok
1785473433.864,2.45,ok
1785473433.878,2.22,ok
1785473433.892,2.94,ok
1785473433.904,1.65,ok
1785473433.917,2.37,ok
1785473433.934,2.89,ok
1785473433.966,20.85,ok
1785473433.989,12.49,ok
1785473434.014,11.73,ok
1785473434.032,3.71,ok
1785473434.050,2.44,ok
1785473434.065,2.11,ok
1785473434.078,2.11,ok
1785473434.092,2.48,ok
1785473434.110,2.23,ok
1785473434.127,2.12,ok
1785473434.144,2.60,ok
1785473434.160,2.39,ok
1785473434.177,2.41,ok
1785473434.190,2.34,ok
1785473434.203,2.29,ok
1785473434.220,2.37,ok
1785473434.236,2.39,ok
1785473434.253,1.96,ok
1785473434.266,2.17,ok
1785473434.281,2.61,ok
1785473434.295,2.20,ok
1785473434.310,2.24,ok
1785473434.326,1.93,ok
1785473434.344,2.33,ok
1785473434.358,2.30,ok
1785473434.372,2.28,ok
1785473434.387,1.93,ok
1785473434.402,1.78,ok
1785473434.418,2.11,ok
1785473434.434,2.75,ok
1785473434.451,2.38,ok
1785473434.468,2.35,ok
1785473434.486,2.81,ok
1785473434.500,2.09,ok
1785473434.513,2.13,ok
1785473434.527,2.19,ok
1785473434.544,2.56,ok
1785473434.563,3.40,ok
1785473434.581,3.22,ok
1785473434.597,2.99,ok
1785473434.612,4.73,ok
1785473434.627,2.48,ok
1785473434.642,2.37,ok
1785473434.659,4.07,ok
1785473434.679,4.66,ok
1785473434.694,3.43,ok
1785473434.713,3.51,ok
1785473434.731,3.53,ok
1785473434.748,3.62,ok
1785473434.767,3.99,ok
1785473434.783,3.92,ok
1785473434.797,4.03,ok
1785473434.813,3.77,ok
1785473434.828,3.59,ok
1785473434.842,3.74,ok
1785473434.861,4.25,ok
1785473434.877,2.85,ok
1785473434.895,3.65,ok
1785473434.912,4.19,ok
1785473434.930,4.56,ok
1785473434.960,20.00,ok
1785473434.976,4.67,ok
1785473434.992,2.25,ok
1785473435.010,2.26,ok
1785473435.023,1.99,ok
1785473435.036,2.18,ok
1785473435.052,2.28,ok
1785473435.067,2.56,ok
1785473435.084,2.02,ok
1785473435.096,2.07,ok
1785473435.114,2.79,ok
1785473435.131,2.04,ok
1785473435.149,2.47,ok
1785473435.161,2.42,ok
1785473435.177,3.20,ok
1785473435.191,3.53,ok
1785473435.207,3.68,ok
1785473435.225,3.39,ok
1785473435.241,3.92,ok
1785473435.259,3.72,ok
1785473435.276,4.04,ok
1785473435.294,3.33,ok
1785473435.310,2.75,ok
1785473435.327,3.86,ok
1785473435.343,2.94,ok
1785473435.361,3.02,ok
1785473435.376,3.00,ok
1785473435.394,2.99,ok
1785473435.414,5.41,ok
1785473435.428,3.84,ok
1785473435.448,5.26,ok
1785473435.465,2.47,ok
1785473435.480,3.21,ok
1785473435.493,2.37,ok
1785473435.509,2.56,ok
1785473435.523,3.41,ok
1785473435.543,4.38,ok
1785473435.561,4.19,ok
1785473435.578,3.63,ok
1785473435.595,4.18,ok
1785473435.614,3.51,ok
1785473435.632,3.54,ok
1785473435.648,3.93,ok
1785473435.664,3.86,ok
1785473435.681,3.89,ok
1785473435.696,3.86,ok
1785473435.713,3.93,ok
1785473435.728,3.36,ok
1785473435.741,2.96,ok
1785473435.759,2.92,ok
1785473435.774,2.59,ok
1785473435.791,2.47,ok
1785473435.804,2.23,ok
1785473435.821,1.86,ok
1785473435.836,2.46,ok
1785473435.851,2.40,ok
1785473435.864,2.11,ok
1785473435.881,2.14,ok
1785473435.895,2.29,ok
1785473435.913,3.43,ok
1785473435.927,2.35,ok
1785473435.948,6.07,ok
1785473435.972,9.57,ok
1785473435.990,2.48,ok
1785473436.005,3.55,ok
1785473436.023,2.24,ok
1785473436.037,2.29,ok
1785473436.054,2.15,ok
1785473436.071,2.43,ok
1785473436.089,2.12,ok
1785473436.103,3.23,ok
1785473436.121,2.51,ok
1785473436.138,2.15,ok
1785473436.151,2.23,ok
1785473436.165,2.31,ok
1785473436.182,2.55,ok
1785473436.200,2.15,ok
1785473436.213,2.19,ok
1785473436.230,3.96,ok
1785473436.245,3.40,ok
1785473436.265,5.09,ok
1785473436.282,4.20,ok
1785473436.297,3.61,ok
1785473436.313,3.61,ok
1785473436.332,3.86,ok
1785473436.353,6.23,ok
1785473436.369,3.96,ok
1785473436.386,4.00,ok
1785473436.403,3.80,ok
1785473436.420,5.32,ok
1785473436.439,5.44,ok
1785473436.457,2.97,ok
1785473436.472,3.48,ok
1785473436.488,2.84,ok
1785473436.504,2.06,ok
1785473436.517,2.28,ok
1785473436.534,2.16,ok
1785473436.551,2.53,ok
1785473436.564,2.25,ok
1785473436.583,3.57,ok
1785473436.602,4.46,ok
1785473436.620,4.56,ok
1785473436.638,3.06,ok
1785473436.655,2.72,ok
1785473436.673,3.29,ok
1785473436.690,3.33,ok
1785473436.704,2.59,ok
1785473436.718,2.33,ok
1785473436.736,3.14,ok
1785473436.752,2.03,ok
1785473436.769,2.70,ok
1785473436.782,2.83,ok
1785473436.799,1.97,ok
1785473436.818,4.01,ok
1785473436.832,2.54,ok
1785473436.850,2.35,ok
1785473436.868,3.22,ok
1785473436.884,2.92,ok
1785473436.899,2.04,ok
1785473436.912,3.23,ok
1785473436.929,3.07,ok
1785473436.964,19.70,ok
1785473436.979,2.46,ok
1785473436.996,2.40,ok
1785473437.012,2.41,ok
1785473437.029,1.93,ok
1785473437.044,2.45,ok
1785473437.060,2.38,ok
1785473437.074,2.22,ok
1785473437.092,2.66,ok
1785473437.108,2.80,ok
1785473437.126,3.57,ok
1785473437.143,3.08,ok
1785473437.162,4.74,ok
1785473437.177,3.32,ok
1785473437.195,3.69,ok
1785473437.211,3.73,ok
1785473437.230,4.40,ok
1785473437.248,4.04,ok
1785473437.263,3.18,ok
1785473437.282,4.30,ok
1785473437.301,4.64,ok
1785473437.317,3.91,ok
1785473437.331,3.36,ok
1785473437.349,4.53,ok
1785473437.363,3.68,ok
1785473437.382,3.29,ok
1785473437.399,3.59,ok
1785473437.414,4.11,ok
1785473437.432,3.38,ok
1785473437.446,3.33,ok
1785473437.465,4.09,ok
1785473437.480,3.45,ok
1785473437.500,5.44,ok
1785473437.517,3.53,ok
1785473437.534,1.96,ok
1785473437.549,3.53,ok
1785473437.563,2.38,ok
1785473437.578,1.96,ok
1785473437.596,5.41,ok
1785473437.615,3.94,ok
1785473437.631,3.43,ok
1785473437.645,3.38,ok
1785473437.663,4.09,ok
1785473437.681,3.36,ok
1785473437.699,6.78,ok
1785473437.716,5.25,ok
1785473437.736,5.01,ok
1785473437.755,5.40,ok
1785473437.771,4.58,ok
1785473437.790,4.45,ok
1785473437.804,3.82,ok
1785473437.818,3.63,ok
1785473437.834,3.21,ok
1785473437.852,2.33,ok
1785473437.870,7.44,ok
1785473437.885,3.18,ok
1785473437.901,2.21,ok
1785473437.918,2.59,ok
1785473437.936,2.69,ok
1785473437.956,9.38,ok
1785473437.970,2.21,ok
1785473437.985,2.58,ok
1785473438.002,2.32,ok
1785473438.020,2.56,ok
1785473438.035,2.46,ok
1785473438.051,2.00,ok
1785473438.067,2.33,ok
1785473438.083,3.82,ok
1785473438.096,2.27,ok
1785473438.109,2.40,ok
1785473438.127,2.91,ok
1785473438.142,2.37,ok
1785473438.159,2.46,ok
1785473438.177,3.07,ok
1785473438.195,2.56,ok
1785473438.212,2.78,ok
1785473438.229,2.33,ok
1785473438.242,2.42,ok
1785473438.261,3.70,ok
1785473438.280,3.85,ok
1785473438.294,2.92,ok
1785473438.312,3.89,ok
1785473438.330,3.27,ok
1785473438.348,3.45,ok
1785473438.361,2.01,ok
1785473438.375,2.86,ok
1785473438.393,2.66,ok
1785473438.412,4.00,ok
1785473438.431,3.60,ok
1785473438.447,4.05,ok
1785473438.461,3.72,ok
1785473438.479,3.81,ok
1785473438.492,2.15,ok
1785473438.509,2.77,ok
1785473438.526,3.32,ok
1785473438.543,2.84,ok
1785473438.558,2.29,ok
1785473438.575,2.20,ok
1785473438.588,1.99,ok
1785473438.601,2.37,ok
1785473438.617,2.98,ok
1785473438.635,3.77,ok
1785473438.651,3.46,ok
1785473438.665,3.32,ok
1785473438.679,3.24,ok
1785473438.694,3.64,ok
1785473438.712,4.05,ok
1785473438.730,4.68,ok
1785473438.745,3.55,ok
1785473438.763,4.36,ok
1785473438.777,3.83,ok
1785473438.793,3.58,ok
1785473438.809,3.20,ok
1785473438.825,3.16,ok
1785473438.841,1.87,ok
1785473438.856,2.21,ok
1785473438.872,2.26,ok
1785473438.886,3.32,ok
1785473438.902,2.18,ok
1785473438.917,2.39,ok
1785473438.933,2.99,ok
1785473438.956,7.57,ok
1785473438.973,2.19,ok
1785473438.990,1.96,ok
1785473439.007,2.21,ok
1785473439.021,1.86,ok
1785473439.035,2.06,ok
1785473439.050,2.12,ok
1785473439.063,1.98,ok
1785473439.076,2.78,ok
1785473439.090,2.14,ok
1785473439.105,1.83,ok
1785473439.118,2.16,ok
1785473439.132,2.46,ok
1785473439.144,1.98,ok
1785473439.161,3.41,ok
1785473439.175,1.84,ok
1785473439.187,1.50,ok
1785473439.201,3.69,ok
1785473439.218,2.02,ok
1785473439.233,3.13,ok
1785473439.247,2.39,ok
1785473439.265,2.74,ok
1785473439.279,2.16,ok
1785473439.293,1.73,ok
1785473439.305,1.98,ok
1785473439.318,1.82,ok
1785473439.335,1.93,ok
1785473439.352,2.62,ok
1785473439.368,1.74,ok
1785473439.384,1.67,ok
1785473439.401,1.99,ok
1785473439.418,1.77,ok
1785473439.435,1.88,ok
1785473439.451,1.88,ok
1785473439.464,1.93,ok
1785473439.477,1.55,ok
1785473439.494,2.05,ok
1785473439.509,1.86,ok
1785473439.525,1.88,ok
1785473439.538,2.05,ok
1785473439.554,1.98,ok
1785473439.567,1.70,ok
1785473439.588,6.10,ok
1785473439.605,1.99,ok
1785473439.618,2.07,ok
1785473439.637,4.14,ok
1785473439.651,2.10,ok
1785473439.668,2.18,ok
1785473439.687,3.23,ok
1785473439.704,2.16,ok
1785473439.721,2.67,ok
1785473439.738,2.47,ok
1785473439.754,2.90,ok
1785473439.769,2.06,ok
1785473439.786,1.84,ok
1785473439.799,1.70,ok
1785473439.817,2.86,ok
1785473439.832,1.95,ok
1785473439.847,1.57,ok
1785473439.863,2.04,ok
1785473439.877,1.97,ok
1785473439.893,1.94,ok
1785473439.910,2.08,ok
1785473439.927,2.42,ok
1785473439.941,1.83,ok
1785473439.962,5.95,ok
1785473439.977,3.13,ok
1785473439.994,1.85,ok
1785473440.011,4.14,ok
1785473440.054,30.35,ok
1785473440.071,2.28,ok
1785473440.087,3.73,ok
1785473440.102,3.04,ok
1785473440.118,3.45,ok
1785473440.134,2.50,ok
1785473440.152,2.07,ok
1785473440.167,2.11,ok
1785473440.182,1.81,ok
1785473440.195,1.81,ok
1785473440.209,1.72,ok
1785473440.225,2.17,ok
1785473440.238,2.34,ok
1785473440.254,2.12,ok
1785473440.273,3.51,ok
1785473440.286,2.15,ok
1785473440.304,2.27,ok
1785473440.320,1.93,ok
1785473440.338,3.31,ok
1785473440.352,2.15,ok
1785473440.366,1.54,ok
1785473440.383,1.94,ok
1785473440.400,1.98,ok
1785473440.414,1.66,ok
1785473440.428,1.93,ok
1785473440.445,1.75,ok
1785473440.458,1.71,ok
1785473440.473,3.29,ok
1785473440.490,2.15,ok
1785473440.504,1.66,ok
1785473440.520,2.54,ok
1785473440.536,1.48,ok
1785473440.551,2.04,ok
1785473440.567,1.98,ok
1785473440.581,1.96,ok
1785473440.595,2.88,ok
1785473440.609,1.88,ok
1785473440.627,3.54,ok
1785473440.650,1.93,ok
1785473440.666,1.84,ok
1785473440.683,2.27,ok
1785473440.696,2.37,ok
1785473440.710,2.42,ok
1785473440.723,2.07,ok
1785473440.736,1.98,ok
1785473440.753,2.12,ok
1785473440.769,1.91,ok
1785473440.785,2.36,ok
1785473440.803,2.50,ok
1785473440.818,2.79,ok
1785473440.832,2.00,ok
1785473440.849,2.03,ok
1785473440.863,1.81,ok
1785473440.880,1.99,ok
1785473440.893,1.85,ok
1785473440.909,1.90,ok
1785473440.926,1.92,ok
1785473440.942,3.05,ok
1785473440.964,8.09,ok
1785473440.979,1.82,ok
1785473440.995,2.26,ok
1785473441.008,2.03,ok
1785473441.022,2.19,ok
1785473441.117,82.02,ok
1785473441.134,1.94,ok
1785473441.148,1.85,ok
1785473441.166,3.05,ok
1785473441.184,4.52,ok
1785473441.199,3.05,ok
1785473441.211,1.91,ok
1785473441.229,2.23,ok
1785473441.245,4.09,ok
1785473441.262,2.40,ok
1785473441.279,1.99,ok
1785473441.294,1.86,ok
1785473441.311,5.06,ok
1785473441.327,2.13,ok
1785473441.340,1.75,ok
1785473441.357,1.74,ok
1785473441.372,3.12,ok
1785473441.384,2.00,ok
1785473441.398,2.05,ok
1785473441.414,3.05,ok
1785473441.428,3.75,ok
1785473441.443,4.44,ok
1785473441.461,3.17,ok
1785473441.477,2.24,ok
1785473441.494,3.53,ok
1785473441.511,4.52,ok
1785473441.526,1.77,ok
1785473441.544,2.90,ok
1785473441.557,1.90,ok
1785473441.574,2.15,ok
1785473441.589,2.12,ok
1785473441.601,1.87,ok
1785473441.613,1.90,ok
1785473441.628,2.03,ok
1785473441.644,2.31,ok
1785473441.661,2.26,ok
1785473441.679,3.16,ok
1785473441.701,6.34,ok
1785473441.714,2.20,ok
1785473441.730,6.05,ok
1785473441.745,2.56,ok
1785473441.760,2.22,ok
1785473441.773,2.33,ok
1785473441.788,2.12,ok
1785473441.805,2.00,ok
1785473441.823,3.58,ok
1785473441.841,2.96,ok
1785473441.859,2.95,ok
1785473441.876,2.24,ok
1785473441.894,2.74,ok
1785473441.911,2.00,ok
1785473441.926,2.16,ok
1785473441.943,2.35,ok
1785473441.963,5.22,ok
1785473441.978,1.94,ok
1785473441.992,2.22,ok
1785473442.009,2.20,ok
1785473442.026,2.08,ok
1785473442.043,2.32,ok
1785473442.060,2.08,ok
1785473442.077,1.97,ok
1785473442.095,1.99,ok
1785473442.107,1.81,ok
1785473442.120,2.19,ok
1785473442.137,2.06,ok
1785473442.154,2.01,ok
1785473442.167,2.18,ok
1785473442.182,2.13,ok
1785473442.198,1.88,ok
1785473442.214,3.10,ok
1785473442.231,2.25,ok
1785473442.245,1.92,ok
1785473442.265,4.86,ok
1785473442.283,3.25,ok
1785473442.301,2.90,ok
1785473442.318,1.82,ok
1785473442.335,2.38,ok
1785473442.350,3.87,ok
1785473442.365,2.70,ok
1785473442.378,3.17,ok
1785473442.393,2.07,ok
1785473442.406,2.70,ok
1785473442.422,5.62,ok
1785473442.439,1.96,ok
1785473442.455,1.84,ok
1785473442.473,2.18,ok
1785473442.490,1.89,ok
1785473442.507,3.26,ok
1785473442.524,2.16,ok
1785473442.537,2.17,ok
1785473442.550,1.96,ok
1785473442.564,3.13,ok
1785473442.591,11.46,ok
1785473442.608,2.68,ok
1785473442.623,4.85,ok
1785473442.640,3.24,ok
1785473442.655,3.08,ok
1785473442.677,7.33,ok
1785473442.693,3.66,ok
1785473442.710,2.26,ok
1785473442.726,4.77,ok
1785473442.743,2.12,ok
1785473442.760,2.73,ok
1785473442.776,2.04,ok
1785473442.795,4.44,ok
1785473442.814,3.84,ok
1785473442.829,3.68,ok
1785473442.843,2.04,ok
1785473442.858,2.33,ok
1785473442.875,2.54,ok
1785473442.894,3.85,ok
1785473442.912,3.67,ok
1785473442.928,4.81,ok
1785473442.943,2.16,ok
1785473442.960,2.15,ok
1785473442.976,2.93,ok
1785473442.995,3.32,ok
1785473443.009,2.59,ok
1785473443.026,1.84,ok
1785473443.043,2.01,ok
1785473443.060,1.77,ok
1785473443.077,1.83,ok
1785473443.093,1.93,ok
1785473443.110,2.01,ok
1785473443.128,3.33,ok
1785473443.143,2.08,ok
1785473443.157,1.93,ok
1785473443.172,4.13,ok
1785473443.189,1.94,ok
1785473443.205,1.76,ok
1785473443.218,1.89,ok
1785473443.233,1.78,ok
1785473443.249,1.74,ok
1785473443.266,1.71,ok
1785473443.280,1.80,ok
1785473443.293,1.86,ok
1785473443.308,2.29,ok
1785473443.326,2.13,ok
1785473443.338,1.75,ok
1785473443.353,2.04,ok
1785473443.370,2.13,ok
1785473443.384,1.71,ok
1785473443.401,1.97,ok
1785473443.417,2.02,ok
1785473443.430,1.67,ok
1785473443.447,1.85,ok
1785473443.459,1.86,ok
1785473443.476,2.28,ok
1785473443.493,1.78,ok
1785473443.508,1.64,ok
1785473443.520,1.60,ok
1785473443.534,1.75,ok
1785473443.547,1.78,ok
1785473443.565,3.44,ok
1785473443.582,1.64,ok
1785473443.599,1.84,ok
1785473443.616,1.89,ok
1785473443.629,1.87,ok
1785473443.642,1.83,ok
1785473443.659,3.30,ok
1785473443.675,2.30,ok
1785473443.689,2.37,ok
1785473443.706,1.80,ok
1785473443.723,1.85,ok
1785473443.740,1.87,ok
1785473443.754,1.96,ok
1785473443.771,2.05,ok
1785473443.785,2.57,ok
1785473443.798,2.41,ok
1785473443.811,2.18,ok
1785473443.824,2.13,ok
1785473443.842,1.95,ok
1785473443.858,1.85,ok
1785473443.876,2.09,ok
1785473443.893,1.93,ok
1785473443.909,1.81,ok
1785473443.926,1.93,ok
1785473443.942,1.98,ok
1785473443.960,2.97,ok
1785473443.978,2.55,ok
1785473443.995,1.87,ok
1785473444.013,3.00,ok
1785473444.026,1.79,ok
1785473444.041,2.07,ok
1785473444.056,2.07,ok
1785473444.071,1.69,ok
1785473444.084,2.20,ok
1785473444.099,2.95,ok
1785473444.115,3.14,ok
1785473444.132,1.90,ok
1785473444.150,2.67,ok
1785473444.167,2.28,ok
1785473444.230,47.53,ok
1785473444.256,15.05,ok
1785473444.271,2.01,ok
1785473444.287,1.84,ok
1785473444.300,2.60,ok
1785473444.315,3.23,ok
1785473444.330,2.65,ok
1785473444.348,4.10,ok
1785473444.365,2.30,ok
1785473444.381,1.86,ok
1785473444.393,1.67,ok
1785473444.410,2.16,ok
1785473444.424,3.13,ok
1785473444.441,2.72,ok
1785473444.459,2.44,ok
1785473444.476,2.33,ok
1785473444.493,3.01,ok
1785473444.509,1.92,ok
1785473444.522,2.80,ok
1785473444.539,2.35,ok
1785473444.556,2.43,ok
1785473444.570,2.19,ok
1785473444.587,2.03,ok
1785473444.602,3.07,ok
1785473444.618,2.15,ok
1785473444.635,2.20,ok
1785473444.652,3.61,ok
1785473444.669,2.00,ok
1785473444.687,2.93,ok
1785473444.702,2.62,ok
1785473444.747,30.26,ok
1785473444.760,1.91,ok
1785473444.776,3.29,ok
1785473444.794,2.69,ok
1785473444.808,2.19,ok
1785473444.825,2.60,ok
1785473444.838,2.05,ok
1785473444.855,1.73,ok
1785473444.873,2.99,ok
1785473444.890,2.35,ok
1785473444.908,2.29,ok
1785473444.925,2.12,ok
1785473444.940,1.94,ok
1785473444.975,19.76,ok
1785473444.993,4.10,ok
1785473445.007,1.79,ok
1785473445.022,2.37,ok
1785473445.036,2.36,ok
1785473445.049,2.56,ok
1785473445.063,2.68,ok
1785473445.080,2.34,ok
1785473445.097,2.21,ok
1785473445.113,2.40,ok
1785473445.127,2.04,ok
1785473445.143,2.46,ok
1785473445.157,3.30,ok
1785473445.173,1.94,ok
1785473445.186,2.07,ok
1785473445.202,2.46,ok
1785473445.218,2.14,ok
1785473445.230,2.15,ok
1785473445.243,2.03,ok
1785473445.258,1.83,ok
1785473445.272,3.40,ok
1785473445.284,2.07,ok
1785473445.301,3.13,ok
1785473445.319,2.64,ok
1785473445.336,1.92,ok
1785473445.353,2.45,ok
1785473445.367,2.20,ok
1785473445.382,2.20,ok
1785473445.397,2.12,ok
1785473445.413,2.00,ok
1785473445.430,2.73,ok
1785473445.444,1.81,ok
1785473445.458,2.19,ok
1785473445.475,2.62,ok
1785473445.490,2.24,ok
1785473445.502,1.80,ok
1785473445.515,2.75,ok
1785473445.529,1.82,ok
1785473445.542,2.26,ok
1785473445.554,1.60,ok
1785473445.571,2.41,ok
1785473445.588,2.08,ok
1785473445.602,3.07,ok
1785473445.615,1.91,ok
1785473445.630,3.44,ok
1785473445.642,1.77,ok
1785473445.658,2.34,ok
1785473445.672,3.32,ok
1785473445.686,2.27,ok
1785473445.702,2.01,ok
1785473445.720,3.15,ok
1785473445.734,2.08,ok
1785473445.747,1.78,ok
1785473445.763,1.98,ok
1785473445.777,1.62,ok
1785473445.792,3.40,ok
1785473445.806,2.35,ok
1785473445.820,2.48,ok
1785473445.839,8.38,ok
1785473445.856,2.01,ok
1785473445.873,2.17,ok
1785473445.886,2.44,ok
1785473445.900,2.60,ok
1785473445.913,2.19,ok
1785473445.927,2.02,ok
1785473445.944,2.67,ok
1785473445.967,10.29,ok
1785473445.983,2.62,ok
1785473446.001,2.49,ok
1785473446.017,2.62,ok
1785473446.032,2.18,ok
1785473446.046,2.68,ok
1785473446.063,2.81,ok
1785473446.081,2.26,ok
1785473446.100,3.15,ok
1785473446.115,2.37,ok
1785473446.131,2.37,ok
1785473446.147,2.99,ok
1785473446.161,3.57,ok
1785473446.175,2.21,ok
1785473446.192,2.29,ok
1785473446.209,2.02,ok
1785473446.221,1.62,ok
1785473446.236,1.89,ok
1785473446.249,1.93,ok
1785473446.263,3.06,ok
1785473446.280,1.75,ok
1785473446.294,2.81,ok
1785473446.311,2.45,ok
1785473446.326,2.94,ok
1785473446.339,2.00,ok
1785473446.356,1.89,ok
1785473446.369,2.21,ok
1785473446.385,3.36,ok
1785473446.403,3.52,ok
1785473446.420,2.03,ok
1785473446.437,2.24,ok
1785473446.452,2.39,ok
1785473446.468,2.09,ok
1785473446.487,3.82,ok
1785473446.504,2.03,ok
1785473446.517,2.33,ok
1785473446.535,3.31,ok
1785473446.549,2.01,ok
1785473446.562,2.33,ok
1785473446.578,2.08,ok
1785473446.594,2.07,ok
1785473446.606,1.89,ok
1785473446.624,2.17,ok
1785473446.641,2.30,ok
1785473446.658,2.09,ok
1785473446.676,2.19,ok
1785473446.691,2.79,ok
1785473446.708,1.99,ok
1785473446.725,1.98,ok
1785473446.743,2.23,ok
1785473446.760,2.36,ok
1785473446.773,1.57,ok
1785473446.787,2.01,ok
1785473446.803,1.96,ok
1785473446.821,2.38,ok
1785473446.837,2.06,ok
1785473446.850,2.95,ok
1785473446.864,2.41,ok
1785473446.877,2.42,ok
1785473446.896,4.37,ok
1785473446.909,1.96,ok
1785473446.927,2.51,ok
1785473446.943,2.14,ok
1785473446.975,17.60,ok
1785473446.988,2.34,ok
1785473447.002,2.12,ok
1785473447.020,3.23,ok
1785473447.034,2.13,ok
1785473447.051,2.07,ok
1785473447.068,1.82,ok
1785473447.084,2.47,ok
1785473447.104,3.99,ok
1785473447.122,4.75,ok
1785473447.139,2.09,ok
1785473447.153,3.50,ok
1785473447.165,2.06,ok
1785473447.177,1.80,ok
1785473447.191,2.16,ok
1785473447.206,2.16,ok
1785473447.219,1.85,ok
1785473447.236,2.05,ok
1785473447.249,2.08,ok
1785473447.264,3.44,ok
1785473447.278,1.99,ok
1785473447.291,1.82,ok
1785473447.305,2.52,ok
1785473447.319,2.86,ok
1785473447.332,1.66,ok
1785473447.345,1.87,ok
1785473447.359,1.88,ok
1785473447.376,1.87,ok
1785473447.389,1.81,ok
1785473447.403,3.34,ok
1785473447.416,2.07,ok
1785473447.437,8.99,ok
1785473447.453,2.10,ok
1785473447.466,2.37,ok
1785473447.484,3.57,ok
1785473447.499,1.53,ok
1785473447.514,2.22,ok
1785473447.531,2.20,ok
1785473447.548,2.96,ok
1785473447.566,2.23,ok
1785473447.585,3.90,ok
1785473447.598,2.38,ok
1785473447.611,2.39,ok
1785473447.623,1.82,ok
1785473447.641,2.31,ok
1785473447.659,3.54,ok
1785473447.675,2.09,ok
1785473447.690,2.26,ok
1785473447.707,2.23,ok
1785473447.722,2.28,ok
1785473447.737,3.01,ok
1785473447.756,5.95,ok
1785473447.772,2.15,ok
1785473447.785,1.91,ok
1785473447.802,2.11,ok
1785473447.817,2.12,ok
1785473447.836,3.59,ok
1785473447.852,2.32,ok
1785473447.870,3.49,ok
1785473447.884,2.20,ok
1785473447.900,2.16,ok
1785473447.915,4.49,ok
1785473447.928,2.21,ok
1785473447.943,2.22,ok
1785473447.969,11.77,ok
1785473447.987,2.92,ok
1785473448.004,2.30,ok
1785473448.017,2.24,ok
1785473448.030,2.18,ok
1785473448.048,2.26,ok
1785473448.064,2.33,ok
1785473448.078,3.73,ok
1785473448.094,2.34,ok
1785473448.111,2.13,ok
1785473448.125,2.18,ok
1785473448.143,3.17,ok
1785473448.160,3.18,ok
1785473448.174,2.49,ok
1785473448.192,2.30,ok
1785473448.209,2.01,ok
1785473448.224,2.08,ok
1785473448.241,1.88,ok
1785473448.258,1.92,ok
1785473448.272,3.54,ok
1785473448.285,1.90,ok
1785473448.303,2.10,ok
1785473448.320,3.60,ok
1785473448.335,3.51,ok
1785473448.351,1.95,ok
1785473448.367,2.65,ok
1785473448.381,2.16,ok
1785473448.395,1.88,ok
1785473448.411,1.72,ok
1785473448.428,2.01,ok
1785473448.443,2.28,ok
1785473448.456,1.96,ok
1785473448.471,1.78,ok
1785473448.487,2.07,ok
1785473448.501,1.90,ok
1785473448.517,1.96,ok
1785473448.531,2.87,ok
1785473448.549,2.46,ok
1785473448.566,2.08,ok
1785473448.579,2.19,ok
1785473448.593,1.98,ok
1785473448.611,3.58,ok
1785473448.627,2.29,ok
1785473448.642,1.96,ok
1785473448.658,1.74,ok
1785473448.675,2.49,ok
1785473448.690,3.26,ok
1785473448.711,6.21,ok
1785473448.727,2.21,ok
1785473448.743,1.99,ok
1785473448.760,1.94,ok
1785473448.778,2.44,ok
1785473448.792,2.34,ok
1785473448.809,1.77,ok
1785473448.823,1.91,ok
1785473448.840,1.80,ok
1785473448.854,2.86,ok
1785473448.869,2.70,ok
1785473448.886,3.30,ok
1785473448.900,2.02,ok
1785473448.913,2.01,ok
1785473448.928,1.99,ok
1785473448.942,2.54,ok
1785473448.964,7.07,ok
1785473448.981,2.43,ok
1785473448.994,2.57,ok
1785473449.007,1.99,ok
1785473449.020,2.11,ok
1785473449.034,2.21,ok
1785473449.049,1.54,ok
1785473449.062,1.64,ok
1785473449.076,1.90,ok
1785473449.093,2.14,ok
1785473449.109,2.07,ok
1785473449.126,2.15,ok
1785473449.141,1.91,ok
1785473449.158,2.01,ok
1785473449.175,2.10,ok
1785473449.191,2.16,ok
1785473449.208,1.93,ok
1785473449.225,2.37,ok
1785473449.243,4.10,ok
1785473449.260,1.79,ok
1785473449.275,1.61,ok
1785473449.289,1.96,ok
1785473449.302,2.13,ok
1785473449.315,2.17,ok
1785473449.330,2.06,ok
1785473449.343,1.93,ok
1785473449.359,2.74,ok
1785473449.373,2.17,ok
1785473449.388,2.12,ok
1785473449.402,1.93,ok
1785473449.416,1.74,ok
1785473449.431,2.98,ok
1785473449.448,1.84,ok
1785473449.465,2.21,ok
1785473449.481,2.07,ok
1785473449.499,2.32,ok
1785473449.516,1.92,ok
1785473449.529,1.93,ok
1785473449.543,2.25,ok
1785473449.561,2.60,ok
1785473449.578,2.02,ok
1785473449.592,3.59,ok
1785473449.610,2.13,ok
1785473449.625,2.05,ok
1785473449.644,3.71,ok
1785473449.661,2.14,ok
1785473449.676,3.04,ok
1785473449.688,1.64,ok
1785473449.700,1.85,ok
1785473449.717,1.66,ok
1785473449.729,1.70,ok
1785473449.743,1.71,ok
1785473449.758,1.88,ok
1785473449.773,5.05,ok
1785473449.787,2.18,ok
1785473449.801,2.08,ok
1785473449.819,2.29,ok
1785473449.836,2.05,ok
1785473449.852,2.19,ok
1785473449.868,3.15,ok
1785473449.885,2.23,ok
1785473449.901,2.00,ok
1785473449.920,3.52,ok
1785473449.938,3.26,ok
1785473449.956,2.23,ok
1785473449.975,9.18,ok
1785473449.991,2.00,ok
1785473450.009,2.11,ok
1785473450.022,2.05,ok
1785473450.037,2.23,ok
1785473450.054,1.77,ok
1785473450.071,1.88,ok
1785473450.086,1.93,ok
1785473450.099,2.07,ok
1785473450.116,2.07,ok
1785473450.133,2.07,ok
1785473450.148,1.89,ok
1785473450.161,1.94,ok
1785473450.178,1.94,ok
1785473450.192,2.26,ok
1785473450.209,2.00,ok
1785473450.224,3.44,ok
1785473450.238,1.74,ok
1785473450.252,2.33,ok
1785473450.268,2.17,ok
1785473450.286,2.23,ok
1785473450.303,2.62,ok
1785473450.322,3.20,ok
1785473450.336,2.83,ok
1785473450.353,1.90,ok
1785473450.367,2.31,ok
1785473450.384,2.19,ok
1785473450.401,2.18,ok
1785473450.418,2.34,ok
1785473450.435,2.21,ok
1785473450.452,1.89,ok
1785473450.468,1.76,ok
1785473450.484,2.08,ok
1785473450.498,2.37,ok
1785473450.515,2.09,ok
1785473450.528,1.72,ok
1785473450.541,2.19,ok
1785473450.560,4.02,ok
1785473450.576,2.14,ok
1785473450.593,2.03,ok
1785473450.608,1.86,ok
1785473450.624,1.93,ok
1785473450.638,2.72,ok
1785473450.654,2.62,ok
1785473450.670,2.10,ok
1785473450.687,4.01,ok
1785473450.701,2.01,ok
1785473450.714,2.50,ok
1785473450.730,3.42,ok
1785473450.743,1.73,ok
1785473450.760,5.58,ok
1785473450.775,2.00,ok
1785473450.791,1.91,ok
1785473450.804,1.87,ok
1785473450.820,3.61,ok
1785473450.836,1.92,ok
1785473450.850,1.78,ok
1785473450.865,3.31,ok
1785473450.878,2.00,ok
1785473450.895,2.60,ok
1785473450.910,2.31,ok
1785473450.927,2.05,ok
1785473450.943,1.79,ok
1785473450.960,2.56,ok
1785473450.975,3.99,ok
1785473450.991,2.39,ok
1785473451.004,1.99,ok
1785473451.019,3.11,ok
1785473451.036,3.41,ok
1785473451.050,2.06,ok
1785473451.063,1.65,ok
1785473451.076,1.89,ok
1785473451.089,3.12,ok
1785473451.102,2.08,ok
1785473451.117,1.97,ok
1785473451.133,1.97,ok
1785473451.146,1.86,ok
1785473451.159,1.70,ok
1785473451.178,3.80,ok
1785473451.195,2.16,ok
1785473451.207,1.85,ok
1785473451.223,1.48,ok
1785473451.239,2.45,ok
1785473451.253,2.29,ok
1785473451.270,2.03,ok
1785473451.289,3.35,ok
1785473451.302,1.95,ok
1785473451.315,1.73,ok
1785473451.332,1.97,ok
1785473451.350,3.52,ok
1785473451.368,2.28,ok
1785473451.385,2.05,ok
1785473451.397,1.77,ok
1785473451.414,1.91,ok
1785473451.430,2.56,ok
1785473451.443,1.70,ok
1785473451.456,2.96,ok
1785473451.469,2.07,ok
1785473451.485,1.83,ok
1785473451.497,1.64,ok
1785473451.514,2.12,ok
1785473451.531,1.97,ok
1785473451.548,1.88,ok
1785473451.564,1.77,ok
1785473451.581,1.68,ok
1785473451.595,1.94,ok
1785473451.612,1.92,ok
1785473451.626,2.00,ok
1785473451.639,1.84,ok
1785473451.652,1.91,ok
1785473451.668,1.99,ok
1785473451.684,3.21,ok
1785473451.701,1.77,ok
1785473451.719,2.07,ok
1785473451.736,2.02,ok
1785473451.755,4.22,ok
1785473451.773,3.06,ok
1785473451.789,3.03,ok
1785473451.803,1.86,ok
1785473451.819,1.80,ok
1785473451.833,1.99,ok
1785473451.848,2.12,ok
1785473451.861,2.39,ok
1785473451.876,1.86,ok
1785473451.893,1.78,ok
1785473451.912,2.78,ok
1785473451.927,3.68,ok
1785473451.944,1.88,ok
1785473451.960,2.03,ok
1785473451.980,6.63,ok
1785473451.994,2.03,ok
1785473452.010,2.08,ok
1785473452.027,2.06,ok
1785473452.047,4.72,ok
1785473452.062,1.82,ok
1785473452.076,1.96,ok
1785473452.094,2.41,ok
1785473452.111,3.09,ok
1785473452.123,1.86,ok
1785473452.137,2.49,ok
1785473452.154,2.11,ok
1785473452.168,2.75,ok
1785473452.185,1.85,ok
1785473452.199,3.55,ok
1785473452.212,2.33,ok
1785473452.229,2.09,ok
1785473452.246,2.33,ok
1785473452.258,1.52,ok
1785473452.275,1.66,ok
1785473452.288,1.71,ok
1785473452.303,1.62,ok
1785473452.320,2.15,ok
1785473452.336,2.13,ok
1785473452.351,1.72,ok
1785473452.365,1.96,ok
1785473452.380,2.02,ok
1785473452.394,2.53,ok
1785473452.411,1.68,ok
1785473452.428,2.03,ok
1785473452.441,2.06,ok
1785473452.460,3.55,ok
1785473452.476,1.88,ok
1785473452.492,1.81,ok
1785473452.506,2.95,ok
1785473452.523,2.54,ok
1785473452.547,9.50,ok
1785473452.564,2.22,ok
1785473452.580,2.43,ok
1785473452.595,2.63,ok
1785473452.610,3.63,ok
1785473452.627,2.16,ok
1785473452.644,2.17,ok
1785473452.657,2.26,ok
1785473452.675,2.64,ok
1785473452.688,1.77,ok
1785473452.701,2.21,ok
1785473452.714,2.12,ok
1785473452.729,1.91,ok
1785473452.745,2.09,ok
1785473452.757,1.78,ok
1785473452.774,1.79,ok
1785473452.791,1.98,ok
1785473452.808,1.85,ok
1785473452.826,3.02,ok
1785473452.840,3.05,ok
1785473452.857,1.99,ok
1785473452.869,1.67,ok
1785473452.883,1.85,ok
1785473452.895,1.92,ok
1785473452.912,2.04,ok
1785473452.930,3.06,ok
1785473452.943,3.07,ok
1785473452.960,2.43,ok
1785473452.979,8.23,ok
1785473452.997,3.21,ok
1785473453.010,2.17,ok
1785473453.025,2.16,ok
1785473453.042,2.39,ok
1785473453.058,2.13,ok
1785473453.071,2.06,ok
1785473453.088,2.14,ok
1785473453.102,2.26,ok
1785473453.119,2.50,ok
1785473453.134,1.88,ok
1785473453.150,2.10,ok
1785473453.167,2.07,ok
1785473453.183,2.48,ok
1785473453.196,1.96,ok
1785473453.210,2.26,ok
1785473453.223,2.01,ok
1785473453.240,1.90,ok
1785473453.256,2.96,ok
1785473453.271,2.01,ok
1785473453.288,1.96,ok
1785473453.301,1.89,ok
1785473453.318,2.14,ok
1785473453.332,2.00,ok
1785473453.347,2.32,ok
1785473453.360,2.13,ok
1785473453.374,2.64,ok
1785473453.386,1.97,ok
1785473453.399,1.57,ok
1785473453.415,2.13,ok
1785473453.432,1.84,ok
1785473453.444,1.81,ok
1785473453.461,3.49,ok
1785473453.478,1.95,ok
1785473453.491,3.15,ok
1785473453.507,2.99,ok
1785473453.521,2.09,ok
1785473453.535,2.06,ok
1785473453.552,2.49,ok
1785473453.569,2.12,ok
1785473453.587,2.07,ok
1785473453.604,2.01,ok
1785473453.619,3.39,ok
1785473453.632,1.85,ok
1785473453.650,2.80,ok
1785473453.668,3.23,ok
1785473453.683,3.72,ok
1785473453.701,3.29,ok
1785473453.719,2.95,ok
1785473453.733,3.48,ok
1785473453.746,2.63,ok
1785473453.759,1.66,ok
1785473453.772,2.74,ok
1785473453.790,3.46,ok
1785473453.806,1.90,ok
1785473453.821,2.27,ok
1785473453.841,4.61,ok
1785473453.859,2.42,ok
1785473453.875,2.03,ok
1785473453.893,3.19,ok
1785473453.908,2.22,ok
1785473453.924,1.70,ok
1785473453.942,2.49,ok
1785473453.956,2.02,ok
1785473453.977,10.57,ok
1785473453.995,2.50,ok
1785473454.010,1.94,ok
1785473454.027,1.95,ok
1785473454.041,2.05,ok
1785473454.059,2.29,ok
1785473454.077,2.87,ok
1785473454.091,4.33,ok
1785473454.108,3.72,ok
1785473454.120,1.78,ok
1785473454.137,3.02,ok
1785473454.153,3.34,ok
1785473454.168,2.03,ok
1785473454.185,2.68,ok
1785473454.199,2.05,ok
1785473454.215,2.33,ok
1785473454.231,1.98,ok
1785473454.247,2.18,ok
1785473454.264,2.25,ok
1785473454.282,1.99,ok
1785473454.295,1.73,ok
1785473454.309,1.76,ok
1785473454.326,1.89,ok
1785473454.344,2.07,ok
1785473454.361,2.45,ok
1785473454.377,2.12,ok
1785473454.391,1.76,ok
1785473454.404,1.98,ok
1785473454.420,1.96,ok
1785473454.432,1.61,ok
1785473454.449,1.95,ok
1785473454.466,1.93,ok
1785473454.481,2.14,ok
1785473454.497,1.60,ok
1785473454.513,1.98,ok
1785473454.527,2.15,ok
1785473454.543,3.42,ok
1785473454.563,4.33,ok
1785473454.581,2.88,ok
1785473454.595,1.95,ok
1785473454.608,2.71,ok
1785473454.622,2.08,ok
1785473454.634,1.89,ok
1785473454.650,3.03,ok
1785473454.663,1.73,ok
1785473454.676,1.80,ok
1785473454.692,1.84,ok
1785473454.708,2.32,ok
1785473454.725,1.69,ok
1785473454.738,1.98,ok
1785473454.751,1.82,ok
1785473454.768,1.76,ok
1785473454.781,1.83,ok
1785473454.798,1.98,ok
1785473454.815,1.82,ok
1785473454.833,2.38,ok
1785473454.850,2.27,ok
1785473454.867,2.03,ok
1785473454.885,3.15,ok
1785473454.902,2.30,ok
1785473454.917,2.50,ok
1785473454.934,2.06,ok
1785473454.949,1.81,ok
1785473454.973,11.19,ok
1785473454.991,2.62,ok
1785473455.005,3.71,ok
1785473455.022,1.91,ok
1785473455.036,1.76,ok
1785473455.055,4.18,ok
1785473455.070,1.98,ok
1785473455.085,2.11,ok
1785473455.100,2.03,ok
1785473455.117,1.97,ok
1785473455.136,3.45,ok
1785473455.151,2.41,ok
1785473455.163,2.36,ok
1785473455.181,1.95,ok
1785473455.194,1.89,ok
1785473455.209,1.86,ok
1785473455.224,1.60,ok
1785473455.243,3.89,ok
1785473455.260,3.21,ok
1785473455.277,2.28,ok
1785473455.289,1.86,ok
1785473455.303,2.22,ok
1785473455.320,2.15,ok
1785473455.335,2.18,ok
1785473455.353,2.59,ok
1785473455.368,1.89,ok
1785473455.383,2.16,ok
1785473455.398,1.66,ok
1785473455.416,2.28,ok
1785473455.431,1.88,ok
1785473455.444,1.95,ok
1785473455.460,2.42,ok
1785473455.478,3.22,ok
1785473455.491,2.70,ok
1785473455.508,2.15,ok
1785473455.523,2.32,ok
1785473455.540,1.52,ok
1785473455.557,2.17,ok
1785473455.570,1.87,ok
1785473455.586,2.02,ok
1785473455.601,2.14,ok
1785473455.615,2.15,ok
1785473455.628,2.34,ok
1785473455.645,2.01,ok
1785473455.660,2.37,ok
1785473455.675,1.92,ok
1785473455.692,2.46,ok
1785473455.709,1.85,ok
1785473455.727,2.70,ok
1785473455.744,1.70,ok
1785473455.761,2.15,ok
1785473455.776,2.17,ok
1785473455.793,1.84,ok
1785473455.807,2.39,ok
1785473455.821,2.34,ok
1785473455.837,1.79,ok
1785473455.854,1.71,ok
1785473455.868,2.13,ok
1785473455.882,2.01,ok
1785473455.897,3.52,ok
1785473455.916,4.10,ok
1785473455.928,1.65,ok
1785473455.944,3.01,ok
1785473455.959,2.48,ok
1785473455.981,11.74,ok
1785473455.997,3.07,ok
1785473456.010,1.93,ok
1785473456.027,2.41,ok
1785473456.043,1.92,ok
1785473456.060,1.96,ok
1785473456.077,2.22,ok
1785473456.093,1.95,ok
1785473456.109,2.13,ok
1785473456.127,2.45,ok
1785473456.141,1.58,ok
1785473456.158,1.88,ok
1785473456.175,1.78,ok
1785473456.193,3.11,ok
1785473456.210,2.41,ok
1785473456.225,1.60,ok
1785473456.239,2.27,ok
1785473456.251,2.09,ok
1785473456.270,3.41,ok
1785473456.284,2.14,ok
1785473456.303,3.44,ok
1785473456.316,1.94,ok
1785473456.331,1.77,ok
1785473456.350,3.16,ok
1785473456.367,2.26,ok
1785473456.380,3.03,ok
1785473456.395,3.50,ok
1785473456.407,1.54,ok
1785473456.420,1.60,ok
1785473456.437,1.71,ok
1785473456.454,2.52,ok
1785473456.470,1.82,ok
1785473456.488,3.48,ok
1785473456.502,1.99,ok
1785473456.514,1.86,ok
1785473456.528,1.93,ok
1785473456.543,1.83,ok
1785473456.560,1.89,ok
1785473456.577,2.32,ok
1785473456.590,2.10,ok
1785473456.607,2.14,ok
1785473456.621,2.01,ok
1785473456.635,2.20,ok
1785473456.649,2.37,ok
1785473456.665,4.56,ok
1785473456.684,3.65,ok
1785473456.698,1.96,ok
1785473456.710,1.92,ok
1785473456.727,1.92,ok
1785473456.744,1.81,ok
1785473456.758,1.86,ok
1785473456.777,3.64,ok
1785473456.795,3.75,ok
1785473456.808,1.86,ok
1785473456.826,3.03,ok
1785473456.840,2.23,ok
1785473456.854,2.25,ok
1785473456.871,2.15,ok
1785473456.883,1.75,ok
1785473456.900,1.97,ok
1785473456.918,2.42,ok
1785473456.935,2.14,ok
1785473456.952,2.22,ok
1785473456.982,15.60,ok
1785473456.996,2.07,ok
1785473457.009,1.80,ok
1785473457.023,1.68,ok
1785473457.041,2.59,ok
1785473457.059,2.45,ok
1785473457.072,1.94,ok
1785473457.091,3.83,ok
1785473457.103,1.88,ok
1785473457.120,2.00,ok
1785473457.136,3.49,ok
1785473457.151,1.98,ok
1785473457.165,2.09,ok
1785473457.181,2.97,ok
1785473457.199,3.03,ok
1785473457.216,1.97,ok
1785473457.235,3.68,ok
1785473457.247,1.66,ok
1785473457.282,20.47,ok
1785473457.297,1.70,ok
1785473457.311,3.79,ok
1785473457.327,2.50,ok
1785473457.344,2.11,ok
1785473457.358,1.67,ok
1785473457.376,2.36,ok
1785473457.394,3.15,ok
1785473457.408,1.98,ok
1785473457.421,1.66,ok
1785473457.437,1.85,ok
1785473457.452,2.23,ok
1785473457.468,1.71,ok
1785473457.484,3.65,ok
1785473457.501,1.82,ok
1785473457.517,1.90,ok
1785473457.535,2.07,ok
1785473457.552,2.09,ok
1785473457.569,2.04,ok
1785473457.584,2.26,ok
1785473457.601,2.08,ok
1785473457.618,1.93,ok
1785473457.636,3.36,ok
1785473457.653,2.21,ok
1785473457.666,2.11,ok
1785473457.682,1.86,ok
1785473457.699,2.20,ok
1785473457.716,1.77,ok
1785473457.733,4.67,ok
1785473457.746,1.99,ok
1785473457.760,2.84,ok
1785473457.777,2.34,ok
1785473457.793,3.50,ok
1785473457.806,1.97,ok
1785473457.822,3.05,ok
1785473457.837,2.60,ok
1785473457.852,2.34,ok
1785473457.869,2.20,ok
1785473457.883,2.02,ok
1785473457.896,2.06,ok
1785473457.912,1.71,ok
1785473457.930,2.02,ok
1785473457.942,2.43,ok
1785473457.955,1.69,ok
1785473457.968,2.22,ok
1785473457.985,2.23,ok
1785473458.000,1.82,ok
1785473458.018,2.35,ok
1785473458.031,1.74,ok
1785473458.049,3.07,ok
1785473458.063,3.37,ok
1785473458.081,3.03,ok
1785473458.096,1.93,ok
1785473458.113,2.39,ok
1785473458.131,2.79,ok
1785473458.145,1.93,ok
1785473458.163,2.89,ok
1785473458.185,7.24,ok
1785473458.207,7.42,ok
1785473458.224,2.05,ok
1785473458.237,1.78,ok
1785473458.251,1.92,ok
1785473458.264,2.43,ok
1785473458.277,2.24,ok
1785473458.290,2.31,ok
1785473458.308,3.82,ok
1785473458.321,1.86,ok
1785473458.335,1.99,ok
1785473458.347,1.86,ok
1785473458.360,1.86,ok
1785473458.377,2.16,ok
1785473458.390,1.86,ok
1785473458.408,2.08,ok
1785473458.425,1.90,ok
1785473458.439,3.79,ok
1785473458.456,2.06,ok
1785473458.470,1.65,ok
1785473458.486,2.24,ok
1785473458.498,1.76,ok
1785473458.512,1.92,ok
1785473458.528,3.18,ok
1785473458.542,1.82,ok
1785473458.555,1.73,ok
1785473458.571,2.01,ok
1785473458.590,4.49,ok
1785473458.609,3.34,ok
1785473458.625,1.86,ok
1785473458.640,1.82,ok
1785473458.657,1.74,ok
1785473458.674,2.00,ok
1785473458.692,2.30,ok
1785473458.710,3.84,ok
1785473458.723,2.24,ok
1785473458.737,2.32,ok
1785473458.751,2.41,ok
1785473458.763,1.66,ok
1785473458.779,1.81,ok
1785473458.794,3.66,ok
1785473458.810,1.95,ok
1785473458.828,2.32,ok
1785473458.843,2.02,ok
1785473458.861,3.82,ok
1785473458.877,2.50,ok
1785473458.893,2.14,ok
1785473458.910,2.11,ok
1785473458.928,2.35,ok
1785473458.941,2.11,ok
1785473458.960,3.24,ok
1785473458.985,15.09,ok
1785473458.998,2.11,ok
1785473459.016,2.26,ok
1785473459.028,1.72,ok
1785473459.045,2.06,ok
1785473459.062,2.14,ok
1785473459.079,1.95,ok
1785473459.098,3.59,ok
1785473459.117,3.69,ok
1785473459.132,2.14,ok
1785473459.144,1.61,ok
1785473459.157,2.03,ok
1785473459.172,3.48,ok
1785473459.189,1.99,ok
1785473459.202,2.28,ok
1785473459.218,1.88,ok
1785473459.233,4.27,ok
1785473459.248,2.32,ok
1785473459.260,1.86,ok
1785473459.275,1.87,ok
1785473459.293,3.63,ok
1785473459.308,2.64,ok
1785473459.326,2.02,ok
1785473459.342,2.24,ok
1785473459.359,1.94,ok
1785473459.376,2.18,ok
1785473459.394,2.85,ok
1785473459.411,2.21,ok
1785473459.425,2.23,ok
1785473459.441,1.74,ok
1785473459.458,1.71,ok
1785473459.473,3.60,ok
1785473459.490,2.14,ok
1785473459.503,2.25,ok
1785473459.519,3.88,ok
1785473459.535,2.35,ok
1785473459.552,2.03,ok
1785473459.568,3.32,ok
1785473459.584,1.99,ok
1785473459.600,1.59,ok
1785473459.614,1.80,ok
1785473459.630,2.93,ok
1785473459.645,3.18,ok
1785473459.661,2.35,ok
1785473459.676,1.73,ok
1785473459.689,1.77,ok
1785473459.709,6.25,ok
1785473459.727,2.18,ok
1785473459.740,2.82,ok
1785473459.754,2.46,ok
1785473459.768,2.19,ok
1785473459.785,1.98,ok
1785473459.802,2.10,ok
1785473459.819,2.13,ok
1785473459.831,1.95,ok
1785473459.848,1.86,ok
1785473459.862,1.86,ok
1785473459.879,1.82,ok
1785473459.894,1.86,ok
1785473459.912,2.05,ok
1785473459.927,1.90,ok
1785473459.943,1.91,ok
1785473459.960,2.27,ok
1785473459.985,13.38,ok
1785473460.003,2.43,ok
1785473460.017,2.47,ok
1785473460.031,1.71,ok
1785473460.049,2.32,ok
1785473460.062,2.02,ok
1785473460.080,2.50,ok
1785473460.097,3.15,ok
1785473460.114,2.47,ok
1785473460.131,2.14,ok
1785473460.149,2.28,ok
1785473460.162,2.03,ok
1785473460.179,1.97,ok
1785473460.193,1.68,ok
1785473460.210,2.80,ok
1785473460.225,1.60,ok
1785473460.242,2.62,ok
1785473460.258,2.08,ok
1785473460.276,2.10,ok
1785473460.289,2.93,ok
1785473460.306,2.25,ok
1785473460.321,2.16,ok
1785473460.338,2.13,ok
1785473460.350,1.80,ok
1785473460.367,2.06,ok
1785473460.384,2.23,ok
1785473460.401,2.04,ok
1785473460.418,1.91,ok
1785473460.433,2.01,ok
1785473460.450,2.26,ok
1785473460.467,3.45,ok
1785473460.481,1.96,ok
1785473460.494,1.72,ok
1785473460.508,2.70,ok
1785473460.521,2.32,ok
1785473460.538,1.96,ok
1785473460.551,1.92,ok
1785473460.568,1.83,ok
1785473460.585,1.90,ok
1785473460.605,6.01,ok
1785473460.620,1.73,ok
1785473460.635,2.07,ok
1785473460.651,2.18,ok
1785473460.669,3.45,ok
1785473460.682,1.79,ok
1785473460.696,2.17,ok
1785473460.709,2.63,ok
1785473460.722,1.93,ok
1785473460.737,1.82,ok
1785473460.753,3.04,ok
1785473460.766,2.00,ok
1785473460.782,2.13,ok
1785473460.799,1.99,ok
1785473460.816,2.02,ok
1785473460.830,2.11,ok
1785473460.847,1.92,ok
1785473460.864,1.96,ok
1785473460.882,2.33,ok
1785473460.899,1.95,ok
1785473460.911,2.17,ok
1785473460.926,2.03,ok
1785473460.943,1.94,ok
1785473460.961,2.49,ok
1785473460.986,11.18,ok
1785473461.001,2.38,ok
1785473461.017,2.33,ok
1785473461.031,2.45,ok
1785473461.049,4.50,ok
1785473461.066,3.54,ok
1785473461.080,2.72,ok
1785473461.097,2.95,ok
1785473461.112,4.07,ok
1785473461.127,3.77,ok
1785473461.145,3.42,ok
1785473461.162,5.74,ok
1785473461.176,2.16,ok
1785473461.194,3.34,ok
1785473461.210,1.87,ok
1785473461.226,3.61,ok
1785473461.241,2.46,ok
1785473461.258,2.03,ok
1785473461.272,2.83,ok
1785473461.285,2.97,ok
1785473461.300,1.79,ok
1785473461.315,2.92,ok
1785473461.331,2.51,ok
1785473461.344,1.98,ok
1785473461.361,1.90,ok
1785473461.374,1.98,ok
1785473461.387,2.00,ok
1785473461.403,1.98,ok
1785473461.419,3.41,ok
1785473461.436,2.33,ok
1785473461.453,2.14,ok
1785473461.468,2.10,ok
1785473461.485,1.78,ok
1785473461.501,2.50,ok
1785473461.513,1.94,ok
1785473461.531,2.32,ok
1785473461.548,1.79,ok
1785473461.562,2.17,ok
1785473461.579,2.02,ok
1785473461.595,2.21,ok
1785473461.613,3.77,ok
1785473461.630,2.13,ok
1785473461.642,1.83,ok
1785473461.660,2.12,ok
1785473461.675,2.13,ok
1785473461.694,3.81,ok
1785473461.710,2.42,ok
1785473461.727,2.22,ok
1785473461.742,3.25,ok
1785473461.758,4.54,ok
1785473461.775,3.33,ok
1785473461.788,1.70,ok
1785473461.800,2.33,ok
1785473461.815,1.78,ok
1785473461.830,1.80,ok
1785473461.846,1.79,ok
1785473461.862,3.33,ok
1785473461.875,2.25,ok
1785473461.893,2.06,ok
1785473461.906,1.80,ok
1785473461.922,1.72,ok
1785473461.939,1.75,ok
1785473461.956,2.04,ok
1785473461.974,2.16,ok
1785473461.991,1.82,ok
1785473462.004,1.92,ok
1785473462.020,3.11,ok
1785473462.035,2.04,ok
1785473462.052,2.25,ok
1785473462.071,4.24,ok
1785473462.086,1.95,ok
1785473462.103,1.80,ok
1785473462.119,1.95,ok
1785473462.136,2.14,ok
1785473462.152,2.21,ok
1785473462.168,2.74,ok
1785473462.185,2.03,ok
1785473462.203,3.19,ok
1785473462.218,1.72,ok
1785473462.235,1.95,ok
1785473462.250,2.09,ok
1785473462.264,2.10,ok
1785473462.277,2.36,ok
1785473462.289,1.80,ok
1785473462.302,1.83,ok
1785473462.315,1.94,ok
1785473462.328,2.37,ok
1785473462.344,1.96,ok
1785473462.358,2.17,ok
1785473462.374,2.77,ok
1785473462.391,2.34,ok
1785473462.408,1.94,ok
1785473462.425,1.69,ok
1785473462.443,2.39,ok
1785473462.457,1.93,ok
1785473462.471,1.99,ok
1785473462.487,2.00,ok
1785473462.503,2.25,ok
1785473462.519,2.90,ok
1785473462.534,1.86,ok
1785473462.549,1.83,ok
1785473462.566,2.11,ok
1785473462.583,1.76,ok
1785473462.600,2.04,ok
1785473462.613,1.91,ok
1785473462.626,2.38,ok
1785473462.643,2.07,ok
1785473462.661,2.21,ok
1785473462.676,1.61,ok
1785473462.691,2.28,ok
1785473462.708,1.97,ok
1785473462.726,2.62,ok
1785473462.738,1.75,ok
1785473462.755,1.84,ok
1785473462.768,2.35,ok
1785473462.782,3.28,ok
1785473462.798,1.92,ok
1785473462.814,1.90,ok
1785473462.827,2.19,ok
1785473462.845,3.66,ok
1785473462.861,1.70,ok
1785473462.875,3.74,ok
1785473462.892,1.91,ok
1785473462.904,1.44,ok
1785473462.920,1.83,ok
1785473462.938,3.22,ok
1785473462.952,2.22,ok
1785473462.966,2.04,ok
1785473462.979,1.96,ok
1785473462.994,3.55,ok
1785473463.010,1.77,ok
1785473463.025,1.98,ok
1785473463.038,2.12,ok
1785473463.057,3.52,ok
1785473463.074,1.99,ok
1785473463.091,2.42,ok
1785473463.109,2.49,ok
1785473463.122,2.46,ok
1785473463.137,4.74,ok
1785473463.149,1.82,ok
1785473463.163,2.19,ok
1785473463.180,1.81,ok
1785473463.194,2.53,ok
1785473463.211,2.06,ok
1785473463.228,1.93,ok
1785473463.245,2.25,ok
1785473463.261,1.86,ok
1785473463.276,1.94,ok
1785473463.289,1.63,ok
1785473463.306,1.92,ok
1785473463.321,3.03,ok
1785473463.335,2.36,ok
1785473463.351,1.94,ok
1785473463.368,2.15,ok
1785473463.384,2.92,ok
1785473463.400,1.83,ok
1785473463.416,2.11,ok
1785473463.428,1.80,ok
1785473463.443,1.53,ok
1785473463.457,2.27,ok
1785473463.474,2.16,ok
1785473463.491,2.01,ok
1785473463.505,1.60,ok
1785473463.518,1.97,ok
1785473463.531,1.70,ok
1785473463.545,2.33,ok
1785473463.560,2.08,ok
1785473463.576,1.51,ok
1785473463.593,1.94,ok
1785473463.610,2.40,ok
1785473463.623,2.38,ok
1785473463.639,1.86,ok
1785473463.652,2.37,ok
1785473463.667,1.74,ok
1785473463.680,2.12,ok
1785473463.693,2.31,ok
1785473463.709,2.33,ok
1785473463.723,2.05,ok
1785473463.740,1.65,ok
1785473463.757,1.97,ok
1785473463.769,2.35,ok
1785473463.787,2.18,ok
1785473463.802,2.70,ok
1785473463.817,2.04,ok
1785473463.831,1.99,ok
1785473463.843,2.22,ok
1785473463.858,1.83,ok
1785473463.875,1.90,ok
1785473463.887,2.25,ok
1785473463.901,1.96,ok
1785473463.919,2.24,ok
1785473463.938,3.91,ok
1785473463.954,2.34,ok
1785473463.970,3.27,ok
1785473463.996,11.23,ok
1785473464.014,2.37,ok
1785473464.027,1.70,ok
1785473464.044,2.03,ok
1785473464.062,2.15,ok
1785473464.076,2.14,ok
1785473464.095,3.84,ok
1785473464.111,2.48,ok
1785473464.128,2.36,ok
1785473464.145,2.12,ok
1785473464.162,2.12,ok
1785473464.176,1.77,ok
1785473464.193,2.06,ok
1785473464.210,5.14,ok
1785473464.227,1.93,ok
1785473464.242,1.93,ok
1785473464.259,2.08,ok
1785473464.273,2.23,ok
1785473464.288,2.41,ok
1785473464.305,3.17,ok
1785473464.318,1.78,ok
1785473464.336,3.22,ok
1785473464.351,1.96,ok
1785473464.368,1.80,ok
1785473464.385,1.84,ok
1785473464.401,2.02,ok
1785473464.419,2.22,ok
1785473464.436,2.37,ok
1785473464.452,2.01,ok
1785473464.468,2.16,ok
1785473464.486,2.91,ok
1785473464.503,1.91,ok
1785473464.519,2.04,ok
1785473464.535,2.91,ok
1785473464.549,2.02,ok
1785473464.562,1.59,ok
1785473464.577,2.20,ok
1785473464.594,1.95,ok
1785473464.611,2.21,ok
1785473464.627,2.23,ok
1785473464.644,2.30,ok
1785473464.662,2.00,ok
1785473464.677,3.38,ok
1785473464.691,2.10,ok
1785473464.708,1.85,ok
1785473464.725,2.29,ok
1785473464.739,2.28,ok
1785473464.756,1.84,ok
1785473464.774,2.37,ok
1785473464.787,2.27,ok
1785473464.802,2.00,ok
1785473464.819,2.29,ok
1785473464.833,2.05,ok
1785473464.851,2.45,ok
1785473464.866,2.13,ok
1785473464.880,2.31,ok
1785473464.897,2.28,ok
1785473464.915,2.03,ok
1785473464.928,3.30,ok
1785473464.943,2.04,ok
1785473464.957,3.68,ok
1785473464.970,2.02,ok
1785473464.993,11.55,ok
1785473465.010,2.67,ok
1785473465.023,1.78,ok
1785473465.037,1.93,ok
1785473465.055,3.19,ok
1785473465.070,1.98,ok
1785473465.083,1.88,ok
1785473465.101,2.16,ok
1785473465.114,1.48,ok
1785473465.128,3.74,ok
1785473465.145,1.96,ok
1785473465.160,1.71,ok
1785473465.173,1.93,ok
1785473465.191,2.35,ok
1785473465.209,2.70,ok
1785473465.226,2.10,ok
1785473465.242,2.45,ok
1785473465.260,3.46,ok
1785473465.278,3.67,ok
1785473465.292,2.23,ok
1785473465.310,2.28,ok
1785473465.324,2.98,ok
1785473465.341,2.50,ok
1785473465.355,1.75,ok
1785473465.374,3.12,ok
1785473465.387,2.21,ok
1785473465.401,1.94,ok
1785473465.417,2.10,ok
1785473465.436,3.48,ok
1785473465.452,2.12,ok
1785473465.465,1.94,ok
1785473465.481,1.78,ok
1785473465.499,2.38,ok
1785473465.513,1.54,ok
1785473465.530,2.20,ok
1785473465.544,1.74,ok
1785473465.562,4.89,ok
1785473465.575,1.86,ok
1785473465.590,2.05,ok
1785473465.606,1.87,ok
1785473465.624,3.26,ok
1785473465.638,1.83,ok
1785473465.651,1.99,ok
1785473465.668,2.05,ok
1785473465.685,1.87,ok
1785473465.698,2.16,ok
1785473465.711,1.71,ok
1785473465.726,1.86,ok
1785473465.743,2.11,ok
1785473465.758,2.21,ok
1785473465.775,1.74,ok
1785473465.788,1.65,ok
1785473465.805,1.97,ok
1785473465.819,2.51,ok
1785473465.838,3.44,ok
1785473465.852,2.24,ok
1785473465.869,2.53,ok
1785473465.886,2.57,ok
1785473465.902,2.23,ok
1785473465.916,1.73,ok
1785473465.933,2.06,ok
1785473465.946,2.44,ok
1785473465.960,1.81,ok
1785473465.975,1.62,ok
1785473465.994,6.89,ok
1785473466.006,1.85,ok
1785473466.023,2.03,ok
1785473466.040,2.60,ok
1785473466.053,2.35,ok
1785473466.067,2.66,ok
1785473466.080,2.44,ok
1785473466.097,3.24,ok
1785473466.113,2.13,ok
1785473466.131,3.70,ok
1785473466.144,1.85,ok
1785473466.156,1.86,ok
1785473466.169,2.35,ok
1785473466.182,2.02,ok
1785473466.197,2.49,ok
1785473466.209,2.08,ok
1785473466.224,1.71,ok
1785473466.236,2.25,ok
1785473466.249,1.91,ok
1785473466.265,2.18,ok
1785473466.279,3.40,ok
1785473466.293,1.78,ok
1785473466.306,2.97,ok
1785473466.323,2.04,ok
1785473466.337,1.95,ok
1785473466.352,1.92,ok
1785473466.368,2.25,ok
1785473466.386,2.08,ok
1785473466.400,1.61,ok
1785473466.414,1.97,ok
1785473466.431,2.22,ok
1785473466.445,2.00,ok
1785473466.462,1.94,ok
1785473466.477,2.07,ok
1785473466.493,1.60,ok
1785473466.508,1.74,ok
1785473466.525,2.13,ok
1785473466.538,1.96,ok
1785473466.552,2.51,ok
1785473466.569,2.10,ok
1785473466.581,1.80,ok
1785473466.596,1.57,ok
1785473466.613,1.94,ok
1785473466.629,2.31,ok
1785473466.642,2.11,ok
1785473466.655,1.77,ok
1785473466.667,2.11,ok
1785473466.681,1.80,ok
1785473466.698,2.36,ok
1785473466.715,2.85,ok
1785473466.733,3.62,ok
1785473466.749,2.02,ok
1785473466.764,2.37,ok
1785473466.782,2.36,ok
1785473466.799,2.25,ok
1785473466.816,2.27,ok
1785473466.835,3.78,ok
1785473466.857,7.90,ok
1785473466.870,2.22,ok
1785473466.885,2.35,ok
1785473466.901,1.53,ok
1785473466.918,2.10,ok
1785473466.932,2.50,ok
1785473466.949,1.90,ok
1785473466.961,1.42,ok
1785473466.976,1.98,ok
1785473466.996,8.15,ok
1785473467.009,1.86,ok
1785473467.026,1.99,ok
1785473467.043,2.06,ok
1785473467.057,2.06,ok
1785473467.070,1.86,ok
1785473467.085,2.35,ok
1785473467.102,2.16,ok
1785473467.119,1.95,ok
1785473467.134,2.11,ok
1785473467.147,1.85,ok
1785473467.160,2.05,ok
1785473467.172,1.74,ok
1785473467.190,2.51,ok
1785473467.204,1.95,ok
1785473467.219,2.07,ok
1785473467.235,2.02,ok
1785473467.252,2.00,ok
1785473467.264,1.75,ok
1785473467.277,2.00,ok
1785473467.293,1.83,ok
1785473467.310,2.25,ok
1785473467.327,2.03,ok
1785473467.342,2.23,ok
1785473467.355,1.91,ok
1785473467.368,2.09,ok
1785473467.384,2.49,ok
1785473467.402,3.56,ok
1785473467.419,2.59,ok
1785473467.433,1.87,ok
1785473467.446,1.62,ok
1785473467.459,1.63,ok
1785473467.474,2.04,ok
1785473467.488,3.47,ok
1785473467.506,6.18,ok
1785473467.518,1.69,ok
1785473467.535,2.02,ok
1785473467.549,2.02,ok
1785473467.566,2.00,ok
1785473467.583,1.96,ok
1785473467.601,2.12,ok
1785473467.615,1.82,ok
1785473467.630,1.91,ok
1785473467.646,1.82,ok
1785473467.662,1.70,ok
1785473467.676,1.81,ok
1785473467.693,2.45,ok
1785473467.708,1.62,ok
1785473467.720,1.60,ok
1785473467.733,2.68,ok
1785473467.745,1.64,ok
1785473467.759,1.47,ok
1785473467.771,1.48,ok
1785473467.787,1.92,ok
1785473467.802,1.95,ok
1785473467.819,1.93,ok
1785473467.835,1.74,ok
1785473467.852,2.26,ok
1785473467.868,1.85,ok
1785473467.886,4.21,ok
1785473467.902,3.03,ok
1785473467.921,4.07,ok
1785473467.935,1.82,ok
1785473467.950,2.18,ok
1785473467.964,1.70,ok
1785473467.977,2.38,ok
1785473467.998,9.24,ok
1785473468.015,2.22,ok
1785473468.032,1.87,ok
1785473468.046,2.08,ok
1785473468.061,1.84,ok
1785473468.073,2.06,ok
1785473468.086,1.85,ok
1785473468.101,1.84,ok
1785473468.114,2.10,ok
1785473468.131,2.07,ok
1785473468.143,1.87,ok
1785473468.160,2.43,ok
1785473468.177,2.24,ok
1785473468.194,1.69,ok
1785473468.210,2.21,ok
1785473468.227,2.15,ok
1785473468.243,2.14,ok
1785473468.261,2.21,ok
1785473468.276,1.84,ok
1785473468.289,2.23,ok
1785473468.304,2.12,ok
1785473468.317,2.11,ok
1785473468.334,1.71,ok
1785473468.348,1.95,ok
1785473468.365,2.12,ok
1785473468.382,2.11,ok
1785473468.394,2.12,ok
1785473468.412,2.32,ok
1785473468.429,1.86,ok
1785473468.445,2.09,ok
1785473468.462,2.00,ok
1785473468.477,2.38,ok
1785473468.494,2.41,ok
1785473468.510,2.38,ok
1785473468.528,3.24,ok
1785473468.540,1.76,ok
1785473468.553,1.98,ok
1785473468.570,1.88,ok
1785473468.585,1.93,ok
1785473468.598,1.76,ok
1785473468.614,2.09,ok
1785473468.631,1.76,ok
1785473468.646,1.98,ok
1785473468.660,1.79,ok
1785473468.673,2.53,ok
1785473468.687,2.14,ok
1785473468.703,1.90,ok
1785473468.716,1.51,ok
1785473468.733,2.12,ok
1785473468.748,2.55,ok
1785473468.765,2.26,ok
1785473468.783,2.24,ok
1785473468.795,1.97,ok
1785473468.811,2.37,ok
1785473468.823,1.64,ok
1785473468.840,1.81,ok
1785473468.855,2.07,ok
1785473468.872,1.84,ok
1785473468.886,2.46,ok
1785473468.902,1.94,ok
1785473468.919,2.67,ok
1785473468.934,2.51,ok
1785473468.948,3.45,ok
1785473468.962,1.60,ok
1785473468.979,1.84,ok
1785473468.997,4.48,ok
1785473469.015,2.14,ok
1785473469.027,2.24,ok
1785473469.043,2.07,ok
1785473469.056,2.01,ok
1785473469.068,1.83,ok
1785473469.084,1.97,ok
1785473469.101,2.10,ok
1785473469.119,2.37,ok
1785473469.136,3.49,ok
1785473469.151,1.87,ok
1785473469.168,1.71,ok
1785473469.180,1.89,ok
1785473469.195,2.02,ok
1785473469.214,3.76,ok
1785473469.229,1.77,ok
1785473469.247,3.06,ok
1785473469.261,4.14,ok
1785473469.278,2.12,ok
1785473469.292,1.66,ok
1785473469.307,2.18,ok
1785473469.325,2.15,ok
1785473469.337,1.86,ok
1785473469.351,1.63,ok
1785473469.369,2.44,ok
1785473469.384,2.11,ok
1785473469.398,2.24,ok
1785473469.410,2.06,ok
1785473469.427,2.10,ok
1785473469.440,1.94,ok
1785473469.457,1.63,ok
1785473469.473,1.93,ok
1785473469.491,3.05,ok
1785473469.506,2.33,ok
1785473469.520,1.67,ok
1785473469.537,2.40,ok
1785473469.554,2.18,ok
1785473469.568,1.93,ok
1785473469.585,2.09,ok
1785473469.602,2.34,ok
1785473469.619,1.80,ok
1785473469.634,1.94,ok
1785473469.648,2.31,ok
1785473469.665,2.04,ok
1785473469.679,2.75,ok
1785473469.694,2.25,ok
1785473469.710,1.97,ok
1785473469.726,1.75,ok
1785473469.743,1.99,ok
1785473469.757,2.67,ok
1785473469.771,3.46,ok
1785473469.788,1.73,ok
1785473469.803,2.06,ok
1785473469.815,1.93,ok
1785473469.828,1.80,ok
1785473469.844,3.36,ok
1785473469.857,2.16,ok
1785473469.872,4.56,ok
1785473469.888,1.82,ok
1785473469.902,3.31,ok
1785473469.915,2.06,ok
1785473469.927,1.85,ok
1785473469.942,2.29,ok
1785473469.959,2.12,ok
1785473469.973,2.87,ok
1785473469.985,1.99,ok
1785473470.000,4.33,ok
1785473470.017,2.01,ok
1785473470.036,3.43,ok
1785473470.051,2.16,ok
1785473470.068,2.20,ok
1785473470.085,1.88,ok
1785473470.101,2.12,ok
1785473470.118,1.62,ok
1785473470.135,2.32,ok
1785473470.152,1.89,ok
1785473470.170,3.41,ok
1785473470.187,2.00,ok
1785473470.200,2.10,ok
1785473470.217,1.97,ok
1785473470.232,1.78,ok
1785473470.249,2.31,ok
1785473470.263,2.03,ok
1785473470.280,2.52,ok
1785473470.294,1.97,ok
1785473470.310,3.14,ok
1785473470.326,2.00,ok
1785473470.339,2.02,ok
1785473470.354,1.96,ok
1785473470.369,3.18,ok
1785473470.384,2.01,ok
1785473470.401,2.07,ok
1785473470.415,2.01,ok
1785473470.431,1.80,ok
1785473470.446,2.98,ok
1785473470.463,1.92,ok
1785473470.482,4.43,ok
1785473470.499,1.64,ok
1785473470.513,2.62,ok
1785473470.530,2.74,ok
1785473470.546,2.33,ok
1785473470.558,1.55,ok
1785473470.570,1.55,ok
1785473470.585,2.15,ok
1785473470.599,1.95,ok
1785473470.616,1.74,ok
1785473470.628,2.08,ok
1785473470.643,1.52,ok
1785473470.658,1.80,ok
1785473470.675,2.17,ok
1785473470.692,1.91,ok
1785473470.705,2.05,ok
1785473470.720,1.78,ok
1785473470.737,1.80,ok
1785473470.754,1.71,ok
1785473470.772,3.48,ok
1785473470.789,1.98,ok
1785473470.801,1.73,ok
1785473470.816,1.76,ok
1785473470.833,1.77,ok
1785473470.851,2.82,ok
1785473470.864,1.73,ok
1785473470.881,1.72,ok
1785473470.898,2.13,ok
1785473470.916,2.66,ok
1785473470.929,2.53,ok
1785473470.947,3.38,ok
1785473470.965,2.45,ok
1785473470.982,3.15,ok
1785473471.001,4.20,ok
1785473471.018,2.09,ok
1785473471.035,2.05,ok
1785473471.053,3.50,ok
1785473471.070,2.19,ok
1785473471.084,1.99,ok
1785473471.098,2.11,ok
1785473471.113,1.85,ok
1785473471.127,2.30,ok
1785473471.143,2.10,ok
1785473471.155,1.77,ok
1785473471.172,2.65,ok
1785473471.185,2.01,ok
1785473471.198,2.10,ok
1785473471.211,1.86,ok
1785473471.226,2.01,ok
1785473471.239,1.75,ok
1785473471.251,1.92,ok
1785473471.269,2.12,ok
1785473471.285,2.18,ok
1785473471.298,1.82,ok
1785473471.316,2.51,ok
1785473471.328,1.57,ok
1785473471.344,1.90,ok
1785473471.360,2.10,ok
1785473471.375,1.86,ok
1785473471.392,1.71,ok
1785473471.406,1.85,ok
1785473471.420,2.71,ok
1785473471.435,1.86,ok
1785473471.451,1.99,ok
1785473471.469,2.39,ok
1785473471.482,2.15,ok
1785473471.495,1.94,ok
1785473471.509,2.34,ok
1785473471.525,2.24,ok
1785473471.543,2.57,ok
1785473471.560,2.25,ok
1785473471.575,2.68,ok
1785473471.588,2.07,ok
1785473471.604,1.99,ok
1785473471.621,1.96,ok
1785473471.634,3.02,ok
1785473471.651,1.90,ok
1785473471.668,1.83,ok
1785473471.686,3.09,ok
1785473471.703,1.75,ok
1785473471.718,1.98,ok
1785473471.731,1.93,ok
1785473471.747,2.25,ok
1785473471.764,1.88,ok
1785473471.779,2.85,ok
1785473471.796,1.87,ok
1785473471.810,2.07,ok
1785473471.823,2.21,ok
1785473471.838,2.28,ok
1785473471.851,1.92,ok
1785473471.868,1.80,ok
1785473471.885,2.15,ok
1785473471.902,2.45,ok
1785473471.915,2.22,ok
1785473471.932,1.96,ok
1785473471.949,2.21,ok
1785473471.964,3.12,ok
1785473471.978,2.05,ok
1785473472.000,9.14,ok
1785473472.013,1.90,ok
1785473472.030,2.89,ok
1785473472.043,1.80,ok
1785473472.060,2.18,ok
1785473472.077,2.42,ok
1785473472.094,2.01,ok
1785473472.111,2.20,ok
1785473472.129,2.12,ok
1785473472.146,2.06,ok
1785473472.160,2.01,ok
1785473472.172,1.96,ok
1785473472.190,2.05,ok
1785473472.203,2.29,ok
1785473472.218,2.45,ok
1785473472.236,2.72,ok
1785473472.253,2.39,ok
1785473472.266,2.02,ok
1785473472.280,2.20,ok
1785473472.297,1.84,ok
1785473472.310,1.72,ok
1785473472.327,2.51,ok
1785473472.342,3.16,ok
1785473472.359,2.15,ok
1785473472.373,1.87,ok
1785473472.390,1.80,ok
1785473472.405,3.09,ok
1785473472.422,1.85,ok
1785473472.434,2.12,ok
1785473472.449,1.70,ok
1785473472.462,2.35,ok
1785473472.476,2.12,ok
1785473472.491,2.05,ok
1785473472.504,1.93,ok
1785473472.518,1.83,ok
1785473472.533,2.23,ok
1785473472.549,2.42,ok
1785473472.566,1.60,ok
1785473472.579,2.11,ok
1785473472.593,1.81,ok
1785473472.609,1.76,ok
1785473472.623,2.01,ok
1785473472.640,2.11,ok
1785473472.658,3.25,ok
1785473472.675,2.28,ok
1785473472.692,1.96,ok
1785473472.705,1.72,ok
1785473472.719,2.16,ok
1785473472.735,2.82,ok
1785473472.752,2.39,ok
1785473472.765,1.84,ok
1785473472.784,3.36,ok
1785473472.797,2.31,ok
1785473472.814,1.86,ok
1785473472.831,1.74,ok
1785473472.847,1.77,ok
1785473472.861,2.33,ok
1785473472.880,3.97,ok
1785473472.895,2.08,ok
1785473472.910,2.26,ok
1785473472.928,2.39,ok
1785473472.944,3.38,ok
1785473472.957,2.74,ok
1785473472.975,2.44,ok
1785473472.989,2.11,ok
1785473473.002,2.69,ok
1785473473.015,2.12,ok
1785473473.032,2.08,ok
1785473473.049,1.88,ok
1785473473.066,2.01,ok
1785473473.080,3.24,ok
1785473473.096,2.06,ok
1785473473.114,2.64,ok
1785473473.127,2.75,ok
1785473473.143,2.59,ok
1785473473.158,1.87,ok
1785473473.171,2.02,ok
1785473473.185,1.71,ok
1785473473.197,1.66,ok
1785473473.210,2.14,ok
1785473473.226,3.31,ok
1785473473.245,3.50,ok
1785473473.259,2.11,ok
1785473473.272,2.08,ok
1785473473.289,2.13,ok
1785473473.302,2.03,ok
1785473473.318,2.23,ok
1785473473.335,2.04,ok
1785473473.352,2.36,ok
1785473473.370,2.43,ok
1785473473.385,2.04,ok
1785473473.401,1.88,ok
1785473473.418,1.98,ok
1785473473.432,2.11,ok
1785473473.445,1.92,ok
1785473473.462,1.94,ok
1785473473.477,2.26,ok
1785473473.491,2.10,ok
1785473473.509,2.20,ok
1785473473.522,1.92,ok
1785473473.536,2.71,ok
1785473473.551,2.29,ok
1785473473.568,1.80,ok
1785473473.586,2.27,ok
1785473473.601,2.06,ok
1785473473.614,2.02,ok
1785473473.629,1.66,ok
1785473473.646,2.94,ok
1785473473.662,2.04,ok
1785473473.679,1.95,ok
1785473473.697,2.04,ok
1785473473.713,1.86,ok
1785473473.728,2.83,ok
1785473473.741,1.89,ok
1785473473.755,1.78,ok
1785473473.773,2.43,ok
1785473473.787,2.03,ok
1785473473.803,2.02,ok
1785473473.816,1.77,ok
1785473473.829,1.71,ok
1785473473.842,2.69,ok
1785473473.858,1.80,ok
1785473473.872,2.11,ok
1785473473.888,2.98,ok
1785473473.902,2.17,ok
1785473473.917,2.02,ok
1785473473.935,3.17,ok
1785473473.951,1.71,ok
1785473473.969,2.41,ok
1785473473.983,2.57,ok
1785473474.003,5.61,ok
1785473474.019,3.07,ok
1785473474.035,2.17,ok
1785473474.047,1.79,ok
1785473474.064,1.70,ok
1785473474.078,1.62,ok
1785473474.093,1.60,ok
1785473474.111,3.35,ok
1785473474.125,2.22,ok
1785473474.140,2.24,ok
1785473474.153,2.52,ok
1785473474.167,2.12,ok
1785473474.184,2.25,ok
1785473474.198,2.23,ok
1785473474.211,1.81,ok
1785473474.226,1.96,ok
1785473474.243,1.98,ok
1785473474.259,1.53,ok
1785473474.277,2.04,ok
1785473474.291,2.33,ok
1785473474.309,3.56,ok
1785473474.326,1.93,ok
1785473474.338,1.67,ok
1785473474.355,2.07,ok
1785473474.368,2.02,ok
1785473474.387,6.34,ok
1785473474.400,2.66,ok
1785473474.413,2.16,ok
1785473474.427,2.11,ok
1785473474.443,3.05,ok
1785473474.454,1.41,ok
1785473474.469,1.82,ok
1785473474.485,1.76,ok
1785473474.499,1.76,ok
1785473474.516,1.86,ok
1785473474.534,2.14,ok
1785473474.545,1.44,ok
1785473474.562,1.61,ok
1785473474.575,2.67,ok
1785473474.587,1.94,ok
1785473474.605,2.15,ok
1785473474.622,1.86,ok
1785473474.639,2.09,ok
1785473474.657,3.23,ok
1785473474.674,1.88,ok
1785473474.691,1.99,ok
1785473474.709,2.35,ok
1785473474.723,2.05,ok
1785473474.740,1.92,ok
1785473474.756,1.82,ok
1785473474.773,2.04,ok
1785473474.789,1.75,ok
1785473474.803,2.28,ok
1785473474.818,2.01,ok
1785473474.835,2.32,ok
1785473474.852,2.03,ok
1785473474.869,2.11,ok
1785473474.884,2.08,ok
1785473474.901,2.20,ok
1785473474.916,1.93,ok
1785473474.931,1.80,ok
1785473474.949,1.99,ok
1785473474.961,1.80,ok
1785473474.978,2.06,ok
1785473474.991,1.73,ok
1785473475.005,3.05,ok
1785473475.024,3.62,ok
1785473475.043,4.52,ok
1785473475.068,11.57,ok
1785473475.087,2.38,ok
1785473475.104,1.80,ok
1785473475.119,3.63,ok
1785473475.137,3.00,ok
1785473475.152,2.51,ok
1785473475.167,2.04,ok
1785473475.180,2.17,ok
1785473475.194,2.34,ok
1785473475.210,2.15,ok
1785473475.227,2.73,ok
1785473475.241,1.94,ok
1785473475.255,1.89,ok
1785473475.270,1.98,ok
1785473475.284,1.64,ok
1785473475.298,1.66,ok
1785473475.311,2.06,ok
1785473475.329,4.29,ok
1785473475.346,2.16,ok
1785473475.359,2.26,ok
1785473475.376,2.13,ok
1785473475.392,1.96,ok
1785473475.408,1.69,ok
1785473475.423,3.04,ok
1785473475.437,2.00,ok
1785473475.454,1.89,ok
1785473475.469,1.91,ok
1785473475.485,1.88,ok
1785473475.498,1.68,ok
1785473475.513,2.31,ok
1785473475.529,1.67,ok
1785473475.543,2.25,ok
1785473475.561,2.20,ok
1785473475.576,1.84,ok
1785473475.595,3.25,ok
1785473475.615,1.97,ok
1785473475.633,3.39,ok
1785473475.650,1.87,ok
1785473475.667,2.24,ok
1785473475.685,2.99,ok
1785473475.704,3.39,ok
1785473475.722,3.00,ok
1785473475.737,2.02,ok
1785473475.754,1.84,ok
1785473475.770,3.87,ok
1785473475.786,2.94,ok
1785473475.801,3.02,ok
1785473475.813,1.65,ok
1785473475.828,3.51,ok
1785473475.842,2.04,ok
1785473475.859,1.90,ok
1785473475.873,2.10,ok
1785473475.887,2.12,ok
1785473475.900,1.88,ok
1785473475.917,2.20,ok
1785473475.932,1.84,ok
1785473475.949,2.20,ok
1785473475.963,1.83,ok
1785473475.977,2.44,ok
1785473476.006,14.41,ok
1785473476.023,2.17,ok
1785473476.039,2.11,ok
1785473476.052,2.06,ok
1785473476.070,2.22,ok
1785473476.085,2.01,ok
1785473476.102,2.08,ok
1785473476.118,2.33,ok
1785473476.135,2.11,ok
1785473476.149,2.25,ok
1785473476.166,2.04,ok
1785473476.184,2.20,ok
1785473476.197,1.98,ok
1785473476.211,2.94,ok
1785473476.228,1.77,ok
1785473476.243,2.11,ok
1785473476.261,3.11,ok
1785473476.274,1.93,ok
1785473476.291,2.15,ok
1785473476.308,2.08,ok
1785473476.322,1.93,ok
1785473476.335,1.84,ok
1785473476.348,1.92,ok
1785473476.361,1.81,ok
1785473476.378,3.09,ok
1785473476.394,1.77,ok
1785473476.412,1.95,ok
1785473476.424,1.73,ok
1785473476.441,2.06,ok
1785473476.455,2.40,ok
1785473476.470,1.70,ok
1785473476.482,2.28,ok
1785473476.495,1.53,ok
1785473476.509,1.82,ok
1785473476.524,1.46,ok
1785473476.542,3.74,ok
1785473476.555,1.98,ok
1785473476.573,3.35,ok
1785473476.588,2.79,ok
1785473476.601,3.25,ok
1785473476.614,1.67,ok
1785473476.626,1.74,ok
1785473476.643,1.77,ok
1785473476.660,1.79,ok
1785473476.676,2.02,ok
1785473476.694,3.55,ok
1785473476.708,1.50,ok
1785473476.722,1.97,ok
1785473476.739,3.51,ok
1785473476.752,1.78,ok
1785473476.768,1.75,ok
1785473476.780,1.75,ok
1785473476.793,2.01,ok
1785473476.806,1.53,ok
1785473476.819,1.80,ok
1785473476.835,2.53,ok
1785473476.851,1.81,ok
1785473476.869,2.25,ok
1785473476.884,2.00,ok
1785473476.896,1.82,ok
1785473476.908,1.62,ok
1785473476.923,1.71,ok
1785473476.941,1.95,ok
1785473476.954,1.90,ok
1785473476.971,1.95,ok
1785473476.984,1.64,ok
1785473477.005,7.39,ok
1785473477.019,2.20,ok
1785473477.035,2.10,ok
1785473477.052,2.04,ok
1785473477.097,30.13,ok
1785473477.116,3.17,ok
1785473477.134,3.57,ok
1785473477.152,2.63,ok
1785473477.167,1.71,ok
1785473477.179,2.09,ok
1785473477.196,2.13,ok
1785473477.212,1.85,ok
1785473477.229,2.02,ok
1785473477.245,1.78,ok
1785473477.259,2.15,ok
1785473477.276,1.93,ok
1785473477.293,2.26,ok
1785473477.307,2.38,ok
1785473477.325,2.13,ok
1785473477.343,3.72,ok
1785473477.360,1.95,ok
1785473477.376,1.92,ok
1785473477.391,1.79,ok
1785473477.406,1.57,ok
1785473477.420,2.02,ok
1785473477.434,1.96,ok
1785473477.454,5.18,ok
1785473477.469,2.50,ok
1785473477.481,1.87,ok
1785473477.493,1.84,ok
1785473477.507,1.92,ok
1785473477.524,1.85,ok
1785473477.541,2.03,ok
1785473477.558,2.39,ok
1785473477.574,2.48,ok
1785473477.589,2.14,ok
1785473477.602,2.07,ok
1785473477.617,1.93,ok
1785473477.634,1.98,ok
1785473477.649,3.76,ok
1785473477.663,2.40,ok
1785473477.678,2.15,ok
1785473477.694,2.93,ok
1785473477.711,2.19,ok
1785473477.729,2.08,ok
1785473477.743,1.76,ok
1785473477.760,1.88,ok
1785473477.775,2.45,ok
1785473477.793,3.51,ok
1785473477.810,3.10,ok
1785473477.828,3.42,ok
1785473477.844,3.86,ok
1785473477.861,1.95,ok
1785473477.874,2.20,ok
1785473477.887,2.25,ok
1785473477.903,1.65,ok
1785473477.919,2.04,ok
1785473477.933,2.03,ok
1785473477.948,1.73,ok
1785473477.962,2.11,ok
1785473477.977,1.97,ok
1785473477.993,2.17,ok
1785473478.009,1.93,ok
1785473478.026,2.37,ok
1785473478.044,2.48,ok
1785473478.060,2.29,ok
1785473478.076,2.49,ok
1785473478.089,1.99,ok
1785473478.106,4.05,ok
1785473478.119,2.29,ok
1785473478.136,3.82,ok
1785473478.149,1.84,ok
1785473478.163,2.05,ok
1785473478.177,2.03,ok
1785473478.191,2.10,ok
1785473478.209,2.16,ok
1785473478.226,2.93,ok
1785473478.244,2.58,ok
1785473478.261,2.21,ok
1785473478.273,2.00,ok
1785473478.291,6.00,ok
1785473478.304,2.15,ok
1785473478.321,2.09,ok
1785473478.337,1.91,ok
1785473478.359,6.35,ok
1785473478.376,2.12,ok
1785473478.391,1.75,ok
1785473478.409,2.16,ok
1785473478.426,2.20,ok
1785473478.443,1.88,ok
1785473478.458,1.65,ok
1785473478.476,3.59,ok
1785473478.489,1.70,ok
1785473478.502,2.09,ok
1785473478.523,6.10,ok
1785473478.538,3.37,ok
1785473478.553,2.21,ok
1785473478.567,2.29,ok
1785473478.580,2.05,ok
1785473478.592,1.85,ok
1785473478.605,2.30,ok
1785473478.620,1.68,ok
1785473478.634,1.91,ok
1785473478.646,1.73,ok
1785473478.662,1.95,ok
1785473478.677,2.30,ok
1785473478.692,2.18,ok
1785473478.709,2.11,ok
1785473478.723,2.13,ok
1785473478.740,1.92,ok
1785473478.757,2.04,ok
1785473478.770,2.04,ok
1785473478.785,2.33,ok
1785473478.803,2.26,ok
1785473478.818,2.15,ok
1785473478.835,2.40,ok
1785473478.851,2.64,ok
1785473478.868,2.53,ok
1785473478.887,3.84,ok
1785473478.904,2.20,ok
1785473478.921,2.27,ok
1785473478.939,2.20,ok
1785473478.956,1.96,ok
1785473478.970,2.01,ok
1785473478.986,2.37,ok
1785473479.009,8.95,ok
1785473479.025,1.89,ok
1785473479.040,1.65,ok
1785473479.053,1.92,ok
1785473479.070,2.09,ok
1785473479.087,1.90,ok
1785473479.104,1.85,ok
1785473479.120,3.16,ok
1785473479.134,1.88,ok
1785473479.150,2.17,ok
1785473479.167,2.32,ok
1785473479.181,2.72,ok
1785473479.193,1.99,ok
1785473479.206,2.36,ok
1785473479.223,1.90,ok
1785473479.237,2.32,ok
1785473479.250,1.75,ok
1785473479.264,1.60,ok
1785473479.276,2.02,ok
1785473479.291,1.93,ok
1785473479.307,1.59,ok
1785473479.320,1.67,ok
1785473479.335,1.79,ok
1785473479.347,1.85,ok
1785473479.365,2.11,ok
1785473479.378,1.93,ok
1785473479.395,1.97,ok
1785473479.410,1.73,ok
1785473479.425,1.91,ok
1785473479.441,2.01,ok
1785473479.454,1.95,ok
1785473479.467,1.95,ok
1785473479.484,2.07,ok
1785473479.502,2.27,ok
1785473479.515,2.12,ok
1785473479.533,2.98,ok
1785473479.546,1.97,ok
1785473479.559,2.20,ok
1785473479.574,2.27,ok
1785473479.587,2.07,ok
1785473479.604,1.89,ok
1785473479.621,3.59,ok
1785473479.635,2.38,ok
1785473479.652,2.11,ok
1785473479.670,2.17,ok
1785473479.687,2.38,ok
1785473479.703,2.35,ok
1785473479.721,2.59,ok
1785473479.738,2.13,ok
1785473479.750,2.21,ok
1785473479.763,1.85,ok
1785473479.780,3.87,ok
1785473479.798,3.29,ok
1785473479.811,2.39,ok
1785473479.825,2.04,ok
1785473479.843,2.96,ok
1785473479.860,2.24,ok
1785473479.877,2.00,ok
1785473479.890,3.22,ok
1785473479.908,2.12,ok
1785473479.922,2.04,ok
1785473479.935,2.04,ok
1785473479.952,2.14,ok
1785473479.965,2.31,ok
1785473479.978,1.51,ok
1785473479.991,2.90,ok
1785473480.008,7.35,ok
1785473480.025,2.33,ok
1785473480.042,2.17,ok
1785473480.057,2.12,ok
1785473480.073,1.74,ok
1785473480.091,3.45,ok
1785473480.107,2.12,ok
1785473480.124,2.24,ok
1785473480.137,1.86,ok
1785473480.151,2.09,ok
1785473480.166,2.60,ok
1785473480.183,1.72,ok
1785473480.195,1.73,ok
1785473480.214,3.42,ok
1785473480.226,1.79,ok
1785473480.243,2.14,ok
1785473480.260,2.03,ok
1785473480.275,2.04,ok
1785473480.291,1.84,ok
1785473480.309,2.04,ok
1785473480.321,1.82,ok
1785473480.334,2.01,ok
1785473480.350,2.09,ok
1785473480.367,6.60,ok
1785473480.383,3.36,ok
1785473480.400,1.98,ok
1785473480.415,1.73,ok
1785473480.431,2.18,ok
1785473480.444,1.97,ok
1785473480.457,1.86,ok
1785473480.475,3.31,ok
1785473480.492,1.61,ok
1785473480.509,2.27,ok
1785473480.523,1.84,ok
1785473480.538,2.52,ok
1785473480.553,1.87,ok
1785473480.568,2.23,ok
1785473480.585,1.81,ok
1785473480.598,1.50,ok
1785473480.614,3.25,ok
1785473480.630,2.07,ok
1785473480.648,3.29,ok
1785473480.668,4.70,ok
1785473480.685,2.11,ok
1785473480.699,2.35,ok
1785473480.713,1.80,ok
1785473480.729,5.00,ok
1785473480.746,1.84,ok
1785473480.759,1.77,ok
1785473480.773,1.91,ok
1785473480.788,1.73,ok
1785473480.801,1.98,ok
1785473480.815,2.53,ok
1785473480.829,1.83,ok
1785473480.846,1.89,ok
1785473480.860,1.71,ok
1785473480.876,1.81,ok
1785473480.889,1.82,ok
1785473480.903,1.87,ok
1785473480.920,1.70,ok
1785473480.935,1.97,ok
1785473480.951,1.74,ok
1785473480.968,1.78,ok
1785473480.985,1.84,ok
1785473481.011,11.76,ok
1785473481.024,1.98,ok
1785473481.040,1.91,ok
1785473481.055,2.05,ok
1785473481.071,2.38,ok
1785473481.084,1.46,ok
1785473481.101,1.93,ok
1785473481.114,1.91,ok
1785473481.129,1.80,ok
1785473481.143,1.73,ok
1785473481.160,2.16,ok
1785473481.177,1.69,ok
1785473481.194,1.56,ok
1785473481.208,1.77,ok
1785473481.220,1.88,ok
1785473481.238,2.33,ok
1785473481.251,1.85,ok
1785473481.268,2.08,ok
1785473481.283,2.47,ok
1785473481.300,2.40,ok
1785473481.318,2.38,ok
1785473481.335,2.16,ok
1785473481.353,3.29,ok
1785473481.366,1.92,ok
1785473481.379,1.75,ok
1785473481.392,2.02,ok
1785473481.404,1.72,ok
1785473481.419,2.46,ok
1785473481.432,1.95,ok
1785473481.447,1.75,ok
1785473481.460,1.77,ok
1785473481.473,1.74,ok
1785473481.488,1.64,ok
1785473481.505,1.52,ok
1785473481.521,1.53,ok
1785473481.534,2.24,ok
1785473481.551,2.14,ok
1785473481.564,2.00,ok
1785473481.581,1.66,ok
1785473481.596,3.22,ok
1785473481.611,1.77,ok
1785473481.628,1.91,ok
1785473481.643,1.89,ok
1785473481.660,1.75,ok
1785473481.677,1.99,ok
1785473481.695,2.84,ok
1785473481.711,1.85,ok
1785473481.728,2.03,ok
1785473481.746,3.07,ok
1785473481.759,1.90,ok
1785473481.771,1.49,ok
1785473481.787,1.88,ok
1785473481.802,2.32,ok
1785473481.819,2.62,ok
1785473481.834,2.50,ok
1785473481.852,2.89,ok
1785473481.868,2.17,ok
1785473481.884,2.23,ok
1785473481.902,2.58,ok
1785473481.918,2.33,ok
1785473481.931,1.93,ok
1785473481.944,2.77,ok
1785473481.961,2.49,ok
1785473481.976,2.40,ok
1785473481.994,2.25,ok
1785473482.012,5.18,ok
1785473482.029,2.00,ok
1785473482.044,3.18,ok
1785473482.062,2.03,ok
1785473482.074,2.17,ok
1785473482.091,2.06,ok
1785473482.110,3.59,ok
1785473482.129,4.20,ok
1785473482.146,2.27,ok
1785473482.159,2.40,ok
1785473482.173,1.90,ok
1785473482.186,1.88,ok
1785473482.200,1.90,ok
1785473482.216,2.22,ok
1785473482.233,2.24,ok
1785473482.246,2.04,ok
1785473482.259,2.13,ok
1785473482.276,1.80,ok
1785473482.292,1.76,ok
1785473482.309,1.89,ok
1785473482.324,1.73,ok
1785473482.337,2.08,ok
1785473482.350,2.04,ok
1785473482.363,1.99,ok
1785473482.381,2.07,ok
1785473482.393,1.71,ok
1785473482.410,1.84,ok
1785473482.427,1.96,ok
1785473482.442,2.03,ok
1785473482.459,1.80,ok
1785473482.476,1.74,ok
1785473482.487,1.39,ok
1785473482.504,2.99,ok
1785473482.522,2.71,ok
1785473482.536,2.30,ok
1785473482.552,1.68,ok
1785473482.568,1.77,ok
1785473482.582,2.15,ok
1785473482.596,1.84,ok
1785473482.613,1.84,ok
1785473482.630,1.88,ok
1785473482.643,2.00,ok
1785473482.657,1.94,ok
1785473482.674,1.70,ok
1785473482.692,3.22,ok
1785473482.709,1.93,ok
1785473482.726,1.83,ok
1785473482.739,1.75,ok
1785473482.756,1.87,ok
1785473482.770,2.52,ok
1785473482.786,1.71,ok
1785473482.801,2.06,ok
1785473482.818,1.84,ok
1785473482.830,1.79,ok
1785473482.843,1.80,ok
1785473482.860,1.88,ok
1785473482.879,3.67,ok
1785473482.893,1.68,ok
1785473482.907,2.26,ok
1785473482.923,1.84,ok
1785473482.938,1.92,ok
1785473482.951,1.88,ok
1785473482.966,1.67,ok
1785473482.979,1.57,ok
1785473482.993,1.90,ok
1785473483.015,8.86,ok
1785473483.032,1.91,ok
1785473483.045,1.36,ok
1785473483.060,1.71,ok
1785473483.077,1.87,ok
1785473483.094,2.16,ok
1785473483.106,1.44,ok
1785473483.118,1.61,ok
1785473483.132,1.50,ok
1785473483.150,2.51,ok
1785473483.164,1.64,ok
1785473483.178,2.19,ok
1785473483.193,2.09,ok
1785473483.209,2.36,ok
1785473483.225,2.00,ok
1785473483.242,2.23,ok
1785473483.259,2.31,ok
1785473483.275,2.47,ok
1785473483.288,1.84,ok
1785473483.303,3.05,ok
1785473483.319,2.62,ok
1785473483.334,2.19,ok
1785473483.346,1.66,ok
1785473483.362,1.91,ok
1785473483.379,2.36,ok
1785473483.396,1.60,ok
1785473483.411,1.84,ok
1785473483.429,2.09,ok
1785473483.444,3.65,ok
1785473483.463,3.34,ok
1785473483.477,2.00,ok
1785473483.494,1.97,ok
1785473483.510,2.19,ok
1785473483.526,2.36,ok
1785473483.543,1.86,ok
1785473483.556,1.94,ok
1785473483.573,2.22,ok
1785473483.589,2.13,ok
1785473483.609,4.09,ok
1785473483.626,2.23,ok
1785473483.639,2.25,ok
1785473483.655,1.75,ok
1785473483.672,3.31,ok
1785473483.688,2.07,ok
1785473483.702,1.96,ok
1785473483.715,1.68,ok
1785473483.732,2.03,ok
1785473483.746,2.03,ok
1785473483.759,1.92,ok
1785473483.775,2.21,ok
1785473483.787,1.55,ok
1785473483.800,1.72,ok
1785473483.817,1.77,ok
1785473483.832,1.52,ok
1785473483.849,2.00,ok
1785473483.866,1.76,ok
1785473483.883,2.46,ok
1785473483.897,1.98,ok
1785473483.910,2.03,ok
1785473483.926,2.44,ok
1785473483.944,2.74,ok
1785473483.960,2.07,ok
1785473483.977,1.99,ok
1785473483.994,2.42,ok
1785473484.018,11.42,ok
1785473484.035,2.05,ok
1785473484.048,1.91,ok
1785473484.063,2.03,ok
1785473484.077,1.93,ok
1785473484.093,1.95,ok
1785473484.108,1.80,ok
1785473484.125,1.84,ok
1785473484.141,1.58,ok
1785473484.157,1.91,ok
1785473484.169,1.74,ok
1785473484.186,1.85,ok
1785473484.203,1.75,ok
1785473484.220,2.22,ok
1785473484.233,1.72,ok
1785473484.249,1.69,ok
1785473484.267,2.14,ok
1785473484.284,1.96,ok
1785473484.301,2.14,ok
1785473484.319,2.80,ok
1785473484.336,2.35,ok
1785473484.352,2.02,ok
1785473484.365,1.84,ok
1785473484.377,1.93,ok
1785473484.394,1.71,ok
1785473484.406,1.94,ok
1785473484.421,1.95,ok
1785473484.435,1.49,ok
1785473484.450,1.68,ok
1785473484.468,3.72,ok
1785473484.485,2.28,ok
1785473484.502,2.04,ok
1785473484.518,2.09,ok
1785473484.531,2.00,ok
1785473484.546,1.91,ok
1785473484.563,1.95,ok
1785473484.580,1.95,ok
1785473484.596,1.61,ok
1785473484.609,2.36,ok
1785473484.622,1.96,ok
1785473484.639,2.01,ok
1785473484.651,1.59,ok
1785473484.665,3.08,ok
1785473484.680,2.43,ok
1785473484.693,2.04,ok
1785473484.708,3.32,ok
1785473484.721,2.05,ok
1785473484.734,1.80,ok
1785473484.751,1.87,ok
1785473484.768,1.71,ok
1785473484.782,1.63,ok
1785473484.795,1.72,ok
1785473484.811,3.33,ok
1785473484.828,1.89,ok
1785473484.842,2.27,ok
1785473484.856,2.00,ok
1785473484.870,1.89,ok
1785473484.884,1.85,ok
1785473484.898,1.67,ok
1785473484.915,1.58,ok
1785473484.931,1.79,ok
1785473484.949,6.79,ok
1785473484.967,2.68,ok
1785473484.986,4.26,ok
1785473485.002,2.16,ok
1785473485.019,2.07,ok
1785473485.036,3.95,ok
1785473485.053,1.98,ok
1785473485.066,1.78,ok
1785473485.080,1.87,ok
1785473485.094,3.38,ok
1785473485.110,2.07,ok
1785473485.123,1.89,ok
1785473485.136,2.96,ok
1785473485.152,2.24,ok
1785473485.170,2.44,ok
1785473485.184,1.93,ok
1785473485.201,2.27,ok
1785473485.216,2.12,ok
1785473485.230,1.82,ok
1785473485.246,2.04,ok
1785473485.264,2.05,ok
1785473485.280,1.93,ok
1785473485.293,1.75,ok
1785473485.310,1.64,ok
1785473485.326,1.77,ok
1785473485.343,1.91,ok
1785473485.360,1.93,ok
1785473485.376,1.97,ok
1785473485.389,2.02,ok
1785473485.404,1.86,ok
1785473485.420,1.69,ok
1785473485.437,1.94,ok
1785473485.451,1.90,ok
1785473485.468,3.39,ok
1785473485.485,2.19,ok
1785473485.499,2.01,ok
1785473485.512,2.26,ok
1785473485.530,2.17,ok
1785473485.545,1.52,ok
1785473485.561,2.85,ok
1785473485.574,2.10,ok
1785473485.591,1.88,ok
1785473485.605,2.12,ok
1785473485.617,2.10,ok
1785473485.630,1.85,ok
1785473485.647,1.82,ok
1785473485.664,1.87,ok
1785473485.679,1.76,ok
1785473485.693,1.84,ok
1785473485.710,1.84,ok
1785473485.726,1.87,ok
1785473485.739,1.62,ok
1785473485.756,1.96,ok
1785473485.773,2.10,ok
1785473485.790,1.63,ok
1785473485.805,1.79,ok
1785473485.820,3.00,ok
1785473485.839,3.72,ok
1785473485.852,3.21,ok
1785473485.871,3.60,ok
1785473485.885,1.75,ok
1785473485.902,3.23,ok
1785473485.916,1.79,ok
1785473485.934,2.27,ok
1785473485.946,1.93,ok
1785473485.963,1.64,ok
1785473485.975,2.04,ok
1785473485.990,1.83,ok
1785473486.002,1.84,ok
1785473486.023,6.15,ok
1785473486.041,2.03,ok
1785473486.058,2.03,ok
1785473486.075,2.25,ok
1785473486.092,1.75,ok
1785473486.109,2.11,ok
1785473486.126,1.79,ok
1785473486.143,1.91,ok
1785473486.160,1.90,ok
1785473486.176,2.19,ok
1785473486.193,2.46,ok
1785473486.210,2.50,ok
1785473486.223,1.91,ok
1785473486.238,3.88,ok
1785473486.252,1.89,ok
1785473486.268,2.02,ok
1785473486.282,1.62,ok
1785473486.295,1.55,ok
1785473486.309,2.17,ok
1785473486.324,1.71,ok
1785473486.340,2.11,ok
1785473486.355,1.81,ok
1785473486.368,1.83,ok
1785473486.385,1.98,ok
1785473486.402,1.94,ok
1785473486.414,1.79,ok
1785473486.428,1.81,ok
1785473486.444,2.17,ok
1785473486.459,2.47,ok
1785473486.476,3.81,ok
1785473486.489,1.75,ok
1785473486.502,1.97,ok
1785473486.517,1.84,ok
1785473486.530,1.93,ok
1785473486.544,2.28,ok
1785473486.556,1.91,ok
1785473486.575,3.55,ok
1785473486.587,2.15,ok
1785473486.605,2.50,ok
1785473486.622,1.95,ok
1785473486.636,2.84,ok
1785473486.653,3.08,ok
1785473486.670,2.01,ok
1785473486.690,4.72,ok
1785473486.703,2.19,ok
1785473486.720,2.44,ok
1785473486.735,1.67,ok
1785473486.752,2.17,ok
1785473486.769,1.93,ok
1785473486.786,1.82,ok
1785473486.804,2.16,ok
1785473486.822,3.43,ok
1785473486.838,1.70,ok
1785473486.853,1.65,ok
1785473486.868,1.93,ok
1785473486.885,1.62,ok
1785473486.902,2.23,ok
1785473486.914,1.91,ok
1785473486.929,1.69,ok
1785473486.946,1.58,ok
1785473486.960,2.10,ok
1785473486.977,2.27,ok
1785473486.993,1.84,ok
1785473487.008,1.95,ok
1785473487.025,5.17,ok
1785473487.042,3.38,ok
1785473487.059,2.03,ok
1785473487.074,1.85,ok
1785473487.089,1.87,ok
1785473487.106,1.84,ok
1785473487.123,2.31,ok
1785473487.138,1.77,ok
1785473487.151,2.00,ok
1785473487.167,2.13,ok
1785473487.184,1.96,ok
1785473487.201,1.98,ok
1785473487.218,1.93,ok
1785473487.235,1.51,ok
1785473487.251,1.93,ok
1785473487.269,2.26,ok
1785473487.285,2.15,ok
1785473487.302,2.41,ok
1785473487.318,2.01,ok
1785473487.335,2.03,ok
1785473487.351,3.11,ok
1785473487.369,2.50,ok
1785473487.385,2.05,ok
1785473487.402,1.93,ok
1785473487.418,1.98,ok
1785473487.437,4.34,ok
1785473487.452,2.20,ok
1785473487.467,3.12,ok
1785473487.486,4.46,ok
1785473487.500,1.93,ok
1785473487.514,2.92,ok
1785473487.530,1.96,ok
1785473487.543,1.95,ok
1785473487.560,1.81,ok
1785473487.575,2.02,ok
1785473487.588,1.41,ok
1785473487.605,2.23,ok
1785473487.620,1.85,ok
1785473487.635,1.78,ok
1785473487.648,1.75,ok
1785473487.665,1.87,ok
1785473487.682,1.70,ok
1785473487.696,2.16,ok
1785473487.713,1.97,ok
1785473487.730,1.94,ok
1785473487.746,1.71,ok
1785473487.763,1.77,ok
1785473487.780,1.65,ok
1785473487.793,2.07,ok
1785473487.810,2.01,ok
1785473487.827,1.99,ok
1785473487.844,1.99,ok
1785473487.860,1.65,ok
1785473487.875,1.72,ok
1785473487.887,1.63,ok
1785473487.903,1.63,ok
1785473487.920,2.06,ok
1785473487.934,3.05,ok
1785473487.951,3.13,ok
1785473487.968,1.79,ok
1785473487.985,2.12,ok
1785473488.002,1.99,ok
1785473488.026,9.80,ok
1785473488.045,3.19,ok
1785473488.058,2.28,ok
1785473488.070,1.76,ok
1785473488.082,1.56,ok
1785473488.095,2.11,ok
1785473488.110,2.06,ok
1785473488.125,1.75,ok
1785473488.138,1.66,ok
1785473488.150,1.70,ok
1785473488.167,1.68,ok
1785473488.183,3.05,ok
1785473488.199,3.36,ok
1785473488.215,1.67,ok
1785473488.232,1.75,ok
1785473488.250,3.83,ok
1785473488.270,4.94,ok
1785473488.287,1.96,ok
1785473488.299,2.50,ok
1785473488.314,2.05,ok
1785473488.329,1.69,ok
1785473488.342,1.85,ok
1785473488.359,3.06,ok
1785473488.376,2.27,ok
1785473488.394,2.16,ok
1785473488.410,2.17,ok
1785473488.427,1.93,ok
1785473488.445,3.32,ok
1785473488.458,2.99,ok
1785473488.475,2.03,ok
1785473488.492,1.98,ok
1785473488.505,1.78,ok
1785473488.518,1.79,ok
1785473488.532,1.74,ok
1785473488.546,1.70,ok
1785473488.560,1.91,ok
1785473488.575,1.81,ok
1785473488.589,2.32,ok
1785473488.602,1.93,ok
1785473488.615,1.56,ok
1785473488.633,2.83,ok
1785473488.650,2.12,ok
1785473488.666,1.65,ok
1785473488.679,1.82,ok
1785473488.696,1.89,ok
1785473488.713,1.80,ok
1785473488.729,2.22,ok
1785473488.746,2.21,ok
1785473488.758,1.88,ok
1785473488.776,2.02,ok
1785473488.793,2.03,ok
1785473488.808,2.07,ok
1785473488.825,2.01,ok
1785473488.840,1.89,ok
1785473488.858,3.34,ok
1785473488.876,2.37,ok
1785473488.890,2.02,ok
1785473488.902,1.70,ok
1785473488.919,2.92,ok
1785473488.936,2.03,ok
1785473488.954,2.39,ok
1785473488.972,3.14,ok
1785473488.987,2.09,ok
1785473489.005,2.93,ok
1785473489.028,8.16,ok
1785473489.043,1.83,ok
1785473489.059,1.93,ok
1785473489.072,1.77,ok
1785473489.088,1.69,ok
1785473489.105,2.20,ok
1785473489.122,2.13,ok
1785473489.137,1.92,ok
1785473489.153,2.06,ok
1785473489.171,2.94,ok
1785473489.186,3.13,ok
1785473489.204,2.86,ok
1785473489.221,1.92,ok
1785473489.235,2.32,ok
1785473489.252,2.08,ok
1785473489.265,1.85,ok
1785473489.278,1.48,ok
1785473489.294,1.86,ok
1785473489.310,1.81,ok
1785473489.324,1.78,ok
1785473489.338,1.67,ok
1785473489.352,2.25,ok
1785473489.365,1.58,ok
1785473489.381,1.95,ok
1785473489.394,1.86,ok
1785473489.410,1.70,ok
1785473489.427,2.30,ok
1785473489.439,1.92,ok
1785473489.457,2.16,ok
1785473489.471,1.87,ok
1785473489.486,3.04,ok
1785473489.503,1.95,ok
1785473489.517,2.39,ok
1785473489.534,1.85,ok
1785473489.550,1.86,ok
1785473489.568,2.25,ok
1785473489.586,3.33,ok
1785473489.603,2.15,ok
1785473489.618,1.84,ok
1785473489.635,1.90,ok
1785473489.647,1.94,ok
1785473489.663,1.83,ok
1785473489.678,1.87,ok
1785473489.695,1.92,ok
1785473489.711,3.52,ok
1785473489.729,5.51,ok
1785473489.746,1.74,ok
1785473489.763,1.90,ok
1785473489.777,2.04,ok
1785473489.789,1.84,ok
1785473489.806,2.04,ok
1785473489.819,1.68,ok
1785473489.836,3.02,ok
1785473489.852,2.43,ok
1785473489.866,1.98,ok
1785473489.878,2.31,ok
1785473489.895,1.75,ok
1785473489.908,1.81,ok
1785473489.925,1.88,ok
1785473489.937,1.74,ok
1785473489.951,1.93,ok
1785473489.968,2.25,ok
1785473489.984,3.64,ok
1785473490.000,2.11,ok
1785473490.028,13.02,ok
1785473490.046,2.08,ok
1785473490.060,2.04,ok
1785473490.077,2.07,ok
1785473490.094,2.52,ok
1785473490.108,3.05,ok
1785473490.126,3.03,ok
1785473490.143,2.15,ok
1785473490.161,2.28,ok
1785473490.177,2.14,ok
1785473490.192,1.99,ok
1785473490.206,2.62,ok
1785473490.219,2.80,ok
1785473490.233,3.15,ok
1785473490.247,2.14,ok
1785473490.261,2.12,ok
1785473490.277,1.91,ok
1785473490.291,1.97,ok
1785473490.304,2.38,ok
1785473490.321,2.32,ok
1785473490.337,1.98,ok
1785473490.352,1.87,ok
1785473490.369,2.26,ok
1785473490.383,1.72,ok
1785473490.398,2.04,ok
1785473490.410,1.55,ok
1785473490.427,1.93,ok
1785473490.443,2.51,ok
1785473490.461,3.20,ok
1785473490.477,2.91,ok
1785473490.495,2.37,ok
1785473490.511,1.89,ok
1785473490.526,2.00,ok
1785473490.541,2.93,ok
1785473490.559,2.45,ok
1785473490.576,1.98,ok
1785473490.593,2.07,ok
1785473490.609,1.97,ok
1785473490.622,1.77,ok
1785473490.635,1.99,ok
1785473490.651,2.04,ok
1785473490.669,2.91,ok
1785473490.681,1.98,ok
1785473490.698,1.72,ok
1785473490.713,3.91,ok
1785473490.726,2.26,ok
1785473490.741,2.16,ok
1785473490.757,2.50,ok
1785473490.770,2.11,ok
1785473490.787,1.97,ok
1785473490.805,3.18,ok
1785473490.820,1.80,ok
1785473490.833,1.88,ok
1785473490.846,1.97,ok
1785473490.860,2.01,ok
1785473490.877,1.99,ok
1785473490.894,2.09,ok
1785473490.913,4.51,ok
1785473490.931,2.17,ok
1785473490.943,1.76,ok
1785473490.956,1.86,ok
1785473490.969,2.18,ok
1785473490.985,1.91,ok
1785473490.998,2.10,ok
1785473491.015,1.95,ok
1785473491.032,4.25,ok
1785473491.048,1.83,ok
1785473491.063,1.84,ok
1785473491.076,1.97,ok
1785473491.092,2.04,ok
1785473491.109,1.64,ok
1785473491.123,1.84,ok
1785473491.137,2.08,ok
1785473491.154,1.81,ok
1785473491.171,1.96,ok
1785473491.188,2.08,ok
1785473491.201,2.09,ok
1785473491.220,4.10,ok
1785473491.235,1.77,ok
1785473491.247,2.00,ok
1785473491.260,1.98,ok
1785473491.278,2.22,ok
1785473491.293,2.58,ok
1785473491.306,1.79,ok
1785473491.321,3.23,ok
1785473491.341,4.01,ok
1785473491.358,2.02,ok
1785473491.371,1.79,ok
1785473491.388,3.31,ok
1785473491.406,2.97,ok
1785473491.420,1.97,ok
1785473491.435,2.15,ok
1785473491.448,1.75,ok
1785473491.464,1.80,ok
1785473491.482,3.63,ok
1785473491.496,1.63,ok
1785473491.512,2.98,ok
1785473491.524,1.95,ok
1785473491.539,2.47,ok
1785473491.554,2.22,ok
1785473491.571,2.22,ok
1785473491.587,2.32,ok
1785473491.603,2.51,ok
1785473491.616,1.84,ok
1785473491.633,1.95,ok
1785473491.650,1.91,ok
1785473491.664,1.85,ok
1785473491.677,2.02,ok
1785473491.694,1.95,ok
1785473491.708,1.74,ok
1785473491.720,1.86,ok
1785473491.737,1.68,ok
1785473491.752,2.82,ok
1785473491.768,2.09,ok
1785473491.785,1.93,ok
1785473491.797,1.92,ok
1785473491.810,1.96,ok
1785473491.827,2.09,ok
1785473491.841,2.35,ok
1785473491.858,2.06,ok
1785473491.874,1.96,ok
1785473491.887,2.02,ok
1785473491.903,3.14,ok
1785473491.918,1.91,ok
1785473491.933,1.98,ok
1785473491.951,3.72,ok
1785473491.969,2.25,ok
1785473491.983,2.28,ok
1785473491.996,1.75,ok
1785473492.013,2.09,ok
1785473492.037,12.23,ok
1785473492.053,2.27,ok
1785473492.070,1.82,ok
1785473492.083,1.82,ok
1785473492.100,2.24,ok
1785473492.117,2.22,ok
1785473492.135,3.79,ok
1785473492.152,1.95,ok
1785473492.166,2.38,ok
1785473492.181,1.89,ok
1785473492.198,2.97,ok
1785473492.211,1.77,ok
1785473492.227,2.22,ok
1785473492.244,2.62,ok
1785473492.261,1.85,ok
1785473492.277,1.81,ok
1785473492.293,2.35,ok
1785473492.310,1.92,ok
1785473492.328,3.61,ok
1785473492.340,1.70,ok
1785473492.357,2.66,ok
1785473492.371,1.78,ok
1785473492.383,1.93,ok
1785473492.395,1.75,ok
1785473492.408,1.91,ok
1785473492.421,2.01,ok
1785473492.436,1.85,ok
1785473492.450,2.89,ok
1785473492.462,1.94,ok
1785473492.475,1.92,ok
1785473492.488,1.80,ok
1785473492.501,1.71,ok
1785473492.517,1.70,ok
1785473492.534,2.20,ok
1785473492.552,2.27,ok
1785473492.565,2.14,ok
1785473492.582,2.01,ok
1785473492.596,1.91,ok
1785473492.610,2.03,ok
1785473492.626,2.15,ok
1785473492.641,2.22,ok
1785473492.656,1.78,ok
1785473492.674,2.22,ok
1785473492.687,2.27,ok
1785473492.703,2.35,ok
1785473492.719,2.08,ok
1785473492.736,2.19,ok
1785473492.753,2.18,ok
1785473492.769,2.12,ok
1785473492.784,2.01,ok
1785473492.801,2.24,ok
1785473492.816,2.68,ok
1785473492.829,1.92,ok
1785473492.842,2.07,ok
1785473492.859,2.21,ok
1785473492.875,2.07,ok
1785473492.888,1.97,ok
1785473492.901,1.94,ok
1785473492.918,2.08,ok
1785473492.931,1.64,ok
1785473492.948,2.38,ok
1785473492.965,1.86,ok
1785473492.982,1.88,ok
1785473493.000,2.31,ok
1785473493.018,3.75,ok
1785473493.031,2.04,ok
1785473493.051,3.97,ok
1785473493.064,1.79,ok
1785473493.081,2.08,ok
1785473493.099,1.89,ok
1785473493.112,1.94,ok
1785473493.129,1.97,ok
1785473493.143,2.51,ok
1785473493.157,2.75,ok
1785473493.173,5.34,ok
1785473493.185,1.88,ok
1785473493.200,2.53,ok
1785473493.213,2.16,ok
1785473493.230,3.54,ok
1785473493.244,2.03,ok
1785473493.259,2.23,ok
1785473493.271,2.25,ok
1785473493.289,2.22,ok
1785473493.306,2.40,ok
1785473493.319,2.53,ok
1785473493.336,2.03,ok
1785473493.353,2.05,ok
1785473493.373,2.19,ok
1785473493.390,2.51,ok
1785473493.406,3.58,ok
1785473493.419,2.36,ok
1785473493.435,1.98,ok
1785473493.451,2.48,ok
1785473493.466,1.84,ok
1785473493.482,1.77,ok
1785473493.498,1.95,ok
1785473493.517,3.80,ok
1785473493.534,2.11,ok
1785473493.551,2.21,ok
1785473493.564,1.85,ok
1785473493.577,1.92,ok
1785473493.590,2.07,ok
1785473493.603,2.61,ok
1785473493.616,1.83,ok
1785473493.634,2.28,ok
1785473493.648,2.94,ok
1785473493.662,3.30,ok
1785473493.679,2.18,ok
1785473493.695,1.73,ok
1785473493.708,2.19,ok
1785473493.726,2.05,ok
1785473493.742,1.73,ok
1785473493.759,1.77,ok
1785473493.771,1.75,ok
1785473493.785,1.91,ok
1785473493.798,1.72,ok
1785473493.811,1.82,ok
1785473493.826,1.97,ok
1785473493.841,3.15,ok
1785473493.855,1.83,ok
1785473493.870,1.84,ok
1785473493.885,1.73,ok
1785473493.901,1.98,ok
1785473493.914,2.04,ok
1785473493.928,1.95,ok
1785473493.942,1.83,ok
1785473493.956,1.96,ok
1785473493.969,2.34,ok
1785473493.985,2.54,ok
1785473494.003,2.77,ok
1785473494.015,2.01,ok
1785473494.033,3.50,ok
1785473494.047,2.00,ok
1785473494.063,2.02,ok
1785473494.079,1.67,ok
1785473494.095,2.30,ok
1785473494.114,3.56,ok
1785473494.128,2.32,ok
1785473494.140,1.60,ok
1785473494.158,2.06,ok
1785473494.171,2.16,ok
1785473494.187,1.67,ok
1785473494.201,1.63,ok
1785473494.218,1.90,ok
1785473494.235,2.16,ok
1785473494.248,1.83,ok
1785473494.265,1.68,ok
1785473494.278,1.82,ok
1785473494.294,1.80,ok
1785473494.308,1.80,ok
1785473494.321,1.90,ok
1785473494.335,2.08,ok
1785473494.350,1.94,ok
1785473494.366,1.83,ok
1785473494.380,2.05,ok
1785473494.398,2.09,ok
1785473494.415,2.29,ok
1785473494.430,3.39,ok
1785473494.445,2.04,ok
1785473494.459,1.83,ok
1785473494.475,2.13,ok
1785473494.487,1.69,ok
1785473494.500,1.82,ok
1785473494.514,1.79,ok
1785473494.526,1.81,ok
1785473494.541,2.83,ok
1785473494.558,1.97,ok
1785473494.575,2.07,ok
1785473494.591,1.93,ok
1785473494.607,2.13,ok
1785473494.625,3.27,ok
1785473494.638,1.59,ok
1785473494.655,1.83,ok
1785473494.672,1.89,ok
1785473494.686,1.84,ok
1785473494.703,1.83,ok
1785473494.720,1.92,ok
1785473494.738,2.77,ok
1785473494.755,3.26,ok
1785473494.769,2.02,ok
1785473494.785,2.33,ok
1785473494.799,3.05,ok
1785473494.813,1.90,ok
1785473494.827,2.30,ok
1785473494.845,3.23,ok
1785473494.858,1.81,ok
1785473494.875,2.15,ok
1785473494.889,2.30,ok
1785473494.902,2.67,ok
1785473494.919,1.92,ok
1785473494.933,1.76,ok
1785473494.949,3.12,ok
1785473494.967,3.38,ok
1785473494.980,1.82,ok
1785473494.992,1.91,ok
1785473495.007,2.92,ok
1785473495.034,12.11,ok
1785473495.054,4.63,ok
1785473495.070,1.97,ok
1785473495.087,2.19,ok
1785473495.101,1.98,ok
1785473495.115,2.12,ok
1785473495.133,2.12,ok
1785473495.150,2.05,ok
1785473495.167,2.36,ok
1785473495.185,2.28,ok
1785473495.202,2.24,ok
1785473495.219,2.10,ok
1785473495.231,1.73,ok
1785473495.246,2.11,ok
1785473495.263,1.67,ok
1785473495.279,1.65,ok
1785473495.292,1.94,ok
1785473495.309,1.98,ok
1785473495.326,1.99,ok
1785473495.343,1.96,ok
1785473495.360,2.46,ok
1785473495.379,3.40,ok
1785473495.394,1.99,ok
1785473495.408,1.99,ok
1785473495.426,2.86,ok
1785473495.442,1.72,ok
1785473495.457,2.09,ok
1785473495.473,1.97,ok
1785473495.488,2.17,ok
1785473495.503,2.90,ok
1785473495.520,2.27,ok
1785473495.535,1.88,ok
1785473495.552,2.17,ok
1785473495.568,2.06,ok
1785473495.586,3.65,ok
1785473495.613,14.65,ok
1785473495.626,3.03,ok
1785473495.643,1.99,ok
1785473495.656,1.81,ok
1785473495.670,2.24,ok
1785473495.685,1.79,ok
1785473495.702,2.07,ok
1785473495.715,1.84,ok
1785473495.730,2.11,ok
1785473495.743,1.49,ok
1785473495.756,2.39,ok
1785473495.770,1.85,ok
1785473495.786,2.16,ok
1785473495.802,1.97,ok
1785473495.820,2.00,ok
1785473495.834,2.19,ok
1785473495.846,1.99,ok
1785473495.860,1.94,ok
1785473495.877,1.88,ok
1785473495.892,3.29,ok
1785473495.904,1.95,ok
1785473495.918,1.93,ok
1785473495.935,2.10,ok
1785473495.952,2.13,ok
1785473495.969,2.35,ok
1785473495.985,2.48,ok
1785473496.003,2.25,ok
1785473496.017,1.94,ok
1785473496.041,9.50,ok
1785473496.058,2.26,ok
1785473496.075,1.70,ok
1785473496.087,1.67,ok
1785473496.104,2.13,ok
1785473496.121,2.10,ok
1785473496.136,2.94,ok
1785473496.152,1.95,ok
1785473496.166,2.00,ok
1785473496.184,3.27,ok
1785473496.198,1.87,ok
1785473496.210,1.90,ok
1785473496.222,1.55,ok
1785473496.238,2.04,ok
1785473496.255,2.08,ok
1785473496.269,1.95,ok
1785473496.285,2.08,ok
1785473496.301,2.32,ok
1785473496.316,1.82,ok
1785473496.334,2.04,ok
1785473496.346,1.79,ok
1785473496.360,1.92,ok
1785473496.377,2.05,ok
1785473496.394,1.88,ok
1785473496.411,1.92,ok
1785473496.428,2.08,ok
1785473496.441,2.22,ok
1785473496.455,3.17,ok
1785473496.468,1.53,ok
1785473496.485,1.99,ok
1785473496.498,3.18,ok
1785473496.511,1.85,ok
1785473496.526,2.47,ok
1785473496.543,1.68,ok
1785473496.559,2.36,ok
1785473496.575,3.22,ok
1785473496.591,3.62,ok
1785473496.604,1.82,ok
1785473496.620,3.99,ok
1785473496.635,2.36,ok
1785473496.651,3.75,ok
1785473496.666,2.22,ok
1785473496.682,2.01,ok
1785473496.696,2.22,ok
1785473496.713,2.10,ok
1785473496.728,1.94,ok
1785473496.743,1.95,ok
1785473496.760,2.16,ok
1785473496.774,1.99,ok
1785473496.787,2.32,ok
1785473496.805,2.22,ok
1785473496.820,2.54,ok
1785473496.839,3.79,ok
1785473496.852,2.45,ok
1785473496.869,2.09,ok
1785473496.885,1.73,ok
1785473496.901,1.75,ok
1785473496.915,1.95,ok
1785473496.930,1.65,ok
1785473496.947,1.93,ok
1785473496.963,2.00,ok
1785473496.977,1.96,ok
1785473496.994,2.02,ok
1785473497.010,3.11,ok
1785473497.026,2.03,ok
1785473497.040,3.44,ok
1785473497.055,2.90,ok
1785473497.072,2.00,ok
1785473497.085,2.00,ok
1785473497.100,2.02,ok
1785473497.116,2.22,ok
1785473497.134,3.71,ok
1785473497.153,3.14,ok
1785473497.166,2.25,ok
1785473497.182,1.92,ok
1785473497.196,1.64,ok
1785473497.209,1.76,ok
1785473497.225,2.11,ok
1785473497.243,3.50,ok
1785473497.259,2.05,ok
1785473497.271,1.78,ok
1785473497.284,1.83,ok
1785473497.298,2.26,ok
1785473497.313,2.21,ok
1785473497.327,2.05,ok
1785473497.342,2.04,ok
1785473497.358,1.60,ok
1785473497.370,1.84,ok
1785473497.386,2.17,ok
1785473497.401,2.01,ok
1785473497.414,1.81,ok
1785473497.428,3.08,ok
1785473497.442,1.58,ok
1785473497.455,1.89,ok
1785473497.469,1.94,ok
1785473497.486,2.50,ok
1785473497.498,1.90,ok
1785473497.510,1.94,ok
1785473497.523,2.04,ok
1785473497.538,1.76,ok
1785473497.552,2.01,ok
1785473497.567,1.82,ok
1785473497.584,1.82,ok
1785473497.601,1.87,ok
1785473497.619,2.39,ok
1785473497.634,1.82,ok
1785473497.647,1.63,ok
1785473497.664,1.93,ok
1785473497.681,2.10,ok
1785473497.697,1.80,ok
1785473497.714,1.87,ok
1785473497.731,2.10,ok
1785473497.744,1.83,ok
1785473497.761,1.94,ok
1785473497.774,1.80,ok
1785473497.791,1.95,ok
1785473497.807,1.86,ok
1785473497.824,1.97,ok
1785473497.840,2.16,ok
1785473497.857,3.81,ok
1785473497.874,2.36,ok
1785473497.891,1.72,ok
1785473497.904,1.88,ok
1785473497.918,2.03,ok
1785473497.934,3.31,ok
1785473497.949,1.88,ok
1785473497.966,1.98,ok
1785473497.978,2.08,ok
1785473497.992,2.02,ok
1785473498.005,2.00,ok
1785473498.021,3.28,ok
1785473498.041,7.59,ok
1785473498.058,2.13,ok
1785473498.070,1.81,ok
1785473498.086,2.17,ok
1785473498.102,1.89,ok
1785473498.117,1.94,ok
1785473498.135,3.38,ok
1785473498.152,1.75,ok
1785473498.169,2.49,ok
1785473498.183,1.83,ok
1785473498.197,2.72,ok
1785473498.210,1.86,ok
1785473498.227,2.09,ok
1785473498.246,3.79,ok
1785473498.263,1.89,ok
1785473498.280,1.99,ok
1785473498.292,1.96,ok
1785473498.309,2.19,ok
1785473498.324,3.43,ok
1785473498.343,3.89,ok
1785473498.361,3.47,ok
1785473498.375,2.65,ok
1785473498.392,2.06,ok
1785473498.409,2.24,ok
1785473498.424,1.93,ok
1785473498.440,2.12,ok
1785473498.454,3.57,ok
1785473498.468,1.84,ok
1785473498.483,2.29,ok
1785473498.497,2.26,ok
1785473498.513,2.15,ok
1785473498.527,2.08,ok
1785473498.543,2.13,ok
1785473498.560,2.06,ok
1785473498.575,1.95,ok
1785473498.592,1.99,ok
1785473498.606,1.81,ok
1785473498.619,2.00,ok
1785473498.634,2.10,ok
1785473498.647,1.63,ok
1785473498.664,1.72,ok
1785473498.680,1.99,ok
1785473498.693,2.04,ok
1785473498.706,1.86,ok
1785473498.720,1.83,ok
1785473498.737,1.88,ok
1785473498.754,1.83,ok
1785473498.771,2.00,ok
1785473498.787,2.09,ok
1785473498.805,2.61,ok
1785473498.817,1.70,ok
1785473498.832,2.09,ok
1785473498.846,1.96,ok
1785473498.860,2.07,ok
1785473498.877,2.54,ok
1785473498.894,1.99,ok
1785473498.909,2.42,ok
1785473498.922,1.61,ok
1785473498.935,2.08,ok
1785473498.948,1.85,ok
1785473498.965,1.75,ok
1785473498.979,1.74,ok
1785473498.996,1.76,ok
1785473499.012,1.65,ok
1785473499.025,1.55,ok
1785473499.049,9.53,ok
1785473499.066,1.93,ok
1785473499.083,2.20,ok
1785473499.101,3.72,ok
1785473499.118,2.12,ok
1785473499.136,2.19,ok
1785473499.153,2.24,ok
1785473499.172,3.58,ok
1785473499.189,1.97,ok
1785473499.202,1.89,ok
1785473499.220,3.43,ok
1785473499.232,1.69,ok
1785473499.245,2.26,ok
1785473499.260,2.20,ok
1785473499.273,1.92,ok
1785473499.290,1.61,ok
1785473499.304,1.81,ok
1785473499.317,1.67,ok
1785473499.331,3.23,ok
1785473499.345,1.86,ok
1785473499.362,1.51,ok
1785473499.377,2.05,ok
1785473499.393,1.73,ok
1785473499.410,1.87,ok
1785473499.424,2.88,ok
1785473499.442,2.99,ok
1785473499.459,2.16,ok
1785473499.476,1.94,ok
1785473499.489,1.70,ok
1785473499.503,1.89,ok
1785473499.522,3.26,ok
1785473499.535,2.07,ok
1785473499.550,2.00,ok
1785473499.565,1.79,ok
1785473499.584,3.62,ok
1785473499.596,1.86,ok
1785473499.610,1.90,ok
1785473499.627,1.98,ok
1785473499.639,1.53,ok
1785473499.653,2.03,ok
1785473499.668,1.83,ok
1785473499.683,2.01,ok
1785473499.701,2.32,ok
1785473499.715,2.28,ok
1785473499.732,2.27,ok
1785473499.749,2.06,ok
1785473499.766,2.01,ok
1785473499.784,2.35,ok
1785473499.801,2.15,ok
1785473499.815,2.06,ok
1785473499.830,2.06,ok
1785473499.843,1.87,ok
1785473499.859,1.90,ok
1785473499.875,1.92,ok
1785473499.892,1.85,ok
1785473499.909,1.77,ok
1785473499.923,2.99,ok
1785473499.935,1.72,ok
1785473499.952,1.83,ok
1785473499.969,2.26,ok
1785473499.986,2.69,ok
1785473499.998,1.65,ok
1785473500.016,3.32,ok
1785473500.034,2.41,ok
1785473500.049,5.10,ok
1785473500.068,4.13,ok
1785473500.081,1.92,ok
1785473500.093,1.84,ok
1785473500.107,2.10,ok
1785473500.125,3.30,ok
1785473500.140,1.84,ok
1785473500.153,2.36,ok
1785473500.165,1.94,ok
1785473500.180,2.20,ok
1785473500.195,1.62,ok
1785473500.212,1.92,ok
1785473500.226,2.27,ok
1785473500.243,2.09,ok
1785473500.258,2.09,ok
1785473500.275,2.07,ok
1785473500.291,1.65,ok
1785473500.304,2.06,ok
1785473500.321,1.93,ok
1785473500.338,1.96,ok
1785473500.349,1.69,ok
1785473500.366,1.77,ok
1785473500.379,1.65,ok
1785473500.395,1.70,ok
1785473500.408,2.33,ok
1785473500.421,2.18,ok
1785473500.434,1.97,ok
1785473500.451,2.11,ok
1785473500.469,2.17,ok
1785473500.486,4.08,ok
1785473500.504,2.19,ok
1785473500.517,1.86,ok
1785473500.530,1.84,ok
1785473500.552,6.45,ok
1785473500.568,1.83,ok
1785473500.581,2.14,ok
1785473500.593,1.70,ok
1785473500.607,1.64,ok
1785473500.620,1.93,ok
1785473500.633,1.68,ok
1785473500.650,2.04,ok
1785473500.664,2.13,ok
1785473500.680,3.09,ok
1785473500.697,1.96,ok
1785473500.714,1.91,ok
1785473500.729,3.80,ok
1785473500.743,1.89,ok
1785473500.760,1.93,ok
1785473500.773,1.82,ok
1785473500.790,1.92,ok
1785473500.803,1.78,ok
1785473500.817,2.39,ok
1785473500.832,2.21,ok
1785473500.849,1.99,ok
1785473500.864,1.72,ok
1785473500.877,2.78,ok
1785473500.894,2.25,ok
1785473500.912,2.49,ok
1785473500.928,1.89,ok
1785473500.943,1.95,ok
1785473500.959,2.15,ok
1785473500.971,1.86,ok
1785473500.985,1.92,ok
1785473501.004,4.03,ok
1785473501.017,1.78,ok
1785473501.030,2.32,ok
1785473501.050,9.08,ok
1785473501.062,2.06,ok
1785473501.080,3.73,ok
1785473501.097,2.11,ok
1785473501.114,2.04,ok
1785473501.131,2.00,ok
1785473501.143,1.50,ok
1785473501.160,2.26,ok
1785473501.174,3.65,ok
1785473501.191,2.07,ok
1785473501.208,2.03,ok
1785473501.225,1.90,ok
1785473501.242,2.04,ok
1785473501.259,1.96,ok
1785473501.276,2.19,ok
1785473501.289,1.97,ok
1785473501.304,2.12,ok
1785473501.320,2.18,ok
1785473501.335,2.24,ok
1785473501.351,3.48,ok
1785473501.365,1.79,ok
1785473501.377,1.89,ok
1785473501.394,2.69,ok
1785473501.407,2.28,ok
1785473501.422,2.45,ok
1785473501.437,1.93,ok
1785473501.454,1.67,ok
1785473501.471,1.81,ok
1785473501.485,1.91,ok
1785473501.498,1.85,ok
1785473501.516,2.05,ok
1785473501.529,2.15,ok
1785473501.544,3.51,ok
1785473501.561,1.74,ok
1785473501.574,2.14,ok
1785473501.591,2.17,ok
1785473501.608,2.36,ok
1785473501.626,2.41,ok
1785473501.639,2.09,ok
1785473501.652,1.92,ok
1785473501.669,1.86,ok
1785473501.686,2.28,ok
1785473501.703,3.70,ok
1785473501.718,1.79,ok
1785473501.735,3.34,ok
1785473501.752,1.78,ok
1785473501.765,1.91,ok
1785473501.782,3.50,ok
1785473501.800,2.56,ok
1785473501.817,2.37,ok
1785473501.832,1.62,ok
1785473501.845,1.65,ok
1785473501.857,1.70,ok
1785473501.875,2.19,ok
1785473501.893,3.29,ok
1785473501.910,2.87,ok
1785473501.927,1.91,ok
1785473501.942,2.14,ok
1785473501.954,1.57,ok
1785473501.969,2.73,ok
1785473501.985,1.73,ok
1785473501.999,2.61,ok
1785473502.013,1.81,ok
1785473502.027,2.27,ok
1785473502.052,10.32,ok
1785473502.069,2.03,ok
1785473502.086,1.93,ok
1785473502.102,1.78,ok
1785473502.119,2.17,ok
1785473502.136,2.24,ok
1785473502.152,2.01,ok
1785473502.169,2.41,ok
1785473502.182,2.27,ok
1785473502.200,3.12,ok
1785473502.216,1.97,ok
1785473502.232,1.91,ok
1785473502.245,1.99,ok
1785473502.259,2.13,ok
1785473502.271,1.85,ok
1785473502.288,2.01,ok
1785473502.304,1.80,ok
1785473502.318,1.74,ok
1785473502.332,1.61,ok
1785473502.349,2.19,ok
1785473502.363,1.77,ok
1785473502.380,2.13,ok
1785473502.397,1.80,ok
1785473502.414,1.85,ok
1785473502.427,1.78,ok
1785473502.445,3.31,ok
1785473502.459,2.09,ok
1785473502.477,2.39,ok
1785473502.494,2.03,ok
1785473502.507,2.12,ok
1785473502.521,2.28,ok
1785473502.536,3.66,ok
1785473502.552,2.13,ok
1785473502.566,2.05,ok
1785473502.583,1.97,ok
1785473502.599,2.55,ok
1785473502.614,2.05,ok
1785473502.627,1.69,ok
1785473502.646,3.73,ok
1785473502.660,2.03,ok
1785473502.677,2.21,ok
1785473502.693,1.87,ok
1785473502.712,3.18,ok
1785473502.728,1.85,ok
1785473502.741,1.95,ok
1785473502.755,2.68,ok
1785473502.769,2.13,ok
1785473502.787,6.20,ok
1785473502.801,1.71,ok
1785473502.814,1.71,ok
1785473502.826,1.81,ok
1785473502.840,2.03,ok
1785473502.853,1.77,ok
1785473502.869,1.94,ok
1785473502.885,1.58,ok
1785473502.898,1.66,ok
1785473502.913,2.14,ok
1785473502.927,1.98,ok
1785473502.944,2.05,ok
1785473502.958,1.94,ok
1785473502.975,1.80,ok
1785473502.988,1.70,ok
1785473503.001,1.83,ok
1785473503.014,2.07,ok
1785473503.026,1.48,ok
1785473503.052,11.10,ok
1785473503.066,2.07,ok
1785473503.083,1.95,ok
1785473503.099,1.80,ok
1785473503.117,3.09,ok
1785473503.132,2.06,ok
1785473503.145,1.80,ok
1785473503.160,1.84,ok
1785473503.177,2.03,ok
1785473503.194,2.13,ok
1785473503.211,1.82,ok
1785473503.228,1.74,ok
1785473503.244,2.49,ok
1785473503.259,1.89,ok
1785473503.276,1.89,ok
1785473503.294,2.41,ok
1785473503.309,2.12,ok
1785473503.324,2.10,ok
1785473503.337,1.91,ok
1785473503.351,2.06,ok
1785473503.369,2.10,ok
1785473503.386,2.26,ok
1785473503.402,2.43,ok
1785473503.419,1.91,ok
1785473503.436,2.78,ok
1785473503.451,2.19,ok
1785473503.469,2.12,ok
1785473503.486,2.72,ok
1785473503.502,1.68,ok
1785473503.519,2.09,ok
1785473503.534,2.19,ok
1785473503.551,1.93,ok
1785473503.568,2.22,ok
1785473503.586,3.39,ok
1785473503.604,3.15,ok
1785473503.623,3.28,ok
1785473503.637,2.13,ok
1785473503.652,2.16,ok
1785473503.669,1.92,ok
1785473503.685,1.96,ok
1785473503.700,1.77,ok
1785473503.719,3.75,ok
1785473503.733,1.84,ok
1785473503.746,2.15,ok
1785473503.758,1.83,ok
1785473503.776,2.48,ok
1785473503.791,1.85,ok
1785473503.806,1.67,ok
1785473503.823,1.83,ok
1785473503.836,1.84,ok
1785473503.853,2.24,ok
1785473503.867,2.30,ok
1785473503.881,2.39,ok
1785473503.894,2.05,ok
1785473503.908,1.64,ok
1785473503.921,1.42,ok
1785473503.938,1.59,ok
1785473503.951,1.78,ok
1785473503.963,1.82,ok
1785473503.980,2.01,ok
1785473503.993,1.68,ok
1785473504.009,1.86,ok
1785473504.024,1.62,ok
1785473504.038,1.91,ok
1785473504.055,2.91,ok
1785473504.068,1.74,ok
1785473504.085,1.95,ok
1785473504.101,1.80,ok
1785473504.118,2.04,ok
1785473504.134,2.18,ok
1785473504.151,1.89,ok
1785473504.168,2.08,ok
1785473504.183,2.05,ok
1785473504.200,1.95,ok
1785473504.215,1.73,ok
1785473504.228,1.80,ok
1785473504.245,1.95,ok
1785473504.262,1.93,ok
1785473504.279,1.87,ok
1785473504.292,2.03,ok
1785473504.308,1.99,ok
1785473504.322,1.84,ok
1785473504.337,1.58,ok
1785473504.354,2.01,ok
1785473504.369,2.02,ok
1785473504.386,2.10,ok
1785473504.402,1.88,ok
1785473504.417,1.96,ok
1785473504.430,2.17,ok
1785473504.443,2.14,ok
1785473504.459,2.41,ok
1785473504.471,1.58,ok
1785473504.489,2.53,ok
1785473504.502,1.95,ok
1785473504.518,1.71,ok
1785473504.531,1.98,ok
1785473504.544,2.27,ok
1785473504.559,2.03,ok
1785473504.573,1.79,ok
1785473504.585,2.27,ok
1785473504.603,2.20,ok
1785473504.615,1.52,ok
1785473504.629,2.18,ok
1785473504.643,1.68,ok
1785473504.661,3.29,ok
1785473504.677,1.77,ok
1785473504.691,3.15,ok
1785473504.706,2.10,ok
1785473504.719,2.01,ok
1785473504.735,1.98,ok
1785473504.752,1.83,ok
1785473504.769,2.09,ok
1785473504.785,2.06,ok
1785473504.802,2.00,ok
1785473504.819,1.60,ok
1785473504.831,2.00,ok
1785473504.846,2.02,ok
1785473504.863,1.87,ok
1785473504.878,1.83,ok
1785473504.895,1.91,ok
1785473504.913,3.07,ok
1785473504.930,1.79,ok
1785473504.947,1.71,ok
1785473504.961,2.42,ok
1785473504.976,2.45,ok
1785473504.992,2.14,ok
1785473505.009,1.88,ok
1785473505.023,2.05,ok
1785473505.040,2.10,ok
1785473505.053,2.06,ok
1785473505.070,1.78,ok
1785473505.084,2.84,ok
1785473505.101,1.94,ok
1785473505.118,1.89,ok
1785473505.135,1.93,ok
1785473505.152,1.69,ok
1785473505.169,6.84,ok
1785473505.191,2.08,ok
1785473505.207,1.86,ok
1785473505.223,1.70,ok
1785473505.240,2.00,ok
1785473505.254,2.06,ok
1785473505.269,2.14,ok
1785473505.286,2.26,ok
1785473505.302,2.37,ok
1785473505.318,3.59,ok
1785473505.335,2.02,ok
1785473505.352,2.29,ok
1785473505.369,1.91,ok
1785473505.386,2.23,ok
1785473505.402,2.19,ok
1785473505.420,3.45,ok
1785473505.434,1.73,ok
1785473505.451,1.96,ok
1785473505.468,1.87,ok
1785473505.480,1.80,ok
1785473505.494,2.26,ok
1785473505.509,2.19,ok
1785473505.526,2.06,ok
1785473505.539,1.81,ok
1785473505.551,1.76,ok
1785473505.566,2.45,ok
1785473505.583,2.25,ok
1785473505.595,2.23,ok
1785473505.611,2.27,ok
1785473505.626,1.46,ok
1785473505.643,1.89,ok
1785473505.659,2.19,ok
1785473505.676,1.92,ok
1785473505.691,1.81,ok
1785473505.708,1.79,ok
1785473505.722,1.93,ok
1785473505.735,2.03,ok
1785473505.748,1.87,ok
1785473505.762,1.90,ok
1785473505.780,2.55,ok
1785473505.796,4.23,ok
1785473505.813,5.47,ok
1785473505.829,1.54,ok
1785473505.847,3.08,ok
1785473505.860,2.10,ok
1785473505.878,3.34,ok
1785473505.892,1.89,ok
1785473505.909,2.01,ok
1785473505.925,1.90,ok
1785473505.942,1.90,ok
1785473505.955,1.59,ok
1785473505.972,1.73,ok
1785473505.986,2.09,ok
1785473506.002,1.64,ok
1785473506.019,2.36,ok
1785473506.031,1.43,ok
1785473506.054,10.41,ok
1785473506.069,2.16,ok
1785473506.086,1.73,ok
1785473506.104,1.92,ok
1785473506.119,1.87,ok
1785473506.135,1.56,ok
1785473506.152,1.88,ok
1785473506.167,3.20,ok
1785473506.182,1.92,ok
1785473506.199,2.00,ok
1785473506.216,2.08,ok
1785473506.233,1.95,ok
1785473506.246,1.57,ok
1785473506.260,2.19,ok
1785473506.277,2.10,ok
1785473506.292,2.31,ok
1785473506.307,1.76,ok
1785473506.321,2.01,ok
1785473506.334,1.67,ok
1785473506.352,3.42,ok
1785473506.368,2.11,ok
1785473506.385,3.40,ok
1785473506.397,1.69,ok
1785473506.410,1.85,ok
1785473506.427,1.61,ok
1785473506.439,1.89,ok
1785473506.452,1.96,ok
1785473506.468,1.74,ok
1785473506.485,2.00,ok
1785473506.497,1.83,ok
1785473506.515,2.20,ok
1785473506.530,2.04,ok
1785473506.546,1.78,ok
1785473506.559,1.69,ok
1785473506.575,1.87,ok
1785473506.592,2.01,ok
1785473506.609,2.06,ok
1785473506.624,2.08,ok
1785473506.642,2.31,ok
1785473506.659,1.61,ok
1785473506.671,1.56,ok
1785473506.685,1.74,ok
1785473506.701,1.68,ok
1785473506.715,1.91,ok
1785473506.733,3.21,ok
1785473506.751,1.99,ok
1785473506.768,1.97,ok
1785473506.785,2.03,ok
1785473506.798,1.68,ok
1785473506.812,1.63,ok
1785473506.827,2.60,ok
1785473506.843,2.53,ok
1785473506.859,1.81,ok
1785473506.876,2.30,ok
1785473506.890,2.13,ok
1785473506.907,1.90,ok
1785473506.923,2.29,ok
1785473506.935,2.20,ok
1785473506.948,1.87,ok
1785473506.964,1.65,ok
1785473506.979,1.70,ok
1785473506.996,2.18,ok
1785473507.011,2.27,ok
1785473507.027,2.00,ok
1785473507.050,9.00,ok
1785473507.068,2.08,ok
1785473507.082,2.05,ok
1785473507.098,2.11,ok
1785473507.114,2.09,ok
1785473507.128,2.70,ok
1785473507.140,1.93,ok
1785473507.156,1.75,ok
1785473507.168,1.79,ok
1785473507.181,1.92,ok
1785473507.198,1.81,ok
1785473507.210,1.68,ok
1785473507.227,1.83,ok
1785473507.240,2.00,ok
1785473507.257,1.89,ok
1785473507.275,2.03,ok
1785473507.287,2.21,ok
1785473507.300,1.85,ok
1785473507.316,1.63,ok
1785473507.329,2.00,ok
1785473507.347,3.30,ok
1785473507.364,1.97,ok
1785473507.378,3.33,ok
1785473507.392,1.85,ok
1785473507.407,3.09,ok
1785473507.422,4.77,ok
1785473507.435,1.69,ok
1785473507.451,2.07,ok
1785473507.465,2.02,ok
1785473507.482,1.76,ok
1785473507.496,1.81,ok
1785473507.510,2.30,ok
1785473507.525,3.86,ok
1785473507.542,1.66,ok
1785473507.556,1.82,ok
1785473507.572,1.89,ok
1785473507.585,1.99,ok
1785473507.599,1.82,ok
1785473507.616,2.21,ok
1785473507.630,1.81,ok
1785473507.643,1.76,ok
1785473507.655,1.35,ok
1785473507.669,1.67,ok
1785473507.682,1.83,ok
1785473507.695,1.53,ok
1785473507.712,1.93,ok
1785473507.727,1.96,ok
1785473507.743,1.69,ok
1785473507.760,2.03,ok
1785473507.776,1.91,ok
1785473507.793,2.47,ok
1785473507.809,2.34,ok
1785473507.826,1.91,ok
1785473507.838,1.68,ok
1785473507.854,2.21,ok
1785473507.868,3.30,ok
1785473507.882,1.94,ok
1785473507.895,1.92,ok
1785473507.909,1.95,ok
1785473507.926,1.77,ok
1785473507.941,1.75,ok
1785473507.958,2.23,ok
1785473507.972,1.86,ok
1785473507.986,2.74,ok
1785473508.003,2.10,ok
1785473508.016,2.29,ok
1785473508.034,2.34,ok
1785473508.055,6.04,ok
1785473508.069,2.12,ok
1785473508.081,1.93,ok
1785473508.096,2.04,ok
1785473508.109,1.78,ok
1785473508.122,1.68,ok
1785473508.139,1.61,ok
1785473508.152,1.99,ok
1785473508.169,1.91,ok
1785473508.184,1.97,ok
1785473508.196,2.04,ok
1785473508.213,2.37,ok
1785473508.227,1.90,ok
1785473508.242,1.73,ok
1785473508.259,1.95,ok
1785473508.278,3.52,ok
1785473508.295,2.17,ok
1785473508.309,2.16,ok
1785473508.326,2.11,ok
1785473508.347,6.22,ok
1785473508.362,3.31,ok
1785473508.376,2.25,ok
1785473508.393,2.26,ok
1785473508.407,1.89,ok
1785473508.422,2.56,ok
1785473508.439,2.04,ok
1785473508.456,2.08,ok
1785473508.474,2.10,ok
1785473508.491,2.26,ok
1785473508.508,2.13,ok
1785473508.525,2.28,ok
1785473508.543,2.14,ok
1785473508.560,2.22,ok
1785473508.573,2.21,ok
1785473508.598,9.50,ok
1785473508.616,2.61,ok
1785473508.633,1.88,ok
1785473508.645,1.69,ok
1785473508.658,1.86,ok
1785473508.676,2.56,ok
1785473508.693,1.91,ok
1785473508.706,1.91,ok
1785473508.718,2.00,ok
1785473508.733,1.84,ok
1785473508.746,1.87,ok
1785473508.761,1.81,ok
1785473508.779,3.25,ok
1785473508.796,2.11,ok
1785473508.810,2.42,ok
1785473508.825,2.19,ok
1785473508.842,2.27,ok
1785473508.855,2.00,ok
1785473508.870,1.93,ok
1785473508.884,1.75,ok
1785473508.901,2.16,ok
1785473508.914,3.00,ok
1785473508.931,2.28,ok
1785473508.945,1.93,ok
1785473508.960,1.82,ok
1785473508.977,1.93,ok
1785473508.994,3.29,ok
1785473509.011,1.76,ok
1785473509.028,1.87,ok
1785473509.045,2.52,ok
1785473509.063,3.46,ok
1785473509.076,1.74,ok
1785473509.093,2.40,ok
1785473509.110,1.73,ok
1785473509.127,2.05,ok
1785473509.139,1.66,ok
1785473509.156,1.97,ok
1785473509.173,1.72,ok
1785473509.185,1.89,ok
1785473509.198,1.59,ok
1785473509.213,1.62,ok
1785473509.230,2.17,ok
1785473509.246,2.75,ok
1785473509.260,2.34,ok
1785473509.276,3.26,ok
1785473509.294,3.12,ok
1785473509.309,2.74,ok
1785473509.323,1.59,ok
1785473509.336,2.56,ok
1785473509.352,2.49,ok
1785473509.366,1.85,ok
1785473509.381,1.53,ok
1785473509.398,2.04,ok
1785473509.415,2.11,ok
1785473509.432,2.16,ok
1785473509.449,1.64,ok
1785473509.466,1.71,ok
1785473509.480,1.90,ok
1785473509.497,1.87,ok
1785473509.513,1.79,ok
1785473509.527,1.86,ok
1785473509.542,1.97,ok
1785473509.559,1.81,ok
1785473509.573,1.94,ok
1785473509.589,4.47,ok
1785473509.604,2.04,ok
1785473509.618,1.99,ok
1785473509.633,1.77,ok
1785473509.649,1.75,ok
1785473509.663,1.82,ok
1785473509.675,1.62,ok
1785473509.692,1.79,ok
1785473509.707,1.84,ok
1785473509.725,2.81,ok
1785473509.737,1.81,ok
1785473509.750,1.53,ok
1785473509.762,1.76,ok
1785473509.776,1.78,ok
1785473509.791,1.56,ok
1785473509.805,1.70,ok
1785473509.822,2.00,ok
1785473509.838,2.29,ok
1785473509.854,1.64,ok
1785473509.870,2.00,ok
1785473509.887,1.96,ok
1785473509.901,1.99,ok
1785473509.917,2.10,ok
1785473509.934,2.40,ok
1785473509.951,1.84,ok
1785473509.968,1.89,ok
1785473509.985,2.56,ok
1785473509.997,2.05,ok
1785473510.013,2.12,ok
1785473510.027,1.92,ok
1785473510.042,2.04,ok
1785473510.061,3.94,ok
1785473510.076,1.96,ok
1785473510.091,2.13,ok
1785473510.106,1.74,ok
1785473510.120,1.95,ok
1785473510.135,1.94,ok
1785473510.150,1.93,ok
1785473510.167,1.77,ok
1785473510.184,2.02,ok
1785473510.198,1.82,ok
1785473510.213,1.66,ok
1785473510.226,1.92,ok
1785473510.244,2.03,ok
1785473510.261,3.35,ok
1785473510.277,1.81,ok
1785473510.293,2.21,ok
1785473510.308,1.80,ok
1785473510.323,1.96,ok
1785473510.339,1.75,ok
1785473510.351,1.74,ok
1785473510.363,1.83,ok
1785473510.382,3.70,ok
1785473510.399,1.63,ok
1785473510.411,1.54,ok
1785473510.425,1.96,ok
1785473510.442,1.97,ok
1785473510.459,1.70,ok
1785473510.476,1.86,ok
1785473510.493,2.00,ok
1785473510.506,1.81,ok
1785473510.521,1.61,ok
1785473510.538,2.01,ok
1785473510.552,1.92,ok
1785473510.569,2.11,ok
1785473510.584,1.95,ok
1785473510.601,1.67,ok
1785473510.615,1.64,ok
1785473510.629,1.56,ok
1785473510.646,1.96,ok
1785473510.663,1.83,ok
1785473510.679,1.72,ok
1785473510.696,1.98,ok
1785473510.709,2.47,ok
1785473510.724,1.86,ok
1785473510.736,1.98,ok
1785473510.753,1.95,ok
1785473510.770,1.90,ok
1785473510.783,1.92,ok
1785473510.797,1.77,ok
1785473510.811,2.03,ok
1785473510.828,3.64,ok
1785473510.845,2.46,ok
1785473510.860,2.01,ok
1785473510.877,1.84,ok
1785473510.890,2.35,ok
1785473510.907,1.51,ok
1785473510.920,1.53,ok
1785473510.935,1.89,ok
1785473510.953,3.11,ok
1785473510.971,2.30,ok
1785473510.985,2.90,ok
1785473510.999,2.22,ok
1785473511.012,1.50,ok
1785473511.026,2.52,ok
1785473511.043,2.49,ok
1785473511.057,2.55,ok
1785473511.071,1.64,ok
1785473511.089,3.22,ok
1785473511.108,3.09,ok
1785473511.125,2.15,ok
1785473511.140,2.78,ok
1785473511.155,2.51,ok
1785473511.169,2.03,ok
1785473511.186,2.11,ok
1785473511.202,2.15,ok
1785473511.218,1.82,ok
1785473511.237,3.73,ok
1785473511.252,1.77,ok
1785473511.264,1.96,ok
1785473511.281,2.06,ok
1785473511.298,2.14,ok
1785473511.315,1.98,ok
1785473511.332,1.87,ok
1785473511.349,1.94,ok
1785473511.366,1.77,ok
1785473511.383,1.77,ok
1785473511.400,2.19,ok
1785473511.413,2.77,ok
1785473511.426,1.63,ok
1785473511.440,2.20,ok
1785473511.456,1.92,ok
1785473511.468,2.07,ok
1785473511.485,1.82,ok
1785473511.499,2.14,ok
1785473511.514,1.81,ok
1785473511.530,2.08,ok
1785473511.543,1.92,ok
1785473511.558,1.82,ok
1785473511.572,1.68,ok
1785473511.588,1.99,ok
1785473511.605,1.67,ok
1785473511.618,1.69,ok
1785473511.636,2.81,ok
1785473511.653,3.22,ok
1785473511.670,1.92,ok
1785473511.685,2.29,ok
1785473511.697,1.56,ok
1785473511.711,2.09,ok
1785473511.727,1.70,ok
1785473511.743,1.89,ok
1785473511.758,1.60,ok
1785473511.771,2.00,ok
1785473511.787,1.58,ok
1785473511.800,2.03,ok
1785473511.812,1.71,ok
1785473511.829,1.94,ok
1785473511.847,2.68,ok
1785473511.861,2.18,ok
1785473511.874,1.93,ok
1785473511.889,2.16,ok
1785473511.901,1.92,ok
1785473511.918,1.76,ok
1785473511.930,1.84,ok
1785473511.943,1.48,ok
1785473511.960,1.96,ok
1785473511.977,2.06,ok
1785473511.993,1.79,ok
1785473512.010,1.75,ok
1785473512.025,2.02,ok
1785473512.037,1.73,ok
1785473512.057,5.51,ok
1785473512.076,3.95,ok
1785473512.095,3.64,ok
1785473512.107,1.81,ok
1785473512.121,2.12,ok
1785473512.134,1.67,ok
1785473512.147,1.76,ok
1785473512.160,2.04,ok
1785473512.177,1.79,ok
1785473512.188,1.68,ok
1785473512.205,2.14,ok
1785473512.219,3.27,ok
1785473512.238,3.86,ok
1785473512.252,2.23,ok
1785473512.268,2.01,ok
1785473512.280,2.01,ok
1785473512.296,2.11,ok
1785473512.310,1.66,ok
1785473512.327,1.62,ok
1785473512.343,2.04,ok
1785473512.359,2.15,ok
1785473512.374,2.13,ok
1785473512.390,1.83,ok
1785473512.407,1.69,ok
1785473512.421,3.10,ok
1785473512.435,1.85,ok
1785473512.449,2.30,ok
1785473512.461,1.58,ok
1785473512.474,1.56,ok
1785473512.491,2.02,ok
1785473512.504,1.66,ok
1785473512.516,1.33,ok
1785473512.533,1.98,ok
1785473512.550,1.66,ok
1785473512.567,2.02,ok
1785473512.582,1.77,ok
1785473512.596,2.38,ok
1785473512.611,2.20,ok
1785473512.626,2.47,ok
1785473512.643,2.05,ok
1785473512.657,2.01,ok
1785473512.674,2.02,ok
1785473512.686,1.93,ok
1785473512.703,1.54,ok
1785473512.715,1.60,ok
1785473512.733,2.04,ok
1785473512.749,1.45,ok
1785473512.762,2.30,ok
1785473512.778,3.07,ok
1785473512.792,1.83,ok
1785473512.806,2.00,ok
1785473512.821,1.84,ok
1785473512.838,1.90,ok
1785473512.855,1.98,ok
1785473512.872,3.05,ok
1785473512.887,1.70,ok
1785473512.902,1.98,ok
1785473512.919,2.92,ok
1785473512.934,2.83,ok
1785473512.948,1.84,ok
1785473512.965,1.78,ok
1785473512.978,2.05,ok
1785473512.992,2.07,ok
1785473513.007,2.14,ok
1785473513.024,1.86,ok
1785473513.040,1.83,ok
1785473513.058,7.46,ok
1785473513.075,2.02,ok
1785473513.090,2.04,ok
1785473513.102,2.35,ok
1785473513.119,2.08,ok
1785473513.135,1.64,ok
1785473513.152,1.90,ok
1785473513.167,1.81,ok
1785473513.183,2.54,ok
1785473513.197,1.83,ok
1785473513.215,2.40,ok
1785473513.231,2.32,ok
1785473513.248,1.91,ok
1785473513.263,2.21,ok
1785473513.277,1.83,ok
1785473513.292,1.88,ok
1785473513.310,2.00,ok
1785473513.322,1.78,ok
1785473513.337,3.37,ok
1785473513.355,2.70,ok
1785473513.371,1.99,ok
1785473513.384,2.08,ok
1785473513.396,1.63,ok
1785473513.412,1.71,ok
1785473513.425,1.79,ok
1785473513.438,1.83,ok
1785473513.455,1.80,ok
1785473513.469,2.01,ok
1785473513.482,2.11,ok
1785473513.499,1.96,ok
1785473513.512,1.43,ok
1785473513.526,1.99,ok
1785473513.542,2.20,ok
1785473513.554,1.74,ok
1785473513.568,1.79,ok
1785473513.585,1.96,ok
1785473513.601,1.82,ok
1785473513.613,1.69,ok
1785473513.631,2.17,ok
1785473513.647,1.50,ok
1785473513.661,1.89,ok
1785473513.678,1.79,ok
1785473513.694,2.03,ok
1785473513.710,2.24,ok
1785473513.726,1.72,ok
1785473513.743,2.02,ok
1785473513.760,1.85,ok
1785473513.773,1.96,ok
1785473513.792,3.44,ok
1785473513.809,2.43,ok
1785473513.827,2.55,ok
1785473513.839,2.04,ok
1785473513.855,2.22,ok
1785473513.870,1.65,ok
1785473513.888,2.37,ok
1785473513.901,2.10,ok
1785473513.919,2.48,ok
1785473513.931,1.71,ok
1785473513.947,2.10,ok
1785473513.964,1.76,ok
1785473513.979,1.97,ok
1785473513.997,2.57,ok
1785473514.014,2.10,ok
1785473514.028,2.09,ok
1785473514.043,3.53,ok
1785473514.077,19.72,ok
1785473514.094,2.41,ok
1785473514.109,1.81,ok
1785473514.127,3.41,ok
1785473514.145,2.80,ok
1785473514.164,5.61,ok
1785473514.176,1.84,ok
1785473514.190,2.35,ok
1785473514.204,1.50,ok
1785473514.221,3.13,ok
1785473514.236,1.67,ok
1785473514.252,2.88,ok
1785473514.269,2.00,ok
1785473514.283,1.70,ok
1785473514.296,1.57,ok
1785473514.309,1.70,ok
1785473514.322,1.86,ok
1785473514.335,1.70,ok
1785473514.351,2.02,ok
1785473514.363,1.61,ok
1785473514.381,2.40,ok
1785473514.398,2.05,ok
1785473514.414,2.12,ok
1785473514.429,1.72,ok
1785473514.443,2.23,ok
1785473514.461,3.25,ok
1785473514.478,1.85,ok
1785473514.492,1.86,ok
1785473514.509,2.09,ok
1785473514.525,2.03,ok
1785473514.540,1.97,ok
1785473514.554,1.75,ok
1785473514.569,1.84,ok
1785473514.585,2.24,ok
1785473514.603,3.43,ok
1785473514.620,2.24,ok
1785473514.634,2.03,ok
1785473514.648,2.58,ok
1785473514.665,1.78,ok
1785473514.681,2.18,ok
1785473514.700,3.48,ok
1785473514.717,2.47,ok
1785473514.734,2.21,ok
1785473514.750,3.54,ok
1785473514.766,1.77,ok
1785473514.782,3.25,ok
1785473514.800,2.38,ok
1785473514.817,2.48,ok
1785473514.833,1.83,ok
1785473514.847,1.87,ok
1785473514.864,1.83,ok
1785473514.880,1.67,ok
1785473514.897,2.29,ok
1785473514.914,1.92,ok
1785473514.926,1.75,ok
1785473514.941,1.73,ok
1785473514.956,1.86,ok
1785473514.969,1.89,ok
1785473514.985,1.93,ok
1785473515.002,1.85,ok
1785473515.020,3.42,ok
1785473515.036,2.86,ok
1785473515.050,1.81,ok
1785473515.064,2.50,ok
1785473515.077,1.81,ok
1785473515.094,1.91,ok
1785473515.106,1.87,ok
1785473515.121,3.43,ok
1785473515.138,3.02,ok
1785473515.152,1.82,ok
1785473515.169,1.98,ok
1785473515.186,2.15,ok
1785473515.203,2.21,ok
1785473515.217,2.19,ok
1785473515.235,2.16,ok
1785473515.250,1.74,ok
1785473515.266,2.96,ok
1785473515.278,1.90,ok
1785473515.292,2.11,ok
1785473515.310,3.41,ok
1785473515.325,2.94,ok
1785473515.342,1.89,ok
1785473515.357,2.15,ok
1785473515.369,1.65,ok
1785473515.383,1.34,ok
1785473515.400,1.93,ok
1785473515.418,3.46,ok
1785473515.435,2.17,ok
1785473515.448,1.83,ok
1785473515.465,2.06,ok
1785473515.479,1.86,ok
1785473515.492,1.52,ok
1785473515.509,3.50,ok
1785473515.527,2.16,ok
1785473515.542,1.79,ok
1785473515.559,2.13,ok
1785473515.573,1.91,ok
1785473515.586,1.67,ok
1785473515.602,2.14,ok
1785473515.619,1.94,ok
1785473515.635,1.87,ok
1785473515.651,1.89,ok
1785473515.669,2.25,ok
1785473515.686,1.93,ok
1785473515.700,1.76,ok
1785473515.714,3.56,ok
1785473515.727,1.80,ok
1785473515.741,1.91,ok
1785473515.756,1.81,ok
1785473515.769,1.77,ok
1785473515.785,1.68,ok
1785473515.801,2.54,ok
1785473515.819,2.37,ok
1785473515.835,2.65,ok
1785473515.852,2.43,ok
1785473515.868,1.95,ok
1785473515.885,2.14,ok
1785473515.897,1.92,ok
1785473515.914,2.01,ok
1785473515.930,1.73,ok
1785473515.942,2.04,ok
1785473515.957,2.03,ok
1785473515.974,2.07,ok
1785473515.991,1.81,ok
1785473516.005,1.71,ok
1785473516.017,1.61,ok
1785473516.035,2.02,ok
1785473516.052,2.18,ok
1785473516.065,1.85,ok
1785473516.079,1.97,ok
1785473516.095,2.79,ok
1785473516.108,2.93,ok
1785473516.125,1.89,ok
1785473516.138,1.81,ok
1785473516.153,3.06,ok
1785473516.168,1.78,ok
1785473516.186,1.97,ok
1785473516.202,2.99,ok
1785473516.215,1.75,ok
1785473516.230,1.93,ok
1785473516.244,2.32,ok
1785473516.257,3.08,ok
1785473516.269,1.88,ok
1785473516.287,2.27,ok
1785473516.301,1.80,ok
1785473516.314,1.90,ok
1785473516.331,1.92,ok
1785473516.346,1.96,ok
1785473516.364,2.07,ok
1785473516.377,2.02,ok
1785473516.392,3.24,ok
1785473516.409,1.94,ok
1785473516.426,1.94,ok
1785473516.443,1.94,ok
1785473516.459,2.01,ok
1785473516.476,2.13,ok
1785473516.493,4.12,ok
1785473516.509,2.04,ok
1785473516.527,2.04,ok
1785473516.542,1.88,ok
1785473516.555,2.08,ok
1785473516.569,2.25,ok
1785473516.584,2.41,ok
1785473516.603,3.36,ok
1785473516.620,2.05,ok
1785473516.636,3.51,ok
1785473516.649,2.01,ok
1785473516.664,1.98,ok
1785473516.682,2.26,ok
1785473516.700,3.34,ok
1785473516.712,1.81,ok
1785473516.729,1.77,ok
1785473516.746,1.97,ok
1785473516.763,1.86,ok
1785473516.780,1.93,ok
1785473516.798,3.31,ok
1785473516.810,1.95,ok
1785473516.827,2.23,ok
1785473516.844,2.18,ok
1785473516.857,2.25,ok
1785473516.869,2.13,ok
1785473516.886,1.88,ok
1785473516.900,2.79,ok
1785473516.917,2.35,ok
1785473516.930,1.73,ok
1785473516.947,1.99,ok
1785473516.964,1.97,ok
1785473516.978,1.59,ok
1785473516.993,2.13,ok
1785473517.011,3.74,ok
1785473517.027,2.00,ok
1785473517.043,1.95,ok
1785473517.066,7.90,ok
1785473517.084,2.03,ok
1785473517.097,2.08,ok
1785473517.115,2.21,ok
1785473517.129,3.09,ok
1785473517.147,3.19,ok
1785473517.160,2.10,ok
1785473517.180,4.55,ok
1785473517.192,2.05,ok
1785473517.206,2.23,ok
1785473517.218,1.92,ok
1785473517.230,1.59,ok
1785473517.242,1.70,ok
1785473517.254,1.66,ok
1785473517.268,1.81,ok
1785473517.285,2.01,ok
1785473517.301,1.79,ok
1785473517.314,1.59,ok
1785473517.327,1.98,ok
1785473517.342,2.18,ok
1785473517.360,2.78,ok
1785473517.372,1.71,ok
1785473517.390,2.50,ok
1785473517.407,1.73,ok
1785473517.423,2.33,ok
1785473517.440,1.93,ok
1785473517.458,2.14,ok
1785473517.475,1.99,ok
1785473517.492,2.16,ok
1785473517.507,2.07,ok
1785473517.525,2.41,ok
1785473517.543,3.22,ok
1785473517.558,2.31,ok
1785473517.574,2.22,ok
1785473517.594,5.06,ok
1785473517.608,1.81,ok
1785473517.626,2.28,ok
1785473517.643,2.39,ok
1785473517.661,2.30,ok
1785473517.675,2.11,ok
1785473517.688,1.95,ok
1785473517.705,1.84,ok
1785473517.719,2.38,ok
1785473517.736,2.36,ok
1785473517.752,1.93,ok
1785473517.769,1.77,ok
1785473517.785,1.57,ok
1785473517.802,1.92,ok
1785473517.819,2.37,ok
1785473517.835,2.63,ok
1785473517.853,2.18,ok
1785473517.869,2.74,ok
1785473517.886,2.52,ok
1785473517.904,2.07,ok
1785473517.916,1.63,ok
1785473517.931,2.12,ok
1785473517.945,1.98,ok
1785473517.961,2.90,ok
1785473517.979,6.15,ok
1785473517.994,1.97,ok
1785473518.010,1.96,ok
1785473518.027,1.83,ok
1785473518.042,1.97,ok
1785473518.056,1.96,ok
1785473518.072,1.82,ok
1785473518.086,1.89,ok
1785473518.103,1.76,ok
1785473518.119,1.90,ok
1785473518.133,1.80,ok
1785473518.150,2.07,ok
1785473518.166,2.09,ok
1785473518.183,1.77,ok
1785473518.201,2.83,ok
1785473518.213,1.55,ok
1785473518.226,2.28,ok
1785473518.239,1.77,ok
1785473518.255,1.99,ok
1785473518.271,2.01,ok
1785473518.287,1.57,ok
1785473518.301,2.03,ok
1785473518.314,1.67,ok
1785473518.327,1.87,ok
1785473518.342,1.74,ok
1785473518.357,3.46,ok
1785473518.371,2.02,ok
1785473518.390,4.58,ok
1785473518.407,2.13,ok
1785473518.424,2.15,ok
1785473518.438,2.06,ok
1785473518.455,1.88,ok
1785473518.469,2.13,ok
1785473518.486,2.75,ok
1785473518.499,1.88,ok
1785473518.516,2.02,ok
1785473518.533,1.83,ok
1785473518.550,2.18,ok
1785473518.567,1.95,ok
1785473518.584,1.87,ok
1785473518.601,2.17,ok
1785473518.615,2.08,ok
1785473518.629,1.89,ok
1785473518.647,2.32,ok
1785473518.660,1.73,ok
1785473518.675,2.28,ok
1785473518.692,1.77,ok
1785473518.707,2.26,ok
1785473518.724,1.71,ok
1785473518.737,2.62,ok
1785473518.752,1.93,ok
1785473518.768,1.85,ok
1785473518.781,1.91,ok
1785473518.793,1.61,ok
1785473518.810,1.92,ok
1785473518.831,5.79,ok
1785473518.848,2.27,ok
1785473518.863,1.80,ok
1785473518.880,1.87,ok
1785473518.892,1.53,ok
1785473518.906,2.50,ok
1785473518.923,2.01,ok
1785473518.936,1.84,ok
1785473518.952,2.27,ok
1785473518.970,2.59,ok
1785473518.987,2.01,ok
1785473519.003,3.33,ok
1785473519.019,2.21,ok
1785473519.032,1.82,ok
1785473519.049,2.45,ok
1785473519.072,7.75,ok
1785473519.084,1.97,ok
1785473519.100,2.14,ok
1785473519.114,3.61,ok
1785473519.131,1.77,ok
1785473519.144,2.59,ok
1785473519.162,3.32,ok
1785473519.178,3.27,ok
1785473519.195,1.97,ok
1785473519.209,1.96,ok
1785473519.227,3.02,ok
1785473519.239,2.23,ok
1785473519.254,1.82,ok
1785473519.269,2.36,ok
1785473519.286,1.92,ok
1785473519.299,2.36,ok
1785473519.314,1.85,ok
1785473519.327,1.71,ok
1785473519.340,2.00,ok
1785473519.356,1.96,ok
1785473519.369,1.89,ok
1785473519.384,1.71,ok
1785473519.396,1.80,ok
1785473519.408,1.83,ok
1785473519.421,1.78,ok
1785473519.435,1.98,ok
1785473519.450,1.97,ok
1785473519.467,3.65,ok
1785473519.484,2.26,ok
1785473519.501,1.85,ok
1785473519.515,1.71,ok
1785473519.528,1.90,ok
1785473519.544,1.86,ok
1785473519.560,2.71,ok
1785473519.575,1.96,ok
1785473519.592,1.89,ok
1785473519.608,1.84,ok
1785473519.625,1.91,ok
1785473519.639,1.87,ok
1785473519.654,2.00,ok
1785473519.668,2.12,ok
1785473519.684,2.32,ok
1785473519.698,1.66,ok
1785473519.713,1.87,ok
1785473519.730,1.98,ok
1785473519.747,2.19,ok
1785473519.759,1.85,ok
1785473519.777,3.09,ok
1785473519.789,1.58,ok
1785473519.802,1.94,ok
1785473519.820,2.86,ok
1785473519.835,1.92,ok
1785473519.848,1.48,ok
1785473519.861,1.59,ok
1785473519.876,2.08,ok
1785473519.890,2.07,ok
1785473519.908,2.41,ok
1785473519.925,2.42,ok
1785473519.943,2.38,ok
1785473519.960,2.52,ok
1785473519.978,2.25,ok
1785473519.994,2.41,ok
1785473520.012,2.34,ok
1785473520.028,1.87,ok
1785473520.044,2.29,ok
1785473520.058,2.43,ok
1785473520.078,4.54,ok
1785473520.092,3.11,ok
1785473520.110,2.60,ok
1785473520.127,2.12,ok
1785473520.144,1.95,ok
1785473520.161,2.29,ok
1785473520.177,1.95,ok
1785473520.191,1.83,ok
1785473520.204,2.49,ok
1785473520.218,1.73,ok
1785473520.230,1.72,ok
1785473520.247,1.85,ok
1785473520.261,1.77,ok
1785473520.273,1.81,ok
1785473520.290,1.79,ok
1785473520.304,1.94,ok
1785473520.316,1.57,ok
1785473520.333,1.48,ok
1785473520.350,2.37,ok
1785473520.367,1.91,ok
1785473520.385,3.12,ok
1785473520.402,1.85,ok
1785473520.419,2.21,ok
1785473520.434,1.98,ok
1785473520.449,1.74,ok
1785473520.466,2.05,ok
1785473520.483,2.27,ok
1785473520.497,1.96,ok
1785473520.510,1.97,ok
1785473520.527,1.90,ok
1785473520.543,1.76,ok
1785473520.559,2.13,ok
1785473520.573,2.04,ok
1785473520.590,1.81,ok
1785473520.607,2.04,ok
1785473520.621,2.13,ok
1785473520.635,1.87,ok
1785473520.650,2.59,ok
1785473520.667,2.25,ok
1785473520.684,1.86,ok
1785473520.698,3.22,ok
1785473520.712,1.79,ok
1785473520.729,1.85,ok
1785473520.745,2.22,ok
1785473520.762,2.09,ok
1785473520.777,3.12,ok
1785473520.792,2.09,ok
1785473520.810,3.80,ok
1785473520.826,2.14,ok
1785473520.843,1.88,ok
1785473520.859,1.97,ok
1785473520.876,2.08,ok
1785473520.893,2.01,ok
1785473520.909,2.27,ok
1785473520.927,3.42,ok
1785473520.942,2.29,ok
1785473520.959,2.04,ok
1785473520.976,2.47,ok
1785473520.989,2.07,ok
1785473521.002,2.03,ok
1785473521.017,1.93,ok
1785473521.031,2.10,ok
1785473521.051,4.85,ok
1785473521.075,8.63,ok
1785473521.092,2.32,ok
1785473521.108,1.86,ok
1785473521.125,1.97,ok
1785473521.142,1.96,ok
1785473521.154,1.70,ok
1785473521.168,1.95,ok
1785473521.185,1.82,ok
1785473521.200,2.12,ok
1785473521.214,2.01,ok
1785473521.231,1.95,ok
1785473521.248,1.86,ok
1785473521.265,5.56,ok
1785473521.280,1.66,ok
1785473521.293,2.63,ok
1785473521.311,2.61,ok
1785473521.326,2.51,ok
1785473521.340,1.71,ok
1785473521.353,2.17,ok
1785473521.368,3.39,ok
1785473521.384,1.76,ok
1785473521.396,1.67,ok
1785473521.413,1.86,ok
1785473521.428,3.79,ok
1785473521.442,2.45,ok
1785473521.460,2.47,ok
1785473521.484,8.78,ok
1785473521.497,2.43,ok
1785473521.516,3.45,ok
1785473521.535,4.39,ok
1785473521.555,5.74,ok
1785473521.570,3.09,ok
1785473521.583,1.82,ok
1785473521.597,1.66,ok
1785473521.611,2.00,ok
1785473521.629,2.18,ok
1785473521.644,2.13,ok
1785473521.662,2.92,ok
1785473521.674,1.66,ok
1785473521.691,2.15,ok
1785473521.704,2.11,ok
1785473521.721,2.13,ok
1785473521.738,2.21,ok
1785473521.752,1.99,ok
1785473521.768,1.88,ok
1785473521.781,1.92,ok
1785473521.799,2.00,ok
1785473521.816,2.02,ok
1785473521.833,2.10,ok
1785473521.850,1.66,ok
1785473521.866,1.97,ok
1785473521.882,1.83,ok
1785473521.897,2.03,ok
1785473521.911,2.33,ok
1785473521.927,1.85,ok
1785473521.944,1.93,ok
1785473521.961,1.99,ok
1785473521.978,1.85,ok
1785473521.990,1.72,ok
1785473522.007,2.09,ok
1785473522.023,2.24,ok
1785473522.040,2.00,ok
1785473522.058,2.45,ok
1785473522.078,9.10,ok
1785473522.094,2.23,ok
1785473522.108,2.07,ok
1785473522.121,2.08,ok
1785473522.138,2.05,ok
1785473522.154,1.76,ok
1785473522.167,1.85,ok
1785473522.182,2.27,ok
1785473522.195,1.86,ok
1785473522.212,2.09,ok
1785473522.237,10.22,ok
1785473522.254,2.31,ok
1785473522.267,1.82,ok
1785473522.286,4.80,ok
1785473522.303,1.82,ok
1785473522.319,2.11,ok
1785473522.335,2.28,ok
1785473522.349,3.19,ok
1785473522.366,1.95,ok
1785473522.379,2.28,ok
1785473522.397,2.23,ok
1785473522.409,1.94,ok
1785473522.424,1.91,ok
1785473522.440,2.09,ok
1785473522.457,1.84,ok
1785473522.471,2.05,ok
1785473522.488,2.33,ok
1785473522.502,2.00,ok
1785473522.517,2.02,ok
1785473522.534,2.08,ok
1785473522.550,3.10,ok
1785473522.564,1.94,ok
1785473522.582,2.51,ok
1785473522.599,1.73,ok
1785473522.615,1.51,ok
1785473522.630,2.05,ok
1785473522.646,1.62,ok
1785473522.664,2.45,ok
1785473522.678,1.75,ok
1785473522.693,1.72,ok
1785473522.711,2.16,ok
1785473522.723,1.88,ok
1785473522.740,1.99,ok
1785473522.753,2.18,ok
1785473522.767,2.52,ok
1785473522.782,2.42,ok
1785473522.799,1.53,ok
1785473522.815,2.27,ok
1785473522.831,1.85,ok
1785473522.849,2.25,ok
1785473522.864,1.81,ok
1785473522.877,1.92,ok
1785473522.892,1.82,ok
1785473522.910,2.27,ok
1785473522.925,2.20,ok
1785473522.941,2.89,ok
1785473522.959,3.04,ok
1785473522.971,1.68,ok
1785473522.986,2.22,ok
1785473523.000,2.00,ok
1785473523.017,2.06,ok
1785473523.034,1.75,ok
1785473523.051,1.70,ok
1785473523.063,1.96,ok
1785473523.079,4.18,ok
1785473523.092,1.73,ok
1785473523.105,1.76,ok
1785473523.118,1.85,ok
1785473523.134,2.48,ok
1785473523.151,2.33,ok
1785473523.168,2.13,ok
1785473523.184,2.52,ok
1785473523.196,1.97,ok
1785473523.210,1.85,ok
1785473523.227,1.92,ok
1785473523.244,2.25,ok
1785473523.259,1.81,ok
1785473523.276,2.23,ok
1785473523.293,2.08,ok
1785473523.310,1.64,ok
1785473523.326,2.45,ok
1785473523.344,3.72,ok
1785473523.361,3.20,ok
1785473523.374,1.86,ok
1785473523.388,1.85,ok
1785473523.402,2.01,ok
1785473523.418,2.71,ok
1785473523.430,1.73,ok
1785473523.445,1.62,ok
1785473523.462,1.80,ok
1785473523.479,1.87,ok
1785473523.491,1.92,ok
1785473523.505,3.37,ok
1785473523.523,2.04,ok
1785473523.539,1.68,ok
1785473523.555,2.20,ok
1785473523.567,1.89,ok
1785473523.584,2.06,ok
1785473523.601,1.87,ok
1785473523.619,1.99,ok
1785473523.635,1.75,ok
1785473523.648,2.17,ok
1785473523.666,2.79,ok
1785473523.684,2.34,ok
1785473523.701,1.81,ok
1785473523.713,1.54,ok
1785473523.727,2.34,ok
1785473523.741,1.85,ok
1785473523.754,1.91,ok
1785473523.770,1.96,ok
1785473523.785,1.70,ok
1785473523.802,2.02,ok
1785473523.817,3.43,ok
1785473523.834,1.91,ok
1785473523.849,2.02,ok
1785473523.866,1.82,ok
1785473523.880,2.16,ok
1785473523.894,1.91,ok
1785473523.907,1.89,ok
1785473523.923,1.85,ok
1785473523.939,2.26,ok
1785473523.956,1.76,ok
1785473523.971,1.71,ok
1785473523.986,2.94,ok
1785473523.999,1.59,ok
1785473524.016,1.82,ok
1785473524.033,2.72,ok
1785473524.050,2.06,ok
1785473524.069,3.78,ok
1785473524.085,2.02,ok
1785473524.098,1.80,ok
1785473524.113,2.14,ok
1785473524.127,2.02,ok
1785473524.139,1.71,ok
1785473524.152,1.86,ok
1785473524.167,1.90,ok
1785473524.185,2.42,ok
1785473524.202,2.08,ok
1785473524.219,2.28,ok
1785473524.236,1.98,ok
1785473524.253,1.98,ok
1785473524.271,4.08,ok
1785473524.287,3.82,ok
1785473524.299,1.86,ok
1785473524.321,7.47,ok
1785473524.336,2.86,ok
1785473524.350,1.76,ok
1785473524.367,2.08,ok
1785473524.383,2.15,ok
1785473524.399,1.97,ok
1785473524.417,3.76,ok
1785473524.436,4.93,ok
1785473524.452,2.20,ok
1785473524.468,3.05,ok
1785473524.481,1.82,ok
1785473524.497,2.19,ok
1785473524.514,2.39,ok
1785473524.528,1.98,ok
1785473524.545,2.00,ok
1785473524.562,2.03,ok
1785473524.574,1.92,ok
1785473524.589,2.20,ok
1785473524.602,1.92,ok
1785473524.619,1.89,ok
1785473524.636,1.94,ok
1785473524.652,2.32,ok
1785473524.669,2.07,ok
1785473524.686,2.15,ok
1785473524.703,2.00,ok
1785473524.719,2.65,ok
1785473524.733,2.18,ok
1785473524.745,1.70,ok
1785473524.760,1.83,ok
1785473524.775,1.94,ok
1785473524.793,3.42,ok
1785473524.808,1.61,ok
1785473524.825,1.76,ok
1785473524.842,1.59,ok
1785473524.860,3.44,ok
1785473524.873,1.77,ok
1785473524.886,1.84,ok
1785473524.903,1.91,ok
1785473524.919,2.15,ok
1785473524.935,1.97,ok
1785473524.952,1.99,ok
1785473524.969,1.99,ok
1785473524.983,1.91,ok
1785473524.998,2.48,ok
1785473525.011,2.51,ok
1785473525.028,2.00,ok
1785473525.046,2.38,ok
1785473525.060,2.13,ok
1785473525.082,6.35,ok
1785473525.099,2.38,ok
1785473525.117,2.70,ok
1785473525.131,1.94,ok
1785473525.145,3.53,ok
1785473525.160,1.97,ok
1785473525.178,2.34,ok
1785473525.192,1.81,ok
1785473525.207,1.90,ok
1785473525.223,2.10,ok
1785473525.238,1.72,ok
1785473525.252,2.08,ok
1785473525.266,2.24,ok
1785473525.281,3.78,ok
1785473525.299,2.25,ok
1785473525.312,2.19,ok
1785473525.329,1.76,ok
1785473525.346,1.91,ok
1785473525.360,1.80,ok
1785473525.377,2.37,ok
1785473525.394,1.93,ok
1785473525.406,1.93,ok
1785473525.424,2.21,ok
1785473525.437,1.88,ok
1785473525.454,1.83,ok
1785473525.470,3.10,ok
1785473525.487,2.18,ok
1785473525.504,3.48,ok
1785473525.519,2.54,ok
1785473525.533,1.76,ok
1785473525.549,2.25,ok
1785473525.564,4.13,ok
1785473525.577,2.04,ok
1785473525.593,1.85,ok
1785473525.610,2.00,ok
1785473525.627,1.71,ok
1785473525.643,1.71,ok
1785473525.661,2.52,ok
1785473525.675,1.82,ok
1785473525.688,1.96,ok
1785473525.705,1.80,ok
1785473525.719,1.98,ok
1785473525.736,1.99,ok
1785473525.753,2.20,ok
1785473525.768,2.09,ok
1785473525.784,2.43,ok
1785473525.799,1.84,ok
1785473525.816,1.74,ok
1785473525.833,1.88,ok
1785473525.848,1.87,ok
1785473525.862,2.85,ok
1785473525.876,2.04,ok
1785473525.894,2.02,ok
1785473525.909,1.92,ok
1785473525.927,2.11,ok
1785473525.944,1.93,ok
1785473525.961,2.12,ok
1785473525.978,2.03,ok
1785473525.993,1.90,ok
1785473526.009,2.07,ok
1785473526.026,2.25,ok
1785473526.044,2.77,ok
1785473526.060,1.90,ok
1785473526.086,13.86,ok
1785473526.102,2.11,ok
1785473526.115,2.02,ok
1785473526.131,3.14,ok
1785473526.143,1.92,ok
1785473526.160,2.14,ok
1785473526.178,2.02,ok
1785473526.193,3.38,ok
1785473526.210,2.14,ok
1785473526.223,1.83,ok
1785473526.239,1.87,ok
1785473526.255,1.71,ok
1785473526.267,1.77,ok
1785473526.280,1.84,ok
1785473526.297,2.23,ok
1785473526.314,1.94,ok
1785473526.329,2.52,ok
1785473526.344,2.03,ok
1785473526.360,1.85,ok
1785473526.377,1.95,ok
1785473526.393,2.06,ok
1785473526.410,1.66,ok
1785473526.425,2.13,ok
1785473526.437,1.68,ok
1785473526.451,1.91,ok
1785473526.466,1.85,ok
1785473526.480,3.17,ok
1785473526.494,1.65,ok
1785473526.511,1.83,ok
1785473526.527,1.67,ok
1785473526.543,1.80,ok
1785473526.556,1.83,ok
1785473526.574,2.87,ok
1785473526.592,3.26,ok
1785473526.605,2.69,ok
1785473526.618,1.89,ok
1785473526.634,2.44,ok
1785473526.646,1.79,ok
1785473526.663,2.05,ok
1785473526.680,1.87,ok
1785473526.693,1.79,ok
1785473526.710,1.90,ok
1785473526.724,3.14,ok
1785473526.740,2.00,ok
1785473526.757,1.88,ok
1785473526.770,1.85,ok
1785473526.786,1.87,ok
1785473526.803,1.92,ok
1785473526.820,2.27,ok
1785473526.837,1.80,ok
1785473526.854,2.13,ok
1785473526.870,2.76,ok
1785473526.887,2.32,ok
1785473526.903,1.97,ok
1785473526.919,2.07,ok
1785473526.934,1.78,ok
1785473526.951,2.12,ok
1785473526.968,1.93,ok
1785473526.985,2.01,ok
1785473527.002,1.97,ok
1785473527.019,1.81,ok
1785473527.036,2.33,ok
1785473527.052,1.96,ok
1785473527.069,2.12,ok
1785473527.088,3.51,ok
1785473527.105,1.87,ok
1785473527.118,2.25,ok
1785473527.130,2.30,ok
1785473527.144,2.31,ok
1785473527.161,2.20,ok
1785473527.176,3.37,ok
1785473527.189,1.81,ok
1785473527.205,1.95,ok
1785473527.222,2.32,ok
1785473527.239,2.03,ok
1785473527.252,1.97,ok
1785473527.269,2.38,ok
1785473527.287,2.33,ok
1785473527.302,1.86,ok
1785473527.319,1.91,ok
1785473527.335,1.79,ok
1785473527.351,1.98,ok
1785473527.367,1.64,ok
1785473527.384,2.05,ok
1785473527.401,2.55,ok
1785473527.416,2.01,ok
1785473527.433,1.78,ok
1785473527.451,2.18,ok
1785473527.468,1.82,ok
1785473527.485,2.70,ok
1785473527.501,3.57,ok
1785473527.518,2.03,ok
1785473527.534,2.08,ok
1785473527.549,1.70,ok
1785473527.564,2.88,ok
1785473527.576,1.91,ok
1785473527.592,1.91,ok
1785473527.606,1.80,ok
1785473527.621,2.37,ok
1785473527.638,2.06,ok
1785473527.650,1.73,ok
1785473527.668,2.41,ok
1785473527.681,2.33,ok
1785473527.699,3.50,ok
1785473527.715,2.13,ok
1785473527.731,2.83,ok
1785473527.745,1.86,ok
1785473527.759,1.81,ok
1785473527.772,1.77,ok
1785473527.787,2.09,ok
1785473527.803,1.80,ok
1785473527.820,1.96,ok
1785473527.833,1.63,ok
1785473527.847,2.07,ok
1785473527.859,2.10,ok
1785473527.877,2.54,ok
1785473527.892,2.17,ok
1785473527.909,1.87,ok
1785473527.923,1.97,ok
1785473527.935,1.84,ok
1785473527.951,1.90,ok
1785473527.964,2.16,ok
1785473527.980,1.98,ok
1785473527.993,1.88,ok
1785473528.010,2.33,ok
1785473528.028,2.74,ok
1785473528.040,1.84,ok
1785473528.055,2.05,ok
1785473528.071,1.89,ok
1785473528.087,4.28,ok
1785473528.100,2.10,ok
1785473528.117,2.25,ok
1785473528.130,2.05,ok
1785473528.145,1.98,ok
1785473528.162,1.81,ok
1785473528.177,2.08,ok
1785473528.194,2.08,ok
1785473528.210,2.36,ok
1785473528.223,2.00,ok
1785473528.240,2.06,ok
1785473528.254,2.06,ok
1785473528.268,3.38,ok
1785473528.286,2.25,ok
1785473528.300,1.84,ok
1785473528.317,2.39,ok
1785473528.330,2.05,ok
1785473528.346,2.09,ok
1785473528.358,1.69,ok
1785473528.375,1.76,ok
1785473528.392,1.89,ok
1785473528.409,2.00,ok
1785473528.426,1.74,ok
1785473528.439,1.62,ok
1785473528.454,1.93,ok
1785473528.470,1.66,ok
1785473528.486,1.99,ok
1785473528.501,1.84,ok
1785473528.518,2.07,ok
1785473528.535,2.12,ok
1785473528.553,2.12,ok
1785473528.568,1.99,ok
1785473528.580,2.06,ok
1785473528.596,4.52,ok
1785473528.612,2.27,ok
1785473528.627,1.78,ok
1785473528.643,1.68,ok
1785473528.661,1.89,ok
1785473528.673,1.94,ok
1785473528.685,1.87,ok
1785473528.701,2.91,ok
1785473528.718,2.05,ok
1785473528.735,1.82,ok
1785473528.749,1.90,ok
1785473528.763,1.86,ok
1785473528.778,2.14,ok
1785473528.793,1.72,ok
1785473528.810,1.82,ok
1785473528.828,3.04,ok
1785473528.842,2.06,ok
1785473528.860,2.08,ok
1785473528.873,1.94,ok
1785473528.886,1.75,ok
1785473528.899,1.46,ok
1785473528.916,1.88,ok
1785473528.930,1.80,ok
1785473528.944,1.87,ok
1785473528.956,1.78,ok
1785473528.974,3.10,ok
1785473528.988,3.18,ok
1785473529.002,1.81,ok
1785473529.015,1.82,ok
1785473529.028,2.07,ok
1785473529.042,1.80,ok
1785473529.059,2.30,ok
1785473529.076,2.06,ok
1785473529.089,1.74,ok
1785473529.102,2.04,ok
1785473529.116,1.96,ok
1785473529.135,3.94,ok
1785473529.153,3.15,ok
1785473529.170,2.16,ok
1785473529.187,2.07,ok
1785473529.203,3.16,ok
1785473529.220,2.23,ok
1785473529.237,1.69,ok
1785473529.254,2.14,ok
1785473529.271,1.94,ok
1785473529.288,1.77,ok
1785473529.302,2.06,ok
1785473529.317,2.07,ok
1785473529.335,2.62,ok
1785473529.354,3.90,ok
1785473529.369,2.58,ok
1785473529.386,2.75,ok
1785473529.401,2.47,ok
1785473529.420,3.92,ok
1785473529.437,1.85,ok
1785473529.451,2.68,ok
1785473529.466,2.15,ok
1785473529.479,2.13,ok
1785473529.494,2.28,ok
1785473529.512,3.69,ok
1785473529.527,2.07,ok
1785473529.540,2.14,ok
1785473529.553,2.21,ok
1785473529.571,2.18,ok
1785473529.587,3.75,ok
1785473529.605,2.03,ok
1785473529.622,2.07,ok
1785473529.636,2.59,ok
1785473529.655,4.98,ok
1785473529.672,2.54,ok
1785473529.685,2.27,ok
1785473529.702,3.60,ok
1785473529.715,2.07,ok
1785473529.729,2.10,ok
1785473529.747,3.46,ok
1785473529.760,2.02,ok
1785473529.774,3.31,ok
1785473529.791,2.10,ok
1785473529.806,1.92,ok
1785473529.820,2.30,ok
1785473529.836,2.34,ok
1785473529.861,11.76,ok
1785473529.880,5.19,ok
1785473529.894,2.00,ok
1785473529.911,2.29,ok
1785473529.927,2.07,ok
1785473529.945,3.49,ok
1785473529.963,2.18,ok
1785473529.980,3.41,ok
1785473529.995,2.93,ok
1785473530.012,2.04,ok
1785473530.028,3.27,ok
1785473530.044,1.99,ok
1785473530.059,1.94,ok
1785473530.073,2.02,ok
1785473530.092,5.38,ok
1785473530.106,1.73,ok
1785473530.123,1.95,ok
1785473530.137,2.48,ok
1785473530.149,1.93,ok
1785473530.166,2.15,ok
1785473530.184,2.15,ok
1785473530.197,2.09,ok
1785473530.210,2.29,ok
1785473530.226,2.17,ok
1785473530.243,1.88,ok
1785473530.258,1.79,ok
1785473530.271,2.14,ok
1785473530.286,2.26,ok
1785473530.303,3.61,ok
1785473530.317,2.25,ok
1785473530.330,1.81,ok
1785473530.346,2.11,ok
1785473530.363,2.09,ok
1785473530.376,1.99,ok
1785473530.393,2.23,ok
1785473530.411,2.19,ok
1785473530.428,1.92,ok
1785473530.440,1.97,ok
1785473530.455,1.99,ok
1785473530.468,1.95,ok
1785473530.481,1.77,ok
1785473530.493,1.52,ok
1785473530.511,1.98,ok
1785473530.528,3.21,ok
1785473530.542,1.86,ok
1785473530.559,2.35,ok
1785473530.574,1.97,ok
1785473530.587,1.98,ok
1785473530.604,2.05,ok
1785473530.616,1.97,ok
1785473530.628,1.88,ok
1785473530.643,1.74,ok
1785473530.660,1.91,ok
1785473530.677,1.88,ok
1785473530.693,1.83,ok
1785473530.708,1.85,ok
1785473530.721,1.76,ok
1785473530.739,3.41,ok
1785473530.754,2.10,ok
1785473530.770,2.13,ok
1785473530.785,2.41,ok
1785473530.802,1.91,ok
1785473530.817,1.63,ok
1785473530.833,1.79,ok
1785473530.848,2.59,ok
1785473530.867,4.00,ok
1785473530.885,3.04,ok
1785473530.905,4.57,ok
1785473530.920,1.82,ok
1785473530.932,1.63,ok
1785473530.950,2.39,ok
1785473530.962,2.14,ok
1785473530.977,1.90,ok
1785473530.993,1.96,ok
1785473531.008,1.62,ok
1785473531.025,2.07,ok
1785473531.041,2.08,ok
1785473531.057,1.97,ok
1785473531.074,2.19,ok
1785473531.091,2.61,ok
1785473531.105,1.84,ok
1785473531.117,2.13,ok
1785473531.135,2.05,ok
1785473531.148,1.80,ok
1785473531.163,1.42,ok
1785473531.178,1.66,ok
1785473531.195,2.06,ok
1785473531.212,1.86,ok
1785473531.226,2.46,ok
1785473531.244,2.53,ok
1785473531.261,2.23,ok
1785473531.276,2.33,ok
1785473531.289,2.01,ok
1785473531.302,1.93,ok
1785473531.319,2.00,ok
1785473531.333,2.02,ok
1785473531.347,1.72,ok
1785473531.364,2.69,ok
1785473531.380,1.73,ok
1785473531.397,2.24,ok
1785473531.410,2.32,ok
1785473531.428,2.85,ok
1785473531.444,2.30,ok
1785473531.459,1.99,ok
1785473531.476,2.00,ok
1785473531.494,2.51,ok
1785473531.510,2.92,ok
1785473531.525,2.04,ok
1785473531.537,1.70,ok
1785473531.554,2.00,ok
1785473531.571,1.93,ok
1785473531.583,1.74,ok
1785473531.600,2.01,ok
1785473531.617,2.38,ok
1785473531.634,2.02,ok
1785473531.645,1.68,ok
1785473531.658,1.63,ok
1785473531.675,1.89,ok
1785473531.688,1.94,ok
1785473531.702,1.72,ok
1785473531.719,2.07,ok
1785473531.736,2.20,ok
1785473531.753,1.83,ok
1785473531.769,1.92,ok
1785473531.781,2.04,ok
1785473531.795,2.01,ok
1785473531.811,2.06,ok
1785473531.823,2.13,ok
1785473531.840,2.04,ok
1785473531.854,2.03,ok
1785473531.868,3.28,ok
1785473531.883,1.89,ok
1785473531.898,3.27,ok
1785473531.917,3.17,ok
1785473531.932,1.96,ok
1785473531.949,1.96,ok
1785473531.962,1.83,ok
1785473531.978,1.64,ok
1785473531.995,1.66,ok
1785473532.009,2.00,ok
1785473532.023,2.78,ok
1785473532.037,1.62,ok
1785473532.051,2.35,ok
1785473532.068,1.75,ok
1785473532.088,8.13,ok
1785473532.101,2.14,ok
1785473532.118,1.95,ok
1785473532.134,2.42,ok
1785473532.151,1.99,ok
1785473532.168,2.05,ok
1785473532.184,3.74,ok
1785473532.202,2.51,ok
1785473532.219,2.21,ok
1785473532.232,1.96,ok
1785473532.245,1.86,ok
1785473532.259,1.72,ok
1785473532.275,1.74,ok
1785473532.288,3.28,ok
1785473532.305,2.25,ok
1785473532.320,2.14,ok
1785473532.336,2.08,ok
1785473532.351,2.20,ok
1785473532.363,1.43,ok
1785473532.376,1.85,ok
1785473532.392,2.15,ok
1785473532.408,1.90,ok
1785473532.425,2.56,ok
1785473532.439,2.07,ok
1785473532.457,2.44,ok
1785473532.470,1.85,ok
1785473532.486,2.34,ok
1785473532.501,2.20,ok
1785473532.514,2.00,ok
1785473532.527,2.14,ok
1785473532.542,2.23,ok
1785473532.561,3.52,ok
1785473532.577,2.15,ok
1785473532.593,2.35,ok
1785473532.605,1.64,ok
1785473532.619,2.26,ok
1785473532.636,2.59,ok
1785473532.653,1.95,ok
1785473532.671,2.70,ok
1785473532.689,3.03,ok
1785473532.701,1.75,ok
1785473532.714,1.60,ok
1785473532.730,1.98,ok
1785473532.746,2.19,ok
1785473532.764,3.08,ok
1785473532.781,2.06,ok
1785473532.799,2.26,ok
1785473532.814,2.24,ok
1785473532.831,2.04,ok
1785473532.844,2.32,ok
1785473532.863,3.82,ok
1785473532.879,2.03,ok
1785473532.896,1.94,ok
1785473532.911,2.34,ok
1785473532.925,1.98,ok
1785473532.944,3.32,ok
1785473532.959,2.02,ok
1785473532.976,2.04,ok
1785473532.993,1.98,ok
1785473533.008,3.04,ok
1785473533.025,2.94,ok
1785473533.042,2.26,ok
1785473533.058,2.22,ok
1785473533.074,2.15,ok
1785473533.095,5.82,ok
1785473533.112,2.14,ok
1785473533.130,3.21,ok
1785473533.145,1.95,ok
1785473533.160,2.26,ok
1785473533.177,2.03,ok
1785473533.190,1.65,ok
1785473533.206,4.30,ok
1785473533.223,2.12,ok
1785473533.235,1.83,ok
1785473533.252,1.95,ok
1785473533.268,1.67,ok
1785473533.285,1.87,ok
1785473533.301,1.99,ok
1785473533.317,1.88,ok
1785473533.334,2.02,ok
1785473533.346,1.38,ok
1785473533.362,1.89,ok
1785473533.377,1.84,ok
1785473533.392,1.81,ok
1785473533.404,2.01,ok
1785473533.420,3.08,ok
1785473533.435,2.16,ok
1785473533.453,2.06,ok
1785473533.469,2.68,ok
1785473533.485,2.72,ok
1785473533.499,1.97,ok
1785473533.514,2.00,ok
1785473533.532,2.40,ok
1785473533.545,2.11,ok
1785473533.563,2.43,ok
1785473533.576,2.83,ok
1785473533.593,2.16,ok
1785473533.611,2.29,ok
1785473533.628,3.59,ok
1785473533.644,1.97,ok
1785473533.661,1.85,ok
1785473533.678,1.85,ok
1785473533.695,1.82,ok
1785473533.712,2.11,ok
1785473533.728,1.89,ok
1785473533.745,1.96,ok
1785473533.759,1.89,ok
1785473533.776,2.00,ok
1785473533.789,2.36,ok
1785473533.804,2.13,ok
1785473533.819,2.03,ok
1785473533.835,1.83,ok
1785473533.850,1.81,ok
1785473533.863,1.57,ok
1785473533.880,1.98,ok
1785473533.893,1.62,ok
1785473533.910,1.90,ok
1785473533.923,1.90,ok
1785473533.936,1.86,ok
1785473533.949,1.87,ok
1785473533.967,3.25,ok
1785473533.979,1.67,ok
1785473533.995,1.56,ok
1785473534.009,2.06,ok
1785473534.023,2.11,ok
1785473534.036,1.60,ok
1785473534.053,1.89,ok
1785473534.070,2.02,ok
1785473534.093,11.02,ok
1785473534.108,1.62,ok
1785473534.121,1.77,ok
1785473534.136,3.50,ok
1785473534.149,1.98,ok
1785473534.167,1.96,ok
1785473534.180,1.85,ok
1785473534.193,1.77,ok
1785473534.208,1.81,ok
1785473534.222,1.69,ok
1785473534.244,6.96,ok
1785473534.260,1.80,ok
1785473534.276,2.64,ok
1785473534.288,1.71,ok
1785473534.305,1.96,ok
1785473534.316,1.81,ok
1785473534.333,1.86,ok
1785473534.345,1.57,ok
1785473534.362,1.94,ok
1785473534.379,1.98,ok
1785473534.396,1.90,ok
1785473534.411,1.85,ok
1785473534.424,1.84,ok
1785473534.439,1.91,ok
1785473534.454,2.23,ok
1785473534.471,1.83,ok
1785473534.485,1.93,ok
1785473534.501,2.14,ok
1785473534.518,2.06,ok
1785473534.534,2.31,ok
1785473534.551,1.89,ok
1785473534.568,1.73,ok
1785473534.579,1.44,ok
1785473534.594,1.69,ok
1785473534.610,1.86,ok
1785473534.625,1.86,ok
1785473534.643,2.94,ok
1785473534.656,1.70,ok
1785473534.671,2.44,ok
1785473534.684,2.26,ok
1785473534.700,1.87,ok
1785473534.714,2.18,ok
1785473534.731,3.23,ok
1785473534.743,1.72,ok
1785473534.758,1.46,ok
1785473534.775,2.04,ok
1785473534.788,1.58,ok
1785473534.800,2.01,ok
1785473534.812,1.67,ok
1785473534.826,1.90,ok
1785473534.842,2.04,ok
1785473534.855,1.89,ok
1785473534.868,1.94,ok
1785473534.884,1.82,ok
1785473534.897,1.72,ok
1785473534.914,1.92,ok
1785473534.930,2.80,ok
1785473534.947,1.98,ok
1785473534.964,2.30,ok
1785473534.977,2.05,ok
1785473534.993,2.37,ok
1785473535.009,1.86,ok
1785473535.027,2.62,ok
1785473535.042,1.73,ok
1785473535.059,2.29,ok
1785473535.074,2.03,ok
1785473535.095,5.92,ok
1785473535.110,1.91,ok
1785473535.126,1.84,ok
1785473535.143,2.11,ok
1785473535.155,1.77,ok
1785473535.172,1.82,ok
1785473535.187,2.82,ok
1785473535.202,2.02,ok
1785473535.214,1.68,ok
1785473535.232,2.42,ok
1785473535.260,13.42,ok
1785473535.280,1.92,ok
1785473535.298,5.80,ok
1785473535.315,1.89,ok
1785473535.332,1.95,ok
1785473535.348,2.16,ok
1785473535.366,3.48,ok
1785473535.379,2.31,ok
1785473535.394,2.01,ok
1785473535.411,2.00,ok
1785473535.428,1.94,ok
1785473535.445,2.15,ok
1785473535.462,1.76,ok
1785473535.475,1.82,ok
1785473535.491,2.07,ok
1785473535.505,1.66,ok
1785473535.518,1.50,ok
1785473535.532,1.93,ok
1785473535.548,2.01,ok
1785473535.561,2.55,ok
1785473535.576,2.92,ok
1785473535.593,1.98,ok
1785473535.611,2.54,ok
1785473535.628,2.09,ok
1785473535.644,1.92,ok
1785473535.656,1.72,ok
1785473535.671,2.10,ok
1785473535.687,1.46,ok
1785473535.700,1.71,ok
1785473535.717,1.99,ok
1785473535.730,1.91,ok
1785473535.747,1.77,ok
1785473535.761,2.01,ok
1785473535.775,1.99,ok
1785473535.789,1.43,ok
1785473535.805,2.00,ok
1785473535.820,1.85,ok
1785473535.832,1.81,ok
1785473535.846,1.69,ok
1785473535.863,2.00,ok
1785473535.876,2.37,ok
1785473535.893,1.89,ok
1785473535.908,2.95,ok
1785473535.922,3.14,ok
1785473535.939,1.81,ok
1785473535.954,1.74,ok
1785473535.967,1.66,ok
1785473535.985,3.13,ok
1785473536.001,2.15,ok
1785473536.018,2.29,ok
1785473536.032,1.69,ok
1785473536.046,2.15,ok
1785473536.062,1.83,ok
1785473536.077,2.34,ok
1785473536.095,2.13,ok
1785473536.109,2.05,ok
1785473536.122,1.83,ok
1785473536.134,2.00,ok
1785473536.151,1.94,ok
1785473536.168,1.93,ok
1785473536.185,1.71,ok
1785473536.202,2.28,ok
1785473536.219,1.98,ok
1785473536.234,2.15,ok
1785473536.251,1.92,ok
1785473536.265,1.92,ok
1785473536.282,1.73,ok
1785473536.299,2.27,ok
1785473536.315,1.81,ok
1785473536.327,1.97,ok
1785473536.346,3.44,ok
1785473536.363,1.93,ok
1785473536.378,3.37,ok
1785473536.395,1.75,ok
1785473536.409,1.93,ok
1785473536.422,1.60,ok
1785473536.436,3.24,ok
1785473536.450,1.85,ok
1785473536.462,1.78,ok
1785473536.479,1.77,ok
1785473536.493,2.00,ok
1785473536.508,1.80,ok
1785473536.520,1.63,ok
1785473536.536,2.14,ok
1785473536.551,2.15,ok
1785473536.568,2.02,ok
1785473536.584,1.94,ok
1785473536.597,2.15,ok
1785473536.609,1.84,ok
1785473536.623,1.85,ok
1785473536.640,1.75,ok
1785473536.657,2.01,ok
1785473536.672,1.76,ok
1785473536.687,1.71,ok
1785473536.704,1.96,ok
1785473536.718,1.59,ok
1785473536.736,2.15,ok
1785473536.748,1.73,ok
1785473536.767,3.53,ok
1785473536.784,2.19,ok
1785473536.796,1.81,ok
1785473536.808,1.63,ok
1785473536.821,1.87,ok
1785473536.833,1.52,ok
1785473536.847,1.83,ok
1785473536.859,1.63,ok
1785473536.875,1.77,ok
1785473536.888,2.40,ok
1785473536.902,2.03,ok
1785473536.919,1.96,ok
1785473536.936,1.97,ok
1785473536.953,2.92,ok
1785473536.970,1.97,ok
1785473536.982,1.43,ok
1785473536.999,1.72,ok
1785473537.016,1.89,ok
1785473537.033,1.96,ok
1785473537.050,2.09,ok
1785473537.066,2.12,ok
1785473537.083,1.89,ok
1785473537.096,2.21,ok
1785473537.111,2.00,ok
1785473537.124,1.63,ok
1785473537.141,1.91,ok
1785473537.158,1.87,ok
1785473537.173,1.91,ok
1785473537.186,1.93,ok
1785473537.202,1.93,ok
1785473537.219,1.96,ok
1785473537.236,1.71,ok
1785473537.252,1.65,ok
1785473537.264,2.00,ok
1785473537.280,1.87,ok
1785473537.294,1.75,ok
1785473537.308,1.49,ok
1785473537.321,1.95,ok
1785473537.336,2.06,ok
1785473537.353,2.76,ok
1785473537.370,2.61,ok
1785473537.384,2.04,ok
1785473537.401,2.02,ok
1785473537.418,1.86,ok
1785473537.432,1.65,ok
1785473537.450,2.35,ok
1785473537.467,3.58,ok
1785473537.481,1.96,ok
1785473537.493,1.70,ok
1785473537.509,1.53,ok
1785473537.522,1.88,ok
1785473537.538,4.16,ok
1785473537.550,1.51,ok
1785473537.569,3.71,ok
1785473537.585,3.31,ok
1785473537.601,1.82,ok
1785473537.619,1.99,ok
1785473537.631,2.00,ok
1785473537.648,1.95,ok
1785473537.663,2.00,ok
1785473537.676,1.77,ok
1785473537.693,1.61,ok
1785473537.709,1.69,ok
1785473537.726,1.64,ok
1785473537.739,1.92,ok
1785473537.753,2.11,ok
1785473537.767,1.84,ok
1785473537.784,1.76,ok
1785473537.801,2.25,ok
1785473537.814,3.05,ok
1785473537.835,5.82,ok
1785473537.849,2.11,ok
1785473537.862,2.01,ok
1785473537.879,2.11,ok
1785473537.894,3.88,ok
1785473537.910,2.21,ok
1785473537.927,2.13,ok
1785473537.944,2.19,ok
1785473537.960,2.30,ok
1785473537.977,1.88,ok
1785473537.992,3.61,ok
1785473538.005,2.74,ok
1785473538.021,2.20,ok
1785473538.036,2.11,ok
1785473538.049,1.75,ok
1785473538.061,1.78,ok
1785473538.076,1.91,ok
1785473538.098,7.84,ok
1785473538.113,1.65,ok
1785473538.125,1.43,ok
1785473538.140,2.01,ok
1785473538.153,2.15,ok
1785473538.170,2.32,ok
1785473538.187,1.91,ok
1785473538.203,3.01,ok
1785473538.221,2.29,ok
1785473538.235,1.76,ok
1785473538.252,1.89,ok
1785473538.267,1.82,ok
1785473538.283,3.66,ok
1785473538.296,1.55,ok
1785473538.312,1.62,ok
1785473538.330,2.17,ok
1785473538.342,2.03,ok
1785473538.359,1.70,ok
1785473538.376,2.98,ok
1785473538.389,1.71,ok
1785473538.406,2.69,ok
1785473538.419,1.90,ok
1785473538.436,1.62,ok
1785473538.453,2.06,ok
1785473538.468,1.81,ok
1785473538.485,2.27,ok
1785473538.502,1.93,ok
1785473538.516,2.64,ok
1785473538.532,1.71,ok
1785473538.550,1.93,ok
1785473538.566,1.76,ok
1785473538.579,1.88,ok
1785473538.594,1.79,ok
1785473538.610,2.07,ok
1785473538.627,1.87,ok
1785473538.643,2.66,ok
1785473538.690,31.35,ok
1785473538.707,2.58,ok
1785473538.725,2.18,ok
1785473538.737,1.69,ok
1785473538.751,1.90,ok
1785473538.765,2.83,ok
1785473538.779,1.60,ok
1785473538.792,2.09,ok
1785473538.807,1.95,ok
1785473538.820,2.19,ok
1785473538.835,1.83,ok
1785473538.851,2.06,ok
1785473538.868,1.89,ok
1785473538.880,2.06,ok
1785473538.893,1.96,ok
1785473538.910,1.70,ok
1785473538.927,1.90,ok
1785473538.943,1.97,ok
1785473538.960,2.07,ok
1785473538.977,1.88,ok
1785473538.993,2.09,ok
1785473539.009,2.19,ok
1785473539.025,1.94,ok
1785473539.039,2.05,ok
1785473539.057,2.62,ok
1785473539.074,1.82,ok
1785473539.099,9.63,ok
1785473539.115,1.93,ok
1785473539.127,1.98,ok
1785473539.140,1.84,ok
1785473539.152,1.70,ok
1785473539.167,1.63,ok
1785473539.182,1.91,ok
1785473539.199,1.97,ok
1785473539.216,1.91,ok
1785473539.229,2.09,ok
1785473539.247,2.06,ok
1785473539.260,2.08,ok
1785473539.272,1.38,ok
1785473539.290,3.27,ok
1785473539.307,3.52,ok
1785473539.321,1.74,ok
1785473539.336,1.96,ok
1785473539.353,1.90,ok
1785473539.370,1.82,ok
1785473539.386,1.98,ok
1785473539.403,2.09,ok
1785473539.417,2.41,ok
1785473539.434,1.84,ok
1785473539.451,1.85,ok
1785473539.468,2.22,ok
1785473539.484,1.86,ok
1785473539.497,1.79,ok
1785473539.514,1.97,ok
1785473539.528,2.31,ok
1785473539.541,2.15,ok
1785473539.558,2.04,ok
1785473539.574,2.08,ok
1785473539.587,2.67,ok
1785473539.602,1.80,ok
1785473539.614,1.80,ok
1785473539.630,1.87,ok
1785473539.643,1.92,ok
1785473539.659,2.91,ok
1785473539.671,1.79,ok
1785473539.688,1.82,ok
1785473539.702,2.17,ok
1785473539.717,1.92,ok
1785473539.730,1.52,ok
1785473539.744,2.26,ok
1785473539.761,1.74,ok
1785473539.774,1.92,ok
1785473539.789,3.90,ok
1785473539.802,1.89,ok
1785473539.819,1.85,ok
1785473539.837,2.29,ok
1785473539.851,2.15,ok
1785473539.865,2.98,ok
1785473539.882,2.09,ok
1785473539.896,2.44,ok
1785473539.913,2.13,ok
1785473539.930,2.54,ok
1785473539.945,2.00,ok
1785473539.962,3.58,ok
1785473539.977,2.02,ok
1785473539.992,2.09,ok
1785473540.007,1.81,ok
1785473540.020,1.96,ok
1785473540.033,1.95,ok
1785473540.050,2.16,ok
1785473540.063,1.78,ok
1785473540.080,1.99,ok
1785473540.094,2.10,ok
1785473540.113,4.42,ok
1785473540.127,1.90,ok
1785473540.144,2.01,ok
1785473540.161,2.26,ok
1785473540.178,1.96,ok
1785473540.196,3.31,ok
1785473540.210,1.85,ok
1785473540.227,2.22,ok
1785473540.245,2.70,ok
1785473540.262,2.19,ok
1785473540.277,2.06,ok
1785473540.292,2.15,ok
1785473540.309,1.97,ok
1785473540.326,1.93,ok
1785473540.340,1.84,ok
1785473540.357,2.15,ok
1785473540.372,1.65,ok
1785473540.386,2.18,ok
1785473540.399,2.15,ok
1785473540.416,2.04,ok
1785473540.430,2.34,ok
1785473540.446,2.16,ok
1785473540.462,2.11,ok
1785473540.479,2.21,ok
1785473540.492,1.84,ok
1785473540.504,1.90,ok
1785473540.518,2.01,ok
1785473540.531,1.96,ok
1785473540.546,1.75,ok
1785473540.560,2.26,ok
1785473540.577,2.25,ok
1785473540.594,1.71,ok
1785473540.611,1.92,ok
1785473540.625,1.62,ok
1785473540.639,1.90,ok
1785473540.654,1.86,ok
1785473540.669,1.99,ok
1785473540.684,1.83,ok
1785473540.697,1.67,ok
1785473540.710,1.87,ok
1785473540.725,3.45,ok
1785473540.742,1.89,ok
1785473540.757,2.66,ok
1785473540.770,2.18,ok
1785473540.783,1.97,ok
1785473540.796,1.88,ok
1785473540.813,1.86,ok
1785473540.829,2.13,ok
1785473540.842,1.91,ok
1785473540.859,1.82,ok
1785473540.878,4.76,ok
1785473540.894,2.00,ok
1785473540.912,3.12,ok
1785473540.924,1.54,ok
1785473540.941,1.99,ok
1785473540.958,2.47,ok
1785473540.975,1.88,ok
1785473540.992,1.85,ok
1785473541.007,2.91,ok
1785473541.020,2.60,ok
1785473541.035,3.20,ok
1785473541.047,1.68,ok
1785473541.064,2.25,ok
1785473541.076,1.64,ok
1785473541.089,1.81,ok
1785473541.104,2.11,ok
1785473541.116,1.70,ok
1785473541.134,2.65,ok
1785473541.151,1.92,ok
1785473541.168,2.00,ok
1785473541.184,3.15,ok
1785473541.199,1.79,ok
1785473541.215,2.03,ok
1785473541.228,1.74,ok
1785473541.244,2.36,ok
1785473541.261,2.53,ok
1785473541.275,1.61,ok
1785473541.289,1.71,ok
1785473541.302,1.88,ok
1785473541.317,1.93,ok
1785473541.331,2.92,ok
1785473541.347,1.77,ok
1785473541.363,2.05,ok
1785473541.378,2.71,ok
1785473541.395,1.78,ok
1785473541.408,1.78,ok
1785473541.426,2.46,ok
1785473541.443,2.04,ok
1785473541.458,2.19,ok
1785473541.471,1.93,ok
1785473541.488,2.03,ok
1785473541.502,1.94,ok
1785473541.517,2.18,ok
1785473541.532,1.75,ok
1785473541.545,1.93,ok
1785473541.563,3.26,ok
1785473541.580,2.44,ok
1785473541.606,11.17,ok
1785473541.619,1.99,ok
1785473541.634,1.75,ok
1785473541.652,3.38,ok
1785473541.667,1.54,ok
1785473541.681,1.88,ok
1785473541.693,1.77,ok
1785473541.710,2.35,ok
1785473541.727,1.98,ok
1785473541.745,3.52,ok
1785473541.759,1.63,ok
1785473541.772,2.08,ok
1785473541.786,2.35,ok
1785473541.802,1.89,ok
1785473541.820,2.77,ok
1785473541.833,1.82,ok
1785473541.851,2.36,ok
1785473541.866,1.64,ok
1785473541.884,2.14,ok
1785473541.900,1.57,ok
1785473541.917,1.76,ok
1785473541.932,1.68,ok
1785473541.945,1.64,ok
1785473541.960,1.78,ok
1785473541.977,2.40,ok
1785473541.992,2.94,ok
1785473542.010,2.79,ok
1785473542.027,2.75,ok
1785473542.044,3.62,ok
1785473542.062,3.68,ok
1785473542.079,1.91,ok
1785473542.094,2.21,ok
1785473542.107,1.68,ok
1785473542.125,1.95,ok
1785473542.142,1.87,ok
1785473542.160,4.35,ok
1785473542.178,2.34,ok
1785473542.191,3.37,ok
1785473542.207,1.73,ok
1785473542.220,2.47,ok
1785473542.235,1.85,ok
1785473542.252,1.89,ok
1785473542.265,1.95,ok
1785473542.280,1.67,ok
1785473542.293,1.72,ok
1785473542.309,1.92,ok
1785473542.326,2.09,ok
1785473542.340,1.65,ok
1785473542.352,1.62,ok
1785473542.364,1.59,ok
1785473542.377,1.76,ok
1785473542.394,1.96,ok
1785473542.410,1.60,ok
1785473542.427,2.05,ok
1785473542.443,4.00,ok
1785473542.456,1.94,ok
1785473542.471,1.96,ok
1785473542.483,1.65,ok
1785473542.496,1.57,ok
1785473542.510,3.03,ok
1785473542.527,1.73,ok
1785473542.543,2.70,ok
1785473542.562,3.84,ok
1785473542.579,1.89,ok
1785473542.592,2.09,ok
1785473542.609,1.48,ok
1785473542.626,1.82,ok
1785473542.640,2.00,ok
1785473542.653,2.40,ok
1785473542.669,1.66,ok
1785473542.684,1.75,ok
1785473542.701,2.14,ok
1785473542.713,1.50,ok
1785473542.727,1.99,ok
1785473542.744,1.91,ok
1785473542.760,1.61,ok
1785473542.777,2.10,ok
1785473542.795,2.49,ok
1785473542.810,1.75,ok
1785473542.827,2.19,ok
1785473542.843,2.83,ok
1785473542.856,1.96,ok
1785473542.873,2.11,ok
1785473542.890,2.05,ok
1785473542.910,4.43,ok
1785473542.926,1.88,ok
1785473542.943,1.86,ok
1785473542.961,3.48,ok
1785473542.977,1.97,ok
1785473542.991,1.98,ok
1785473543.008,2.08,ok
1785473543.022,1.92,ok
1785473543.036,1.86,ok
1785473543.048,1.84,ok
1785473543.065,1.83,ok
1785473543.079,2.07,ok
1785473543.094,2.12,ok
1785473543.111,1.85,ok
1785473543.126,1.80,ok
1785473543.140,1.92,ok
1785473543.153,2.30,ok
1785473543.172,3.67,ok
1785473543.189,1.95,ok
1785473543.206,2.23,ok
1785473543.220,3.55,ok
1785473543.232,1.94,ok
1785473543.246,3.08,ok
1785473543.263,1.74,ok
1785473543.282,3.62,ok
1785473543.295,1.96,ok
1785473543.310,1.94,ok
1785473543.324,1.77,ok
1785473543.341,4.07,ok
1785473543.359,2.21,ok
1785473543.372,3.51,ok
1785473543.387,2.38,ok
1785473543.404,2.11,ok
1785473543.419,1.77,ok
1785473543.433,1.28,ok
1785473543.450,1.97,ok
1785473543.466,1.79,ok
1785473543.482,1.67,ok
1785473543.500,3.13,ok
1785473543.517,1.98,ok
1785473543.534,1.66,ok
1785473543.548,2.07,ok
1785473543.565,1.99,ok
1785473543.578,1.71,ok
1785473543.596,3.03,ok
1785473543.612,1.49,ok
1785473543.627,1.93,ok
1785473543.644,1.91,ok
1785473543.656,1.61,ok
1785473543.670,2.06,ok
1785473543.684,1.53,ok
1785473543.701,2.18,ok
1785473543.714,2.47,ok
1785473543.727,1.94,ok
1785473543.740,2.41,ok
1785473543.755,1.63,ok
1785473543.768,2.10,ok
1785473543.786,2.75,ok
1785473543.799,1.87,ok
1785473543.816,2.32,ok
1785473543.829,1.66,ok
1785473543.847,2.19,ok
1785473543.864,2.12,ok
1785473543.880,2.69,ok
1785473543.898,2.16,ok
1785473543.911,2.04,ok
1785473543.923,1.74,ok
1785473543.937,1.61,ok
1785473543.954,2.11,ok
1785473543.971,1.75,ok
1785473543.986,2.50,ok
1785473544.002,2.06,ok
1785473544.019,1.80,ok
1785473544.032,1.81,ok
1785473544.049,1.50,ok
1785473544.067,3.48,ok
1785473544.084,1.74,ok
1785473544.097,2.13,ok
1785473544.110,1.80,ok
1785473544.127,1.65,ok
1785473544.144,1.90,ok
1785473544.156,1.98,ok
1785473544.173,2.04,ok
1785473544.185,1.90,ok
1785473544.202,2.01,ok
1785473544.219,1.98,ok
1785473544.236,1.75,ok
1785473544.254,2.52,ok
1785473544.271,1.83,ok
1785473544.287,2.38,ok
1785473544.302,2.14,ok
1785473544.321,3.46,ok
1785473544.338,2.31,ok
1785473544.355,1.78,ok
1785473544.371,2.01,ok
1785473544.387,1.80,ok
1785473544.403,1.83,ok
1785473544.418,2.05,ok
1785473544.432,1.88,ok
1785473544.446,3.24,ok
1785473544.462,1.84,ok
1785473544.480,3.66,ok
1785473544.496,1.66,ok
1785473544.513,1.99,ok
1785473544.529,4.29,ok
1785473544.544,1.86,ok
1785473544.556,2.13,ok
1785473544.570,2.46,ok
1785473544.582,1.74,ok
1785473544.595,1.72,ok
1785473544.612,2.12,ok
1785473544.628,1.82,ok
1785473544.645,1.84,ok
1785473544.662,3.68,ok
1785473544.675,1.72,ok
1785473544.692,1.96,ok
1785473544.705,1.63,ok
1785473544.719,1.70,ok
1785473544.732,1.67,ok
1785473544.746,1.65,ok
1785473544.760,1.71,ok
1785473544.778,2.98,ok
1785473544.793,1.87,ok
1785473544.808,1.59,ok
1785473544.821,1.67,ok
1785473544.836,2.62,ok
1785473544.853,2.08,ok
1785473544.868,2.20,ok
1785473544.884,1.90,ok
1785473544.901,2.02,ok
1785473544.918,2.10,ok
1785473544.931,1.83,ok
1785473544.949,2.67,ok
1785473544.962,2.02,ok
1785473544.977,2.14,ok
1785473544.994,2.05,ok
1785473545.009,2.11,ok
1785473545.024,1.89,ok
1785473545.038,1.76,ok
1785473545.055,1.68,ok
1785473545.071,2.22,ok
1785473545.084,1.74,ok
1785473545.109,9.94,ok
1785473545.126,1.80,ok
1785473545.143,1.61,ok
1785473545.159,2.86,ok
1785473545.174,2.04,ok
1785473545.187,1.58,ok
1785473545.204,2.09,ok
1785473545.217,1.92,ok
1785473545.234,1.77,ok
1785473545.252,2.12,ok
1785473545.269,1.86,ok
1785473545.281,1.94,ok
1785473545.296,1.98,ok
1785473545.309,2.14,ok
1785473545.325,2.53,ok
1785473545.342,2.05,ok
1785473545.355,1.91,ok
1785473545.369,1.85,ok
1785473545.383,1.74,ok
1785473545.401,3.50,ok
1785473545.413,1.62,ok
1785473545.431,2.05,ok
1785473545.447,1.65,ok
1785473545.464,1.84,ok
1785473545.480,1.82,ok
1785473545.496,1.71,ok
1785473545.510,2.22,ok
1785473545.524,3.36,ok
1785473545.538,1.54,ok
1785473545.553,3.45,ok
1785473545.569,1.93,ok
1785473545.586,2.62,ok
1785473545.599,1.78,ok
1785473545.612,1.83,ok
1785473545.626,1.82,ok
1785473545.643,1.92,ok
1785473545.660,2.06,ok
1785473545.678,2.19,ok
1785473545.693,2.15,ok
1785473545.710,2.08,ok
1785473545.723,2.41,ok
1785473545.741,3.01,ok
1785473545.755,2.42,ok
1785473545.769,2.07,ok
1785473545.784,2.01,ok
1785473545.796,1.81,ok
1785473545.814,3.13,ok
1785473545.832,2.13,ok
1785473545.847,1.78,ok
1785473545.860,1.56,ok
1785473545.876,2.10,ok
1785473545.893,2.03,ok
1785473545.906,2.26,ok
1785473545.919,2.07,ok
1785473545.936,2.21,ok
1785473545.953,1.72,ok
1785473545.969,1.79,ok
1785473545.986,2.18,ok
1785473546.004,2.98,ok
1785473546.021,2.31,ok
1785473546.040,3.33,ok
1785473546.054,1.80,ok
1785473546.071,2.03,ok
1785473546.085,2.10,ok
1785473546.111,11.17,ok
1785473546.128,2.26,ok
1785473546.140,1.84,ok
1785473546.154,1.73,ok
1785473546.169,1.73,ok
1785473546.184,1.79,ok
1785473546.197,1.73,ok
1785473546.214,1.92,ok
1785473546.230,2.19,ok
1785473546.243,1.85,ok
1785473546.260,1.90,ok
1785473546.276,1.62,ok
1785473546.292,1.90,ok
1785473546.305,2.59,ok
1785473546.320,1.77,ok
1785473546.335,2.58,ok
1785473546.350,1.67,ok
1785473546.363,1.90,ok
1785473546.380,1.91,ok
1785473546.394,2.17,ok
1785473546.411,2.43,ok
1785473546.427,2.23,ok
1785473546.443,1.93,ok
1785473546.457,2.09,ok
1785473546.474,1.86,ok
1785473546.488,2.04,ok
1785473546.502,1.64,ok
1785473546.519,2.32,ok
1785473546.536,1.70,ok
1785473546.552,1.89,ok
1785473546.569,2.18,ok
1785473546.586,2.02,ok
1785473546.602,2.04,ok
1785473546.614,1.92,ok
1785473546.631,1.81,ok
1785473546.645,1.95,ok
1785473546.660,1.82,ok
1785473546.676,1.91,ok
1785473546.693,2.02,ok
1785473546.710,5.39,ok
1785473546.727,1.91,ok
1785473546.743,2.01,ok
1785473546.759,3.33,ok
1785473546.777,2.14,ok
1785473546.793,2.18,ok
1785473546.806,3.38,ok
1785473546.826,4.49,ok
1785473546.840,2.14,ok
1785473546.857,2.41,ok
1785473546.874,1.67,ok
1785473546.889,4.41,ok
1785473546.907,2.07,ok
1785473546.921,1.93,ok
1785473546.934,1.70,ok
1785473546.951,2.16,ok
1785473546.968,1.73,ok
1785473546.985,1.88,ok
1785473547.002,2.06,ok
1785473547.019,1.93,ok
1785473547.037,2.31,ok
1785473547.054,2.20,ok
1785473547.068,2.02,ok
1785473547.086,2.08,ok
1785473547.101,2.16,ok
1785473547.114,1.75,ok
1785473547.131,2.09,ok
1785473547.144,1.99,ok
1785473547.161,2.15,ok
1785473547.175,2.23,ok
1785473547.191,3.30,ok
1785473547.205,2.23,ok
1785473547.219,3.13,ok
1785473547.234,2.19,ok
1785473547.250,1.87,ok
1785473547.267,1.90,ok
1785473547.280,1.87,ok
1785473547.293,2.03,ok
1785473547.306,2.03,ok
1785473547.319,1.89,ok
1785473547.332,1.98,ok
1785473547.345,2.00,ok
1785473547.363,2.48,ok
1785473547.377,2.73,ok
1785473547.394,2.04,ok
1785473547.412,2.42,ok
1785473547.426,2.27,ok
1785473547.442,1.78,ok
1785473547.460,2.59,ok
1785473547.477,2.30,ok
1785473547.492,1.76,ok
1785473547.506,1.79,ok
1785473547.523,1.95,ok
1785473547.535,2.01,ok
1785473547.550,2.03,ok
1785473547.563,1.91,ok
1785473547.580,1.92,ok
1785473547.597,1.93,ok
1785473547.614,1.60,ok
1785473547.627,2.10,ok
1785473547.640,1.99,ok
1785473547.653,1.86,ok
1785473547.669,2.60,ok
1785473547.685,1.88,ok
1785473547.701,1.78,ok
1785473547.718,3.15,ok
1785473547.735,2.02,ok
1785473547.751,2.04,ok
1785473547.768,2.12,ok
1785473547.781,1.94,ok
1785473547.798,1.86,ok
1785473547.815,1.82,ok
1785473547.830,2.02,ok
1785473547.847,2.14,ok
1785473547.863,2.05,ok
1785473547.882,3.16,ok
1785473547.897,3.78,ok
1785473547.910,1.88,ok
1785473547.927,2.58,ok
1785473547.944,2.71,ok
1785473547.959,3.29,ok
1785473547.975,1.96,ok
1785473547.987,1.97,ok
1785473548.004,2.05,ok
1785473548.018,2.80,ok
1785473548.034,2.34,ok
1785473548.054,5.01,ok
1785473548.067,1.72,ok
1785473548.082,3.85,ok
1785473548.099,3.59,ok
1785473548.119,8.54,ok
1785473548.132,1.89,ok
1785473548.148,1.94,ok
1785473548.160,1.85,ok
1785473548.174,1.98,ok
1785473548.191,1.90,ok
1785473548.205,2.03,ok
1785473548.218,2.20,ok
1785473548.233,2.10,ok
1785473548.246,1.80,ok
1785473548.261,2.47,ok
1785473548.275,1.99,ok
1785473548.288,1.67,ok
1785473548.303,1.89,ok
1785473548.321,2.80,ok
1785473548.334,1.80,ok
1785473548.350,1.67,ok
1785473548.364,1.75,ok
1785473548.377,1.87,ok
1785473548.394,2.11,ok
1785473548.407,2.04,ok
1785473548.422,2.15,ok
1785473548.439,1.95,ok
1785473548.452,1.87,ok
1785473548.465,2.15,ok
1785473548.478,1.74,ok
1785473548.494,2.10,ok
1785473548.510,1.94,ok
1785473548.527,2.08,ok
1785473548.544,2.07,ok
1785473548.557,1.91,ok
1785473548.575,3.41,ok
1785473548.590,3.10,ok
1785473548.605,2.86,ok
1785473548.619,2.14,ok
1785473548.636,2.35,ok
1785473548.653,2.12,ok
1785473548.669,1.86,ok
1785473548.681,1.84,ok
1785473548.698,1.86,ok
1785473548.709,1.64,ok
1785473548.723,2.02,ok
1785473548.736,1.82,ok
1785473548.749,1.73,ok
1785473548.766,1.74,ok
1785473548.782,1.79,ok
1785473548.797,1.82,ok
1785473548.815,2.67,ok
1785473548.829,1.90,ok
1785473548.843,2.31,ok
1785473548.856,2.13,ok
1785473548.874,3.39,ok
1785473548.888,3.51,ok
1785473548.902,1.95,ok
1785473548.917,2.14,ok
1785473548.930,2.47,ok
1785473548.947,2.80,ok
1785473548.964,2.06,ok
1785473548.979,3.23,ok
1785473548.994,1.99,ok
1785473549.011,2.02,ok
1785473549.027,2.07,ok
1785473549.043,2.01,ok
1785473549.060,1.97,ok
1785473549.073,1.89,ok
1785473549.090,2.02,ok
1785473549.105,3.36,ok
1785473549.120,2.88,ok
1785473549.134,1.77,ok
1785473549.151,1.97,ok
1785473549.166,1.93,ok
1785473549.180,2.22,ok
1785473549.192,1.83,ok
1785473549.209,1.88,ok
1785473549.226,1.76,ok
1785473549.239,2.39,ok
1785473549.254,2.67,ok
1785473549.267,1.48,ok
1785473549.282,1.95,ok
1785473549.294,1.66,ok
1785473549.306,1.69,ok
1785473549.321,1.48,ok
1785473549.337,1.95,ok
1785473549.351,1.85,ok
1785473549.367,1.89,ok
1785473549.381,3.20,ok
1785473549.395,2.13,ok
1785473549.411,2.10,ok
1785473549.427,3.46,ok
1785473549.444,1.89,ok
1785473549.461,1.89,ok
1785473549.477,1.90,ok
1785473549.494,1.80,ok
1785473549.511,1.96,ok
1785473549.527,1.74,ok
1785473549.546,3.89,ok
1785473549.562,2.73,ok
1785473549.580,2.48,ok
1785473549.597,2.19,ok
1785473549.610,1.90,ok
1785473549.628,2.74,ok
1785473549.645,1.62,ok
1785473549.659,2.01,ok
1785473549.672,1.65,ok
1785473549.688,4.18,ok
1785473549.702,2.15,ok
1785473549.719,2.03,ok
1785473549.732,1.78,ok
1785473549.749,2.06,ok
1785473549.764,1.96,ok
1785473549.777,1.82,ok
1785473549.792,1.67,ok
1785473549.810,2.24,ok
1785473549.827,2.45,ok
1785473549.845,2.08,ok
1785473549.859,1.99,ok
1785473549.876,2.49,ok
1785473549.894,2.64,ok
1785473549.908,2.03,ok
1785473549.924,1.99,ok
1785473549.938,3.15,ok
1785473549.955,2.02,ok
1785473549.971,2.41,ok
1785473549.988,1.98,ok
1785473550.005,2.42,ok
1785473550.020,3.01,ok
1785473550.037,2.24,ok
1785473550.053,2.19,ok
1785473550.065,1.62,ok
1785473550.079,1.83,ok
1785473550.091,1.45,ok
1785473550.110,7.37,ok
1785473550.122,1.70,ok
1785473550.137,1.56,ok
1785473550.152,2.09,ok
1785473550.164,1.90,ok
1785473550.182,2.23,ok
1785473550.197,1.74,ok
1785473550.213,2.13,ok
1785473550.228,2.59,ok
1785473550.241,2.14,ok
1785473550.254,2.01,ok
1785473550.271,1.73,ok
1785473550.285,2.08,ok
1785473550.302,2.23,ok
1785473550.315,1.91,ok
1785473550.332,1.73,ok
1785473550.350,2.26,ok
1785473550.364,2.31,ok
1785473550.377,2.26,ok
1785473550.394,2.00,ok
1785473550.411,3.69,ok
1785473550.428,1.92,ok
1785473550.443,1.89,ok
1785473550.460,1.92,ok
1785473550.473,2.44,ok
1785473550.489,1.55,ok
1785473550.503,2.76,ok
1785473550.515,1.65,ok
1785473550.531,2.15,ok
1785473550.546,1.78,ok
1785473550.563,2.25,ok
1785473550.577,1.96,ok
1785473550.594,1.88,ok
1785473550.608,1.84,ok
1785473550.621,1.84,ok
1785473550.636,1.79,ok
1785473550.653,1.94,ok
1785473550.669,2.07,ok
1785473550.685,1.75,ok
1785473550.701,2.01,ok
1785473550.718,1.82,ok
1785473550.735,1.92,ok
1785473550.753,3.10,ok
1785473550.767,1.88,ok
1785473550.780,1.70,ok
1785473550.794,1.85,ok
1785473550.811,2.00,ok
1785473550.824,2.02,ok
1785473550.840,2.05,ok
1785473550.856,3.30,ok
1785473550.870,2.04,ok
1785473550.886,2.40,ok
1785473550.903,2.87,ok
1785473550.921,2.50,ok
1785473550.938,2.57,ok
1785473550.955,2.02,ok
1785473550.969,2.19,ok
1785473550.986,2.83,ok
1785473550.999,2.06,ok
1785473551.016,2.24,ok
1785473551.032,1.99,ok
1785473551.045,1.94,ok
1785473551.057,1.73,ok
1785473551.076,3.31,ok
1785473551.093,1.83,ok
1785473551.111,6.79,ok
1785473551.125,1.82,ok
1785473551.142,1.79,ok
1785473551.155,2.49,ok
1785473551.172,1.96,ok
1785473551.187,2.27,ok
1785473551.204,2.20,ok
1785473551.220,2.88,ok
1785473551.235,2.60,ok
1785473551.250,2.22,ok
1785473551.263,1.90,ok
1785473551.278,2.15,ok
1785473551.292,2.17,ok
1785473551.309,2.34,ok
1785473551.326,1.82,ok
1785473551.342,2.19,ok
1785473551.359,2.01,ok
1785473551.375,1.97,ok
1785473551.389,1.67,ok
1785473551.406,1.79,ok
1785473551.420,2.05,ok
1785473551.438,3.57,ok
1785473551.454,3.64,ok
1785473551.469,1.88,ok
1785473551.486,2.09,ok
1785473551.500,1.87,ok
1785473551.513,1.86,ok
1785473551.528,3.60,ok
1785473551.544,1.78,ok
1785473551.561,1.90,ok
1785473551.577,1.90,ok
1785473551.591,1.95,ok
1785473551.606,3.19,ok
1785473551.622,3.69,ok
1785473551.646,9.12,ok
1785473551.664,3.57,ok
1785473551.682,3.47,ok
1785473551.698,2.22,ok
1785473551.714,5.08,ok
1785473551.730,6.39,ok
1785473551.747,2.17,ok
1785473551.764,2.44,ok
1785473551.785,5.49,ok
1785473551.800,2.05,ok
1785473551.817,2.36,ok
1785473551.835,2.76,ok
1785473551.850,1.73,ok
1785473551.867,1.93,ok
1785473551.882,1.91,ok
1785473551.895,1.65,ok
1785473551.912,2.18,ok
1785473551.926,1.94,ok
1785473551.941,1.83,ok
1785473551.958,2.21,ok
1785473551.973,1.85,ok
1785473551.988,1.97,ok
1785473552.004,2.27,ok
1785473552.019,2.56,ok
1785473552.036,1.96,ok
1785473552.051,2.10,ok
1785473552.069,2.79,ok
1785473552.082,1.71,ok
1785473552.099,2.52,ok
1785473552.117,2.14,ok
1785473552.134,1.87,ok
1785473552.151,2.65,ok
1785473552.167,2.55,ok
1785473552.185,3.40,ok
1785473552.215,14.15,ok
1785473552.231,5.63,ok
1785473552.247,2.02,ok
1785473552.263,1.67,ok
1785473552.280,2.09,ok
1785473552.294,2.20,ok
1785473552.310,1.66,ok
1785473552.323,1.99,ok
1785473552.340,1.86,ok
1785473552.353,1.99,ok
1785473552.369,2.26,ok
1785473552.384,1.87,ok
1785473552.401,2.10,ok
1785473552.415,2.32,ok
1785473552.429,2.02,ok
1785473552.443,1.96,ok
1785473552.458,1.99,ok
1785473552.475,2.10,ok
1785473552.492,2.06,ok
1785473552.509,1.67,ok
1785473552.524,1.58,ok
1785473552.541,1.99,ok
1785473552.554,1.95,ok
1785473552.571,2.01,ok
1785473552.588,1.84,ok
1785473552.599,1.51,ok
1785473552.613,1.68,ok
1785473552.626,2.05,ok
1785473552.642,2.61,ok
1785473552.659,2.04,ok
1785473552.674,1.83,ok
1785473552.692,2.49,ok
1785473552.706,2.96,ok
1785473552.719,2.13,ok
1785473552.736,2.51,ok
1785473552.754,3.31,ok
1785473552.771,1.75,ok
1785473552.785,1.72,ok
1785473552.799,1.71,ok
1785473552.811,2.10,ok
1785473552.828,3.17,ok
1785473552.842,1.92,ok
1785473552.855,1.98,ok
1785473552.870,2.01,ok
1785473552.882,1.76,ok
1785473552.897,1.77,ok
1785473552.913,1.97,ok
1785473552.929,1.89,ok
1785473552.946,1.78,ok
1785473552.963,2.21,ok
1785473552.977,2.19,ok
1785473552.994,2.18,ok
1785473553.011,2.12,ok
1785473553.027,2.08,ok
1785473553.042,2.01,ok
1785473553.059,2.13,ok
1785473553.071,1.73,ok
1785473553.088,1.67,ok
1785473553.105,1.93,ok
1785473553.123,3.03,ok
1785473553.140,1.68,ok
1785473553.157,1.84,ok
1785473553.171,2.28,ok
1785473553.188,1.78,ok
1785473553.205,2.13,ok
1785473553.221,2.02,ok
1785473553.234,2.02,ok
1785473553.250,1.84,ok
1785473553.266,1.56,ok
1785473553.282,1.40,ok
1785473553.300,3.26,ok
1785473553.312,1.89,ok
1785473553.328,2.01,ok
1785473553.345,1.87,ok
1785473553.359,2.16,ok
1785473553.376,1.94,ok
1785473553.393,2.16,ok
1785473553.410,2.29,ok
1785473553.427,2.27,ok
1785473553.444,2.08,ok
1785473553.460,2.41,ok
1785473553.478,2.11,ok
1785473553.490,1.65,ok
1785473553.507,1.98,ok
1785473553.521,1.87,ok
1785473553.538,1.76,ok
1785473553.552,2.06,ok
1785473553.569,2.05,ok
1785473553.582,1.90,ok
1785473553.599,1.75,ok
1785473553.616,2.09,ok
1785473553.630,1.88,ok
1785473553.645,1.83,ok
1785473553.660,1.86,ok
1785473553.677,1.80,ok
1785473553.694,1.84,ok
1785473553.712,3.28,ok
1785473553.726,2.05,ok
1785473553.742,2.09,ok
1785473553.758,1.97,ok
1785473553.773,1.85,ok
1785473553.790,1.80,ok
1785473553.804,1.84,ok
1785473553.821,1.92,ok
1785473553.838,1.88,ok
1785473553.852,1.82,ok
1785473553.869,1.86,ok
1785473553.885,2.62,ok
1785473553.899,1.71,ok
1785473553.915,1.95,ok
1785473553.931,2.90,ok
1785473553.947,1.75,ok
1785473553.964,2.07,ok
1785473553.978,2.14,ok
1785473553.992,1.85,ok
1785473554.009,2.06,ok
1785473554.026,1.85,ok
1785473554.039,1.99,ok
1785473554.054,1.77,ok
1785473554.072,2.04,ok
1785473554.087,2.41,ok
1785473554.102,2.19,ok
1785473554.118,1.92,ok
1785473554.134,1.96,ok
1785473554.151,1.92,ok
1785473554.166,2.04,ok
1785473554.183,2.06,ok
1785473554.201,2.35,ok
1785473554.214,2.19,ok
1785473554.230,2.06,ok
1785473554.246,1.98,ok
1785473554.259,1.56,ok
1785473554.271,1.82,ok
1785473554.285,1.82,ok
1785473554.303,3.12,ok
1785473554.316,2.73,ok
1785473554.333,2.13,ok
1785473554.348,3.22,ok
1785473554.362,2.23,ok
1785473554.376,2.60,ok
1785473554.389,2.57,ok
1785473554.404,2.25,ok
1785473554.419,2.78,ok
1785473554.433,2.85,ok
1785473554.451,2.23,ok
1785473554.464,2.84,ok
1785473554.480,2.24,ok
1785473554.496,2.54,ok
1785473554.514,2.28,ok
1785473554.526,2.35,ok
1785473554.542,2.54,ok
1785473554.554,2.10,ok
1785473554.570,2.32,ok
1785473554.586,2.56,ok
1785473554.599,3.16,ok
1785473554.613,1.99,ok
1785473554.629,2.52,ok
1785473554.645,3.69,ok
1785473554.662,2.18,ok
1785473554.680,2.64,ok
1785473554.697,2.54,ok
1785473554.712,2.24,ok
1785473554.727,2.89,ok
1785473554.746,3.44,ok
1785473554.761,3.52,ok
1785473554.778,2.34,ok
1785473554.794,2.38,ok
1785473554.811,2.51,ok
1785473554.829,2.85,ok
1785473554.844,1.96,ok
1785473554.862,2.26,ok
1785473554.878,3.54,ok
1785473554.896,3.18,ok
1785473554.914,3.05,ok
1785473554.929,3.64,ok
1785473554.947,4.29,ok
1785473554.962,3.12,ok
1785473554.980,2.46,ok
1785473554.998,2.53,ok
1785473555.016,2.76,ok
1785473555.032,2.50,ok
1785473555.050,2.55,ok
1785473555.067,2.26,ok
1785473555.084,2.43,ok
1785473555.099,2.41,ok
1785473555.119,4.50,ok
1785473555.134,2.43,ok
1785473555.151,2.11,ok
1785473555.166,2.09,ok
1785473555.183,2.46,ok
1785473555.201,2.52,ok
1785473555.215,2.37,ok
1785473555.232,2.42,ok
1785473555.247,2.10,ok
1785473555.263,3.09,ok
1785473555.281,3.94,ok
1785473555.300,4.96,ok
1785473555.317,3.45,ok
1785473555.336,5.35,ok
1785473555.353,4.18,ok
1785473555.370,4.08,ok
1785473555.388,2.64,ok
1785473555.407,4.59,ok
1785473555.427,4.48,ok
1785473555.443,4.40,ok
1785473555.462,4.08,ok
1785473555.480,4.62,ok
1785473555.500,5.16,ok
1785473555.515,4.01,ok
1785473555.530,3.52,ok
1785473555.545,4.70,ok
1785473555.562,3.68,ok
1785473555.579,4.09,ok
1785473555.598,4.35,ok
1785473555.617,4.52,ok
1785473555.636,3.94,ok
1785473555.654,3.96,ok
1785473555.670,3.22,ok
1785473555.686,5.20,ok
1785473555.703,4.41,ok
1785473555.721,3.41,ok
1785473555.739,3.48,ok
1785473555.757,4.57,ok
1785473555.775,3.60,ok
1785473555.791,3.70,ok
1785473555.806,4.06,ok
1785473555.825,4.72,ok
1785473555.841,3.49,ok
1785473555.858,4.00,ok
1785473555.874,4.02,ok
1785473555.892,3.80,ok
1785473555.909,2.43,ok
1785473555.924,2.47,ok
1785473555.937,2.05,ok
1785473555.955,2.24,ok
1785473555.969,2.28,ok
1785473555.983,2.07,ok
1785473556.001,2.81,ok
1785473556.014,2.47,ok
1785473556.029,2.34,ok
1785473556.045,2.47,ok
1785473556.062,2.78,ok
1785473556.080,2.26,ok
1785473556.095,2.83,ok
1785473556.120,10.27,ok
1785473556.137,3.43,ok
1785473556.152,2.45,ok
1785473556.169,2.30,ok
1785473556.184,2.08,ok
1785473556.203,4.00,ok
1785473556.218,2.81,ok
1785473556.237,4.36,ok
1785473556.255,3.78,ok
1785473556.270,3.09,ok
1785473556.286,3.38,ok
1785473556.301,3.23,ok
1785473556.318,2.91,ok
1785473556.334,2.83,ok
1785473556.353,4.99,ok
1785473556.370,3.11,ok
1785473556.389,4.38,ok
1785473556.406,3.76,ok
1785473556.426,5.45,ok
1785473556.443,5.08,ok
1785473556.462,4.32,ok
1785473556.482,5.46,ok
1785473556.502,4.65,ok
1785473556.523,5.46,ok
1785473556.537,3.54,ok
1785473556.555,4.80,ok
1785473556.572,4.39,ok
1785473556.590,4.61,ok
1785473556.605,3.42,ok
1785473556.625,4.80,ok
1785473556.642,4.07,ok
1785473556.658,4.12,ok
1785473556.673,4.02,ok
1785473556.691,3.83,ok
1785473556.706,3.66,ok
1785473556.722,4.51,ok
1785473556.738,3.59,ok
1785473556.755,3.54,ok
1785473556.772,3.56,ok
1785473556.788,3.71,ok
1785473556.806,3.49,ok
1785473556.823,5.97,ok
1785473556.839,3.00,ok
1785473556.854,3.09,ok
1785473556.872,3.70,ok
1785473556.889,3.72,ok
1785473556.906,3.30,ok
1785473556.920,2.77,ok
1785473556.938,3.04,ok
1785473556.955,1.96,ok
1785473556.973,3.57,ok
1785473556.992,3.81,ok
1785473557.009,2.90,ok
1785473557.026,4.34,ok
1785473557.044,2.91,ok
1785473557.062,2.90,ok
1785473557.076,2.47,ok
1785473557.094,2.40,ok
1785473557.108,2.12,ok
1785473557.121,2.18,ok
1785473557.137,3.81,ok
1785473557.156,3.59,ok
1785473557.174,3.23,ok
1785473557.187,2.84,ok
1785473557.201,3.63,ok
1785473557.218,4.79,ok
1785473557.232,3.65,ok
1785473557.250,4.13,ok
1785473557.267,3.76,ok
1785473557.283,3.44,ok
