ts,ms,status
1785322356.676,5.90,ok
1785322356.693,4.48,ok
1785322356.707,3.57,ok
1785322356.726,5.73,ok
1785322356.742,5.42,ok
1785322356.758,5.27,ok
1785322356.775,4.13,ok
1785322356.791,3.97,ok
1785322356.808,4.18,ok
1785322356.824,3.60,ok
1785322356.844,7.77,ok
1785322356.862,6.22,ok
1785322356.883,9.55,ok
1785322356.899,5.64,ok
1785322356.913,3.62,ok
1785322356.930,5.55,ok
1785322356.946,5.00,ok
1785322356.961,3.24,ok
1785322356.976,3.79,ok
1785322356.991,2.99,ok
1785322357.008,3.32,ok
1785322357.031,10.70,ok
1785322357.049,5.88,ok
1785322357.067,5.63,ok
1785322357.083,4.12,ok
1785322357.099,3.67,ok
1785322357.115,2.97,ok
1785322357.131,3.53,ok
1785322357.146,4.84,ok
1785322357.163,5.40,ok
1785322357.178,3.83,ok
1785322357.194,4.22,ok
1785322357.212,5.10,ok
1785322357.228,3.13,ok
1785322357.243,3.32,ok
1785322357.258,3.47,ok
1785322357.275,4.46,ok
1785322357.291,3.74,ok
1785322357.306,3.32,ok
1785322357.324,5.45,ok
1785322357.340,5.93,ok
1785322357.356,3.61,ok
1785322357.371,4.26,ok
1785322357.386,3.87,ok
1785322357.404,5.73,ok
1785322357.420,4.51,ok
1785322357.436,4.83,ok
1785322357.455,6.58,ok
1785322357.475,7.21,ok
1785322357.489,2.82,ok
1785322357.526,24.60,ok
1785322357.543,4.31,ok
1785322357.559,3.19,ok
1785322357.575,3.12,ok
1785322357.593,5.41,ok
1785322357.609,4.48,ok
1785322357.624,3.67,ok
1785322357.641,5.35,ok
1785322357.656,4.81,ok
1785322357.672,4.58,ok
1785322357.688,3.21,ok
1785322357.710,10.54,ok
1785322357.726,5.44,ok
1785322357.743,4.16,ok
1785322357.760,4.53,ok
1785322357.776,3.63,ok
1785322357.793,4.42,ok
1785322357.809,5.34,ok
1785322357.824,3.87,ok
1785322357.839,4.62,ok
1785322357.854,4.68,ok
1785322357.870,4.39,ok
1785322357.885,2.42,ok
1785322357.900,5.62,ok
1785322357.917,4.13,ok
1785322357.934,4.28,ok
1785322357.953,6.06,ok
1785322357.968,4.00,ok
1785322357.986,5.22,ok
1785322358.003,5.31,ok
1785322358.019,3.62,ok
1785322358.035,3.71,ok
1785322358.054,6.06,ok
1785322358.071,5.64,ok
1785322358.087,5.47,ok
1785322358.103,4.11,ok
1785322358.119,5.09,ok
1785322358.136,3.55,ok
1785322358.151,3.17,ok
1785322358.167,3.18,ok
1785322358.182,4.34,ok
1785322358.198,4.43,ok
1785322358.215,4.02,ok
1785322358.230,4.86,ok
1785322358.248,5.15,ok
1785322358.265,3.75,ok
1785322358.280,3.02,ok
1785322358.294,4.08,ok
1785322358.310,3.46,ok
1785322358.326,4.57,ok
1785322358.342,3.56,ok
1785322358.358,5.46,ok
1785322358.374,3.02,ok
1785322358.389,4.75,ok
1785322358.405,4.79,ok
1785322358.421,5.06,ok
1785322358.437,4.83,ok
1785322358.453,5.52,ok
1785322358.470,4.94,ok
1785322358.490,8.25,ok
1785322358.525,22.97,ok
1785322358.543,4.64,ok
1785322358.560,4.32,ok
1785322358.576,5.67,ok
1785322358.591,3.98,ok
1785322358.609,5.07,ok
1785322358.622,2.72,ok
1785322358.639,3.77,ok
1785322358.653,2.35,ok
1785322358.667,3.28,ok
1785322358.683,4.95,ok
1785322358.701,4.74,ok
1785322358.718,4.39,ok
1785322358.735,4.26,ok
1785322358.752,4.38,ok
1785322358.769,4.98,ok
1785322358.785,4.82,ok
1785322358.802,4.70,ok
1785322358.822,7.60,ok
1785322358.838,5.06,ok
1785322358.856,4.40,ok
1785322358.872,3.79,ok
1785322358.890,5.65,ok
1785322358.906,3.49,ok
1785322358.926,7.27,ok
1785322358.943,5.18,ok
1785322358.960,4.14,ok
1785322358.982,9.33,ok
1785322358.999,4.03,ok
1785322359.012,2.40,ok
1785322359.028,4.27,ok
1785322359.046,4.91,ok
1785322359.062,5.44,ok
1785322359.080,5.49,ok
1785322359.097,6.78,ok
1785322359.116,6.46,ok
1785322359.135,5.68,ok
1785322359.154,7.20,ok
1785322359.174,8.93,ok
1785322359.191,4.55,ok
1785322359.212,7.66,ok
1785322359.228,3.26,ok
1785322359.244,3.70,ok
1785322359.262,5.79,ok
1785322359.280,6.24,ok
1785322359.298,5.40,ok
1785322359.317,7.86,ok
1785322359.335,5.41,ok
1785322359.354,5.90,ok
1785322359.370,5.07,ok
1785322359.387,4.90,ok
1785322359.404,5.06,ok
1785322359.422,5.31,ok
1785322359.437,2.34,ok
1785322359.452,3.73,ok
1785322359.467,2.53,ok
1785322359.486,6.77,ok
1785322359.503,4.32,ok
1785322359.530,13.97,ok
1785322359.545,2.42,ok
1785322359.559,1.92,ok
1785322359.574,2.24,ok
1785322359.589,2.48,ok
1785322359.604,2.68,ok
1785322359.618,2.76,ok
1785322359.632,2.48,ok
1785322359.645,2.34,ok
1785322359.661,3.38,ok
1785322359.676,2.24,ok
1785322359.691,2.07,ok
1785322359.705,3.02,ok
1785322359.718,2.50,ok
1785322359.735,3.87,ok
1785322359.748,2.76,ok
1785322359.763,2.57,ok
1785322359.778,2.77,ok
1785322359.791,2.32,ok
1785322359.806,2.27,ok
1785322359.821,2.83,ok
1785322359.835,2.82,ok
1785322359.848,2.45,ok
1785322359.863,2.00,ok
1785322359.877,3.34,ok
1785322359.893,3.77,ok
1785322359.908,4.06,ok
1785322359.922,3.67,ok
1785322359.937,3.38,ok
1785322359.954,3.69,ok
1785322359.972,6.53,ok
1785322359.988,3.22,ok
1785322360.009,8.48,ok
1785322360.022,2.67,ok
1785322360.038,2.43,ok
1785322360.054,3.38,ok
1785322360.068,2.53,ok
1785322360.083,2.35,ok
1785322360.098,2.29,ok
1785322360.112,1.93,ok
1785322360.127,3.22,ok
1785322360.143,3.88,ok
1785322360.158,3.56,ok
1785322360.174,3.96,ok
1785322360.189,3.25,ok
1785322360.203,3.89,ok
1785322360.220,4.42,ok
1785322360.234,2.98,ok
1785322360.249,2.65,ok
1785322360.265,2.63,ok
1785322360.280,2.95,ok
1785322360.296,3.60,ok
1785322360.309,2.97,ok
1785322360.328,6.76,ok
1785322360.346,6.02,ok
1785322360.361,3.33,ok
1785322360.376,3.20,ok
1785322360.389,2.22,ok
1785322360.403,3.20,ok
1785322360.418,3.03,ok
1785322360.434,3.79,ok
1785322360.451,4.91,ok
1785322360.467,3.82,ok
1785322360.483,4.42,ok
1785322360.499,2.99,ok
1785322360.531,20.14,ok
1785322360.546,2.36,ok
1785322360.560,2.52,ok
1785322360.576,3.45,ok
1785322360.592,3.07,ok
1785322360.605,2.19,ok
1785322360.622,3.62,ok
1785322360.637,2.91,ok
1785322360.651,2.49,ok
1785322360.666,3.57,ok
1785322360.681,2.21,ok
1785322360.696,2.43,ok
1785322360.711,2.61,ok
1785322360.727,2.94,ok
1785322360.741,3.10,ok
1785322360.756,2.67,ok
1785322360.771,2.33,ok
1785322360.784,2.05,ok
1785322360.797,2.34,ok
1785322360.812,2.38,ok
1785322360.829,4.33,ok
1785322360.844,2.37,ok
1785322360.859,3.24,ok
1785322360.872,2.01,ok
1785322360.886,2.49,ok
1785322360.900,3.19,ok
1785322360.917,4.20,ok
1785322360.929,2.00,ok
1785322360.944,2.34,ok
1785322360.960,3.27,ok
1785322360.975,2.58,ok
1785322360.990,2.84,ok
1785322361.006,3.18,ok
1785322361.023,4.23,ok
1785322361.041,4.97,ok
1785322361.056,2.56,ok
1785322361.072,3.67,ok
1785322361.087,3.37,ok
1785322361.101,3.37,ok
1785322361.117,3.71,ok
1785322361.133,3.98,ok
1785322361.149,4.36,ok
1785322361.166,4.07,ok
1785322361.181,3.77,ok
1785322361.197,3.98,ok
1785322361.213,3.65,ok
1785322361.231,5.15,ok
1785322361.248,4.29,ok
1785322361.263,4.15,ok
1785322361.280,4.81,ok
1785322361.296,3.58,ok
1785322361.312,4.55,ok
1785322361.328,5.10,ok
1785322361.344,4.35,ok
1785322361.359,4.66,ok
1785322361.375,3.74,ok
1785322361.390,3.48,ok
1785322361.406,4.05,ok
1785322361.421,2.99,ok
1785322361.438,4.54,ok
1785322361.454,3.95,ok
1785322361.469,3.41,ok
1785322361.484,3.66,ok
1785322361.500,4.09,ok
1785322361.525,12.88,ok
1785322361.541,2.94,ok
1785322361.556,2.52,ok
1785322361.570,3.10,ok
1785322361.584,3.18,ok
1785322361.598,3.38,ok
1785322361.613,2.67,ok
1785322361.627,3.18,ok
1785322361.643,3.07,ok
1785322361.656,2.75,ok
1785322361.670,3.77,ok
1785322361.687,3.83,ok
1785322361.701,3.51,ok
1785322361.715,3.16,ok
1785322361.730,2.52,ok
1785322361.743,2.31,ok
1785322361.762,7.91,ok
1785322361.779,5.34,ok
1785322361.795,4.24,ok
1785322361.812,5.49,ok
1785322361.831,6.39,ok
1785322361.849,5.33,ok
1785322361.866,4.62,ok
1785322361.885,6.66,ok
1785322361.903,6.91,ok
1785322361.919,3.99,ok
1785322361.936,3.77,ok
1785322361.951,2.64,ok
1785322361.965,1.98,ok
1785322361.982,5.51,ok
1785322362.000,5.69,ok
1785322362.014,3.74,ok
1785322362.030,5.41,ok
1785322362.050,5.93,ok
1785322362.065,4.52,ok
1785322362.082,4.37,ok
1785322362.098,3.48,ok
1785322362.115,5.09,ok
1785322362.129,3.45,ok
1785322362.142,1.95,ok
1785322362.157,1.97,ok
1785322362.170,1.80,ok
1785322362.184,1.81,ok
1785322362.197,2.75,ok
1785322362.212,2.01,ok
1785322362.226,1.97,ok
1785322362.242,2.89,ok
1785322362.256,1.89,ok
1785322362.271,2.43,ok
1785322362.286,2.55,ok
1785322362.300,2.46,ok
1785322362.313,2.37,ok
1785322362.328,2.17,ok
1785322362.343,2.37,ok
1785322362.358,2.28,ok
1785322362.370,1.93,ok
1785322362.384,2.27,ok
1785322362.399,2.19,ok
1785322362.413,2.13,ok
1785322362.429,3.89,ok
1785322362.444,2.37,ok
1785322362.458,1.84,ok
1785322362.474,3.15,ok
1785322362.491,4.60,ok
1785322362.505,2.57,ok
1785322362.524,6.36,ok
1785322362.537,2.45,ok
1785322362.555,5.67,ok
1785322362.571,2.95,ok
1785322362.584,1.98,ok
1785322362.597,1.79,ok
1785322362.611,1.54,ok
1785322362.623,1.95,ok
1785322362.638,2.37,ok
1785322362.654,3.20,ok
1785322362.668,1.68,ok
1785322362.685,4.94,ok
1785322362.697,1.86,ok
1785322362.713,3.17,ok
1785322362.726,2.57,ok
1785322362.743,4.18,ok
1785322362.755,1.97,ok
1785322362.771,3.56,ok
1785322362.786,1.84,ok
1785322362.801,2.90,ok
1785322362.816,1.72,ok
1785322362.830,1.66,ok
1785322362.843,1.78,ok
1785322362.855,1.55,ok
1785322362.867,1.74,ok
1785322362.882,1.53,ok
1785322362.897,2.81,ok
1785322362.910,2.64,ok
1785322362.925,2.18,ok
1785322362.939,1.69,ok
1785322362.953,2.09,ok
1785322362.967,2.68,ok
1785322362.984,3.50,ok
1785322362.996,1.79,ok
1785322363.010,1.68,ok
1785322363.023,1.68,ok
1785322363.035,1.75,ok
1785322363.050,1.93,ok
1785322363.064,1.44,ok
1785322363.078,1.76,ok
1785322363.093,1.81,ok
1785322363.107,3.99,ok
1785322363.120,1.71,ok
1785322363.136,2.87,ok
1785322363.150,1.61,ok
1785322363.162,1.39,ok
1785322363.176,1.67,ok
1785322363.190,1.76,ok
1785322363.204,1.99,ok
1785322363.217,1.86,ok
1785322363.231,1.73,ok
1785322363.243,1.76,ok
1785322363.257,1.67,ok
1785322363.272,5.61,ok
1785322363.287,1.98,ok
1785322363.301,2.20,ok
1785322363.314,1.77,ok
1785322363.330,3.42,ok
1785322363.344,1.89,ok
1785322363.356,1.58,ok
1785322363.370,1.59,ok
1785322363.383,1.71,ok
1785322363.396,2.39,ok
1785322363.409,2.07,ok
1785322363.422,1.71,ok
1785322363.435,1.98,ok
1785322363.449,1.63,ok
1785322363.464,3.29,ok
1785322363.476,1.64,ok
1785322363.489,1.64,ok
1785322363.502,1.74,ok
1785322363.521,7.04,ok
1785322363.535,1.72,ok
1785322363.547,1.75,ok
1785322363.561,1.96,ok
1785322363.575,1.81,ok
1785322363.589,1.60,ok
1785322363.602,1.78,ok
1785322363.617,2.01,ok
1785322363.630,2.04,ok
1785322363.642,1.83,ok
1785322363.658,2.86,ok
1785322363.670,1.58,ok
1785322363.684,1.66,ok
1785322363.700,3.46,ok
1785322363.712,1.69,ok
1785322363.733,6.26,ok
1785322363.748,2.49,ok
1785322363.760,1.59,ok
1785322363.772,1.72,ok
1785322363.788,3.36,ok
1785322363.802,4.04,ok
1785322363.817,3.26,ok
1785322363.830,2.06,ok
1785322363.845,2.41,ok
1785322363.859,2.11,ok
1785322363.873,1.49,ok
1785322363.888,1.78,ok
1785322363.902,1.63,ok
1785322363.916,1.57,ok
1785322363.929,1.60,ok
1785322363.942,1.91,ok
1785322363.956,1.64,ok
1785322363.968,1.86,ok
1785322363.981,1.48,ok
1785322363.995,1.69,ok
1785322364.009,1.89,ok
1785322364.024,1.75,ok
1785322364.038,1.70,ok
1785322364.052,1.88,ok
1785322364.067,1.64,ok
1785322364.081,1.84,ok
1785322364.093,1.72,ok
1785322364.108,1.99,ok
1785322364.122,1.80,ok
1785322364.137,2.10,ok
1785322364.151,2.19,ok
1785322364.166,2.49,ok
1785322364.180,1.91,ok
1785322364.195,1.89,ok
1785322364.208,2.12,ok
1785322364.222,1.78,ok
1785322364.237,2.16,ok
1785322364.253,3.45,ok
1785322364.267,1.85,ok
1785322364.281,1.89,ok
1785322364.294,1.69,ok
1785322364.308,1.81,ok
1785322364.323,2.27,ok
1785322364.336,1.81,ok
1785322364.350,2.26,ok
1785322364.368,5.01,ok
1785322364.382,1.99,ok
1785322364.397,1.87,ok
1785322364.409,1.79,ok
1785322364.423,1.78,ok
1785322364.439,2.82,ok
1785322364.455,3.74,ok
1785322364.468,2.34,ok
1785322364.483,1.97,ok
1785322364.498,2.16,ok
1785322364.520,10.17,ok
1785322364.533,2.17,ok
1785322364.548,2.00,ok
1785322364.562,1.89,ok
1785322364.574,1.91,ok
1785322364.586,2.01,ok
1785322364.601,1.87,ok
1785322364.614,2.25,ok
1785322364.629,1.86,ok
1785322364.641,2.64,ok
1785322364.656,2.79,ok
1785322364.671,1.88,ok
1785322364.684,1.77,ok
1785322364.697,1.85,ok
1785322364.712,2.01,ok
1785322364.728,3.76,ok
1785322364.743,1.95,ok
1785322364.757,1.73,ok
1785322364.772,2.01,ok
1785322364.785,1.91,ok
1785322364.798,2.23,ok
1785322364.813,3.40,ok
1785322364.829,3.38,ok
1785322364.842,1.87,ok
1785322364.857,1.94,ok
1785322364.871,2.21,ok
1785322364.884,1.98,ok
1785322364.898,2.06,ok
1785322364.912,1.87,ok
1785322364.927,1.80,ok
1785322364.941,2.06,ok
1785322364.956,1.89,ok
1785322364.969,1.85,ok
1785322364.984,2.76,ok
1785322364.999,2.03,ok
1785322365.013,2.23,ok
1785322365.029,2.92,ok
1785322365.042,2.17,ok
1785322365.057,2.02,ok
1785322365.071,1.84,ok
1785322365.086,2.66,ok
1785322365.101,2.16,ok
1785322365.116,2.50,ok
1785322365.129,1.79,ok
1785322365.142,1.96,ok
1785322365.158,2.97,ok
1785322365.173,1.88,ok
1785322365.186,2.01,ok
1785322365.201,2.04,ok
1785322365.214,1.90,ok
1785322365.228,1.85,ok
1785322365.242,2.34,ok
1785322365.256,2.20,ok
1785322365.271,2.18,ok
1785322365.286,2.29,ok
1785322365.299,1.88,ok
1785322365.313,3.53,ok
1785322365.327,2.25,ok
1785322365.343,4.97,ok
1785322365.359,3.32,ok
1785322365.373,3.28,ok
1785322365.386,2.39,ok
1785322365.402,3.33,ok
1785322365.418,3.74,ok
1785322365.433,2.29,ok
1785322365.448,3.58,ok
1785322365.464,2.61,ok
1785322365.480,4.20,ok
1785322365.493,2.78,ok
1785322365.515,9.44,ok
1785322365.530,2.50,ok
1785322365.546,4.02,ok
1785322365.561,2.61,ok
1785322365.576,2.55,ok
1785322365.591,3.63,ok
1785322365.606,2.66,ok
1785322365.620,3.83,ok
1785322365.636,3.98,ok
1785322365.653,3.82,ok
1785322365.667,3.88,ok
1785322365.682,2.91,ok
1785322365.696,2.79,ok
1785322365.710,3.06,ok
1785322365.723,2.48,ok
1785322365.738,2.48,ok
1785322365.753,3.75,ok
1785322365.768,2.55,ok
1785322365.781,2.37,ok
1785322365.795,1.95,ok
1785322365.809,2.04,ok
1785322365.822,1.87,ok
1785322365.835,1.76,ok
1785322365.849,1.72,ok
1785322365.864,2.87,ok
1785322365.878,2.04,ok
1785322365.891,1.84,ok
1785322365.906,3.72,ok
1785322365.920,1.96,ok
1785322365.934,1.89,ok
1785322365.948,3.84,ok
1785322365.962,1.52,ok
1785322365.976,1.98,ok
1785322365.992,3.67,ok
1785322366.007,1.99,ok
1785322366.022,2.30,ok
1785322366.036,1.75,ok
1785322366.049,1.80,ok
1785322366.063,1.66,ok
1785322366.077,2.50,ok
1785322366.091,3.14,ok
1785322366.108,6.30,ok
1785322366.122,1.69,ok
1785322366.135,1.84,ok
1785322366.149,1.74,ok
1785322366.164,3.40,ok
1785322366.179,1.71,ok
1785322366.192,1.63,ok
1785322366.204,1.57,ok
1785322366.218,1.86,ok
1785322366.232,1.82,ok
1785322366.246,1.76,ok
1785322366.259,1.77,ok
1785322366.271,1.55,ok
1785322366.284,2.98,ok
1785322366.298,1.66,ok
1785322366.312,1.52,ok
1785322366.326,1.62,ok
1785322366.338,1.59,ok
1785322366.352,1.51,ok
1785322366.367,1.76,ok
1785322366.380,1.76,ok
1785322366.392,2.01,ok
1785322366.406,1.77,ok
1785322366.420,1.70,ok
1785322366.435,1.85,ok
1785322366.447,1.59,ok
1785322366.461,2.63,ok
1785322366.477,3.07,ok
1785322366.492,1.98,ok
1785322366.504,1.62,ok
1785322366.526,12.07,ok
1785322366.541,1.76,ok
1785322366.555,1.76,ok
1785322366.568,1.97,ok
1785322366.581,1.58,ok
1785322366.595,1.43,ok
1785322366.609,1.72,ok
1785322366.623,1.82,ok
1785322366.637,2.54,ok
1785322366.651,1.83,ok
1785322366.664,1.60,ok
1785322366.678,1.87,ok
1785322366.692,1.93,ok
1785322366.706,1.74,ok
1785322366.720,1.60,ok
1785322366.733,1.64,ok
1785322366.747,1.99,ok
1785322366.760,1.69,ok
1785322366.774,1.88,ok
1785322366.788,2.04,ok
1785322366.803,2.67,ok
1785322366.817,2.03,ok
1785322366.878,48.54,ok
1785322366.897,9.20,ok
1785322366.912,2.10,ok
1785322366.925,1.52,ok
1785322366.941,3.18,ok
1785322366.955,2.13,ok
1785322366.971,3.51,ok
1785322366.985,2.60,ok
1785322366.997,1.74,ok
1785322367.011,2.05,ok
1785322367.024,1.85,ok
1785322367.038,1.84,ok
1785322367.054,2.89,ok
1785322367.068,1.88,ok
1785322367.085,3.91,ok
1785322367.099,1.40,ok
1785322367.113,1.71,ok
1785322367.127,1.79,ok
1785322367.141,2.72,ok
1785322367.154,1.73,ok
1785322367.168,2.22,ok
1785322367.181,2.18,ok
1785322367.193,2.14,ok
1785322367.208,2.05,ok
1785322367.223,2.12,ok
1785322367.238,2.88,ok
1785322367.251,1.98,ok
1785322367.265,3.12,ok
1785322367.280,3.15,ok
1785322367.296,3.40,ok
1785322367.311,1.98,ok
1785322367.324,2.12,ok
1785322367.338,1.69,ok
1785322367.353,1.96,ok
1785322367.367,3.70,ok
1785322367.382,2.20,ok
1785322367.394,1.66,ok
1785322367.407,2.24,ok
1785322367.422,2.55,ok
1785322367.436,1.77,ok
1785322367.450,2.99,ok
1785322367.463,1.99,ok
1785322367.486,11.52,ok
1785322367.501,3.70,ok
1785322367.525,10.90,ok
1785322367.540,2.90,ok
1785322367.555,1.84,ok
1785322367.568,1.93,ok
1785322367.582,1.64,ok
1785322367.595,3.65,ok
1785322367.610,1.94,ok
1785322367.626,3.12,ok
1785322367.640,2.01,ok
1785322367.656,3.33,ok
1785322367.669,3.12,ok
1785322367.684,2.26,ok
1785322367.699,2.45,ok
1785322367.712,2.24,ok
1785322367.727,3.03,ok
1785322367.741,1.81,ok
1785322367.755,1.91,ok
1785322367.768,1.87,ok
1785322367.785,3.63,ok
1785322367.799,1.90,ok
1785322367.814,2.15,ok
1785322367.829,3.11,ok
1785322367.844,2.29,ok
1785322367.859,2.47,ok
1785322367.874,2.03,ok
1785322367.888,2.03,ok
1785322367.902,1.81,ok
1785322367.915,1.84,ok
1785322367.928,2.26,ok
1785322367.943,2.48,ok
1785322367.956,1.77,ok
1785322367.968,1.91,ok
1785322367.982,2.29,ok
1785322367.997,3.18,ok
1785322368.010,2.09,ok
1785322368.023,2.00,ok
1785322368.037,1.63,ok
1785322368.051,2.02,ok
1785322368.064,1.77,ok
1785322368.076,1.86,ok
1785322368.092,3.54,ok
1785322368.106,2.02,ok
1785322368.121,3.20,ok
1785322368.134,1.78,ok
1785322368.150,3.53,ok
1785322368.164,2.89,ok
1785322368.178,2.55,ok
1785322368.193,2.25,ok
1785322368.208,2.66,ok
1785322368.222,2.38,ok
1785322368.236,1.88,ok
1785322368.251,1.96,ok
1785322368.264,3.21,ok
1785322368.279,1.92,ok
1785322368.292,2.36,ok
1785322368.306,3.18,ok
1785322368.322,2.69,ok
1785322368.337,4.67,ok
1785322368.350,2.02,ok
1785322368.363,1.83,ok
1785322368.376,1.72,ok
1785322368.388,1.79,ok
1785322368.401,2.26,ok
1785322368.417,2.94,ok
1785322368.431,2.26,ok
1785322368.446,1.96,ok
1785322368.459,1.89,ok
1785322368.474,1.91,ok
1785322368.488,2.07,ok
1785322368.503,2.04,ok
1785322368.529,13.35,ok
1785322368.543,2.97,ok
1785322368.556,1.98,ok
1785322368.570,1.83,ok
1785322368.585,2.75,ok
1785322368.600,1.90,ok
1785322368.611,1.77,ok
1785322368.627,3.44,ok
1785322368.641,2.02,ok
1785322368.655,2.05,ok
1785322368.670,4.41,ok
1785322368.683,2.01,ok
1785322368.696,1.82,ok
1785322368.710,2.62,ok
1785322368.724,1.97,ok
1785322368.738,1.65,ok
1785322368.754,3.57,ok
1785322368.769,1.89,ok
1785322368.783,1.87,ok
1785322368.798,1.89,ok
1785322368.812,1.95,ok
1785322368.828,3.11,ok
1785322368.843,2.14,ok
1785322368.855,1.98,ok
1785322368.868,2.25,ok
1785322368.883,2.43,ok
1785322368.898,2.29,ok
1785322368.912,1.80,ok
1785322368.927,1.83,ok
1785322368.942,3.45,ok
1785322368.954,1.96,ok
1785322368.968,2.53,ok
1785322368.983,1.97,ok
1785322368.995,1.69,ok
1785322369.010,2.46,ok
1785322369.024,1.73,ok
1785322369.038,1.85,ok
1785322369.054,3.62,ok
1785322369.067,2.34,ok
1785322369.080,2.01,ok
1785322369.095,2.84,ok
1785322369.109,2.22,ok
1785322369.125,3.44,ok
1785322369.138,2.01,ok
1785322369.153,2.17,ok
1785322369.168,2.03,ok
1785322369.180,1.82,ok
1785322369.195,2.61,ok
1785322369.210,2.43,ok
1785322369.222,1.79,ok
1785322369.235,2.12,ok
1785322369.247,1.81,ok
1785322369.260,2.15,ok
1785322369.275,2.16,ok
1785322369.290,2.95,ok
1785322369.305,2.48,ok
1785322369.320,2.33,ok
1785322369.335,2.59,ok
1785322369.369,17.81,ok
1785322369.382,1.79,ok
1785322369.396,2.23,ok
1785322369.409,2.25,ok
1785322369.424,3.31,ok
1785322369.440,3.22,ok
1785322369.453,1.86,ok
1785322369.468,2.70,ok
1785322369.482,2.05,ok
1785322369.496,2.11,ok
1785322369.510,1.81,ok
1785322369.531,7.89,ok
1785322369.546,2.32,ok
1785322369.560,2.00,ok
1785322369.578,4.73,ok
1785322369.592,2.07,ok
1785322369.605,1.85,ok
1785322369.620,1.71,ok
1785322369.636,3.15,ok
1785322369.648,1.82,ok
1785322369.663,3.70,ok
1785322369.676,1.83,ok
1785322369.689,1.86,ok
1785322369.705,3.43,ok
1785322369.719,1.90,ok
1785322369.734,2.28,ok
1785322369.749,2.93,ok
1785322369.763,2.14,ok
1785322369.777,3.05,ok
1785322369.792,3.03,ok
1785322369.805,2.31,ok
1785322369.818,2.18,ok
1785322369.831,1.96,ok
1785322369.844,2.86,ok
1785322369.857,2.54,ok
1785322369.872,2.25,ok
1785322369.886,2.31,ok
1785322369.900,2.70,ok
1785322369.916,2.65,ok
1785322369.929,2.16,ok
1785322369.944,2.64,ok
1785322369.960,4.03,ok
1785322369.976,3.29,ok
1785322369.991,2.18,ok
1785322370.005,2.17,ok
1785322370.020,3.99,ok
1785322370.037,5.22,ok
1785322370.051,2.87,ok
1785322370.064,2.30,ok
1785322370.079,2.12,ok
1785322370.091,2.10,ok
1785322370.105,1.99,ok
1785322370.120,2.44,ok
1785322370.135,3.59,ok
1785322370.148,1.95,ok
1785322370.163,4.23,ok
1785322370.177,1.83,ok
1785322370.192,2.48,ok
1785322370.207,2.81,ok
1785322370.221,2.24,ok
1785322370.235,1.99,ok
1785322370.246,1.44,ok
1785322370.260,1.88,ok
1785322370.276,2.90,ok
1785322370.290,3.44,ok
1785322370.303,2.82,ok
1785322370.317,1.77,ok
1785322370.332,2.50,ok
1785322370.345,1.88,ok
1785322370.360,2.69,ok
1785322370.373,1.81,ok
1785322370.386,3.05,ok
1785322370.401,1.95,ok
1785322370.416,3.72,ok
1785322370.430,1.82,ok
1785322370.444,2.01,ok
1785322370.457,2.38,ok
1785322370.471,2.05,ok
1785322370.485,1.57,ok
1785322370.500,2.03,ok
1785322370.513,1.78,ok
1785322370.529,5.22,ok
1785322370.544,2.03,ok
1785322370.556,1.79,ok
1785322370.571,1.97,ok
1785322370.584,1.94,ok
1785322370.600,3.50,ok
1785322370.614,1.84,ok
1785322370.628,2.03,ok
1785322370.644,3.79,ok
1785322370.657,1.92,ok
1785322370.672,1.97,ok
1785322370.688,3.53,ok
1785322370.704,3.63,ok
1785322370.722,6.35,ok
1785322370.734,2.03,ok
1785322370.747,1.86,ok
1785322370.761,2.74,ok
1785322370.775,2.01,ok
1785322370.790,1.82,ok
1785322370.802,1.77,ok
1785322370.817,1.85,ok
1785322370.829,1.73,ok
1785322370.842,2.09,ok
1785322370.857,2.18,ok
1785322370.872,2.22,ok
1785322370.886,1.69,ok
1785322370.901,2.27,ok
1785322370.916,2.97,ok
1785322370.931,2.00,ok
1785322370.962,18.27,ok
1785322370.978,3.94,ok
1785322370.992,2.09,ok
1785322371.007,2.00,ok
1785322371.021,2.01,ok
1785322371.035,1.89,ok
1785322371.050,2.09,ok
1785322371.062,1.65,ok
1785322371.076,1.84,ok
1785322371.091,1.90,ok
1785322371.103,1.82,ok
1785322371.118,2.54,ok
1785322371.133,2.30,ok
1785322371.148,1.95,ok
1785322371.162,1.65,ok
1785322371.176,2.03,ok
1785322371.189,1.93,ok
1785322371.202,1.73,ok
1785322371.217,2.14,ok
1785322371.231,1.92,ok
1785322371.244,2.43,ok
1785322371.259,2.09,ok
1785322371.274,2.09,ok
1785322371.288,1.88,ok
1785322371.302,3.38,ok
1785322371.315,1.87,ok
1785322371.329,1.99,ok
1785322371.344,3.13,ok
1785322371.358,2.09,ok
1785322371.373,2.17,ok
1785322371.387,3.13,ok
1785322371.401,2.17,ok
1785322371.416,3.40,ok
1785322371.431,1.88,ok
1785322371.445,2.23,ok
1785322371.465,7.05,ok
1785322371.479,1.97,ok
1785322371.494,2.12,ok
1785322371.508,3.77,ok
1785322371.527,7.20,ok
1785322371.541,1.96,ok
1785322371.556,1.85,ok
1785322371.570,1.89,ok
1785322371.585,2.02,ok
1785322371.600,2.12,ok
1785322371.615,2.35,ok
1785322371.628,1.81,ok
1785322371.643,2.26,ok
1785322371.657,3.11,ok
1785322371.670,2.01,ok
1785322371.684,2.27,ok
1785322371.697,1.98,ok
1785322371.714,4.81,ok
1785322371.726,1.94,ok
1785322371.741,2.21,ok
1785322371.755,1.85,ok
1785322371.767,1.94,ok
1785322371.781,3.55,ok
1785322371.793,1.68,ok
1785322371.808,1.94,ok
1785322371.822,1.94,ok
1785322371.836,1.95,ok
1785322371.851,2.20,ok
1785322371.864,2.33,ok
1785322371.877,2.08,ok
1785322371.890,1.85,ok
1785322371.907,4.69,ok
1785322371.923,3.29,ok
1785322371.937,1.65,ok
1785322371.950,2.15,ok
1785322371.964,3.16,ok
1785322371.979,1.82,ok
1785322371.993,2.13,ok
1785322372.007,2.19,ok
1785322372.023,3.30,ok
1785322372.036,2.02,ok
1785322372.053,3.77,ok
1785322372.067,1.94,ok
1785322372.080,2.11,ok
1785322372.094,1.95,ok
1785322372.108,1.81,ok
1785322372.123,1.99,ok
1785322372.135,1.77,ok
1785322372.149,1.72,ok
1785322372.162,1.71,ok
1785322372.177,2.69,ok
1785322372.192,2.12,ok
1785322372.204,1.65,ok
1785322372.218,1.89,ok
1785322372.233,1.93,ok
1785322372.248,2.88,ok
1785322372.262,2.89,ok
1785322372.275,1.86,ok
1785322372.287,1.84,ok
1785322372.300,1.92,ok
1785322372.313,2.01,ok
1785322372.326,1.80,ok
1785322372.341,1.99,ok
1785322372.355,1.63,ok
1785322372.369,1.78,ok
1785322372.385,2.98,ok
1785322372.400,2.69,ok
1785322372.414,1.74,ok
1785322372.427,1.97,ok
1785322372.441,1.98,ok
1785322372.455,1.73,ok
1785322372.469,1.52,ok
1785322372.483,2.13,ok
1785322372.496,1.95,ok
1785322372.510,1.98,ok
1785322372.531,8.60,ok
1785322372.546,1.98,ok
1785322372.558,1.97,ok
1785322372.572,1.54,ok
1785322372.587,1.99,ok
1785322372.602,3.17,ok
1785322372.616,1.76,ok
1785322372.631,1.87,ok
1785322372.643,1.76,ok
1785322372.656,1.83,ok
1785322372.671,2.81,ok
1785322372.683,1.59,ok
1785322372.696,2.37,ok
1785322372.709,1.76,ok
1785322372.730,10.01,ok
1785322372.750,2.61,ok
1785322372.763,1.94,ok
1785322372.775,1.54,ok
1785322372.787,2.03,ok
1785322372.801,2.13,ok
1785322372.813,1.50,ok
1785322372.828,1.71,ok
1785322372.842,1.69,ok
1785322372.855,1.70,ok
1785322372.869,1.70,ok
1785322372.881,1.86,ok
1785322372.893,1.50,ok
1785322372.906,1.93,ok
1785322372.921,1.68,ok
1785322372.934,2.03,ok
1785322372.949,3.26,ok
1785322372.963,3.07,ok
1785322372.977,2.02,ok
1785322372.991,2.35,ok
1785322373.004,1.94,ok
1785322373.017,2.15,ok
1785322373.032,2.41,ok
1785322373.048,3.03,ok
1785322373.062,1.86,ok
1785322373.076,2.07,ok
1785322373.090,1.81,ok
1785322373.105,3.31,ok
1785322373.117,1.75,ok
1785322373.132,1.74,ok
1785322373.146,2.02,ok
1785322373.159,2.18,ok
1785322373.173,2.10,ok
1785322373.188,2.15,ok
1785322373.203,1.98,ok
1785322373.217,3.30,ok
1785322373.230,1.44,ok
1785322373.244,1.65,ok
1785322373.257,1.57,ok
1785322373.269,1.84,ok
1785322373.283,1.78,ok
1785322373.298,2.21,ok
1785322373.311,1.59,ok
1785322373.326,2.29,ok
1785322373.341,2.47,ok
1785322373.354,1.96,ok
1785322373.369,3.41,ok
1785322373.381,1.67,ok
1785322373.396,1.81,ok
1785322373.409,1.67,ok
1785322373.425,2.96,ok
1785322373.439,1.65,ok
1785322373.453,2.00,ok
1785322373.467,2.85,ok
1785322373.480,1.75,ok
1785322373.492,1.78,ok
1785322373.507,3.84,ok
1785322373.535,14.46,ok
1785322373.549,1.65,ok
1785322373.563,2.14,ok
1785322373.576,1.86,ok
1785322373.590,1.67,ok
1785322373.604,1.62,ok
1785322373.620,2.91,ok
1785322373.634,2.07,ok
1785322373.648,1.45,ok
1785322373.662,1.62,ok
1785322373.675,1.64,ok
1785322373.687,1.59,ok
1785322373.702,1.93,ok
1785322373.717,2.39,ok
1785322373.730,1.56,ok
1785322373.748,5.81,ok
1785322373.762,3.37,ok
1785322373.776,1.83,ok
1785322373.790,2.15,ok
1785322373.805,1.76,ok
1785322373.817,1.91,ok
1785322373.832,3.30,ok
1785322373.846,1.83,ok
1785322373.862,3.88,ok
1785322373.874,2.00,ok
1785322373.888,2.30,ok
1785322373.903,3.70,ok
1785322373.917,2.01,ok
1785322373.930,1.76,ok
1785322373.942,1.85,ok
1785322373.956,1.70,ok
1785322373.969,1.71,ok
1785322373.981,1.87,ok
1785322373.996,1.96,ok
1785322374.009,1.90,ok
1785322374.024,1.94,ok
1785322374.036,1.97,ok
1785322374.051,2.11,ok
1785322374.064,1.79,ok
1785322374.079,2.10,ok
1785322374.093,3.43,ok
1785322374.108,1.85,ok
1785322374.122,1.84,ok
1785322374.135,1.85,ok
1785322374.150,1.88,ok
1785322374.163,1.99,ok
1785322374.191,16.77,ok
1785322374.205,2.66,ok
1785322374.219,2.38,ok
1785322374.235,3.27,ok
1785322374.248,2.21,ok
1785322374.264,3.43,ok
1785322374.278,3.28,ok
1785322374.293,3.22,ok
1785322374.308,2.46,ok
1785322374.322,1.82,ok
1785322374.337,2.00,ok
1785322374.352,2.87,ok
1785322374.367,2.60,ok
1785322374.380,2.40,ok
1785322374.394,2.59,ok
1785322374.409,2.40,ok
1785322374.423,2.22,ok
1785322374.437,2.31,ok
1785322374.452,2.36,ok
1785322374.465,2.14,ok
1785322374.483,6.57,ok
1785322374.497,1.83,ok
1785322374.510,2.37,ok
1785322374.525,3.30,ok
1785322374.538,1.76,ok
1785322374.554,2.80,ok
1785322374.567,1.79,ok
1785322374.582,2.41,ok
1785322374.596,1.54,ok
1785322374.609,2.16,ok
1785322374.623,1.85,ok
1785322374.636,1.79,ok
1785322374.649,2.52,ok
1785322374.666,4.81,ok
1785322374.681,2.36,ok
1785322374.694,2.13,ok
1785322374.706,1.76,ok
1785322374.721,1.88,ok
1785322374.734,1.74,ok
1785322374.747,2.07,ok
1785322374.760,2.03,ok
1785322374.773,1.69,ok
1785322374.787,1.80,ok
1785322374.802,2.28,ok
1785322374.816,2.15,ok
1785322374.830,1.93,ok
1785322374.843,1.79,ok
1785322374.857,1.96,ok
1785322374.872,1.87,ok
1785322374.886,3.66,ok
1785322374.901,2.08,ok
1785322374.914,1.88,ok
1785322374.925,1.68,ok
1785322374.941,2.91,ok
1785322374.953,1.53,ok
1785322374.967,1.64,ok
1785322374.979,1.58,ok
1785322374.992,3.44,ok
1785322375.007,2.02,ok
1785322375.021,1.66,ok
1785322375.035,2.92,ok
1785322375.048,1.65,ok
1785322375.063,2.50,ok
1785322375.076,2.12,ok
1785322375.090,1.99,ok
1785322375.104,1.65,ok
1785322375.119,2.13,ok
1785322375.133,1.78,ok
1785322375.146,1.53,ok
1785322375.158,1.76,ok
1785322375.173,2.02,ok
1785322375.186,1.86,ok
1785322375.199,1.48,ok
1785322375.213,1.99,ok
1785322375.226,1.82,ok
1785322375.240,1.49,ok
1785322375.254,1.66,ok
1785322375.268,1.91,ok
1785322375.284,2.76,ok
1785322375.300,3.54,ok
1785322375.313,1.53,ok
1785322375.326,1.51,ok
1785322375.341,1.59,ok
1785322375.356,2.70,ok
1785322375.368,1.48,ok
1785322375.381,1.96,ok
1785322375.393,1.62,ok
1785322375.405,1.47,ok
1785322375.419,1.55,ok
1785322375.435,3.69,ok
1785322375.449,1.81,ok
1785322375.462,1.82,ok
1785322375.476,1.98,ok
1785322375.491,2.45,ok
1785322375.504,2.46,ok
1785322375.537,20.58,ok
1785322375.551,1.85,ok
1785322375.563,1.70,ok
1785322375.576,2.06,ok
1785322375.595,6.68,ok
1785322375.609,1.96,ok
1785322375.624,1.89,ok
1785322375.638,1.64,ok
1785322375.652,1.99,ok
1785322375.670,4.92,ok
1785322375.684,2.01,ok
1785322375.699,2.69,ok
1785322375.734,22.15,ok
1785322375.748,1.68,ok
1785322375.761,1.82,ok
1785322375.775,2.09,ok
1785322375.790,3.34,ok
1785322375.805,2.10,ok
1785322375.819,2.13,ok
1785322375.833,1.87,ok
1785322375.847,1.75,ok
1785322375.860,1.50,ok
1785322375.873,2.48,ok
1785322375.885,1.85,ok
1785322375.902,4.46,ok
1785322375.915,2.00,ok
1785322375.929,1.65,ok
1785322375.943,1.66,ok
1785322375.958,1.90,ok
1785322375.972,3.45,ok
1785322375.987,1.87,ok
1785322376.001,1.87,ok
1785322376.015,2.10,ok
1785322376.029,1.79,ok
1785322376.043,2.18,ok
1785322376.059,2.52,ok
1785322376.073,2.11,ok
1785322376.087,2.15,ok
1785322376.109,9.56,ok
1785322376.124,2.24,ok
1785322376.137,2.16,ok
1785322376.151,2.00,ok
1785322376.166,2.29,ok
1785322376.180,2.12,ok
1785322376.194,3.85,ok
1785322376.209,1.87,ok
1785322376.223,1.90,ok
1785322376.238,1.76,ok
1785322376.252,4.41,ok
1785322376.267,2.50,ok
1785322376.282,2.64,ok
1785322376.297,3.48,ok
1785322376.311,1.98,ok
1785322376.328,3.89,ok
1785322376.341,2.50,ok
1785322376.355,2.04,ok
1785322376.368,1.94,ok
1785322376.382,2.47,ok
1785322376.397,2.35,ok
1785322376.409,2.12,ok
1785322376.423,2.13,ok
1785322376.438,2.13,ok
1785322376.452,1.79,ok
1785322376.467,2.29,ok
1785322376.480,2.02,ok
1785322376.492,1.70,ok
1785322376.507,2.13,ok
1785322376.532,12.10,ok
1785322376.546,1.73,ok
1785322376.561,3.74,ok
1785322376.574,1.71,ok
1785322376.589,1.98,ok
1785322376.604,2.47,ok
1785322376.618,1.83,ok
1785322376.631,1.53,ok
1785322376.646,2.06,ok
1785322376.660,2.90,ok
1785322376.673,1.51,ok
1785322376.687,1.79,ok
1785322376.701,1.57,ok
1785322376.713,2.06,ok
1785322376.727,1.96,ok
1785322376.741,1.82,ok
1785322376.755,1.73,ok
1785322376.767,1.65,ok
1785322376.782,1.99,ok
1785322376.795,1.84,ok
1785322376.810,2.91,ok
1785322376.825,2.02,ok
1785322376.839,1.97,ok
1785322376.855,2.95,ok
1785322376.870,2.09,ok
1785322376.882,2.17,ok
1785322376.897,2.06,ok
1785322376.911,4.05,ok
1785322376.926,1.77,ok
1785322376.938,1.41,ok
1785322376.950,1.48,ok
1785322376.965,1.91,ok
1785322376.980,2.95,ok
1785322376.995,1.78,ok
1785322377.011,3.32,ok
1785322377.026,2.46,ok
1785322377.039,1.98,ok
1785322377.053,1.69,ok
1785322377.069,3.40,ok
1785322377.084,3.73,ok
1785322377.101,4.07,ok
1785322377.114,1.92,ok
1785322377.127,1.62,ok
1785322377.141,2.26,ok
1785322377.153,1.96,ok
1785322377.167,1.81,ok
1785322377.183,5.20,ok
1785322377.196,2.87,ok
1785322377.210,1.82,ok
1785322377.225,2.92,ok
1785322377.242,3.74,ok
1785322377.256,2.18,ok
1785322377.269,1.90,ok
1785322377.283,1.90,ok
1785322377.296,1.99,ok
1785322377.309,2.01,ok
1785322377.325,2.91,ok
1785322377.338,1.77,ok
1785322377.351,1.76,ok
1785322377.364,2.17,ok
1785322377.379,1.99,ok
1785322377.393,1.99,ok
1785322377.407,1.89,ok
1785322377.422,1.95,ok
1785322377.434,1.72,ok
1785322377.449,2.18,ok
1785322377.463,3.91,ok
1785322377.478,2.04,ok
1785322377.492,3.45,ok
1785322377.506,2.17,ok
1785322377.521,2.26,ok
1785322377.541,8.25,ok
1785322377.556,2.38,ok
1785322377.571,2.72,ok
1785322377.588,6.25,ok
1785322377.602,2.61,ok
1785322377.617,2.26,ok
1785322377.631,2.11,ok
1785322377.643,1.85,ok
1785322377.658,1.76,ok
1785322377.670,1.97,ok
1785322377.685,1.68,ok
1785322377.697,1.98,ok
1785322377.711,2.17,ok
1785322377.726,2.38,ok
1785322377.739,1.73,ok
1785322377.753,1.89,ok
1785322377.768,1.99,ok
1785322377.781,1.99,ok
1785322377.793,1.92,ok
1785322377.808,3.25,ok
1785322377.823,2.18,ok
1785322377.837,2.46,ok
1785322377.851,3.17,ok
1785322377.865,2.66,ok
1785322377.880,2.75,ok
1785322377.893,1.89,ok
1785322377.908,2.35,ok
1785322377.923,2.08,ok
1785322377.939,3.65,ok
1785322377.955,3.45,ok
1785322377.970,2.39,ok
1785322377.989,6.43,ok
1785322378.003,2.23,ok
1785322378.017,2.44,ok
1785322378.031,2.08,ok
1785322378.044,2.20,ok
1785322378.057,2.29,ok
1785322378.071,1.84,ok
1785322378.086,2.61,ok
1785322378.101,2.10,ok
1785322378.115,2.52,ok
1785322378.130,2.47,ok
1785322378.142,2.21,ok
1785322378.157,2.06,ok
1785322378.173,3.53,ok
1785322378.186,2.35,ok
1785322378.201,2.64,ok
1785322378.215,1.65,ok
1785322378.227,1.94,ok
1785322378.242,2.29,ok
1785322378.257,2.15,ok
1785322378.274,5.28,ok
1785322378.289,1.78,ok
1785322378.303,2.03,ok
1785322378.317,2.05,ok
1785322378.329,2.30,ok
1785322378.344,1.77,ok
1785322378.357,1.75,ok
1785322378.371,1.71,ok
1785322378.384,2.76,ok
1785322378.396,1.72,ok
1785322378.409,2.22,ok
1785322378.423,1.99,ok
1785322378.435,1.87,ok
1785322378.448,1.99,ok
1785322378.462,1.84,ok
1785322378.477,3.03,ok
1785322378.491,2.03,ok
1785322378.503,1.71,ok
1785322378.517,1.70,ok
1785322378.536,7.87,ok
1785322378.550,1.79,ok
1785322378.562,1.40,ok
1785322378.576,1.60,ok
1785322378.589,1.67,ok
1785322378.601,1.49,ok
1785322378.613,1.88,ok
1785322378.629,3.37,ok
1785322378.643,1.70,ok
1785322378.659,3.14,ok
1785322378.673,1.89,ok
1785322378.686,1.78,ok
1785322378.699,1.66,ok
1785322378.713,1.85,ok
1785322378.727,1.56,ok
1785322378.742,1.85,ok
1785322378.756,1.56,ok
1785322378.770,1.70,ok
1785322378.784,1.96,ok
1785322378.797,2.33,ok
1785322378.810,2.60,ok
1785322378.824,3.02,ok
1785322378.838,1.51,ok
1785322378.852,2.53,ok
1785322378.867,3.15,ok
1785322378.881,2.19,ok
1785322378.895,1.78,ok
1785322378.910,2.54,ok
1785322378.926,3.84,ok
1785322378.942,3.31,ok
1785322378.960,4.69,ok
1785322378.972,1.91,ok
1785322378.984,2.08,ok
1785322378.998,1.77,ok
1785322379.013,1.90,ok
1785322379.026,1.67,ok
1785322379.039,1.59,ok
1785322379.051,1.78,ok
1785322379.067,3.04,ok
1785322379.082,2.00,ok
1785322379.097,3.11,ok
1785322379.111,1.82,ok
1785322379.124,1.60,ok
1785322379.140,3.42,ok
1785322379.155,2.46,ok
1785322379.170,2.29,ok
1785322379.184,2.46,ok
1785322379.197,1.93,ok
1785322379.212,2.15,ok
1785322379.226,1.81,ok
1785322379.242,3.18,ok
1785322379.256,2.15,ok
1785322379.269,1.90,ok
1785322379.285,3.34,ok
1785322379.299,1.77,ok
1785322379.313,1.67,ok
1785322379.326,1.85,ok
1785322379.339,1.86,ok
1785322379.353,3.31,ok
1785322379.367,1.78,ok
1785322379.382,4.44,ok
1785322379.398,3.55,ok
1785322379.410,1.63,ok
1785322379.424,1.98,ok
1785322379.439,3.29,ok
1785322379.453,2.41,ok
1785322379.468,2.28,ok
1785322379.483,2.19,ok
1785322379.497,1.88,ok
1785322379.512,2.46,ok
1785322379.539,15.45,ok
1785322379.552,1.75,ok
1785322379.566,1.62,ok
1785322379.580,1.56,ok
1785322379.592,2.31,ok
1785322379.606,1.77,ok
1785322379.621,1.82,ok
1785322379.634,1.88,ok
1785322379.646,2.08,ok
1785322379.659,1.97,ok
1785322379.674,2.20,ok
1785322379.687,2.25,ok
1785322379.701,2.39,ok
1785322379.714,2.23,ok
1785322379.729,2.29,ok
1785322379.744,2.11,ok
1785322379.760,3.89,ok
1785322379.775,1.82,ok
1785322379.790,2.36,ok
1785322379.805,2.83,ok
1785322379.820,2.20,ok
1785322379.834,3.72,ok
1785322379.850,3.48,ok
1785322379.873,10.13,ok
1785322379.886,2.35,ok
1785322379.901,1.96,ok
1785322379.916,2.63,ok
1785322379.929,2.75,ok
1785322379.942,1.85,ok
1785322379.958,2.99,ok
1785322379.973,2.10,ok
1785322379.987,1.74,ok
1785322380.002,1.89,ok
1785322380.017,2.06,ok
1785322380.031,1.88,ok
1785322380.044,2.01,ok
1785322380.059,2.01,ok
1785322380.073,1.72,ok
1785322380.087,1.77,ok
1785322380.103,3.94,ok
1785322380.118,2.56,ok
1785322380.133,1.93,ok
1785322380.147,2.09,ok
1785322380.162,2.52,ok
1785322380.175,2.19,ok
1785322380.190,2.39,ok
1785322380.204,2.68,ok
1785322380.218,2.32,ok
1785322380.231,2.41,ok
1785322380.247,3.54,ok
1785322380.262,2.62,ok
1785322380.275,2.41,ok
1785322380.290,2.87,ok
1785322380.304,2.30,ok
1785322380.318,2.06,ok
1785322380.339,9.45,ok
1785322380.354,2.69,ok
1785322380.369,2.92,ok
1785322380.384,2.08,ok
1785322380.397,2.24,ok
1785322380.411,2.44,ok
1785322380.424,2.37,ok
1785322380.438,3.03,ok
1785322380.450,2.01,ok
1785322380.465,2.44,ok
1785322380.480,2.86,ok
1785322380.493,2.43,ok
1785322380.506,2.67,ok
1785322380.521,2.13,ok
1785322380.543,9.26,ok
1785322380.559,3.74,ok
1785322380.575,3.52,ok
1785322380.589,2.65,ok
1785322380.602,3.15,ok
1785322380.618,3.45,ok
1785322380.634,3.68,ok
1785322380.647,2.25,ok
1785322380.660,2.42,ok
1785322380.675,2.13,ok
1785322380.690,3.62,ok
1785322380.705,2.13,ok
1785322380.718,2.06,ok
1785322380.733,2.04,ok
1785322380.746,1.84,ok
1785322380.761,3.40,ok
1785322380.775,1.86,ok
1785322380.788,2.02,ok
1785322380.801,2.17,ok
1785322380.815,3.03,ok
1785322380.829,2.36,ok
1785322380.842,2.05,ok
1785322380.857,1.90,ok
1785322380.870,2.96,ok
1785322380.883,2.19,ok
1785322380.895,1.90,ok
1785322380.909,1.79,ok
1785322380.922,2.59,ok
1785322380.934,1.90,ok
1785322380.947,2.14,ok
1785322380.961,1.63,ok
1785322380.976,2.89,ok
1785322380.988,1.75,ok
1785322381.003,3.41,ok
1785322381.018,2.08,ok
1785322381.031,1.75,ok
1785322381.046,3.23,ok
1785322381.059,1.57,ok
1785322381.073,1.39,ok
1785322381.087,1.61,ok
1785322381.101,1.72,ok
1785322381.114,1.80,ok
1785322381.126,1.49,ok
1785322381.140,1.49,ok
1785322381.154,1.67,ok
1785322381.169,2.34,ok
1785322381.181,1.70,ok
1785322381.196,1.63,ok
1785322381.209,1.89,ok
1785322381.225,3.83,ok
1785322381.240,2.68,ok
1785322381.254,3.41,ok
1785322381.268,2.98,ok
1785322381.282,2.10,ok
1785322381.298,3.14,ok
1785322381.314,3.60,ok
1785322381.329,2.64,ok
1785322381.342,2.47,ok
1785322381.357,2.48,ok
1785322381.373,3.15,ok
1785322381.388,2.19,ok
1785322381.402,2.74,ok
1785322381.417,2.76,ok
1785322381.432,4.57,ok
1785322381.447,2.12,ok
1785322381.461,2.26,ok
1785322381.476,1.92,ok
1785322381.489,1.68,ok
1785322381.504,2.13,ok
1785322381.517,2.63,ok
1785322381.535,5.78,ok
1785322381.547,1.90,ok
1785322381.562,2.34,ok
1785322381.575,2.08,ok
1785322381.590,2.20,ok
1785322381.605,2.35,ok
1785322381.619,3.68,ok
1785322381.635,3.17,ok
1785322381.648,2.02,ok
1785322381.663,2.43,ok
1785322381.678,2.40,ok
1785322381.693,2.13,ok
1785322381.706,2.22,ok
1785322381.719,2.58,ok
1785322381.734,2.52,ok
1785322381.749,2.51,ok
1785322381.763,1.70,ok
1785322381.776,2.09,ok
1785322381.789,2.05,ok
1785322381.803,2.17,ok
1785322381.818,1.94,ok
1785322381.832,1.67,ok
1785322381.846,1.74,ok
1785322381.859,2.01,ok
1785322381.874,2.92,ok
1785322381.888,1.77,ok
1785322381.903,4.19,ok
1785322381.916,1.58,ok
1785322381.928,1.91,ok
1785322381.941,1.67,ok
1785322381.953,1.69,ok
1785322381.967,1.97,ok
1785322381.981,1.69,ok
1785322381.995,2.04,ok
1785322382.009,1.88,ok
1785322382.021,1.75,ok
1785322382.034,2.06,ok
1785322382.050,3.07,ok
1785322382.064,1.47,ok
1785322382.080,3.21,ok
1785322382.092,1.77,ok
1785322382.105,1.77,ok
1785322382.117,1.59,ok
1785322382.132,2.10,ok
1785322382.146,1.81,ok
1785322382.158,1.69,ok
1785322382.171,2.18,ok
1785322382.184,1.68,ok
1785322382.198,1.76,ok
1785322382.212,2.72,ok
1785322382.226,1.91,ok
1785322382.240,2.63,ok
1785322382.254,1.99,ok
1785322382.269,1.99,ok
1785322382.285,3.69,ok
1785322382.300,1.85,ok
1785322382.313,2.08,ok
1785322382.325,1.99,ok
1785322382.337,1.81,ok
1785322382.352,2.54,ok
1785322382.366,3.54,ok
1785322382.381,2.36,ok
1785322382.396,3.09,ok
1785322382.410,2.47,ok
1785322382.424,2.18,ok
1785322382.438,3.19,ok
1785322382.450,2.41,ok
1785322382.462,2.09,ok
1785322382.477,2.45,ok
1785322382.490,2.30,ok
1785322382.504,2.05,ok
1785322382.519,2.35,ok
1785322382.538,6.71,ok
1785322382.551,2.20,ok
1785322382.565,2.00,ok
1785322382.579,2.26,ok
1785322382.594,2.38,ok
1785322382.607,2.02,ok
1785322382.621,2.11,ok
1785322382.634,1.98,ok
1785322382.649,2.28,ok
1785322382.662,2.31,ok
1785322382.677,2.08,ok
1785322382.690,2.06,ok
1785322382.704,1.97,ok
1785322382.718,2.15,ok
1785322382.732,3.97,ok
1785322382.747,2.44,ok
1785322382.762,2.12,ok
1785322382.778,3.51,ok
1785322382.791,2.15,ok
1785322382.805,2.39,ok
1785322382.818,2.21,ok
1785322382.833,2.30,ok
1785322382.846,2.23,ok
1785322382.862,3.22,ok
1785322382.876,1.87,ok
1785322382.891,2.65,ok
1785322382.903,2.01,ok
1785322382.918,2.34,ok
1785322382.932,1.77,ok
1785322382.947,2.00,ok
1785322382.959,1.54,ok
1785322382.972,1.73,ok
1785322382.984,1.77,ok
1785322383.000,3.25,ok
1785322383.012,2.36,ok
1785322383.026,1.91,ok
1785322383.040,1.54,ok
1785322383.054,1.58,ok
1785322383.069,1.75,ok
1785322383.081,1.82,ok
1785322383.095,1.97,ok
1785322383.109,1.66,ok
1785322383.122,1.67,ok
1785322383.135,2.24,ok
1785322383.148,1.86,ok
1785322383.163,2.12,ok
1785322383.177,2.14,ok
1785322383.190,2.00,ok
1785322383.203,2.08,ok
1785322383.219,3.14,ok
1785322383.233,2.09,ok
1785322383.251,3.57,ok
1785322383.269,5.90,ok
1785322383.287,6.97,ok
1785322383.302,2.80,ok
1785322383.316,2.29,ok
1785322383.331,3.82,ok
1785322383.345,2.97,ok
1785322383.357,1.89,ok
1785322383.372,3.28,ok
1785322383.387,2.94,ok
1785322383.401,2.09,ok
1785322383.417,3.47,ok
1785322383.431,3.15,ok
1785322383.443,2.05,ok
1785322383.460,5.36,ok
1785322383.474,2.16,ok
1785322383.488,2.59,ok
1785322383.502,2.45,ok
1785322383.516,3.06,ok
1785322383.537,8.10,ok
1785322383.551,2.64,ok
1785322383.566,2.37,ok
1785322383.581,2.36,ok
1785322383.595,3.00,ok
1785322383.610,2.58,ok
1785322383.627,3.85,ok
1785322383.642,2.56,ok
1785322383.657,2.25,ok
1785322383.670,2.45,ok
1785322383.685,2.40,ok
1785322383.700,2.08,ok
1785322383.714,2.18,ok
1785322383.727,2.04,ok
1785322383.741,2.34,ok
1785322383.756,2.41,ok
1785322383.771,3.12,ok
1785322383.786,2.33,ok
1785322383.801,2.51,ok
1785322383.816,2.35,ok
1785322383.831,3.02,ok
1785322383.846,2.55,ok
1785322383.861,2.63,ok
1785322383.878,3.49,ok
1785322383.890,2.14,ok
1785322383.903,2.09,ok
1785322383.916,3.03,ok
1785322383.931,3.41,ok
1785322383.944,2.23,ok
1785322383.959,2.43,ok
1785322383.973,2.19,ok
1785322383.988,2.15,ok
1785322384.004,2.94,ok
1785322384.019,2.42,ok
1785322384.034,2.15,ok
1785322384.047,2.91,ok
1785322384.060,2.01,ok
1785322384.074,1.91,ok
1785322384.089,2.02,ok
1785322384.103,2.89,ok
1785322384.117,1.98,ok
1785322384.131,1.68,ok
1785322384.144,1.56,ok
1785322384.156,1.50,ok
1785322384.169,2.07,ok
1785322384.182,1.89,ok
1785322384.196,1.97,ok
1785322384.211,1.73,ok
1785322384.225,1.46,ok
1785322384.238,2.18,ok
1785322384.252,2.12,ok
1785322384.267,1.77,ok
1785322384.281,1.95,ok
1785322384.296,1.94,ok
1785322384.310,2.16,ok
1785322384.322,1.61,ok
1785322384.337,2.70,ok
1785322384.352,3.62,ok
1785322384.366,1.81,ok
1785322384.378,2.29,ok
1785322384.393,2.27,ok
1785322384.407,2.37,ok
1785322384.423,3.38,ok
1785322384.438,2.83,ok
1785322384.451,2.07,ok
1785322384.465,2.18,ok
1785322384.480,2.63,ok
1785322384.495,2.36,ok
1785322384.508,2.38,ok
1785322384.523,3.38,ok
1785322384.542,6.69,ok
1785322384.557,1.98,ok
1785322384.570,2.19,ok
1785322384.583,1.84,ok
1785322384.597,1.94,ok
1785322384.610,1.59,ok
1785322384.625,1.84,ok
1785322384.639,1.66,ok
1785322384.652,2.14,ok
1785322384.665,1.65,ok
1785322384.681,2.98,ok
1785322384.695,1.91,ok
1785322384.710,2.33,ok
1785322384.723,2.19,ok
1785322384.738,3.18,ok
1785322384.753,2.52,ok
1785322384.767,2.14,ok
1785322384.783,3.72,ok
1785322384.798,2.26,ok
1785322384.812,1.99,ok
1785322384.827,2.96,ok
1785322384.842,2.30,ok
1785322384.858,3.61,ok
1785322384.872,2.03,ok
1785322384.884,2.03,ok
1785322384.898,2.87,ok
1785322384.914,3.63,ok
1785322384.929,2.12,ok
1785322384.942,1.80,ok
1785322384.957,2.20,ok
1785322384.972,2.00,ok
1785322384.987,3.89,ok
1785322385.004,4.46,ok
1785322385.017,2.18,ok
1785322385.031,2.14,ok
1785322385.045,1.99,ok
1785322385.059,1.88,ok
1785322385.075,3.03,ok
1785322385.088,2.28,ok
1785322385.102,2.13,ok
1785322385.117,2.14,ok
1785322385.132,2.39,ok
1785322385.146,3.28,ok
1785322385.159,1.98,ok
1785322385.175,3.50,ok
1785322385.190,2.22,ok
1785322385.202,1.90,ok
1785322385.215,2.08,ok
1785322385.229,2.34,ok
1785322385.242,2.12,ok
1785322385.256,1.89,ok
1785322385.272,3.55,ok
1785322385.286,2.25,ok
1785322385.302,3.35,ok
1785322385.317,2.05,ok
1785322385.329,2.00,ok
1785322385.343,2.03,ok
1785322385.380,18.89,ok
1785322385.395,2.84,ok
1785322385.411,3.87,ok
1785322385.426,2.14,ok
1785322385.441,2.15,ok
1785322385.455,3.46,ok
1785322385.471,3.91,ok
1785322385.486,2.44,ok
1785322385.499,2.30,ok
1785322385.513,2.42,ok
1785322385.526,2.02,ok
1785322385.541,4.31,ok
1785322385.556,2.23,ok
1785322385.571,2.41,ok
1785322385.586,2.81,ok
1785322385.599,2.86,ok
1785322385.612,2.20,ok
1785322385.627,2.06,ok
1785322385.641,1.90,ok
1785322385.655,2.08,ok
1785322385.669,2.04,ok
1785322385.684,2.23,ok
1785322385.699,2.49,ok
1785322385.714,2.39,ok
1785322385.729,2.51,ok
1785322385.742,2.10,ok
1785322385.757,2.17,ok
1785322385.772,2.49,ok
1785322385.787,2.37,ok
1785322385.802,2.17,ok
1785322385.816,2.22,ok
1785322385.829,1.98,ok
1785322385.843,1.70,ok
1785322385.858,2.11,ok
1785322385.874,3.22,ok
1785322385.887,1.96,ok
1785322385.901,2.44,ok
1785322385.914,2.08,ok
1785322385.929,2.18,ok
1785322385.943,2.75,ok
1785322385.957,2.07,ok
1785322385.972,2.26,ok
1785322385.987,1.94,ok
1785322386.006,6.89,ok
1785322386.021,3.29,ok
1785322386.036,2.18,ok
1785322386.051,2.02,ok
1785322386.064,2.33,ok
1785322386.078,2.03,ok
1785322386.093,2.84,ok
1785322386.115,9.12,ok
1785322386.128,2.25,ok
1785322386.142,2.22,ok
1785322386.154,2.25,ok
1785322386.167,1.98,ok
1785322386.180,2.32,ok
1785322386.195,2.03,ok
1785322386.208,2.14,ok
1785322386.222,1.94,ok
1785322386.236,2.38,ok
1785322386.249,1.88,ok
1785322386.263,1.91,ok
1785322386.278,1.81,ok
1785322386.291,1.92,ok
1785322386.305,2.32,ok
1785322386.319,2.81,ok
1785322386.334,2.75,ok
1785322386.379,5.59,ok
1785322386.395,3.32,ok
1785322386.410,2.59,ok
1785322386.426,2.28,ok
1785322386.444,5.53,ok
1785322386.459,2.43,ok
1785322386.472,2.06,ok
1785322386.496,12.04,ok
1785322386.510,4.14,ok
1785322386.524,3.50,ok
1785322386.540,3.26,ok
1785322386.570,17.61,ok
1785322386.596,11.48,ok
1785322386.611,3.24,ok
1785322386.623,2.27,ok
1785322386.638,1.79,ok
1785322386.653,2.39,ok
1785322386.665,2.18,ok
1785322386.682,3.87,ok
1785322386.696,2.48,ok
1785322386.711,2.96,ok
1785322386.724,2.31,ok
1785322386.737,2.81,ok
1785322386.751,2.06,ok
1785322386.766,1.84,ok
1785322386.780,1.90,ok
1785322386.793,1.83,ok
1785322386.807,1.65,ok
1785322386.821,1.87,ok
1785322386.836,2.10,ok
1785322386.851,2.27,ok
1785322386.864,1.93,ok
1785322386.878,1.96,ok
1785322386.890,1.57,ok
1785322386.905,1.84,ok
1785322386.918,2.44,ok
1785322386.931,1.66,ok
1785322386.945,1.99,ok
1785322386.958,1.65,ok
1785322386.972,2.97,ok
1785322386.987,3.06,ok
1785322387.003,3.59,ok
1785322387.022,6.73,ok
1785322387.036,2.23,ok
1785322387.050,2.10,ok
1785322387.063,1.70,ok
1785322387.078,1.97,ok
1785322387.093,2.36,ok
1785322387.105,1.94,ok
1785322387.119,3.35,ok
1785322387.134,2.29,ok
1785322387.149,2.06,ok
1785322387.164,2.33,ok
1785322387.176,1.88,ok
1785322387.189,2.69,ok
1785322387.203,2.00,ok
1785322387.216,1.74,ok
1785322387.230,2.02,ok
1785322387.244,1.89,ok
1785322387.258,2.13,ok
1785322387.271,1.93,ok
1785322387.286,3.15,ok
1785322387.298,1.62,ok
1785322387.312,2.12,ok
1785322387.328,4.21,ok
1785322387.340,1.91,ok
1785322387.355,1.91,ok
1785322387.368,2.99,ok
1785322387.381,1.95,ok
1785322387.396,3.35,ok
1785322387.411,2.24,ok
1785322387.426,2.71,ok
1785322387.439,2.53,ok
1785322387.453,2.08,ok
1785322387.468,2.32,ok
1785322387.484,3.61,ok
1785322387.499,1.81,ok
1785322387.514,2.28,ok
1785322387.526,1.98,ok
1785322387.544,4.94,ok
1785322387.559,2.47,ok
1785322387.574,2.18,ok
1785322387.587,2.08,ok
1785322387.603,3.52,ok
1785322387.617,3.41,ok
1785322387.632,1.67,ok
1785322387.644,1.86,ok
1785322387.660,3.63,ok
1785322387.675,2.90,ok
1785322387.689,2.90,ok
1785322387.703,2.28,ok
1785322387.718,2.25,ok
1785322387.731,1.70,ok
1785322387.746,2.07,ok
1785322387.759,1.98,ok
1785322387.774,1.68,ok
1785322387.788,3.02,ok
1785322387.801,2.19,ok
1785322387.814,1.84,ok
1785322387.828,2.67,ok
1785322387.843,3.31,ok
1785322387.857,1.81,ok
1785322387.871,1.91,ok
1785322387.884,2.14,ok
1785322387.897,1.91,ok
1785322387.911,2.26,ok
1785322387.926,2.48,ok
1785322387.939,1.71,ok
1785322387.955,3.02,ok
1785322387.967,2.33,ok
1785322387.982,3.26,ok
1785322387.996,1.67,ok
1785322388.013,2.06,ok
1785322388.027,2.48,ok
1785322388.041,2.57,ok
1785322388.056,3.15,ok
1785322388.071,2.01,ok
1785322388.086,4.13,ok
1785322388.102,3.44,ok
1785322388.116,1.82,ok
1785322388.129,2.36,ok
1785322388.143,2.12,ok
1785322388.156,1.58,ok
1785322388.168,1.91,ok
1785322388.182,2.89,ok
1785322388.196,2.04,ok
1785322388.209,1.94,ok
1785322388.224,1.76,ok
1785322388.239,2.16,ok
1785322388.253,1.83,ok
1785322388.268,1.99,ok
1785322388.280,1.80,ok
1785322388.294,1.82,ok
1785322388.309,2.06,ok
1785322388.324,2.15,ok
1785322388.338,2.11,ok
1785322388.352,2.18,ok
1785322388.365,1.53,ok
1785322388.382,3.78,ok
1785322388.396,1.88,ok
1785322388.409,1.96,ok
1785322388.422,1.75,ok
1785322388.435,2.23,ok
1785322388.447,1.78,ok
1785322388.460,1.62,ok
1785322388.473,1.79,ok
1785322388.488,2.17,ok
1785322388.502,1.92,ok
1785322388.515,1.71,ok
1785322388.538,12.39,ok
1785322388.551,2.08,ok
1785322388.564,2.03,ok
1785322388.577,1.54,ok
1785322388.590,1.50,ok
1785322388.604,1.86,ok
1785322388.618,1.84,ok
1785322388.632,2.07,ok
1785322388.646,1.79,ok
1785322388.659,1.87,ok
1785322388.671,1.55,ok
1785322388.685,1.91,ok
1785322388.699,2.29,ok
1785322388.713,1.73,ok
1785322388.726,1.54,ok
1785322388.740,1.44,ok
1785322388.753,1.53,ok
1785322388.768,1.79,ok
1785322388.781,1.86,ok
1785322388.795,1.65,ok
1785322388.809,2.23,ok
1785322388.823,1.76,ok
1785322388.837,1.65,ok
1785322388.853,3.41,ok
1785322388.869,2.19,ok
1785322388.882,1.78,ok
1785322388.897,2.32,ok
1785322388.910,1.63,ok
1785322388.923,1.77,ok
1785322388.939,3.36,ok
1785322388.952,2.84,ok
1785322388.966,1.74,ok
1785322388.983,3.86,ok
1785322388.996,1.95,ok
1785322389.010,1.60,ok
1785322389.024,2.21,ok
1785322389.039,1.99,ok
1785322389.053,1.82,ok
1785322389.069,3.39,ok
1785322389.081,1.84,ok
1785322389.098,4.90,ok
1785322389.112,1.99,ok
1785322389.126,1.82,ok
1785322389.139,1.71,ok
1785322389.153,1.63,ok
1785322389.167,1.72,ok
1785322389.182,1.49,ok
1785322389.196,1.54,ok
1785322389.209,1.59,ok
1785322389.224,2.03,ok
1785322389.238,1.66,ok
1785322389.254,3.27,ok
1785322389.268,2.15,ok
1785322389.281,2.44,ok
1785322389.293,1.78,ok
1785322389.306,1.66,ok
1785322389.320,2.51,ok
1785322389.334,2.00,ok
1785322389.349,2.06,ok
1785322389.363,1.91,ok
1785322389.376,1.95,ok
1785322389.388,1.39,ok
1785322389.401,1.95,ok
1785322389.415,2.20,ok
1785322389.428,1.49,ok
1785322389.445,4.87,ok
1785322389.460,2.14,ok
1785322389.479,6.93,ok
1785322389.494,1.92,ok
1785322389.509,3.14,ok
1785322389.523,1.91,ok
1785322389.545,9.76,ok
1785322389.561,3.73,ok
1785322389.576,1.95,ok
1785322389.589,2.98,ok
1785322389.603,1.82,ok
1785322389.618,2.08,ok
1785322389.634,2.90,ok
1785322389.648,1.87,ok
1785322389.663,2.20,ok
1785322389.677,1.88,ok
1785322389.692,2.79,ok
1785322389.707,2.40,ok
1785322389.721,1.97,ok
1785322389.736,1.98,ok
1785322389.750,1.93,ok
1785322389.765,2.02,ok
1785322389.780,1.92,ok
1785322389.792,1.79,ok
1785322389.806,1.51,ok
1785322389.820,1.95,ok
1785322389.834,1.90,ok
1785322389.846,1.69,ok
1785322389.860,1.75,ok
1785322389.874,1.80,ok
1785322389.889,1.94,ok
1785322389.901,2.00,ok
1785322389.913,1.76,ok
1785322389.926,2.96,ok
1785322389.939,1.66,ok
1785322389.951,2.02,ok
1785322389.969,5.08,ok
1785322389.982,1.80,ok
1785322389.996,1.75,ok
1785322390.010,1.73,ok
1785322390.025,1.74,ok
1785322390.038,1.97,ok
1785322390.053,2.33,ok
1785322390.065,1.56,ok
1785322390.077,1.53,ok
1785322390.089,1.81,ok
1785322390.104,1.78,ok
1785322390.117,2.09,ok
1785322390.132,3.24,ok
1785322390.148,3.78,ok
1785322390.164,3.39,ok
1785322390.178,1.85,ok
1785322390.193,2.07,ok
1785322390.207,1.68,ok
1785322390.221,3.21,ok
1785322390.233,1.63,ok
1785322390.247,2.17,ok
1785322390.262,1.99,ok
1785322390.276,1.93,ok
1785322390.290,1.87,ok
1785322390.303,2.21,ok
1785322390.315,1.53,ok
1785322390.329,1.59,ok
1785322390.341,1.84,ok
1785322390.358,3.68,ok
1785322390.371,1.52,ok
1785322390.384,1.63,ok
1785322390.399,2.07,ok
1785322390.412,1.70,ok
1785322390.426,1.92,ok
1785322390.439,1.76,ok
1785322390.453,1.92,ok
1785322390.467,1.69,ok
1785322390.479,1.51,ok
1785322390.492,1.86,ok
1785322390.504,1.60,ok
1785322390.517,1.72,ok
1785322390.529,1.58,ok
1785322390.544,4.26,ok
1785322390.560,2.27,ok
1785322390.572,1.85,ok
1785322390.586,2.08,ok
1785322390.601,1.83,ok
1785322390.615,1.44,ok
1785322390.627,1.52,ok
1785322390.639,1.41,ok
1785322390.653,1.80,ok
1785322390.667,1.76,ok
1785322390.680,1.41,ok
1785322390.693,1.89,ok
1785322390.706,1.77,ok
1785322390.720,1.82,ok
1785322390.735,1.72,ok
1785322390.748,2.19,ok
1785322390.764,2.97,ok
1785322390.779,2.53,ok
1785322390.792,2.36,ok
1785322390.805,1.89,ok
1785322390.820,3.36,ok
1785322390.835,2.67,ok
1785322390.847,1.80,ok
1785322390.863,4.49,ok
1785322390.876,2.29,ok
1785322390.890,1.70,ok
1785322390.904,2.38,ok
1785322390.918,1.83,ok
1785322390.931,1.71,ok
1785322390.943,1.94,ok
1785322390.956,1.83,ok
1785322390.970,1.75,ok
1785322390.984,2.20,ok
1785322390.999,1.54,ok
1785322391.012,1.47,ok
1785322391.026,1.97,ok
1785322391.040,1.68,ok
1785322391.052,1.56,ok
1785322391.064,1.45,ok
1785322391.078,1.76,ok
1785322391.095,4.00,ok
1785322391.108,1.87,ok
1785322391.122,1.58,ok
1785322391.134,1.96,ok
1785322391.149,2.06,ok
1785322391.163,2.07,ok
1785322391.178,2.05,ok
1785322391.193,1.78,ok
1785322391.207,1.95,ok
1785322391.221,1.64,ok
1785322391.236,1.84,ok
1785322391.251,2.17,ok
1785322391.264,1.76,ok
1785322391.277,1.50,ok
1785322391.291,1.49,ok
1785322391.305,1.43,ok
1785322391.319,2.54,ok
1785322391.333,1.76,ok
1785322391.347,1.75,ok
1785322391.359,2.02,ok
1785322391.374,2.36,ok
1785322391.389,1.83,ok
1785322391.404,2.25,ok
1785322391.419,3.04,ok
1785322391.431,1.68,ok
1785322391.444,1.77,ok
1785322391.459,2.11,ok
1785322391.474,3.30,ok
1785322391.488,1.71,ok
1785322391.501,2.04,ok
1785322391.514,1.86,ok
1785322391.527,1.73,ok
1785322391.545,7.64,ok
1785322391.559,1.83,ok
1785322391.573,1.56,ok
1785322391.588,1.69,ok
1785322391.601,1.80,ok
1785322391.613,1.37,ok
1785322391.626,1.60,ok
1785322391.643,4.53,ok
1785322391.657,1.88,ok
1785322391.670,1.67,ok
1785322391.683,1.82,ok
1785322391.697,1.76,ok
1785322391.709,1.55,ok
1785322391.724,3.01,ok
1785322391.738,1.63,ok
1785322391.752,3.01,ok
1785322391.767,2.18,ok
1785322391.781,1.77,ok
1785322391.796,2.15,ok
1785322391.810,1.93,ok
1785322391.823,1.60,ok
1785322391.837,1.56,ok
1785322391.848,1.33,ok
1785322391.862,1.99,ok
1785322391.874,1.63,ok
1785322391.886,1.70,ok
1785322391.901,2.43,ok
1785322391.916,1.75,ok
1785322391.931,2.53,ok
1785322391.943,1.88,ok
1785322391.958,2.02,ok
1785322391.973,2.42,ok
1785322391.987,1.79,ok
1785322392.003,3.10,ok
1785322392.019,3.25,ok
1785322392.034,2.30,ok
1785322392.048,1.69,ok
1785322392.062,1.91,ok
1785322392.075,1.76,ok
1785322392.090,1.84,ok
1785322392.104,3.26,ok
1785322392.119,1.95,ok
1785322392.131,1.94,ok
1785322392.145,3.70,ok
1785322392.159,2.02,ok
1785322392.173,1.90,ok
1785322392.188,2.21,ok
1785322392.201,2.35,ok
1785322392.215,1.44,ok
1785322392.228,1.58,ok
1785322392.242,1.96,ok
1785322392.258,2.77,ok
1785322392.272,1.90,ok
1785322392.286,1.81,ok
1785322392.300,1.88,ok
1785322392.313,1.73,ok
1785322392.328,2.50,ok
1785322392.342,1.90,ok
1785322392.354,1.78,ok
1785322392.370,3.17,ok
1785322392.385,2.60,ok
1785322392.398,2.10,ok
1785322392.411,2.36,ok
1785322392.425,1.81,ok
1785322392.438,1.83,ok
1785322392.451,2.11,ok
1785322392.465,1.69,ok
1785322392.479,1.71,ok
1785322392.495,2.79,ok
1785322392.509,1.98,ok
1785322392.523,1.64,ok
1785322392.543,7.21,ok
1785322392.556,2.96,ok
1785322392.570,1.62,ok
1785322392.584,2.07,ok
1785322392.598,1.85,ok
1785322392.618,7.59,ok
1785322392.633,2.43,ok
1785322392.647,1.89,ok
1785322392.662,1.98,ok
1785322392.675,1.78,ok
1785322392.690,1.91,ok
1785322392.705,3.07,ok
1785322392.720,1.81,ok
1785322392.735,2.65,ok
1785322392.749,3.49,ok
1785322392.765,3.49,ok
1785322392.779,2.36,ok
1785322392.793,2.22,ok
1785322392.807,2.44,ok
1785322392.822,2.55,ok
1785322392.835,1.75,ok
1785322392.848,1.70,ok
1785322392.862,1.74,ok
1785322392.877,2.97,ok
1785322392.895,5.49,ok
1785322392.913,5.31,ok
1785322392.930,5.68,ok
1785322392.945,4.45,ok
1785322392.961,3.76,ok
1785322392.976,2.68,ok
1785322392.990,1.72,ok
1785322393.005,1.85,ok
1785322393.018,1.92,ok
1785322393.032,2.17,ok
1785322393.046,1.78,ok
1785322393.059,2.09,ok
1785322393.073,1.97,ok
1785322393.088,1.85,ok
1785322393.102,1.94,ok
1785322393.115,1.51,ok
1785322393.129,1.57,ok
1785322393.142,1.67,ok
1785322393.158,2.78,ok
1785322393.171,1.72,ok
1785322393.183,1.76,ok
1785322393.197,1.59,ok
1785322393.209,1.77,ok
1785322393.224,1.72,ok
1785322393.237,1.80,ok
1785322393.251,2.16,ok
1785322393.264,1.89,ok
1785322393.279,2.01,ok
1785322393.292,2.01,ok
1785322393.307,1.94,ok
1785322393.322,2.23,ok
1785322393.335,2.02,ok
1785322393.350,2.21,ok
1785322393.365,2.29,ok
1785322393.377,1.79,ok
1785322393.393,2.71,ok
1785322393.408,2.45,ok
1785322393.422,1.83,ok
1785322393.437,2.32,ok
1785322393.452,3.15,ok
1785322393.467,2.23,ok
1785322393.483,4.03,ok
1785322393.496,1.74,ok
1785322393.509,1.70,ok
1785322393.524,2.09,ok
1785322393.548,12.02,ok
1785322393.560,1.85,ok
1785322393.573,2.62,ok
1785322393.587,2.19,ok
1785322393.600,2.10,ok
1785322393.615,2.42,ok
1785322393.630,2.04,ok
1785322393.644,2.01,ok
1785322393.659,2.79,ok
1785322393.672,2.13,ok
1785322393.685,1.62,ok
1785322393.699,1.56,ok
1785322393.711,1.68,ok
1785322393.725,1.84,ok
1785322393.739,1.52,ok
1785322393.753,1.81,ok
1785322393.767,1.39,ok
1785322393.781,1.76,ok
1785322393.794,1.48,ok
1785322393.808,1.54,ok
1785322393.821,1.54,ok
1785322393.835,1.37,ok
1785322393.849,1.26,ok
1785322393.861,1.75,ok
1785322393.874,1.61,ok
1785322393.887,1.77,ok
1785322393.901,1.96,ok
1785322393.916,3.48,ok
1785322393.930,1.58,ok
1785322393.943,1.91,ok
1785322393.958,3.10,ok
1785322393.975,5.16,ok
1785322393.991,4.18,ok
1785322394.006,2.45,ok
1785322394.020,2.96,ok
1785322394.035,1.97,ok
1785322394.050,2.24,ok
1785322394.063,1.86,ok
1785322394.077,2.53,ok
1785322394.089,1.81,ok
1785322394.101,2.07,ok
1785322394.115,1.60,ok
1785322394.129,1.75,ok
1785322394.144,1.93,ok
1785322394.159,2.22,ok
1785322394.173,2.06,ok
1785322394.186,1.77,ok
1785322394.202,3.21,ok
1785322394.216,1.76,ok
1785322394.232,2.60,ok
1785322394.246,1.88,ok
1785322394.260,1.57,ok
1785322394.274,1.82,ok
1785322394.287,1.88,ok
1785322394.302,1.87,ok
1785322394.317,3.34,ok
1785322394.332,2.02,ok
1785322394.345,2.32,ok
1785322394.360,2.25,ok
1785322394.372,1.85,ok
1785322394.387,1.98,ok
1785322394.402,2.53,ok
1785322394.417,2.33,ok
1785322394.429,1.75,ok
1785322394.443,2.16,ok
1785322394.458,1.84,ok
1785322394.473,2.12,ok
1785322394.485,2.20,ok
1785322394.500,2.12,ok
1785322394.513,1.87,ok
1785322394.525,1.59,ok
1785322394.547,9.24,ok
1785322394.561,1.92,ok
1785322394.575,1.74,ok
1785322394.588,1.79,ok
1785322394.601,1.68,ok
1785322394.613,1.48,ok
1785322394.627,1.55,ok
1785322394.643,4.12,ok
1785322394.657,2.92,ok
1785322394.669,1.66,ok
1785322394.684,3.18,ok
1785322394.700,2.72,ok
1785322394.714,2.06,ok
1785322394.728,1.46,ok
1785322394.742,2.62,ok
1785322394.755,1.77,ok
1785322394.770,2.16,ok
1785322394.782,1.65,ok
1785322394.797,1.70,ok
1785322394.809,1.86,ok
1785322394.825,2.80,ok
1785322394.839,1.56,ok
1785322394.853,1.58,ok
1785322394.866,1.89,ok
1785322394.879,1.38,ok
1785322394.892,2.39,ok
1785322394.907,1.79,ok
1785322394.919,1.72,ok
1785322394.934,2.85,ok
1785322394.949,2.22,ok
1785322394.963,2.52,ok
1785322394.977,2.08,ok
1785322394.992,2.34,ok
1785322395.007,2.22,ok
1785322395.021,1.98,ok
1785322395.034,1.81,ok
1785322395.049,1.81,ok
1785322395.063,1.71,ok
1785322395.076,1.68,ok
1785322395.092,3.15,ok
1785322395.104,1.56,ok
1785322395.116,1.70,ok
1785322395.129,1.43,ok
1785322395.143,1.69,ok
1785322395.156,2.14,ok
1785322395.169,1.69,ok
1785322395.185,3.50,ok
1785322395.199,1.91,ok
1785322395.211,1.57,ok
1785322395.224,1.91,ok
1785322395.239,1.69,ok
1785322395.253,2.87,ok
1785322395.267,3.00,ok
1785322395.281,4.10,ok
1785322395.296,2.47,ok
1785322395.308,1.88,ok
1785322395.323,1.82,ok
1785322395.337,2.97,ok
1785322395.353,4.44,ok
1785322395.366,2.37,ok
1785322395.380,1.76,ok
1785322395.392,2.03,ok
1785322395.404,1.70,ok
1785322395.418,2.58,ok
1785322395.430,1.70,ok
1785322395.445,2.34,ok
1785322395.459,1.63,ok
1785322395.473,2.52,ok
1785322395.487,2.98,ok
1785322395.500,2.61,ok
1785322395.513,1.99,ok
1785322395.527,2.42,ok
1785322395.548,8.58,ok
1785322395.563,2.52,ok
1785322395.576,1.81,ok
1785322395.591,2.08,ok
1785322395.605,2.01,ok
1785322395.619,1.87,ok
1785322395.638,6.10,ok
1785322395.651,2.35,ok
1785322395.665,1.77,ok
1785322395.679,1.83,ok
1785322395.694,1.85,ok
1785322395.706,1.41,ok
1785322395.718,1.54,ok
1785322395.730,1.80,ok
1785322395.745,1.97,ok
1785322395.758,1.86,ok
1785322395.773,1.88,ok
1785322395.785,1.83,ok
1785322395.799,1.81,ok
1785322395.812,1.80,ok
1785322395.825,2.09,ok
1785322395.839,1.86,ok
1785322395.852,1.83,ok
1785322395.867,2.28,ok
1785322395.880,1.98,ok
1785322395.895,2.47,ok
1785322395.908,2.18,ok
1785322395.921,1.95,ok
1785322395.935,1.78,ok
1785322395.951,2.97,ok
1785322395.965,1.50,ok
1785322395.981,3.21,ok
1785322395.994,1.72,ok
1785322396.009,3.12,ok
1785322396.024,2.17,ok
1785322396.038,1.89,ok
1785322396.052,2.43,ok
1785322396.067,3.93,ok
1785322396.079,1.77,ok
1785322396.093,2.09,ok
1785322396.110,5.69,ok
1785322396.123,1.60,ok
1785322396.138,1.53,ok
1785322396.153,3.11,ok
1785322396.167,2.02,ok
1785322396.180,1.38,ok
1785322396.192,1.60,ok
1785322396.206,1.63,ok
1785322396.221,1.75,ok
1785322396.233,1.79,ok
1785322396.246,1.73,ok
1785322396.259,1.58,ok
1785322396.273,1.54,ok
1785322396.286,1.87,ok
1785322396.298,1.47,ok
1785322396.310,1.43,ok
1785322396.325,1.79,ok
1785322396.339,1.55,ok
1785322396.352,1.93,ok
1785322396.366,1.46,ok
1785322396.379,1.54,ok
1785322396.394,1.75,ok
1785322396.407,1.54,ok
1785322396.421,1.48,ok
1785322396.434,1.55,ok
1785322396.449,1.92,ok
1785322396.462,1.99,ok
1785322396.476,1.64,ok
1785322396.488,1.51,ok
1785322396.503,2.19,ok
1785322396.516,2.13,ok
1785322396.529,1.76,ok
1785322396.546,4.59,ok
1785322396.559,1.89,ok
1785322396.571,1.72,ok
1785322396.588,5.45,ok
1785322396.618,16.63,ok
1785322396.633,3.27,ok
1785322396.648,3.33,ok
1785322396.663,1.59,ok
1785322396.677,1.96,ok
1785322396.692,3.07,ok
1785322396.707,1.84,ok
1785322396.721,1.90,ok
1785322396.736,1.90,ok
1785322396.751,2.23,ok
1785322396.763,1.78,ok
1785322396.775,1.90,ok
1785322396.790,1.81,ok
1785322396.804,1.80,ok
1785322396.818,1.66,ok
1785322396.832,1.53,ok
1785322396.847,1.63,ok
1785322396.860,1.55,ok
1785322396.874,1.59,ok
1785322396.890,2.97,ok
1785322396.904,1.73,ok
1785322396.917,1.59,ok
1785322396.931,1.67,ok
1785322396.945,1.72,ok
1785322396.959,1.68,ok
1785322396.973,1.67,ok
1785322396.987,1.90,ok
1785322397.001,2.09,ok
1785322397.014,1.72,ok
1785322397.028,1.45,ok
1785322397.043,1.96,ok
1785322397.057,1.43,ok
1785322397.071,1.78,ok
1785322397.085,2.09,ok
1785322397.099,1.73,ok
1785322397.113,1.90,ok
1785322397.126,1.86,ok
1785322397.138,1.43,ok
1785322397.155,5.64,ok
1785322397.168,1.69,ok
1785322397.182,1.59,ok
1785322397.195,1.65,ok
1785322397.211,3.20,ok
1785322397.223,1.92,ok
1785322397.238,3.04,ok
1785322397.255,4.18,ok
1785322397.271,2.94,ok
1785322397.286,2.10,ok
1785322397.301,2.80,ok
1785322397.315,3.07,ok
1785322397.327,1.56,ok
1785322397.339,1.54,ok
1785322397.352,2.25,ok
1785322397.367,2.37,ok
1785322397.381,3.35,ok
1785322397.395,2.09,ok
1785322397.408,2.21,ok
1785322397.421,2.07,ok
1785322397.439,3.10,ok
1785322397.457,3.40,ok
1785322397.470,1.94,ok
1785322397.485,2.50,ok
1785322397.499,1.98,ok
1785322397.513,1.81,ok
1785322397.527,1.72,ok
1785322397.548,9.01,ok
1785322397.564,3.43,ok
1785322397.579,1.70,ok
1785322397.592,1.75,ok
1785322397.607,2.52,ok
1785322397.621,1.83,ok
1785322397.636,2.48,ok
1785322397.650,2.02,ok
1785322397.663,1.85,ok
1785322397.679,3.28,ok
1785322397.693,1.74,ok
1785322397.706,1.70,ok
1785322397.722,3.49,ok
1785322397.737,1.78,ok
1785322397.751,1.80,ok
1785322397.765,1.82,ok
1785322397.781,2.81,ok
1785322397.794,1.47,ok
1785322397.810,2.89,ok
1785322397.825,2.42,ok
1785322397.839,1.51,ok
1785322397.852,1.55,ok
1785322397.865,1.48,ok
1785322397.879,1.58,ok
1785322397.895,3.33,ok
1785322397.909,1.99,ok
1785322397.923,1.88,ok
1785322397.937,1.83,ok
1785322397.952,2.04,ok
1785322397.965,1.73,ok
1785322397.979,1.66,ok
1785322397.994,1.82,ok
1785322398.010,3.98,ok
1785322398.025,1.64,ok
1785322398.039,1.71,ok
1785322398.054,3.34,ok
1785322398.069,1.79,ok
1785322398.082,1.44,ok
1785322398.096,3.23,ok
1785322398.110,2.74,ok
1785322398.124,3.71,ok
1785322398.137,1.72,ok
1785322398.151,1.63,ok
1785322398.165,1.49,ok
1785322398.179,1.51,ok
1785322398.192,1.95,ok
1785322398.205,1.81,ok
1785322398.219,3.04,ok
1785322398.233,1.68,ok
1785322398.247,1.91,ok
1785322398.260,2.22,ok
1785322398.274,1.90,ok
1785322398.289,1.92,ok
1785322398.303,1.57,ok
1785322398.317,1.79,ok
1785322398.330,1.46,ok
1785322398.343,2.18,ok
1785322398.357,1.64,ok
1785322398.372,2.13,ok
1785322398.385,1.89,ok
1785322398.399,1.60,ok
1785322398.412,1.84,ok
1785322398.427,2.06,ok
1785322398.441,1.68,ok
1785322398.456,1.72,ok
1785322398.469,1.81,ok
1785322398.484,2.31,ok
1785322398.496,1.59,ok
1785322398.509,1.75,ok
1785322398.521,1.92,ok
1785322398.534,1.98,ok
1785322398.550,5.21,ok
1785322398.564,1.69,ok
1785322398.576,1.97,ok
1785322398.590,1.58,ok
1785322398.603,1.73,ok
1785322398.616,1.89,ok
1785322398.629,1.95,ok
1785322398.643,1.79,ok
1785322398.657,1.93,ok
1785322398.672,3.88,ok
1785322398.686,1.87,ok
1785322398.700,3.16,ok
1785322398.712,1.78,ok
1785322398.726,1.63,ok
1785322398.740,1.99,ok
1785322398.754,1.69,ok
1785322398.768,1.81,ok
1785322398.791,10.24,ok
1785322398.806,2.60,ok
1785322398.819,3.15,ok
1785322398.838,6.28,ok
1785322398.853,2.04,ok
1785322398.867,2.23,ok
1785322398.881,1.88,ok
1785322398.895,2.32,ok
1785322398.908,2.00,ok
1785322398.922,1.62,ok
1785322398.935,1.71,ok
1785322398.950,1.88,ok
1785322398.962,1.59,ok
1785322398.975,1.81,ok
1785322398.989,1.56,ok
1785322399.004,2.55,ok
1785322399.018,1.91,ok
1785322399.030,1.73,ok
1785322399.043,1.58,ok
1785322399.056,1.50,ok
1785322399.068,2.00,ok
1785322399.080,1.36,ok
1785322399.093,1.42,ok
1785322399.106,1.43,ok
1785322399.120,1.50,ok
1785322399.134,1.98,ok
1785322399.148,2.23,ok
1785322399.161,2.00,ok
1785322399.175,1.90,ok
1785322399.189,2.07,ok
1785322399.204,2.38,ok
1785322399.218,1.99,ok
1785322399.232,1.63,ok
1785322399.245,1.60,ok
1785322399.259,1.64,ok
1785322399.274,1.91,ok
1785322399.289,4.33,ok
1785322399.301,1.73,ok
1785322399.316,1.84,ok
1785322399.328,1.50,ok
1785322399.343,2.05,ok
1785322399.356,2.02,ok
1785322399.371,2.89,ok
1785322399.384,2.23,ok
1785322399.398,1.62,ok
1785322399.414,3.40,ok
1785322399.426,1.79,ok
1785322399.440,3.03,ok
1785322399.453,2.14,ok
1785322399.467,1.63,ok
1785322399.479,1.55,ok
1785322399.493,2.58,ok
1785322399.506,2.28,ok
1785322399.520,1.91,ok
1785322399.534,1.96,ok
1785322399.552,6.64,ok
1785322399.567,2.36,ok
1785322399.581,1.73,ok
1785322399.596,1.63,ok
1785322399.610,1.72,ok
1785322399.624,1.59,ok
1785322399.636,1.26,ok
1785322399.649,1.27,ok
1785322399.662,1.35,ok
1785322399.675,1.65,ok
1785322399.687,1.67,ok
1785322399.700,1.60,ok
1785322399.714,1.53,ok
1785322399.728,1.52,ok
1785322399.742,1.51,ok
1785322399.756,2.31,ok
1785322399.771,1.90,ok
1785322399.784,1.65,ok
1785322399.797,1.54,ok
1785322399.810,1.58,ok
1785322399.822,1.41,ok
1785322399.836,1.68,ok
1785322399.850,1.60,ok
1785322399.863,1.57,ok
1785322399.876,2.13,ok
1785322399.890,1.55,ok
1785322399.904,1.68,ok
1785322399.917,1.83,ok
1785322399.932,1.78,ok
1785322399.945,1.87,ok
1785322399.959,2.31,ok
1785322399.974,1.55,ok
1785322399.986,1.74,ok
1785322399.999,2.26,ok
1785322400.013,1.77,ok
1785322400.026,1.94,ok
1785322400.040,2.58,ok
1785322400.052,1.86,ok
1785322400.068,2.95,ok
1785322400.082,2.96,ok
1785322400.095,1.58,ok
1785322400.106,1.60,ok
1785322400.121,1.64,ok
1785322400.137,3.45,ok
1785322400.154,5.18,ok
1785322400.169,2.02,ok
1785322400.182,1.63,ok
1785322400.196,2.96,ok
1785322400.209,2.09,ok
1785322400.225,3.18,ok
1785322400.238,1.87,ok
1785322400.252,1.71,ok
1785322400.267,1.65,ok
1785322400.281,1.88,ok
1785322400.295,1.57,ok
1785322400.309,1.75,ok
1785322400.323,1.58,ok
1785322400.336,1.39,ok
1785322400.347,1.15,ok
1785322400.361,1.85,ok
1785322400.374,1.53,ok
1785322400.388,1.73,ok
1785322400.402,1.87,ok
1785322400.416,1.81,ok
1785322400.430,1.74,ok
1785322400.442,1.65,ok
1785322400.457,2.05,ok
1785322400.471,1.51,ok
1785322400.486,3.44,ok
1785322400.501,2.39,ok
1785322400.515,1.55,ok
1785322400.529,1.59,ok
1785322400.550,8.34,ok
1785322400.564,1.41,ok
1785322400.578,1.56,ok
1785322400.592,1.59,ok
1785322400.606,1.27,ok
1785322400.621,1.81,ok
1785322400.634,1.90,ok
1785322400.647,1.46,ok
1785322400.661,1.85,ok
1785322400.675,1.88,ok
1785322400.689,1.60,ok
1785322400.703,1.65,ok
1785322400.720,3.53,ok
1785322400.735,1.81,ok
1785322400.749,1.54,ok
1785322400.764,3.02,ok
1785322400.776,1.87,ok
1785322400.790,1.64,ok
1785322400.803,1.61,ok
1785322400.816,1.90,ok
1785322400.831,1.87,ok
1785322400.846,2.37,ok
1785322400.858,1.75,ok
1785322400.871,2.46,ok
1785322400.884,2.17,ok
1785322400.897,1.63,ok
1785322400.911,2.00,ok
1785322400.923,1.21,ok
1785322400.937,3.19,ok
1785322400.951,2.01,ok
1785322400.965,2.22,ok
1785322400.980,1.64,ok
1785322400.993,1.73,ok
1785322401.006,1.76,ok
1785322401.018,1.58,ok
1785322401.034,3.01,ok
1785322401.048,1.87,ok
1785322401.061,1.76,ok
1785322401.075,2.16,ok
1785322401.090,3.19,ok
1785322401.103,1.80,ok
1785322401.118,1.79,ok
1785322401.130,1.59,ok
1785322401.144,1.51,ok
1785322401.158,1.73,ok
1785322401.172,1.48,ok
1785322401.185,2.31,ok
1785322401.199,1.68,ok
1785322401.213,1.53,ok
1785322401.226,1.66,ok
1785322401.239,1.95,ok
1785322401.251,1.56,ok
1785322401.264,2.20,ok
1785322401.278,1.94,ok
1785322401.293,2.58,ok
1785322401.307,1.55,ok
1785322401.320,2.06,ok
1785322401.334,1.64,ok
1785322401.348,1.57,ok
1785322401.362,1.90,ok
1785322401.377,2.09,ok
1785322401.393,3.25,ok
1785322401.407,1.96,ok
1785322401.420,1.69,ok
1785322401.435,1.94,ok
1785322401.448,1.89,ok
1785322401.461,1.84,ok
1785322401.475,1.71,ok
1785322401.491,3.16,ok
1785322401.504,2.62,ok
1785322401.518,2.22,ok
1785322401.532,1.68,ok
1785322401.551,6.96,ok
1785322401.564,1.67,ok
1785322401.576,1.63,ok
1785322401.594,5.88,ok
1785322401.609,2.09,ok
1785322401.623,2.01,ok
1785322401.638,1.94,ok
1785322401.650,1.85,ok
1785322401.664,1.69,ok
1785322401.678,2.01,ok
1785322401.691,1.93,ok
1785322401.703,1.87,ok
1785322401.719,2.67,ok
1785322401.733,1.83,ok
1785322401.747,1.78,ok
1785322401.759,1.89,ok
1785322401.774,2.07,ok
1785322401.789,2.11,ok
1785322401.802,2.04,ok
1785322401.816,1.94,ok
1785322401.830,1.83,ok
1785322401.852,8.99,ok
1785322401.864,1.88,ok
1785322401.879,2.09,ok
1785322401.894,2.23,ok
1785322401.908,1.64,ok
1785322401.921,1.71,ok
1785322401.936,1.84,ok
1785322401.950,1.68,ok
1785322401.962,1.62,ok
1785322401.975,2.04,ok
1785322401.989,1.93,ok
1785322402.006,2.25,ok
1785322402.020,1.76,ok
1785322402.033,1.88,ok
1785322402.048,2.23,ok
1785322402.060,1.51,ok
1785322402.073,1.34,ok
1785322402.087,1.56,ok
1785322402.101,2.18,ok
1785322402.116,1.67,ok
1785322402.131,2.51,ok
1785322402.143,1.57,ok
1785322402.157,1.64,ok
1785322402.172,1.61,ok
1785322402.184,1.89,ok
1785322402.197,2.02,ok
1785322402.211,1.77,ok
1785322402.227,2.91,ok
1785322402.242,2.01,ok
1785322402.256,1.64,ok
1785322402.271,3.08,ok
1785322402.287,4.36,ok
1785322402.302,2.03,ok
1785322402.316,1.59,ok
1785322402.329,1.71,ok
1785322402.343,2.15,ok
1785322402.356,1.95,ok
1785322402.369,2.10,ok
1785322402.384,2.29,ok
1785322402.398,1.70,ok
1785322402.411,1.59,ok
1785322402.426,1.59,ok
1785322402.440,1.38,ok
1785322402.452,1.96,ok
1785322402.466,2.69,ok
1785322402.478,1.61,ok
1785322402.492,2.07,ok
1785322402.506,1.95,ok
1785322402.521,1.67,ok
1785322402.535,2.01,ok
1785322402.552,6.71,ok
1785322402.565,1.56,ok
1785322402.580,2.07,ok
1785322402.594,2.03,ok
1785322402.606,1.56,ok
1785322402.620,1.72,ok
1785322402.635,2.26,ok
1785322402.650,3.09,ok
1785322402.664,1.40,ok
1785322402.678,1.66,ok
1785322402.692,1.87,ok
1785322402.705,1.36,ok
1785322402.718,1.90,ok
1785322402.731,1.54,ok
1785322402.745,1.60,ok
1785322402.759,1.55,ok
1785322402.771,1.51,ok
1785322402.784,1.85,ok
1785322402.796,1.44,ok
1785322402.810,1.58,ok
1785322402.825,2.57,ok
1785322402.838,1.65,ok
1785322402.853,2.24,ok
1785322402.865,1.80,ok
1785322402.880,1.83,ok
1785322402.893,1.67,ok
1785322402.906,2.79,ok
1785322402.920,1.68,ok
1785322402.934,2.03,ok
1785322402.948,1.60,ok
1785322402.963,1.64,ok
1785322402.976,1.89,ok
1785322402.990,1.66,ok
1785322403.006,2.27,ok
1785322403.020,2.32,ok
1785322403.035,2.39,ok
1785322403.051,3.07,ok
1785322403.065,1.90,ok
1785322403.079,1.57,ok
1785322403.092,2.31,ok
1785322403.107,1.99,ok
1785322403.120,2.00,ok
1785322403.134,1.91,ok
1785322403.148,1.67,ok
1785322403.161,1.63,ok
1785322403.173,2.01,ok
1785322403.189,3.29,ok
1785322403.203,1.98,ok
1785322403.218,3.17,ok
1785322403.231,1.95,ok
1785322403.244,1.61,ok
1785322403.258,1.52,ok
1785322403.272,1.78,ok
1785322403.286,1.72,ok
1785322403.300,1.47,ok
1785322403.314,2.05,ok
1785322403.328,1.65,ok
1785322403.342,2.00,ok
1785322403.355,2.05,ok
1785322403.369,1.72,ok
1785322403.384,2.35,ok
1785322403.398,1.61,ok
1785322403.412,1.89,ok
1785322403.427,2.37,ok
1785322403.439,1.54,ok
1785322403.453,2.02,ok
1785322403.470,4.60,ok
1785322403.485,1.88,ok
1785322403.500,2.28,ok
1785322403.514,1.76,ok
1785322403.526,1.92,ok
1785322403.539,1.86,ok
1785322403.554,2.37,ok
1785322403.568,1.71,ok
1785322403.581,1.68,ok
1785322403.593,1.52,ok
1785322403.607,1.54,ok
1785322403.621,3.10,ok
1785322403.636,3.30,ok
1785322403.649,2.52,ok
1785322403.663,1.83,ok
1785322403.676,2.03,ok
1785322403.690,1.94,ok
1785322403.704,1.69,ok
1785322403.718,1.72,ok
1785322403.734,3.03,ok
1785322403.747,1.83,ok
1785322403.761,2.02,ok
1785322403.776,2.92,ok
1785322403.791,2.64,ok
1785322403.805,1.79,ok
1785322403.823,2.30,ok
1785322403.837,1.94,ok
1785322403.849,2.32,ok
1785322403.862,1.77,ok
1785322403.876,1.51,ok
1785322403.889,1.66,ok
1785322403.904,1.93,ok
1785322403.918,1.76,ok
1785322403.932,1.65,ok
1785322403.946,1.72,ok
1785322403.959,1.57,ok
1785322403.974,2.98,ok
1785322403.988,1.86,ok
1785322404.005,6.08,ok
1785322404.019,2.32,ok
1785322404.032,1.77,ok
1785322404.046,1.82,ok
1785322404.059,1.94,ok
1785322404.075,2.90,ok
1785322404.090,2.02,ok
1785322404.105,2.73,ok
1785322404.119,2.70,ok
1785322404.133,1.87,ok
1785322404.148,1.85,ok
1785322404.160,1.56,ok
1785322404.174,1.88,ok
1785322404.187,1.97,ok
1785322404.201,2.21,ok
1785322404.215,1.60,ok
1785322404.228,2.00,ok
1785322404.243,1.98,ok
1785322404.257,1.78,ok
1785322404.271,1.81,ok
1785322404.286,1.71,ok
1785322404.300,2.21,ok
1785322404.313,1.81,ok
1785322404.329,3.55,ok
1785322404.342,2.58,ok
1785322404.354,2.16,ok
1785322404.367,1.98,ok
1785322404.381,2.20,ok
1785322404.394,2.01,ok
1785322404.408,2.26,ok
1785322404.420,1.96,ok
1785322404.435,2.29,ok
1785322404.451,3.72,ok
1785322404.466,1.92,ok
1785322404.480,2.09,ok
1785322404.496,3.02,ok
1785322404.511,1.95,ok
1785322404.523,2.00,ok
1785322404.538,1.73,ok
1785322404.554,3.90,ok
1785322404.569,3.54,ok
1785322404.583,1.97,ok
1785322404.599,3.16,ok
1785322404.612,2.24,ok
1785322404.626,2.32,ok
1785322404.639,1.86,ok
1785322404.654,2.47,ok
1785322404.668,1.75,ok
1785322404.683,2.09,ok
1785322404.697,1.94,ok
1785322404.710,1.97,ok
1785322404.725,1.96,ok
1785322404.738,1.74,ok
1785322404.750,2.00,ok
1785322404.764,2.70,ok
1785322404.776,1.71,ok
1785322404.790,2.45,ok
1785322404.804,1.95,ok
1785322404.818,2.05,ok
1785322404.832,2.17,ok
1785322404.847,1.64,ok
1785322404.861,1.63,ok
1785322404.873,1.56,ok
1785322404.887,1.57,ok
1785322404.903,2.92,ok
1785322404.917,2.07,ok
1785322404.932,1.87,ok
1785322404.946,1.97,ok
1785322404.961,2.03,ok
1785322404.975,1.85,ok
1785322404.989,1.80,ok
1785322405.005,2.74,ok
1785322405.019,1.53,ok
1785322405.034,1.94,ok
1785322405.048,1.92,ok
1785322405.062,1.67,ok
1785322405.075,1.53,ok
1785322405.090,3.00,ok
1785322405.105,1.78,ok
1785322405.119,1.91,ok
1785322405.132,1.72,ok
1785322405.147,1.72,ok
1785322405.160,1.63,ok
1785322405.173,1.82,ok
1785322405.186,1.82,ok
1785322405.200,1.98,ok
1785322405.214,2.12,ok
1785322405.227,1.84,ok
1785322405.242,1.81,ok
1785322405.255,1.77,ok
1785322405.270,3.09,ok
1785322405.282,1.56,ok
1785322405.296,4.02,ok
1785322405.313,3.88,ok
1785322405.327,1.83,ok
1785322405.342,1.94,ok
1785322405.357,2.54,ok
1785322405.369,1.97,ok
1785322405.384,1.82,ok
1785322405.398,1.59,ok
1785322405.410,1.54,ok
1785322405.424,1.93,ok
1785322405.438,1.64,ok
1785322405.452,2.30,ok
1785322405.465,1.46,ok
1785322405.479,1.49,ok
1785322405.493,1.84,ok
1785322405.506,1.41,ok
1785322405.518,1.65,ok
1785322405.532,1.56,ok
1785322405.554,9.43,ok
1785322405.568,2.02,ok
1785322405.583,2.12,ok
1785322405.598,2.37,ok
1785322405.612,1.94,ok
1785322405.627,3.31,ok
1785322405.640,1.75,ok
1785322405.654,1.87,ok
1785322405.669,2.05,ok
1785322405.683,1.98,ok
1785322405.697,1.43,ok
1785322405.712,1.75,ok
1785322405.736,11.19,ok
1785322405.750,1.85,ok
1785322405.763,1.41,ok
1785322405.776,1.62,ok
1785322405.789,1.39,ok
1785322405.801,1.53,ok
1785322405.812,1.37,ok
1785322405.825,1.46,ok
1785322405.838,1.73,ok
1785322405.852,1.97,ok
1785322405.863,1.30,ok
1785322405.876,1.62,ok
1785322405.890,1.43,ok
1785322405.907,4.81,ok
1785322405.922,2.33,ok
1785322405.934,1.71,ok
1785322405.948,1.76,ok
1785322405.962,2.04,ok
1785322405.977,2.44,ok
1785322405.990,1.75,ok
1785322406.005,2.06,ok
1785322406.019,2.00,ok
1785322406.033,1.82,ok
1785322406.047,1.95,ok
1785322406.065,6.48,ok
1785322406.079,2.15,ok
1785322406.093,1.95,ok
1785322406.110,4.01,ok
1785322406.132,9.88,ok
1785322406.147,2.33,ok
1785322406.160,1.84,ok
1785322406.173,1.76,ok
1785322406.187,1.55,ok
1785322406.201,2.33,ok
1785322406.213,1.47,ok
1785322406.225,1.30,ok
1785322406.239,1.41,ok
1785322406.252,1.61,ok
1785322406.266,1.77,ok
1785322406.280,2.19,ok
1785322406.294,2.03,ok
1785322406.306,2.06,ok
1785322406.321,2.25,ok
1785322406.337,3.32,ok
1785322406.352,2.59,ok
1785322406.366,1.74,ok
1785322406.379,2.86,ok
1785322406.394,1.85,ok
1785322406.408,1.52,ok
1785322406.422,1.44,ok
1785322406.434,1.71,ok
1785322406.447,1.30,ok
1785322406.460,2.79,ok
1785322406.474,1.48,ok
1785322406.487,1.76,ok
1785322406.502,2.62,ok
1785322406.514,1.38,ok
1785322406.527,2.59,ok
1785322406.539,1.58,ok
1785322406.557,5.05,ok
1785322406.571,1.70,ok
1785322406.584,1.76,ok
1785322406.600,2.80,ok
1785322406.614,1.46,ok
1785322406.626,1.51,ok
1785322406.640,1.71,ok
1785322406.652,1.63,ok
1785322406.664,1.56,ok
1785322406.676,1.97,ok
1785322406.692,3.49,ok
1785322406.707,1.64,ok
1785322406.720,2.97,ok
1785322406.735,2.11,ok
1785322406.749,1.69,ok
1785322406.761,1.75,ok
1785322406.776,2.15,ok
1785322406.790,1.74,ok
1785322406.805,1.99,ok
1785322406.820,3.80,ok
1785322406.833,1.71,ok
1785322406.847,1.84,ok
1785322406.862,2.59,ok
1785322406.877,2.03,ok
1785322406.890,2.03,ok
1785322406.905,2.17,ok
1785322406.920,2.46,ok
1785322406.935,2.22,ok
1785322406.948,2.00,ok
1785322406.962,2.30,ok
1785322406.976,1.85,ok
1785322406.990,1.68,ok
1785322407.003,2.13,ok
1785322407.017,2.46,ok
1785322407.031,2.14,ok
1785322407.046,2.86,ok
1785322407.060,2.71,ok
1785322407.075,1.96,ok
1785322407.089,1.81,ok
1785322407.103,1.87,ok
1785322407.115,2.07,ok
1785322407.129,1.99,ok
1785322407.144,1.88,ok
1785322407.157,1.98,ok
1785322407.171,2.09,ok
1785322407.185,2.78,ok
1785322407.198,2.03,ok
1785322407.213,2.22,ok
1785322407.226,2.29,ok
1785322407.240,1.98,ok
1785322407.255,2.84,ok
1785322407.268,2.56,ok
1785322407.283,2.00,ok
1785322407.298,3.23,ok
1785322407.311,2.36,ok
1785322407.326,2.32,ok
1785322407.339,1.91,ok
1785322407.354,1.99,ok
1785322407.368,2.44,ok
1785322407.384,3.12,ok
1785322407.399,1.77,ok
1785322407.413,1.72,ok
1785322407.425,1.93,ok
1785322407.440,2.03,ok
1785322407.454,2.24,ok
1785322407.466,1.58,ok
1785322407.480,1.64,ok
1785322407.492,1.87,ok
1785322407.506,1.97,ok
1785322407.520,1.77,ok
1785322407.534,1.94,ok
1785322407.555,8.09,ok
1785322407.570,2.27,ok
1785322407.582,1.83,ok
1785322407.600,5.72,ok
1785322407.616,4.27,ok
1785322407.630,1.98,ok
1785322407.649,5.42,ok
1785322407.661,1.99,ok
1785322407.675,1.89,ok
1785322407.688,2.02,ok
1785322407.702,2.95,ok
1785322407.718,2.63,ok
1785322407.732,1.90,ok
1785322407.747,2.35,ok
1785322407.762,1.95,ok
1785322407.776,1.86,ok
1785322407.790,1.81,ok
1785322407.805,1.75,ok
1785322407.818,1.75,ok
1785322407.831,1.44,ok
1785322407.844,1.76,ok
1785322407.858,1.78,ok
1785322407.873,2.49,ok
1785322407.888,2.24,ok
1785322407.902,1.66,ok
1785322407.915,1.86,ok
1785322407.930,1.71,ok
1785322407.944,1.76,ok
1785322407.956,1.59,ok
1785322407.971,2.01,ok
1785322407.985,1.98,ok
1785322408.000,1.92,ok
1785322408.015,3.72,ok
1785322408.029,1.89,ok
1785322408.044,2.43,ok
1785322408.058,1.95,ok
1785322408.072,1.63,ok
1785322408.085,1.75,ok
1785322408.099,1.53,ok
1785322408.112,1.90,ok
1785322408.126,1.76,ok
1785322408.140,1.51,ok
1785322408.153,1.82,ok
1785322408.168,2.28,ok
1785322408.181,1.59,ok
1785322408.194,1.44,ok
1785322408.206,1.49,ok
1785322408.221,1.97,ok
1785322408.234,1.94,ok
1785322408.249,1.70,ok
1785322408.264,2.42,ok
1785322408.277,1.91,ok
1785322408.289,1.68,ok
1785322408.301,1.91,ok
1785322408.314,1.52,ok
1785322408.326,1.56,ok
1785322408.341,3.09,ok
1785322408.355,2.02,ok
1785322408.369,1.76,ok
1785322408.381,1.60,ok
1785322408.394,1.64,ok
1785322408.410,3.03,ok
1785322408.426,4.16,ok
1785322408.443,3.78,ok
1785322408.456,1.77,ok
1785322408.469,2.35,ok
1785322408.483,2.22,ok
1785322408.496,1.66,ok
1785322408.508,1.49,ok
1785322408.524,3.21,ok
1785322408.539,2.07,ok
1785322408.560,10.72,ok
1785322408.574,1.76,ok
1785322408.587,1.73,ok
1785322408.601,2.29,ok
1785322408.615,1.64,ok
1785322408.627,2.28,ok
1785322408.641,2.17,ok
1785322408.655,1.82,ok
1785322408.670,1.63,ok
1785322408.683,1.45,ok
1785322408.697,1.51,ok
1785322408.713,2.95,ok
1785322408.726,1.70,ok
1785322408.739,1.71,ok
1785322408.751,2.14,ok
1785322408.764,1.64,ok
1785322408.777,1.67,ok
1785322408.789,1.82,ok
1785322408.804,1.54,ok
1785322408.818,1.84,ok
1785322408.832,1.87,ok
1785322408.846,1.62,ok
1785322408.861,1.59,ok
1785322408.876,2.54,ok
1785322408.888,1.94,ok
1785322408.903,3.91,ok
1785322408.918,2.83,ok
1785322408.931,1.66,ok
1785322408.945,1.82,ok
1785322408.960,3.22,ok
1785322408.974,1.67,ok
1785322408.986,1.62,ok
1785322408.998,1.54,ok
1785322409.012,2.17,ok
1785322409.023,1.38,ok
1785322409.036,1.81,ok
1785322409.051,3.10,ok
1785322409.065,1.55,ok
1785322409.077,1.99,ok
1785322409.092,2.33,ok
1785322409.107,1.84,ok
1785322409.123,4.05,ok
1785322409.138,4.32,ok
1785322409.152,1.84,ok
1785322409.165,1.85,ok
1785322409.179,1.68,ok
1785322409.195,3.62,ok
1785322409.208,3.14,ok
1785322409.220,1.61,ok
1785322409.232,1.50,ok
1785322409.246,1.60,ok
1785322409.260,1.68,ok
1785322409.273,1.61,ok
1785322409.290,4.81,ok
1785322409.303,2.64,ok
1785322409.315,1.79,ok
1785322409.330,1.87,ok
1785322409.342,1.85,ok
1785322409.355,2.30,ok
1785322409.369,2.05,ok
1785322409.383,2.05,ok
1785322409.396,1.77,ok
1785322409.411,2.24,ok
1785322409.425,1.89,ok
1785322409.438,1.69,ok
1785322409.451,1.69,ok
1785322409.465,1.68,ok
1785322409.479,2.02,ok
1785322409.494,2.01,ok
1785322409.508,1.77,ok
1785322409.520,1.93,ok
1785322409.534,1.66,ok
1785322409.548,1.69,ok
1785322409.561,1.80,ok
1785322409.573,1.62,ok
1785322409.588,1.71,ok
1785322409.601,1.83,ok
1785322409.615,1.57,ok
1785322409.629,1.62,ok
1785322409.641,1.66,ok
1785322409.655,1.51,ok
1785322409.669,1.75,ok
1785322409.682,1.41,ok
1785322409.696,1.64,ok
1785322409.710,1.66,ok
1785322409.724,1.65,ok
1785322409.736,1.52,ok
1785322409.750,1.66,ok
1785322409.764,1.87,ok
1785322409.776,1.78,ok
1785322409.788,1.39,ok
1785322409.802,1.69,ok
1785322409.814,1.47,ok
1785322409.828,1.74,ok
1785322409.842,1.71,ok
1785322409.855,1.57,ok
1785322409.868,1.90,ok
1785322409.882,1.84,ok
1785322409.897,2.02,ok
1785322409.909,1.57,ok
1785322409.923,1.75,ok
1785322409.936,2.17,ok
1785322409.951,2.11,ok
1785322409.966,1.86,ok
1785322409.980,1.63,ok
1785322409.993,1.79,ok
1785322410.009,3.44,ok
1785322410.021,1.81,ok
1785322410.033,2.09,ok
1785322410.048,2.11,ok
1785322410.062,2.63,ok
1785322410.076,2.13,ok
1785322410.089,1.67,ok
1785322410.105,2.74,ok
1785322410.119,1.47,ok
1785322410.132,1.39,ok
1785322410.144,1.60,ok
1785322410.158,1.66,ok
1785322410.172,1.56,ok
1785322410.186,1.73,ok
1785322410.201,2.12,ok
1785322410.215,1.65,ok
1785322410.228,2.15,ok
1785322410.243,2.14,ok
1785322410.257,1.71,ok
1785322410.271,2.44,ok
1785322410.285,1.82,ok
1785322410.298,1.64,ok
1785322410.311,1.59,ok
1785322410.325,1.88,ok
1785322410.340,2.51,ok
1785322410.353,1.84,ok
1785322410.367,2.28,ok
1785322410.382,1.90,ok
1785322410.396,1.68,ok
1785322410.408,1.77,ok
1785322410.422,1.54,ok
1785322410.438,3.38,ok
1785322410.451,1.86,ok
1785322410.465,1.66,ok
1785322410.480,2.07,ok
1785322410.492,1.64,ok
1785322410.506,1.58,ok
1785322410.520,1.51,ok
1785322410.535,2.71,ok
1785322410.560,12.38,ok
1785322410.575,1.93,ok
1785322410.589,1.66,ok
1785322410.604,1.99,ok
1785322410.618,2.14,ok
1785322410.632,1.60,ok
1785322410.645,1.91,ok
1785322410.659,1.82,ok
1785322410.675,2.63,ok
1785322410.687,1.62,ok
1785322410.700,1.90,ok
1785322410.713,2.15,ok
1785322410.727,3.31,ok
1785322410.742,1.88,ok
1785322410.757,2.06,ok
1785322410.772,2.79,ok
1785322410.787,1.97,ok
1785322410.799,1.75,ok
1785322410.811,1.83,ok
1785322410.826,2.53,ok
1785322410.840,2.16,ok
1785322410.855,1.96,ok
1785322410.868,2.22,ok
1785322410.882,2.29,ok
1785322410.896,1.76,ok
1785322410.910,2.39,ok
1785322410.925,2.33,ok
1785322410.938,1.83,ok
1785322410.952,2.62,ok
1785322410.965,1.93,ok
1785322410.979,1.74,ok
1785322410.994,2.40,ok
1785322411.009,2.26,ok
1785322411.023,1.81,ok
1785322411.038,2.04,ok
1785322411.053,3.56,ok
1785322411.065,1.89,ok
1785322411.080,2.19,ok
1785322411.095,2.14,ok
1785322411.107,2.01,ok
1785322411.120,1.79,ok
1785322411.134,3.48,ok
1785322411.146,1.83,ok
1785322411.161,1.83,ok
1785322411.176,2.13,ok
1785322411.190,1.88,ok
1785322411.205,1.88,ok
1785322411.218,2.04,ok
1785322411.231,1.95,ok
1785322411.246,1.66,ok
1785322411.260,2.15,ok
1785322411.273,1.82,ok
1785322411.288,2.74,ok
1785322411.303,2.06,ok
1785322411.317,1.99,ok
1785322411.330,1.70,ok
1785322411.343,1.55,ok
1785322411.358,1.93,ok
1785322411.373,2.11,ok
1785322411.387,1.62,ok
1785322411.402,2.02,ok
1785322411.417,2.58,ok
1785322411.430,1.57,ok
1785322411.442,1.61,ok
1785322411.456,1.80,ok
1785322411.471,3.58,ok
1785322411.485,1.82,ok
1785322411.499,1.84,ok
1785322411.512,1.64,ok
1785322411.525,1.84,ok
1785322411.538,2.01,ok
1785322411.557,6.65,ok
1785322411.572,1.81,ok
1785322411.585,1.81,ok
1785322411.598,1.59,ok
1785322411.611,1.81,ok
1785322411.625,3.87,ok
1785322411.639,1.70,ok
1785322411.653,1.83,ok
1785322411.666,1.80,ok
1785322411.681,1.86,ok
1785322411.693,1.77,ok
1785322411.708,2.53,ok
1785322411.722,1.82,ok
1785322411.736,1.50,ok
1785322411.748,1.53,ok
1785322411.761,1.44,ok
1785322411.776,1.82,ok
1785322411.790,1.75,ok
1785322411.804,1.99,ok
1785322411.817,1.53,ok
1785322411.831,1.83,ok
1785322411.845,1.90,ok
1785322411.859,1.84,ok
1785322411.873,1.80,ok
1785322411.887,1.45,ok
1785322411.902,1.82,ok
1785322411.916,1.60,ok
1785322411.931,1.79,ok
1785322411.945,1.60,ok
1785322411.959,1.67,ok
1785322411.971,1.77,ok
1785322411.987,3.04,ok
1785322411.999,1.97,ok
1785322412.014,1.89,ok
1785322412.029,2.18,ok
1785322412.043,2.05,ok
1785322412.057,1.74,ok
1785322412.071,1.90,ok
1785322412.085,2.50,ok
1785322412.100,2.04,ok
1785322412.115,2.74,ok
1785322412.128,2.19,ok
1785322412.142,1.85,ok
1785322412.156,2.94,ok
1785322412.172,3.33,ok
1785322412.187,2.22,ok
1785322412.201,2.01,ok
1785322412.215,1.94,ok
1785322412.229,1.83,ok
1785322412.244,3.11,ok
1785322412.259,3.42,ok
1785322412.274,2.26,ok
1785322412.287,1.94,ok
1785322412.306,6.37,ok
1785322412.323,4.55,ok
1785322412.338,2.45,ok
1785322412.353,2.52,ok
1785322412.368,2.13,ok
1785322412.380,2.01,ok
1785322412.395,2.79,ok
1785322412.409,3.03,ok
1785322412.423,1.89,ok
1785322412.438,2.46,ok
1785322412.453,2.92,ok
1785322412.469,3.59,ok
1785322412.485,2.84,ok
1785322412.499,1.84,ok
1785322412.514,1.74,ok
1785322412.528,1.77,ok
1785322412.542,1.80,ok
1785322412.562,7.46,ok
1785322412.577,1.95,ok
1785322412.591,1.82,ok
1785322412.606,2.02,ok
1785322412.620,3.70,ok
1785322412.634,1.80,ok
1785322412.649,1.78,ok
1785322412.662,1.68,ok
1785322412.674,1.99,ok
1785322412.688,2.10,ok
1785322412.702,2.79,ok
1785322412.717,2.13,ok
1785322412.731,2.14,ok
1785322412.746,3.12,ok
1785322412.760,2.45,ok
1785322412.777,6.17,ok
1785322412.790,1.97,ok
1785322412.802,1.61,ok
1785322412.816,1.87,ok
1785322412.831,2.15,ok
1785322412.843,2.05,ok
1785322412.857,2.14,ok
1785322412.872,1.81,ok
1785322412.885,2.00,ok
1785322412.898,2.35,ok
1785322412.912,2.38,ok
1785322412.925,2.88,ok
1785322412.938,2.05,ok
1785322412.951,1.56,ok
1785322412.965,1.37,ok
1785322412.979,1.52,ok
1785322412.994,1.66,ok
1785322413.009,2.85,ok
1785322413.025,3.36,ok
1785322413.040,2.00,ok
1785322413.054,1.93,ok
1785322413.068,2.17,ok
1785322413.082,1.38,ok
1785322413.095,1.66,ok
1785322413.111,2.74,ok
1785322413.125,1.82,ok
1785322413.139,1.60,ok
1785322413.158,3.37,ok
1785322413.180,7.50,ok
1785322413.194,3.49,ok
1785322413.208,2.35,ok
1785322413.223,2.23,ok
1785322413.239,3.38,ok
1785322413.252,2.66,ok
1785322413.267,2.95,ok
1785322413.280,2.79,ok
1785322413.293,2.14,ok
1785322413.306,1.93,ok
1785322413.320,2.43,ok
1785322413.333,2.24,ok
1785322413.347,1.96,ok
1785322413.361,2.14,ok
1785322413.375,2.60,ok
1785322413.387,2.02,ok
1785322413.402,2.08,ok
1785322413.415,2.00,ok
1785322413.430,2.11,ok
1785322413.442,1.93,ok
1785322413.457,1.55,ok
1785322413.470,1.76,ok
1785322413.485,2.18,ok
1785322413.499,1.80,ok
1785322413.511,1.72,ok
1785322413.526,2.28,ok
1785322413.540,1.85,ok
1785322413.561,9.43,ok
1785322413.573,1.80,ok
1785322413.587,1.71,ok
1785322413.602,2.70,ok
1785322413.616,1.83,ok
1785322413.630,1.48,ok
1785322413.645,4.30,ok
1785322413.660,2.07,ok
1785322413.675,2.59,ok
1785322413.690,2.07,ok
1785322413.704,1.79,ok
1785322413.719,2.34,ok
1785322413.733,2.19,ok
1785322413.746,1.77,ok
1785322413.761,2.41,ok
1785322413.776,2.07,ok
1785322413.793,5.73,ok
1785322413.808,2.35,ok
1785322413.822,2.18,ok
1785322413.834,1.88,ok
1785322413.848,2.76,ok
1785322413.861,2.04,ok
1785322413.874,2.44,ok
1785322413.889,2.33,ok
1785322413.904,3.42,ok
1785322413.919,2.82,ok
1785322413.934,2.26,ok
1785322413.949,2.11,ok
1785322413.961,1.80,ok
1785322413.976,2.13,ok
1785322413.989,1.75,ok
1785322414.001,1.93,ok
1785322414.015,1.82,ok
1785322414.029,2.01,ok
1785322414.043,3.22,ok
1785322414.057,1.62,ok
1785322414.083,14.96,ok
1785322414.097,1.93,ok
1785322414.127,19.15,ok
1785322414.139,1.63,ok
1785322414.153,1.90,ok
1785322414.170,4.41,ok
1785322414.185,2.50,ok
1785322414.200,2.03,ok
1785322414.214,2.02,ok
1785322414.226,1.78,ok
1785322414.239,1.60,ok
1785322414.254,3.14,ok
1785322414.268,1.65,ok
1785322414.282,1.73,ok
1785322414.298,3.87,ok
1785322414.313,1.99,ok
1785322414.325,1.62,ok
1785322414.340,1.52,ok
1785322414.355,2.46,ok
1785322414.368,1.69,ok
1785322414.381,1.73,ok
1785322414.393,1.82,ok
1785322414.407,1.82,ok
1785322414.420,1.57,ok
1785322414.434,1.77,ok
1785322414.448,1.83,ok
1785322414.463,1.82,ok
1785322414.476,2.05,ok
1785322414.491,2.12,ok
1785322414.505,1.86,ok
1785322414.519,3.36,ok
1785322414.534,2.30,ok
1785322414.549,1.93,ok
1785322414.563,1.91,ok
1785322414.576,1.75,ok
1785322414.591,1.87,ok
1785322414.605,1.82,ok
1785322414.621,3.38,ok
1785322414.635,3.61,ok
1785322414.649,1.70,ok
1785322414.661,1.69,ok
1785322414.673,1.93,ok
1785322414.688,1.99,ok
1785322414.701,1.76,ok
1785322414.716,1.90,ok
1785322414.728,1.75,ok
1785322414.743,1.81,ok
1785322414.756,1.48,ok
1785322414.770,1.74,ok
1785322414.784,1.67,ok
1785322414.797,1.66,ok
1785322414.811,1.74,ok
1785322414.827,3.09,ok
1785322414.839,1.51,ok
1785322414.853,1.94,ok
1785322414.867,1.91,ok
1785322414.880,1.90,ok
1785322414.895,2.29,ok
1785322414.911,4.83,ok
1785322414.927,3.39,ok
1785322414.939,1.70,ok
1785322414.954,1.83,ok
1785322414.967,2.34,ok
1785322414.983,3.68,ok
1785322414.999,2.71,ok
1785322415.012,2.22,ok
1785322415.024,1.91,ok
1785322415.037,2.31,ok
1785322415.050,2.48,ok
1785322415.065,2.33,ok
1785322415.079,1.98,ok
1785322415.094,3.24,ok
1785322415.106,1.64,ok
1785322415.120,1.75,ok
1785322415.132,1.86,ok
1785322415.148,3.46,ok
1785322415.161,1.93,ok
1785322415.176,2.29,ok
1785322415.191,2.25,ok
1785322415.204,2.09,ok
1785322415.219,1.99,ok
1785322415.230,1.77,ok
1785322415.243,1.98,ok
1785322415.256,2.20,ok
1785322415.271,2.56,ok
1785322415.286,2.77,ok
1785322415.302,2.49,ok
1785322415.316,2.21,ok
1785322415.329,1.98,ok
1785322415.344,2.23,ok
1785322415.359,2.35,ok
1785322415.373,2.12,ok
1785322415.387,2.36,ok
1785322415.402,2.59,ok
1785322415.416,1.68,ok
1785322415.431,2.87,ok
1785322415.444,1.87,ok
1785322415.457,1.62,ok
1785322415.471,1.60,ok
1785322415.484,1.61,ok
1785322415.498,1.48,ok
1785322415.513,1.77,ok
1785322415.527,1.86,ok
1785322415.541,1.78,ok
1785322415.564,9.87,ok
1785322415.578,1.87,ok
1785322415.600,9.55,ok
1785322415.614,2.84,ok
1785322415.628,3.05,ok
1785322415.643,2.22,ok
1785322415.657,1.81,ok
1785322415.671,1.83,ok
1785322415.685,2.41,ok
1785322415.700,2.36,ok
1785322415.713,2.71,ok
1785322415.726,1.92,ok
1785322415.740,1.72,ok
1785322415.754,2.71,ok
1785322415.769,1.86,ok
1785322415.781,1.73,ok
1785322415.796,2.47,ok
1785322415.811,2.34,ok
1785322415.824,2.51,ok
1785322415.836,2.05,ok
1785322415.851,2.21,ok
1785322415.866,2.32,ok
1785322415.879,2.10,ok
1785322415.895,2.93,ok
1785322415.909,1.96,ok
1785322415.926,3.51,ok
1785322415.939,2.46,ok
1785322415.954,2.27,ok
1785322415.968,2.41,ok
1785322415.983,2.48,ok
1785322415.995,1.86,ok
1785322416.009,2.43,ok
1785322416.024,2.12,ok
1785322416.038,2.04,ok
1785322416.051,2.26,ok
1785322416.066,2.31,ok
1785322416.079,2.11,ok
1785322416.093,2.15,ok
1785322416.108,3.84,ok
1785322416.123,3.18,ok
1785322416.136,2.76,ok
1785322416.151,2.61,ok
1785322416.165,2.45,ok
1785322416.180,2.53,ok
1785322416.193,2.31,ok
1785322416.208,2.18,ok
1785322416.223,2.20,ok
1785322416.238,2.51,ok
1785322416.252,4.11,ok
1785322416.267,2.04,ok
1785322416.281,2.12,ok
1785322416.296,2.17,ok
1785322416.309,2.13,ok
1785322416.324,2.20,ok
1785322416.337,2.60,ok
1785322416.353,3.44,ok
1785322416.367,2.53,ok
1785322416.382,1.99,ok
1785322416.396,2.08,ok
1785322416.411,2.11,ok
1785322416.425,1.93,ok
1785322416.440,2.10,ok
1785322416.455,2.30,ok
1785322416.471,3.35,ok
1785322416.486,3.08,ok
1785322416.515,16.07,ok
1785322416.529,2.64,ok
1785322416.548,6.55,ok
1785322416.565,5.66,ok
1785322416.579,2.29,ok
1785322416.595,3.20,ok
1785322416.610,2.82,ok
1785322416.625,3.06,ok
1785322416.640,2.70,ok
1785322416.655,2.16,ok
1785322416.669,2.79,ok
1785322416.685,4.10,ok
1785322416.700,2.31,ok
1785322416.715,3.44,ok
1785322416.728,3.05,ok
1785322416.741,2.37,ok
1785322416.755,3.16,ok
1785322416.769,2.48,ok
1785322416.783,1.95,ok
1785322416.799,3.08,ok
1785322416.812,2.04,ok
1785322416.826,2.46,ok
1785322416.841,2.38,ok
1785322416.855,2.17,ok
1785322416.869,1.97,ok
1785322416.882,2.02,ok
1785322416.896,3.48,ok
1785322416.908,1.90,ok
1785322416.923,2.68,ok
1785322416.937,2.18,ok
1785322416.952,2.94,ok
1785322416.967,2.35,ok
1785322416.980,2.10,ok
1785322416.993,2.05,ok
1785322417.008,2.31,ok
1785322417.020,2.08,ok
1785322417.036,2.68,ok
1785322417.051,2.77,ok
1785322417.066,2.39,ok
1785322417.081,2.22,ok
1785322417.096,2.59,ok
1785322417.112,3.23,ok
1785322417.126,3.65,ok
1785322417.138,2.06,ok
1785322417.154,2.84,ok
1785322417.170,3.12,ok
1785322417.182,2.42,ok
1785322417.197,2.25,ok
1785322417.212,2.48,ok
1785322417.227,2.62,ok
1785322417.243,3.33,ok
1785322417.257,2.71,ok
1785322417.271,2.28,ok
1785322417.286,2.44,ok
1785322417.302,3.80,ok
1785322417.317,2.77,ok
1785322417.334,3.91,ok
1785322417.347,2.13,ok
1785322417.367,5.40,ok
1785322417.382,2.47,ok
1785322417.397,2.39,ok
1785322417.410,2.12,ok
1785322417.426,3.36,ok
1785322417.443,3.46,ok
1785322417.459,3.75,ok
1785322417.473,1.78,ok
1785322417.487,2.06,ok
1785322417.502,2.83,ok
1785322417.519,4.22,ok
1785322417.535,3.69,ok
1785322417.551,3.67,ok
1785322417.570,5.79,ok
1785322417.590,7.61,ok
1785322417.605,5.16,ok
1785322417.622,5.06,ok
1785322417.636,2.53,ok
1785322417.651,2.79,ok
1785322417.664,2.12,ok
1785322417.678,2.49,ok
1785322417.693,2.12,ok
1785322417.708,2.12,ok
1785322417.722,1.94,ok
1785322417.734,1.84,ok
1785322417.747,1.70,ok
1785322417.761,1.74,ok
1785322417.776,2.83,ok
1785322417.791,2.19,ok
1785322417.806,3.12,ok
1785322417.821,2.15,ok
1785322417.835,2.05,ok
1785322417.848,1.90,ok
1785322417.862,1.83,ok
1785322417.876,1.85,ok
1785322417.891,1.93,ok
1785322417.905,1.86,ok
1785322417.918,1.93,ok
1785322417.932,2.02,ok
1785322417.947,2.03,ok
1785322417.961,1.99,ok
1785322417.974,1.81,ok
1785322417.987,1.85,ok
1785322418.001,1.78,ok
1785322418.016,2.05,ok
1785322418.029,1.88,ok
1785322418.043,1.49,ok
1785322418.058,1.55,ok
1785322418.071,2.00,ok
1785322418.085,2.09,ok
1785322418.097,1.49,ok
1785322418.110,2.02,ok
1785322418.123,1.84,ok
1785322418.135,1.86,ok
1785322418.150,1.94,ok
1785322418.164,1.66,ok
1785322418.179,1.92,ok
1785322418.195,4.82,ok
1785322418.232,23.37,ok
1785322418.245,2.62,ok
1785322418.261,3.66,ok
1785322418.276,3.03,ok
1785322418.290,1.96,ok
1785322418.304,2.13,ok
1785322418.319,2.64,ok
1785322418.333,2.02,ok
1785322418.348,1.81,ok
1785322418.362,1.87,ok
1785322418.378,2.90,ok
1785322418.393,2.44,ok
1785322418.408,2.90,ok
1785322418.421,2.13,ok
1785322418.436,3.40,ok
1785322418.448,1.88,ok
1785322418.462,1.82,ok
1785322418.477,1.94,ok
1785322418.490,1.84,ok
1785322418.505,2.57,ok
1785322418.520,2.76,ok
1785322418.532,2.06,ok
1785322418.546,1.72,ok
1785322418.566,8.84,ok
1785322418.580,1.80,ok
1785322418.594,1.78,ok
1785322418.608,1.74,ok
1785322418.620,1.82,ok
1785322418.635,2.59,ok
1785322418.649,1.96,ok
1785322418.663,3.59,ok
1785322418.690,14.65,ok
1785322418.703,2.48,ok
1785322418.719,3.88,ok
1785322418.734,2.54,ok
1785322418.748,1.69,ok
1785322418.762,2.03,ok
1785322418.776,2.34,ok
1785322418.792,3.26,ok
1785322418.805,2.34,ok
1785322418.818,1.61,ok
1785322418.831,2.10,ok
1785322418.846,3.15,ok
1785322418.860,2.10,ok
1785322418.874,1.93,ok
1785322418.889,1.73,ok
1785322418.903,1.88,ok
1785322418.918,2.01,ok
1785322418.931,1.50,ok
1785322418.943,1.87,ok
1785322418.961,5.68,ok
1785322418.977,3.32,ok
1785322418.992,2.56,ok
1785322419.021,16.64,ok
1785322419.036,2.79,ok
1785322419.051,2.95,ok
1785322419.066,2.29,ok
1785322419.080,3.15,ok
1785322419.095,2.02,ok
1785322419.110,2.07,ok
1785322419.123,2.09,ok
1785322419.138,2.27,ok
1785322419.152,2.88,ok
1785322419.167,2.39,ok
1785322419.182,1.84,ok
1785322419.194,1.57,ok
1785322419.208,1.94,ok
1785322419.222,1.93,ok
1785322419.235,2.82,ok
1785322419.251,2.67,ok
1785322419.266,2.18,ok
1785322419.282,3.31,ok
1785322419.296,2.09,ok
1785322419.310,2.34,ok
1785322419.324,1.91,ok
1785322419.339,2.58,ok
1785322419.355,3.69,ok
1785322419.368,2.54,ok
1785322419.383,1.97,ok
1785322419.395,1.90,ok
1785322419.410,2.20,ok
1785322419.425,2.17,ok
1785322419.439,1.92,ok
1785322419.453,3.77,ok
1785322419.468,2.67,ok
1785322419.482,2.23,ok
1785322419.495,1.84,ok
1785322419.510,2.43,ok
1785322419.524,1.98,ok
1785322419.537,2.07,ok
1785322419.552,2.38,ok
1785322419.567,2.87,ok
1785322419.582,2.00,ok
1785322419.596,1.75,ok
1785322419.610,1.90,ok
1785322419.624,2.04,ok
1785322419.637,1.88,ok
1785322419.649,1.90,ok
1785322419.665,2.84,ok
1785322419.677,1.79,ok
1785322419.689,2.06,ok
1785322419.706,3.82,ok
1785322419.720,1.94,ok
1785322419.735,2.64,ok
1785322419.748,1.75,ok
1785322419.760,1.85,ok
1785322419.773,1.70,ok
1785322419.788,2.53,ok
1785322419.803,3.53,ok
1785322419.818,2.81,ok
1785322419.833,1.71,ok
1785322419.847,1.89,ok
1785322419.861,1.73,ok
1785322419.874,1.61,ok
1785322419.888,2.16,ok
1785322419.900,2.29,ok
1785322419.915,2.13,ok
1785322419.929,3.19,ok
1785322419.946,4.55,ok
1785322419.961,2.45,ok
1785322419.975,1.95,ok
1785322419.991,2.63,ok
1785322420.006,2.56,ok
1785322420.020,2.54,ok
1785322420.035,3.54,ok
1785322420.050,2.28,ok
1785322420.065,2.04,ok
1785322420.079,2.14,ok
1785322420.093,2.33,ok
1785322420.107,1.78,ok
1785322420.122,2.42,ok
1785322420.136,1.96,ok
1785322420.149,1.86,ok
1785322420.165,3.18,ok
1785322420.178,2.05,ok
1785322420.193,2.23,ok
1785322420.207,1.90,ok
1785322420.223,2.94,ok
1785322420.237,1.74,ok
1785322420.252,2.18,ok
1785322420.267,2.30,ok
1785322420.282,2.59,ok
1785322420.299,4.51,ok
1785322420.314,1.98,ok
1785322420.328,1.72,ok
1785322420.341,2.13,ok
1785322420.355,1.66,ok
1785322420.368,1.83,ok
1785322420.382,1.89,ok
1785322420.398,3.51,ok
1785322420.410,2.04,ok
1785322420.425,1.93,ok
1785322420.439,1.72,ok
1785322420.451,1.79,ok
1785322420.466,1.97,ok
1785322420.479,1.82,ok
1785322420.494,2.05,ok
1785322420.508,1.87,ok
1785322420.523,2.09,ok
1785322420.537,1.70,ok
1785322420.552,2.17,ok
1785322420.567,2.10,ok
1785322420.581,1.87,ok
1785322420.596,1.89,ok
1785322420.609,1.90,ok
1785322420.622,1.88,ok
1785322420.635,1.53,ok
1785322420.649,1.48,ok
1785322420.664,2.78,ok
1785322420.677,1.98,ok
1785322420.690,1.82,ok
1785322420.702,1.78,ok
1785322420.716,1.67,ok
1785322420.730,1.62,ok
1785322420.743,1.84,ok
1785322420.756,1.96,ok
1785322420.770,1.73,ok
1785322420.783,1.62,ok
1785322420.797,1.73,ok
1785322420.810,1.76,ok
1785322420.826,2.88,ok
1785322420.841,2.97,ok
1785322420.854,2.64,ok
1785322420.868,2.45,ok
1785322420.883,2.21,ok
1785322420.896,2.84,ok
1785322420.910,2.78,ok
1785322420.929,6.24,ok
1785322420.945,4.07,ok
1785322420.959,2.33,ok
1785322420.974,1.68,ok
1785322420.988,2.16,ok
1785322421.003,2.93,ok
1785322421.018,2.44,ok
1785322421.033,2.29,ok
1785322421.046,3.19,ok
1785322421.060,1.98,ok
1785322421.075,3.07,ok
1785322421.091,3.24,ok
1785322421.106,1.85,ok
1785322421.120,1.93,ok
1785322421.135,3.15,ok
1785322421.151,3.46,ok
1785322421.167,3.42,ok
1785322421.182,2.49,ok
1785322421.197,2.07,ok
1785322421.211,2.55,ok
1785322421.226,1.98,ok
1785322421.240,2.00,ok
1785322421.253,2.66,ok
1785322421.265,1.91,ok
1785322421.279,2.09,ok
1785322421.294,3.28,ok
1785322421.311,3.72,ok
1785322421.325,2.34,ok
1785322421.340,2.16,ok
1785322421.353,2.40,ok
1785322421.367,2.39,ok
1785322421.381,1.53,ok
1785322421.393,1.81,ok
1785322421.405,1.86,ok
1785322421.418,1.93,ok
1785322421.432,1.88,ok
1785322421.447,1.71,ok
1785322421.460,1.93,ok
1785322421.474,1.72,ok
1785322421.488,1.83,ok
1785322421.503,2.31,ok
1785322421.519,3.47,ok
1785322421.531,1.60,ok
1785322421.543,1.83,ok
1785322421.557,1.82,ok
1785322421.572,1.81,ok
1785322421.586,2.48,ok
1785322421.598,1.77,ok
1785322421.611,1.84,ok
1785322421.625,2.03,ok
1785322421.638,1.95,ok
1785322421.650,1.92,ok
1785322421.663,1.99,ok
1785322421.676,1.75,ok
1785322421.691,2.79,ok
1785322421.706,2.12,ok
1785322421.718,2.08,ok
1785322421.732,1.74,ok
1785322421.747,2.08,ok
1785322421.760,2.01,ok
1785322421.774,2.01,ok
1785322421.789,1.79,ok
1785322421.803,1.92,ok
1785322421.818,2.22,ok
1785322421.833,2.04,ok
1785322421.847,2.13,ok
1785322421.860,2.02,ok
1785322421.873,1.68,ok
1785322421.886,1.69,ok
1785322421.899,1.98,ok
1785322421.911,2.16,ok
1785322421.927,3.72,ok
1785322421.943,3.19,ok
1785322421.959,3.35,ok
1785322421.974,1.86,ok
1785322421.987,2.55,ok
1785322422.002,2.32,ok
1785322422.017,2.62,ok
1785322422.030,2.39,ok
1785322422.044,2.26,ok
1785322422.059,2.17,ok
1785322422.073,1.77,ok
1785322422.087,2.05,ok
1785322422.102,2.08,ok
1785322422.114,1.58,ok
1785322422.126,1.97,ok
1785322422.140,1.97,ok
1785322422.155,2.55,ok
1785322422.167,1.96,ok
1785322422.198,19.73,ok
1785322422.211,2.11,ok
1785322422.225,2.18,ok
1785322422.240,1.87,ok
1785322422.253,2.24,ok
1785322422.268,2.20,ok
1785322422.282,2.02,ok
1785322422.296,1.91,ok
1785322422.310,2.08,ok
1785322422.325,1.83,ok
1785322422.337,1.64,ok
1785322422.352,2.27,ok
1785322422.366,2.21,ok
1785322422.381,2.44,ok
1785322422.393,1.81,ok
1785322422.405,2.16,ok
1785322422.420,1.93,ok
1785322422.433,1.89,ok
1785322422.446,1.77,ok
1785322422.458,1.70,ok
1785322422.474,3.56,ok
1785322422.489,2.00,ok
1785322422.504,2.57,ok
1785322422.517,1.99,ok
1785322422.532,2.02,ok
1785322422.544,1.70,ok
1785322422.557,1.79,ok
1785322422.572,2.98,ok
1785322422.585,2.05,ok
1785322422.599,2.05,ok
1785322422.612,1.64,ok
1785322422.627,1.82,ok
1785322422.640,1.61,ok
1785322422.656,3.08,ok
1785322422.670,1.75,ok
1785322422.688,5.67,ok
1785322422.702,2.59,ok
1785322422.714,1.86,ok
1785322422.729,1.96,ok
1785322422.745,3.61,ok
1785322422.760,2.15,ok
1785322422.775,2.29,ok
1785322422.790,2.34,ok
1785322422.804,1.99,ok
1785322422.818,1.87,ok
1785322422.833,2.15,ok
1785322422.845,2.06,ok
1785322422.857,1.86,ok
1785322422.872,2.07,ok
1785322422.885,2.02,ok
1785322422.897,1.88,ok
1785322422.910,2.04,ok
1785322422.925,1.95,ok
1785322422.939,2.62,ok
1785322422.954,2.04,ok
1785322422.968,2.23,ok
1785322422.983,2.22,ok
1785322422.997,2.24,ok
1785322423.012,2.26,ok
1785322423.027,3.48,ok
1785322423.041,3.20,ok
1785322423.054,1.64,ok
1785322423.067,1.77,ok
1785322423.080,1.98,ok
1785322423.092,1.88,ok
1785322423.110,6.04,ok
1785322423.124,2.50,ok
1785322423.138,3.35,ok
1785322423.153,2.54,ok
1785322423.168,4.89,ok
1785322423.182,2.75,ok
1785322423.197,4.13,ok
1785322423.210,2.32,ok
1785322423.225,2.19,ok
1785322423.239,2.01,ok
1785322423.252,1.68,ok
1785322423.263,1.63,ok
1785322423.277,1.91,ok
1785322423.290,1.75,ok
1785322423.303,1.39,ok
1785322423.315,1.67,ok
1785322423.327,1.78,ok
1785322423.340,1.74,ok
1785322423.354,1.87,ok
1785322423.368,1.90,ok
1785322423.382,2.68,ok
1785322423.397,2.05,ok
1785322423.410,1.91,ok
1785322423.424,2.03,ok
1785322423.439,1.90,ok
1785322423.451,1.89,ok
1785322423.465,1.84,ok
1785322423.478,1.49,ok
1785322423.490,1.89,ok
1785322423.504,1.57,ok
1785322423.526,4.61,ok
1785322423.541,2.37,ok
1785322423.555,1.97,ok
1785322423.571,2.76,ok
1785322423.585,1.76,ok
1785322423.596,1.33,ok
1785322423.610,1.98,ok
1785322423.625,4.80,ok
1785322423.641,3.89,ok
1785322423.657,4.93,ok
1785322423.671,2.14,ok
1785322423.686,3.03,ok
1785322423.699,2.79,ok
1785322423.714,3.73,ok
1785322423.729,2.46,ok
1785322423.743,2.04,ok
1785322423.759,3.33,ok
1785322423.774,1.73,ok
1785322423.788,1.91,ok
1785322423.802,2.05,ok
1785322423.817,2.09,ok
1785322423.831,3.36,ok
1785322423.843,2.39,ok
1785322423.858,2.10,ok
1785322423.871,1.91,ok
1785322423.885,2.29,ok
1785322423.902,4.30,ok
1785322423.918,4.08,ok
1785322423.933,2.04,ok
1785322423.949,3.13,ok
1785322423.965,4.12,ok
1785322423.980,2.91,ok
1785322423.996,3.26,ok
1785322424.009,2.05,ok
1785322424.022,1.92,ok
1785322424.035,2.15,ok
1785322424.050,2.02,ok
1785322424.063,1.77,ok
1785322424.077,1.79,ok
1785322424.092,1.83,ok
1785322424.106,1.99,ok
1785322424.121,2.16,ok
1785322424.134,1.93,ok
1785322424.149,1.88,ok
1785322424.163,3.31,ok
1785322424.176,2.22,ok
1785322424.191,2.30,ok
1785322424.204,2.71,ok
1785322424.220,3.80,ok
1785322424.240,8.70,ok
1785322424.254,3.00,ok
1785322424.269,2.54,ok
1785322424.282,1.88,ok
1785322424.296,2.05,ok
1785322424.310,2.51,ok
1785322424.324,1.74,ok
1785322424.337,2.41,ok
1785322424.352,2.80,ok
1785322424.368,3.15,ok
1785322424.383,2.23,ok
1785322424.398,2.14,ok
1785322424.411,2.11,ok
1785322424.425,1.82,ok
1785322424.439,2.10,ok
1785322424.454,2.94,ok
1785322424.469,2.78,ok
1785322424.484,1.99,ok
1785322424.498,1.90,ok
1785322424.512,2.01,ok
1785322424.527,2.30,ok
1785322424.542,3.06,ok
1785322424.557,2.38,ok
1785322424.572,1.85,ok
1785322424.585,2.19,ok
1785322424.599,2.29,ok
1785322424.613,2.24,ok
1785322424.627,1.86,ok
1785322424.640,2.13,ok
1785322424.655,3.59,ok
1785322424.672,3.90,ok
1785322424.687,3.10,ok
1785322424.702,3.36,ok
1785322424.717,2.55,ok
1785322424.732,2.53,ok
1785322424.747,2.35,ok
1785322424.761,2.26,ok
1785322424.776,2.57,ok
1785322424.791,2.27,ok
1785322424.806,3.10,ok
1785322424.821,2.08,ok
1785322424.836,3.61,ok
1785322424.851,1.94,ok
1785322424.863,1.93,ok
1785322424.876,1.82,ok
1785322424.891,1.92,ok
1785322424.905,2.11,ok
1785322424.918,1.68,ok
1785322424.930,1.90,ok
1785322424.945,2.30,ok
1785322424.957,1.68,ok
1785322424.971,1.82,ok
1785322424.985,2.03,ok
1785322424.998,1.96,ok
1785322425.012,1.71,ok
1785322425.027,1.78,ok
1785322425.039,2.00,ok
1785322425.051,1.95,ok
1785322425.066,1.79,ok
1785322425.080,2.04,ok
1785322425.094,2.03,ok
1785322425.108,1.81,ok
1785322425.122,1.60,ok
1785322425.133,1.64,ok
1785322425.148,2.48,ok
1785322425.161,1.61,ok
1785322425.173,1.61,ok
1785322425.187,1.89,ok
1785322425.199,2.34,ok
1785322425.215,2.93,ok
1785322425.229,1.76,ok
1785322425.242,2.50,ok
1785322425.257,2.29,ok
1785322425.285,14.49,ok
1785322425.298,2.27,ok
1785322425.312,2.02,ok
1785322425.324,1.62,ok
1785322425.338,1.92,ok
1785322425.352,2.11,ok
1785322425.367,2.23,ok
1785322425.381,2.20,ok
1785322425.395,1.65,ok
1785322425.407,2.05,ok
1785322425.421,1.95,ok
1785322425.435,1.90,ok
1785322425.449,1.63,ok
1785322425.463,1.82,ok
1785322425.478,1.80,ok
1785322425.493,2.50,ok
1785322425.505,1.56,ok
1785322425.520,2.03,ok
1785322425.532,1.64,ok
1785322425.546,1.62,ok
1785322425.560,2.00,ok
1785322425.574,1.75,ok
1785322425.588,1.91,ok
1785322425.602,2.17,ok
1785322425.614,1.61,ok
1785322425.628,1.67,ok
1785322425.641,1.66,ok
1785322425.656,1.64,ok
1785322425.670,1.85,ok
1785322425.683,1.92,ok
1785322425.696,1.98,ok
1785322425.709,1.84,ok
1785322425.722,1.79,ok
1785322425.737,2.78,ok
1785322425.753,3.04,ok
1785322425.766,1.97,ok
1785322425.779,1.74,ok
1785322425.795,3.16,ok
1785322425.807,1.77,ok
1785322425.821,1.75,ok
1785322425.835,2.20,ok
1785322425.850,2.01,ok
1785322425.863,2.33,ok
1785322425.877,1.79,ok
1785322425.891,1.95,ok
1785322425.906,1.87,ok
1785322425.921,3.14,ok
1785322425.936,2.53,ok
1785322425.950,1.83,ok
1785322425.965,1.94,ok
1785322425.978,1.66,ok
1785322425.991,2.14,ok
1785322426.007,2.57,ok
1785322426.020,1.88,ok
1785322426.035,2.50,ok
1785322426.049,2.02,ok
1785322426.065,1.77,ok
1785322426.079,2.00,ok
1785322426.094,1.91,ok
1785322426.120,13.99,ok
1785322426.135,3.64,ok
1785322426.149,1.68,ok
1785322426.163,1.66,ok
1785322426.176,1.87,ok
1785322426.191,2.01,ok
1785322426.204,1.89,ok
1785322426.219,1.97,ok
1785322426.234,1.84,ok
1785322426.248,1.44,ok
1785322426.261,1.52,ok
1785322426.275,1.70,ok
1785322426.290,1.55,ok
1785322426.305,3.12,ok
1785322426.319,1.92,ok
1785322426.332,1.51,ok
1785322426.344,1.49,ok
1785322426.358,1.68,ok
1785322426.373,1.69,ok
1785322426.384,1.65,ok
1785322426.398,2.10,ok
1785322426.411,1.77,ok
1785322426.425,1.73,ok
1785322426.439,1.63,ok
1785322426.453,1.44,ok
1785322426.468,1.87,ok
1785322426.481,2.39,ok
1785322426.495,1.73,ok
1785322426.510,1.89,ok
1785322426.521,1.62,ok
1785322426.534,2.46,ok
1785322426.550,3.53,ok
1785322426.572,11.04,ok
1785322426.587,2.42,ok
1785322426.602,2.14,ok
1785322426.616,3.01,ok
1785322426.631,2.65,ok
1785322426.646,2.12,ok
1785322426.658,2.12,ok
1785322426.673,3.21,ok
1785322426.688,2.09,ok
1785322426.703,3.49,ok
1785322426.719,3.19,ok
1785322426.733,2.20,ok
1785322426.748,1.93,ok
1785322426.761,2.04,ok
1785322426.776,2.41,ok
1785322426.791,2.85,ok
1785322426.804,2.11,ok
1785322426.818,2.66,ok
1785322426.832,2.21,ok
1785322426.846,2.18,ok
1785322426.861,2.44,ok
1785322426.876,2.69,ok
1785322426.889,1.98,ok
1785322426.903,2.21,ok
1785322426.918,2.19,ok
1785322426.930,1.93,ok
1785322426.944,2.42,ok
1785322426.956,1.78,ok
1785322426.971,1.83,ok
1785322426.986,2.70,ok
1785322427.000,1.76,ok
1785322427.013,2.02,ok
1785322427.025,1.93,ok
1785322427.039,1.62,ok
1785322427.052,2.19,ok
1785322427.066,2.16,ok
1785322427.081,2.13,ok
1785322427.095,3.68,ok
1785322427.109,2.29,ok
1785322427.124,2.74,ok
1785322427.139,2.81,ok
1785322427.154,3.33,ok
1785322427.167,2.13,ok
1785322427.181,1.75,ok
1785322427.196,2.19,ok
1785322427.208,2.37,ok
1785322427.223,2.12,ok
1785322427.238,2.07,ok
1785322427.252,2.37,ok
1785322427.266,2.58,ok
1785322427.279,2.03,ok
1785322427.294,1.89,ok
1785322427.308,1.95,ok
1785322427.321,2.15,ok
1785322427.335,1.98,ok
1785322427.349,1.96,ok
1785322427.366,4.16,ok
1785322427.381,2.62,ok
1785322427.396,2.07,ok
1785322427.410,2.18,ok
1785322427.425,2.08,ok
1785322427.438,2.52,ok
1785322427.451,2.19,ok
1785322427.465,1.90,ok
1785322427.480,2.03,ok
1785322427.496,3.52,ok
1785322427.509,2.31,ok
1785322427.522,2.04,ok
1785322427.535,2.42,ok
1785322427.548,1.92,ok
1785322427.560,1.94,ok
1785322427.574,2.06,ok
1785322427.591,5.91,ok
1785322427.604,2.66,ok
1785322427.618,2.36,ok
1785322427.631,2.44,ok
1785322427.646,2.12,ok
1785322427.659,2.23,ok
1785322427.673,1.87,ok
1785322427.687,3.15,ok
1785322427.700,2.27,ok
1785322427.715,2.33,ok
1785322427.729,2.36,ok
1785322427.743,2.30,ok
1785322427.758,1.78,ok
1785322427.771,2.20,ok
1785322427.786,2.32,ok
1785322427.798,2.27,ok
1785322427.812,2.01,ok
1785322427.826,2.05,ok
1785322427.841,1.96,ok
1785322427.855,1.82,ok
1785322427.870,1.75,ok
1785322427.884,1.96,ok
1785322427.897,1.83,ok
1785322427.909,1.95,ok
1785322427.924,1.70,ok
1785322427.936,1.87,ok
1785322427.949,1.56,ok
1785322427.962,1.98,ok
1785322427.976,2.20,ok
1785322427.991,1.79,ok
1785322428.005,2.90,ok
1785322428.018,2.25,ok
1785322428.033,1.82,ok
1785322428.045,2.05,ok
1785322428.060,2.10,ok
1785322428.072,1.60,ok
1785322428.087,1.72,ok
1785322428.101,1.78,ok
1785322428.114,1.52,ok
1785322428.126,2.08,ok
1785322428.140,1.80,ok
1785322428.153,1.99,ok
1785322428.168,1.84,ok
1785322428.183,2.40,ok
1785322428.197,2.72,ok
1785322428.211,2.34,ok
1785322428.226,2.38,ok
1785322428.241,2.26,ok
1785322428.255,2.18,ok
1785322428.269,2.78,ok
1785322428.284,2.30,ok
1785322428.298,2.07,ok
1785322428.312,2.14,ok
1785322428.326,2.15,ok
1785322428.340,1.76,ok
1785322428.368,14.87,ok
1785322428.382,2.18,ok
1785322428.398,3.27,ok
1785322428.413,2.04,ok
1785322428.428,2.61,ok
1785322428.443,2.35,ok
1785322428.455,1.74,ok
1785322428.467,2.16,ok
1785322428.481,1.80,ok
1785322428.495,2.07,ok
1785322428.510,2.84,ok
1785322428.525,1.70,ok
1785322428.538,1.85,ok
1785322428.553,2.18,ok
1785322428.574,9.60,ok
1785322428.587,1.93,ok
1785322428.601,1.94,ok
1785322428.615,1.97,ok
1785322428.630,2.87,ok
1785322428.642,1.83,ok
1785322428.657,2.20,ok
1785322428.669,1.97,ok
1785322428.683,2.36,ok
1785322428.695,2.03,ok
1785322428.708,2.22,ok
1785322428.723,2.11,ok
1785322428.737,1.87,ok
1785322428.753,3.00,ok
1785322428.768,2.22,ok
1785322428.782,2.17,ok
1785322428.797,2.35,ok
1785322428.812,2.58,ok
1785322428.824,1.93,ok
1785322428.838,2.46,ok
1785322428.853,2.30,ok
1785322428.866,2.14,ok
1785322428.881,2.07,ok
1785322428.895,2.36,ok
1785322428.910,2.39,ok
1785322428.925,2.16,ok
1785322428.937,1.90,ok
1785322428.952,2.34,ok
1785322428.965,1.95,ok
1785322428.979,2.03,ok
1785322428.992,2.40,ok
1785322429.008,2.48,ok
1785322429.023,2.88,ok
1785322429.036,2.27,ok
1785322429.051,2.13,ok
1785322429.064,1.86,ok
1785322429.078,1.85,ok
1785322429.094,3.28,ok
1785322429.107,1.62,ok
1785322429.121,2.95,ok
1785322429.135,1.74,ok
1785322429.148,1.48,ok
1785322429.161,1.80,ok
1785322429.175,1.77,ok
1785322429.190,1.77,ok
1785322429.204,2.00,ok
1785322429.218,1.87,ok
1785322429.232,1.85,ok
1785322429.247,3.52,ok
1785322429.262,2.15,ok
1785322429.274,1.85,ok
1785322429.287,2.15,ok
1785322429.301,2.03,ok
1785322429.316,2.14,ok
1785322429.330,1.76,ok
1785322429.345,1.82,ok
1785322429.361,4.16,ok
1785322429.374,1.87,ok
1785322429.389,2.20,ok
1785322429.402,2.19,ok
1785322429.417,2.30,ok
1785322429.429,1.80,ok
1785322429.443,1.76,ok
1785322429.458,1.78,ok
1785322429.471,1.84,ok
1785322429.485,2.41,ok
1785322429.498,1.76,ok
1785322429.513,2.07,ok
1785322429.526,2.21,ok
1785322429.539,2.78,ok
1785322429.555,3.62,ok
1785322429.577,11.25,ok
1785322429.592,2.18,ok
1785322429.604,2.14,ok
1785322429.617,2.33,ok
1785322429.632,2.43,ok
1785322429.645,2.32,ok
1785322429.660,2.41,ok
1785322429.675,2.35,ok
1785322429.690,2.28,ok
1785322429.704,1.99,ok
1785322429.717,1.92,ok
1785322429.732,2.04,ok
1785322429.746,2.99,ok
1785322429.759,2.28,ok
1785322429.773,2.30,ok
1785322429.787,2.15,ok
1785322429.801,2.56,ok
1785322429.815,1.98,ok
1785322429.828,2.23,ok
1785322429.842,2.16,ok
1785322429.856,2.11,ok
1785322429.869,1.86,ok
1785322429.883,1.78,ok
1785322429.895,1.66,ok
1785322429.910,3.06,ok
1785322429.940,17.67,ok
1785322429.955,2.22,ok
1785322429.968,1.88,ok
1785322429.983,2.19,ok
1785322429.998,3.13,ok
1785322430.013,2.28,ok
1785322430.026,2.56,ok
1785322430.041,2.10,ok
1785322430.054,2.37,ok
1785322430.068,2.17,ok
1785322430.083,2.22,ok
1785322430.096,1.84,ok
1785322430.110,1.98,ok
1785322430.125,2.07,ok
1785322430.139,1.69,ok
1785322430.154,2.39,ok
1785322430.170,2.55,ok
1785322430.185,3.19,ok
1785322430.200,2.33,ok
1785322430.215,1.77,ok
1785322430.229,1.70,ok
1785322430.242,1.87,ok
1785322430.257,2.24,ok
1785322430.268,1.64,ok
1785322430.282,2.28,ok
1785322430.296,1.67,ok
1785322430.309,1.86,ok
1785322430.323,1.87,ok
1785322430.335,1.96,ok
1785322430.350,2.14,ok
1785322430.363,2.01,ok
1785322430.375,2.04,ok
1785322430.388,1.93,ok
1785322430.402,1.65,ok
1785322430.416,1.41,ok
1785322430.430,1.65,ok
1785322430.445,2.94,ok
1785322430.460,3.06,ok
1785322430.473,1.63,ok
1785322430.488,1.92,ok
1785322430.501,1.85,ok
1785322430.513,1.63,ok
1785322430.526,1.78,ok
1785322430.541,2.15,ok
1785322430.555,1.93,ok
1785322430.576,8.15,ok
1785322430.588,1.76,ok
1785322430.602,2.26,ok
1785322430.614,1.64,ok
1785322430.628,1.80,ok
1785322430.642,1.96,ok
1785322430.657,2.72,ok
1785322430.670,2.04,ok
1785322430.684,2.13,ok
1785322430.697,1.93,ok
1785322430.712,2.20,ok
1785322430.727,2.29,ok
1785322430.741,1.93,ok
1785322430.756,2.16,ok
1785322430.770,2.17,ok
1785322430.784,2.20,ok
1785322430.798,1.64,ok
1785322430.811,1.73,ok
1785322430.825,1.90,ok
1785322430.840,1.99,ok
1785322430.854,1.89,ok
1785322430.869,1.94,ok
1785322430.884,1.97,ok
1785322430.896,1.57,ok
1785322430.911,1.93,ok
1785322430.924,1.95,ok
1785322430.939,1.77,ok
1785322430.951,1.76,ok
1785322430.966,2.09,ok
1785322430.979,1.82,ok
1785322430.993,3.68,ok
1785322431.006,2.49,ok
1785322431.021,2.09,ok
1785322431.034,2.17,ok
1785322431.049,1.79,ok
1785322431.063,1.87,ok
1785322431.076,1.90,ok
1785322431.093,4.49,ok
1785322431.108,1.98,ok
1785322431.123,2.24,ok
1785322431.137,1.75,ok
1785322431.151,1.98,ok
1785322431.166,1.94,ok
1785322431.180,2.02,ok
1785322431.193,1.97,ok
1785322431.208,2.16,ok
1785322431.222,2.01,ok
1785322431.238,3.31,ok
1785322431.250,1.96,ok
1785322431.265,2.00,ok
1785322431.280,2.13,ok
1785322431.293,1.99,ok
1785322431.308,2.09,ok
1785322431.322,1.74,ok
1785322431.336,2.32,ok
1785322431.352,3.31,ok
1785322431.364,2.14,ok
1785322431.380,3.96,ok
1785322431.394,1.83,ok
1785322431.408,2.28,ok
1785322431.424,4.66,ok
1785322431.441,4.52,ok
1785322431.455,2.02,ok
1785322431.468,2.21,ok
1785322431.482,1.55,ok
1785322431.496,1.84,ok
1785322431.512,4.29,ok
1785322431.528,3.28,ok
1785322431.543,3.67,ok
1785322431.557,1.83,ok
1785322431.578,7.85,ok
1785322431.591,2.24,ok
1785322431.606,1.99,ok
1785322431.620,1.93,ok
1785322431.634,2.05,ok
1785322431.649,2.59,ok
1785322431.663,1.79,ok
1785322431.676,1.99,ok
1785322431.691,3.01,ok
1785322431.705,1.57,ok
1785322431.719,2.68,ok
1785322431.732,1.57,ok
1785322431.746,1.66,ok
1785322431.761,1.87,ok
1785322431.773,1.67,ok
1785322431.788,1.58,ok
1785322431.801,1.85,ok
1785322431.813,1.66,ok
1785322431.825,1.75,ok
1785322431.839,1.99,ok
1785322431.854,1.75,ok
1785322431.866,1.81,ok
1785322431.880,1.57,ok
1785322431.893,2.45,ok
1785322431.908,1.62,ok
1785322431.922,1.66,ok
1785322431.936,2.09,ok
1785322431.949,1.50,ok
1785322431.963,3.20,ok
1785322431.993,17.63,ok
1785322432.008,1.92,ok
1785322432.022,1.65,ok
1785322432.037,1.94,ok
1785322432.050,1.95,ok
1785322432.063,1.87,ok
1785322432.078,2.12,ok
1785322432.093,1.94,ok
1785322432.106,1.54,ok
1785322432.120,1.79,ok
1785322432.135,1.98,ok
1785322432.149,1.76,ok
1785322432.164,1.86,ok
1785322432.182,3.87,ok
1785322432.208,2.55,ok
1785322432.223,2.33,ok
1785322432.238,2.42,ok
1785322432.253,2.53,ok
1785322432.268,4.06,ok
1785322432.283,2.22,ok
1785322432.297,2.18,ok
1785322432.312,2.34,ok
1785322432.326,2.13,ok
1785322432.341,2.52,ok
1785322432.356,2.60,ok
1785322432.369,1.91,ok
1785322432.384,2.04,ok
1785322432.397,2.65,ok
1785322432.414,4.34,ok
1785322432.428,1.80,ok
1785322432.442,1.82,ok
1785322432.457,2.19,ok
1785322432.470,1.99,ok
1785322432.485,2.03,ok
1785322432.498,3.60,ok
1785322432.514,4.38,ok
1785322432.526,2.13,ok
1785322432.539,2.19,ok
1785322432.554,2.29,ok
1785322432.566,2.11,ok
1785322432.582,4.06,ok
1785322432.596,1.67,ok
1785322432.609,1.48,ok
1785322432.623,1.79,ok
1785322432.637,1.53,ok
1785322432.651,1.86,ok
1785322432.665,1.81,ok
1785322432.678,1.74,ok
1785322432.693,1.74,ok
1785322432.707,1.84,ok
1785322432.721,2.76,ok
1785322432.735,2.36,ok
1785322432.748,1.80,ok
1785322432.762,1.60,ok
1785322432.775,2.01,ok
1785322432.789,1.45,ok
1785322432.802,1.57,ok
1785322432.814,1.45,ok
1785322432.826,1.44,ok
1785322432.840,1.81,ok
1785322432.854,1.78,ok
1785322432.866,1.58,ok
1785322432.880,1.86,ok
1785322432.894,2.16,ok
1785322432.908,1.72,ok
1785322432.923,1.73,ok
1785322432.937,1.94,ok
1785322432.952,3.05,ok
1785322432.967,1.74,ok
1785322432.979,1.62,ok
1785322432.991,1.77,ok
1785322433.006,1.87,ok
1785322433.019,1.71,ok
1785322433.034,1.85,ok
1785322433.049,3.43,ok
1785322433.063,1.64,ok
1785322433.077,2.53,ok
1785322433.089,2.00,ok
1785322433.105,3.07,ok
1785322433.118,2.31,ok
1785322433.132,1.58,ok
1785322433.147,1.47,ok
1785322433.159,1.70,ok
1785322433.174,2.25,ok
1785322433.188,1.86,ok
1785322433.200,1.78,ok
1785322433.215,1.94,ok
1785322433.229,1.51,ok
1785322433.243,1.91,ok
1785322433.256,1.99,ok
1785322433.268,2.10,ok
1785322433.280,1.69,ok
1785322433.293,2.26,ok
1785322433.307,1.45,ok
1785322433.319,1.80,ok
1785322433.333,2.05,ok
1785322433.347,2.02,ok
1785322433.360,2.30,ok
1785322433.373,1.95,ok
1785322433.387,2.76,ok
1785322433.401,1.93,ok
1785322433.416,1.69,ok
1785322433.430,1.69,ok
1785322433.443,1.77,ok
1785322433.457,1.68,ok
1785322433.470,2.69,ok
1785322433.485,2.05,ok
1785322433.499,2.11,ok
1785322433.512,2.26,ok
1785322433.526,1.98,ok
1785322433.540,1.52,ok
1785322433.554,1.78,ok
1785322433.568,1.88,ok
1785322433.582,2.70,ok
1785322433.596,1.55,ok
1785322433.609,1.75,ok
1785322433.622,1.77,ok
1785322433.637,1.60,ok
1785322433.651,1.75,ok
1785322433.664,1.85,ok
1785322433.678,2.06,ok
1785322433.693,1.79,ok
1785322433.708,2.20,ok
1785322433.722,1.70,ok
1785322433.737,2.35,ok
1785322433.752,2.36,ok
1785322433.767,3.01,ok
1785322433.783,3.12,ok
1785322433.798,1.80,ok
1785322433.810,2.30,ok
1785322433.825,1.65,ok
1785322433.839,2.06,ok
1785322433.852,2.33,ok
1785322433.865,1.85,ok
1785322433.881,2.77,ok
1785322433.893,1.91,ok
1785322433.906,1.79,ok
1785322433.920,1.86,ok
1785322433.934,1.87,ok
1785322433.946,1.74,ok
1785322433.960,1.91,ok
1785322433.973,1.98,ok
1785322433.987,1.62,ok
1785322434.005,5.32,ok
1785322434.019,1.84,ok
1785322434.034,2.24,ok
1785322434.048,1.76,ok
1785322434.063,1.75,ok
1785322434.076,2.30,ok
1785322434.090,1.59,ok
1785322434.104,1.54,ok
1785322434.120,1.84,ok
1785322434.135,2.55,ok
1785322434.148,2.06,ok
1785322434.163,1.67,ok
1785322434.176,1.68,ok
1785322434.187,1.50,ok
1785322434.201,1.96,ok
1785322434.213,1.35,ok
1785322434.227,1.72,ok
1785322434.241,1.61,ok
1785322434.255,1.70,ok
1785322434.269,1.97,ok
1785322434.282,1.77,ok
1785322434.294,1.81,ok
1785322434.310,3.57,ok
1785322434.325,1.91,ok
1785322434.338,1.91,ok
1785322434.352,1.95,ok
1785322434.366,2.15,ok
1785322434.380,1.90,ok
1785322434.393,2.11,ok
1785322434.407,2.10,ok
1785322434.422,3.49,ok
1785322434.437,2.13,ok
1785322434.449,2.05,ok
1785322434.474,11.23,ok
1785322434.488,2.69,ok
1785322434.501,2.84,ok
1785322434.515,1.86,ok
1785322434.529,1.64,ok
1785322434.542,1.69,ok
1785322434.554,1.60,ok
1785322434.568,1.75,ok
1785322434.583,1.72,ok
1785322434.595,1.62,ok
1785322434.607,1.73,ok
1785322434.621,1.84,ok
1785322434.633,1.49,ok
1785322434.647,1.72,ok
1785322434.660,1.69,ok
1785322434.673,1.77,ok
1785322434.687,1.71,ok
1785322434.701,2.60,ok
1785322434.715,1.81,ok
1785322434.728,1.55,ok
1785322434.742,1.74,ok
1785322434.757,2.46,ok
1785322434.771,1.80,ok
1785322434.785,1.97,ok
1785322434.799,1.99,ok
1785322434.814,1.99,ok
1785322434.827,1.87,ok
1785322434.841,1.86,ok
1785322434.855,1.64,ok
1785322434.868,1.54,ok
1785322434.882,1.49,ok
1785322434.897,1.88,ok
1785322434.913,3.41,ok
1785322434.926,1.92,ok
1785322434.941,2.04,ok
1785322434.955,1.92,ok
1785322434.969,2.08,ok
1785322434.984,1.86,ok
1785322434.997,2.05,ok
1785322435.013,3.15,ok
1785322435.027,2.38,ok
1785322435.041,2.02,ok
1785322435.054,2.00,ok
1785322435.069,2.67,ok
1785322435.082,2.43,ok
1785322435.097,2.10,ok
1785322435.112,2.45,ok
1785322435.127,2.20,ok
1785322435.142,2.78,ok
1785322435.155,1.73,ok
1785322435.167,1.78,ok
1785322435.180,1.42,ok
1785322435.193,1.96,ok
1785322435.207,1.44,ok
1785322435.221,1.83,ok
1785322435.235,1.89,ok
1785322435.248,1.67,ok
1785322435.262,1.53,ok
1785322435.276,1.85,ok
1785322435.290,1.52,ok
1785322435.305,1.69,ok
1785322435.319,3.27,ok
1785322435.334,1.90,ok
1785322435.348,1.89,ok
1785322435.362,1.99,ok
1785322435.377,2.82,ok
1785322435.406,9.20,ok
1785322435.419,2.49,ok
1785322435.434,2.32,ok
1785322435.446,1.88,ok
1785322435.461,3.13,ok
1785322435.474,1.87,ok
1785322435.488,2.23,ok
1785322435.501,2.06,ok
1785322435.515,2.04,ok
1785322435.530,1.92,ok
1785322435.543,1.69,ok
1785322435.558,1.62,ok
1785322435.570,1.76,ok
1785322435.587,4.13,ok
1785322435.601,1.84,ok
1785322435.616,1.99,ok
1785322435.631,2.97,ok
1785322435.645,1.68,ok
1785322435.656,1.56,ok
1785322435.668,1.60,ok
1785322435.681,1.84,ok
1785322435.695,1.64,ok
1785322435.709,1.59,ok
1785322435.723,1.72,ok
1785322435.737,1.67,ok
1785322435.752,1.62,ok
1785322435.766,1.75,ok
1785322435.778,1.35,ok
1785322435.791,1.71,ok
1785322435.805,1.64,ok
1785322435.819,1.52,ok
1785322435.833,1.77,ok
1785322435.846,1.86,ok
1785322435.861,2.67,ok
1785322435.875,1.96,ok
1785322435.888,1.77,ok
1785322435.901,2.09,ok
1785322435.915,1.89,ok
1785322435.928,1.78,ok
1785322435.943,1.74,ok
1785322435.957,1.95,ok
1785322435.970,1.57,ok
1785322435.984,1.56,ok
1785322435.999,1.84,ok
1785322436.013,2.10,ok
1785322436.028,1.59,ok
1785322436.042,1.73,ok
1785322436.054,1.81,ok
1785322436.067,2.02,ok
1785322436.081,1.75,ok
1785322436.093,2.24,ok
1785322436.108,2.65,ok
1785322436.127,6.82,ok
1785322436.140,1.66,ok
1785322436.152,1.95,ok
1785322436.165,1.49,ok
1785322436.178,2.92,ok
1785322436.194,1.67,ok
1785322436.208,1.47,ok
1785322436.222,1.84,ok
1785322436.235,2.00,ok
1785322436.249,2.36,ok
1785322436.264,1.84,ok
1785322436.276,1.98,ok
1785322436.289,1.68,ok
1785322436.304,1.93,ok
1785322436.318,1.84,ok
1785322436.332,1.73,ok
1785322436.346,1.92,ok
1785322436.360,3.13,ok
1785322436.372,1.70,ok
1785322436.388,3.61,ok
1785322436.402,2.12,ok
1785322436.423,1.85,ok
1785322436.436,1.96,ok
1785322436.452,3.17,ok
1785322436.465,1.77,ok
1785322436.478,1.56,ok
1785322436.493,1.84,ok
1785322436.507,1.56,ok
1785322436.520,1.56,ok
1785322436.531,1.57,ok
1785322436.546,1.87,ok
1785322436.559,1.65,ok
1785322436.573,1.69,ok
1785322436.586,1.71,ok
1785322436.599,1.83,ok
1785322436.613,1.74,ok
1785322436.628,1.87,ok
1785322436.642,1.98,ok
1785322436.656,1.47,ok
1785322436.671,1.91,ok
1785322436.685,1.54,ok
1785322436.699,1.74,ok
1785322436.712,1.85,ok
1785322436.724,1.55,ok
1785322436.737,1.62,ok
1785322436.751,1.70,ok
1785322436.764,1.51,ok
1785322436.776,1.54,ok
1785322436.790,1.35,ok
1785322436.803,2.15,ok
1785322436.816,1.94,ok
1785322436.830,1.76,ok
1785322436.843,1.42,ok
1785322436.855,1.74,ok
1785322436.869,1.77,ok
1785322436.883,1.53,ok
1785322436.896,1.60,ok
1785322436.908,1.58,ok
1785322436.923,1.68,ok
1785322436.936,1.52,ok
1785322436.950,1.73,ok
1785322436.963,1.44,ok
1785322436.977,1.56,ok
1785322436.989,1.40,ok
1785322437.003,3.26,ok
1785322437.017,1.56,ok
1785322437.031,1.50,ok
1785322437.046,1.89,ok
1785322437.059,2.17,ok
1785322437.073,1.71,ok
1785322437.087,1.77,ok
1785322437.102,1.97,ok
1785322437.117,2.44,ok
1785322437.131,1.89,ok
1785322437.145,1.54,ok
1785322437.158,1.63,ok
1785322437.170,1.45,ok
1785322437.186,3.45,ok
1785322437.198,1.63,ok
1785322437.212,1.76,ok
1785322437.225,1.86,ok
1785322437.239,1.66,ok
1785322437.251,1.81,ok
1785322437.265,1.73,ok
1785322437.280,2.15,ok
1785322437.293,1.88,ok
1785322437.307,1.86,ok
1785322437.319,1.98,ok
1785322437.331,1.48,ok
1785322437.343,1.43,ok
1785322437.359,3.36,ok
1785322437.374,1.84,ok
1785322437.388,1.71,ok
1785322437.404,3.52,ok
1785322437.420,3.88,ok
1785322437.435,2.61,ok
1785322437.450,2.14,ok
1785322437.464,1.89,ok
1785322437.477,3.07,ok
1785322437.492,2.41,ok
1785322437.507,1.78,ok
1785322437.521,1.91,ok
1785322437.534,1.95,ok
1785322437.550,3.39,ok
1785322437.563,1.73,ok
1785322437.587,11.56,ok
1785322437.602,2.18,ok
1785322437.615,1.65,ok
1785322437.629,2.40,ok
1785322437.644,3.09,ok
1785322437.656,1.70,ok
1785322437.668,2.03,ok
1785322437.681,1.96,ok
1785322437.694,2.12,ok
1785322437.708,2.13,ok
1785322437.721,1.75,ok
1785322437.732,1.55,ok
1785322437.745,1.96,ok
1785322437.759,2.07,ok
1785322437.772,1.56,ok
1785322437.786,1.89,ok
1785322437.798,1.65,ok
1785322437.811,1.81,ok
1785322437.825,1.91,ok
1785322437.840,2.92,ok
1785322437.855,3.00,ok
1785322437.867,1.40,ok
1785322437.880,1.77,ok
1785322437.895,1.76,ok
1785322437.909,2.16,ok
1785322437.923,3.30,ok
1785322437.938,1.91,ok
1785322437.952,3.38,ok
1785322437.967,2.10,ok
1785322437.980,1.86,ok
1785322437.993,1.94,ok
1785322438.008,2.68,ok
1785322438.022,2.19,ok
1785322438.037,2.19,ok
1785322438.050,3.34,ok
1785322438.064,2.40,ok
1785322438.078,1.76,ok
1785322438.093,2.19,ok
1785322438.107,1.87,ok
1785322438.121,1.91,ok
1785322438.140,5.82,ok
1785322438.154,3.43,ok
1785322438.168,2.20,ok
1785322438.183,1.86,ok
1785322438.196,1.58,ok
1785322438.210,1.69,ok
1785322438.225,2.01,ok
1785322438.240,1.63,ok
1785322438.254,1.98,ok
1785322438.268,2.04,ok
1785322438.282,1.72,ok
1785322438.298,2.98,ok
1785322438.312,1.89,ok
1785322438.326,1.71,ok
1785322438.340,1.68,ok
1785322438.355,2.69,ok
1785322438.370,1.92,ok
1785322438.384,2.01,ok
1785322438.398,1.85,ok
1785322438.413,3.54,ok
1785322438.429,2.87,ok
1785322438.441,2.31,ok
1785322438.457,2.86,ok
1785322438.471,2.54,ok
1785322438.484,2.01,ok
1785322438.498,1.85,ok
1785322438.513,3.18,ok
1785322438.526,1.78,ok
1785322438.540,1.46,ok
1785322438.554,1.49,ok
1785322438.568,1.81,ok
1785322438.592,11.87,ok
1785322438.607,1.76,ok
1785322438.621,1.78,ok
1785322438.634,1.85,ok
1785322438.648,1.84,ok
1785322438.664,4.15,ok
1785322438.678,2.18,ok
1785322438.692,1.82,ok
1785322438.706,1.39,ok
1785322438.721,1.82,ok
1785322438.735,2.25,ok
1785322438.755,1.79,ok
1785322438.770,1.86,ok
1785322438.783,1.58,ok
1785322438.797,1.70,ok
1785322438.810,2.03,ok
1785322438.824,3.11,ok
1785322438.840,3.61,ok
1785322438.853,2.19,ok
1785322438.867,2.31,ok
1785322438.882,2.08,ok
1785322438.898,3.34,ok
1785322438.913,2.09,ok
1785322438.929,3.44,ok
1785322438.942,2.78,ok
1785322438.955,2.06,ok
1785322438.968,2.32,ok
1785322438.983,1.89,ok
1785322438.998,1.79,ok
1785322439.013,2.02,ok
1785322439.027,2.92,ok
1785322439.042,2.88,ok
1785322439.056,2.08,ok
1785322439.069,1.91,ok
1785322439.084,1.68,ok
1785322439.098,1.45,ok
1785322439.110,1.77,ok
1785322439.123,1.27,ok
1785322439.136,1.50,ok
1785322439.150,1.64,ok
1785322439.164,1.51,ok
1785322439.178,1.67,ok
1785322439.191,1.67,ok
1785322439.206,1.58,ok
1785322439.220,1.77,ok
1785322439.235,2.75,ok
1785322439.249,1.62,ok
1785322439.263,2.25,ok
1785322439.278,3.75,ok
1785322439.293,2.39,ok
1785322439.308,2.33,ok
1785322439.322,2.20,ok
1785322439.337,2.15,ok
1785322439.350,2.01,ok
1785322439.364,2.04,ok
1785322439.377,2.05,ok
1785322439.393,3.22,ok
1785322439.407,2.13,ok
1785322439.422,1.91,ok
1785322439.437,2.09,ok
1785322439.451,2.23,ok
1785322439.466,1.94,ok
1785322439.481,2.17,ok
1785322439.495,3.41,ok
1785322439.508,2.55,ok
1785322439.523,2.78,ok
1785322439.537,2.06,ok
1785322439.551,2.07,ok
1785322439.565,2.21,ok
1785322439.582,4.70,ok
1785322439.597,2.32,ok
1785322439.610,2.20,ok
1785322439.625,2.14,ok
1785322439.638,2.10,ok
1785322439.653,2.31,ok
1785322439.668,2.34,ok
1785322439.683,2.42,ok
1785322439.698,2.58,ok
1785322439.713,2.42,ok
1785322439.726,2.07,ok
1785322439.741,2.38,ok
1785322439.754,2.12,ok
1785322439.768,1.90,ok
1785322439.781,1.89,ok
1785322439.796,1.81,ok
1785322439.809,2.25,ok
1785322439.823,1.95,ok
1785322439.838,1.68,ok
1785322439.851,2.00,ok
1785322439.865,2.12,ok
1785322439.880,2.46,ok
1785322439.894,1.95,ok
1785322439.909,2.00,ok
1785322439.923,2.30,ok
1785322439.937,2.13,ok
1785322439.951,1.80,ok
1785322439.965,1.74,ok
1785322439.978,1.67,ok
1785322439.992,3.09,ok
1785322440.006,2.48,ok
1785322440.020,2.27,ok
1785322440.035,1.99,ok
1785322440.050,2.98,ok
1785322440.065,2.52,ok
1785322440.082,3.75,ok
1785322440.096,1.93,ok
1785322440.110,2.26,ok
1785322440.123,1.90,ok
1785322440.138,2.49,ok
1785322440.151,2.23,ok
1785322440.165,1.88,ok
1785322440.180,2.35,ok
1785322440.195,2.26,ok
1785322440.211,3.80,ok
1785322440.227,3.64,ok
1785322440.253,12.42,ok
1785322440.272,7.05,ok
1785322440.287,4.39,ok
1785322440.303,2.69,ok
1785322440.320,4.56,ok
1785322440.337,5.06,ok
1785322440.352,2.53,ok
1785322440.367,3.05,ok
1785322440.382,1.92,ok
1785322440.396,3.42,ok
1785322440.410,2.33,ok
1785322440.425,1.84,ok
1785322440.439,2.09,ok
1785322440.455,3.19,ok
1785322440.470,2.15,ok
1785322440.485,2.51,ok
1785322440.501,3.86,ok
1785322440.515,1.78,ok
1785322440.528,2.23,ok
1785322440.543,2.50,ok
1785322440.556,1.85,ok
1785322440.575,7.93,ok
1785322440.603,13.84,ok
1785322440.618,2.19,ok
1785322440.630,1.75,ok
1785322440.644,1.93,ok
1785322440.658,2.04,ok
1785322440.674,3.24,ok
1785322440.689,2.53,ok
1785322440.701,2.04,ok
1785322440.715,1.70,ok
1785322440.730,1.65,ok
1785322440.743,1.78,ok
1785322440.757,1.53,ok
1785322440.770,1.69,ok
1785322440.784,1.92,ok
1785322440.799,1.75,ok
1785322440.811,1.68,ok
1785322440.826,1.98,ok
1785322440.840,2.56,ok
1785322440.854,1.93,ok
1785322440.866,1.83,ok
1785322440.882,2.71,ok
1785322440.896,1.87,ok
1785322440.910,2.00,ok
1785322440.923,1.77,ok
1785322440.936,2.13,ok
1785322440.951,2.67,ok
1785322440.964,2.11,ok
1785322440.977,2.12,ok
1785322440.992,2.00,ok
1785322441.005,2.03,ok
1785322441.018,3.43,ok
1785322441.033,1.69,ok
1785322441.047,2.18,ok
1785322441.062,2.42,ok
1785322441.076,2.66,ok
1785322441.091,1.93,ok
1785322441.106,1.95,ok
1785322441.119,1.91,ok
1785322441.135,3.27,ok
1785322441.147,1.84,ok
1785322441.162,2.04,ok
1785322441.175,2.71,ok
1785322441.190,2.31,ok
1785322441.205,2.65,ok
1785322441.219,1.93,ok
1785322441.231,1.65,ok
1785322441.246,2.04,ok
1785322441.261,1.88,ok
1785322441.273,1.68,ok
1785322441.286,2.09,ok
1785322441.298,1.63,ok
1785322441.312,2.00,ok
1785322441.327,1.97,ok
1785322441.342,2.39,ok
1785322441.356,1.80,ok
1785322441.370,2.29,ok
1785322441.385,3.30,ok
1785322441.398,2.28,ok
1785322441.412,1.76,ok
1785322441.426,1.83,ok
1785322441.440,3.46,ok
1785322441.452,1.75,ok
1785322441.467,1.93,ok
1785322441.481,1.65,ok
1785322441.494,3.05,ok
1785322441.508,1.71,ok
1785322441.523,1.84,ok
1785322441.537,3.30,ok
1785322441.549,1.54,ok
1785322441.564,2.77,ok
1785322441.577,2.05,ok
1785322441.592,2.62,ok
1785322441.607,1.87,ok
1785322441.619,1.62,ok
1785322441.633,1.55,ok
1785322441.648,1.53,ok
1785322441.661,1.53,ok
1785322441.675,1.48,ok
1785322441.689,1.66,ok
1785322441.702,1.65,ok
1785322441.716,1.46,ok
1785322441.730,1.47,ok
1785322441.741,1.50,ok
1785322441.756,1.85,ok
1785322441.771,2.20,ok
1785322441.785,2.21,ok
1785322441.798,1.49,ok
1785322441.810,1.62,ok
1785322441.824,1.46,ok
1785322441.837,1.84,ok
1785322441.851,2.36,ok
1785322441.864,1.50,ok
1785322441.876,2.05,ok
1785322441.890,1.64,ok
1785322441.906,3.07,ok
1785322441.919,1.64,ok
1785322441.934,2.72,ok
1785322441.948,1.74,ok
1785322441.960,1.92,ok
1785322441.975,1.73,ok
1785322441.990,2.18,ok
1785322442.003,1.60,ok
1785322442.014,1.43,ok
1785322442.027,1.73,ok
1785322442.039,1.46,ok
1785322442.052,2.45,ok
1785322442.066,1.99,ok
1785322442.079,1.74,ok
1785322442.094,2.47,ok
1785322442.108,2.06,ok
1785322442.122,1.66,ok
1785322442.136,1.88,ok
1785322442.149,1.79,ok
1785322442.163,1.78,ok
1785322442.178,3.81,ok
1785322442.190,1.64,ok
1785322442.205,2.25,ok
1785322442.220,1.94,ok
1785322442.231,1.58,ok
1785322442.243,1.64,ok
1785322442.255,1.79,ok
1785322442.270,1.87,ok
1785322442.283,1.62,ok
1785322442.296,1.66,ok
1785322442.311,1.84,ok
1785322442.326,3.31,ok
1785322442.338,1.73,ok
1785322442.352,1.80,ok
1785322442.366,1.44,ok
1785322442.377,1.37,ok
1785322442.390,1.83,ok
1785322442.402,1.79,ok
1785322442.417,1.73,ok
1785322442.431,3.44,ok
1785322442.443,1.95,ok
1785322442.459,3.49,ok
1785322442.474,2.50,ok
1785322442.488,1.99,ok
1785322442.503,2.32,ok
1785322442.517,3.28,ok
1785322442.533,3.13,ok
1785322442.547,2.63,ok
1785322442.564,5.09,ok
1785322442.578,3.03,ok
1785322442.591,1.91,ok
1785322442.604,2.04,ok
1785322442.618,2.03,ok
1785322442.633,1.65,ok
1785322442.646,1.77,ok
1785322442.659,1.63,ok
1785322442.673,2.02,ok
1785322442.687,1.83,ok
1785322442.701,1.73,ok
1785322442.716,3.72,ok
1785322442.730,1.97,ok
1785322442.742,1.66,ok
1785322442.756,1.76,ok
1785322442.770,1.85,ok
1785322442.784,1.68,ok
1785322442.796,1.73,ok
1785322442.810,2.03,ok
1785322442.825,2.07,ok
1785322442.839,1.53,ok
1785322442.853,1.72,ok
1785322442.866,1.64,ok
1785322442.880,1.47,ok
1785322442.892,1.78,ok
1785322442.906,1.78,ok
1785322442.920,1.58,ok
1785322442.934,1.57,ok
1785322442.948,1.44,ok
1785322442.962,1.58,ok
1785322442.976,1.58,ok
1785322442.989,1.80,ok
1785322443.003,2.03,ok
1785322443.017,1.74,ok
1785322443.031,1.63,ok
1785322443.045,1.71,ok
1785322443.060,1.84,ok
1785322443.075,2.50,ok
1785322443.089,1.67,ok
1785322443.102,1.96,ok
1785322443.116,1.50,ok
1785322443.130,1.71,ok
1785322443.145,1.86,ok
1785322443.159,1.84,ok
1785322443.174,1.85,ok
1785322443.188,2.04,ok
1785322443.203,2.29,ok
1785322443.215,1.57,ok
1785322443.228,2.02,ok
1785322443.243,2.01,ok
1785322443.257,1.88,ok
1785322443.271,1.93,ok
1785322443.286,2.41,ok
1785322443.298,1.87,ok
1785322443.313,2.50,ok
1785322443.327,2.34,ok
1785322443.342,2.23,ok
1785322443.356,2.01,ok
1785322443.369,2.33,ok
1785322443.383,1.95,ok
1785322443.397,2.00,ok
1785322443.411,1.90,ok
1785322443.427,3.27,ok
1785322443.442,2.68,ok
1785322443.455,2.62,ok
1785322443.470,2.34,ok
1785322443.485,3.32,ok
1785322443.498,2.06,ok
1785322443.510,1.76,ok
1785322443.522,1.81,ok
1785322443.535,1.95,ok
1785322443.551,3.21,ok
1785322443.564,1.63,ok
1785322443.579,1.96,ok
1785322443.593,3.20,ok
1785322443.610,3.66,ok
1785322443.623,1.84,ok
1785322443.638,1.81,ok
1785322443.651,2.37,ok
1785322443.667,4.55,ok
1785322443.680,1.93,ok
1785322443.695,1.71,ok
1785322443.709,2.08,ok
1785322443.722,2.02,ok
1785322443.737,2.04,ok
1785322443.749,1.55,ok
1785322443.762,1.94,ok
1785322443.777,2.09,ok
1785322443.789,2.01,ok
1785322443.802,2.10,ok
1785322443.814,1.67,ok
1785322443.828,1.70,ok
1785322443.840,1.63,ok
1785322443.852,1.81,ok
1785322443.865,1.68,ok
1785322443.880,1.63,ok
1785322443.894,1.75,ok
1785322443.908,1.75,ok
1785322443.920,1.60,ok
1785322443.934,1.55,ok
1785322443.946,1.44,ok
1785322443.960,1.82,ok
1785322443.973,1.63,ok
1785322443.987,1.69,ok
1785322444.002,2.17,ok
1785322444.016,1.76,ok
1785322444.030,1.53,ok
1785322444.044,1.71,ok
1785322444.059,3.51,ok
1785322444.073,1.75,ok
1785322444.087,1.88,ok
1785322444.101,1.99,ok
1785322444.113,1.97,ok
1785322444.126,1.85,ok
1785322444.139,1.51,ok
1785322444.151,1.62,ok
1785322444.164,1.61,ok
1785322444.177,1.77,ok
1785322444.192,2.15,ok
1785322444.207,2.47,ok
1785322444.222,2.09,ok
1785322444.234,1.78,ok
1785322444.248,1.58,ok
1785322444.263,1.82,ok
1785322444.276,1.93,ok
1785322444.290,1.50,ok
1785322444.304,1.74,ok
1785322444.318,1.69,ok
1785322444.334,3.41,ok
1785322444.349,2.66,ok
1785322444.364,1.78,ok
1785322444.376,1.81,ok
1785322444.390,1.53,ok
1785322444.404,3.24,ok
1785322444.418,1.98,ok
1785322444.433,1.60,ok
1785322444.446,1.54,ok
1785322444.459,1.49,ok
1785322444.473,1.53,ok
1785322444.487,1.83,ok
1785322444.503,3.27,ok
1785322444.518,1.92,ok
1785322444.530,1.70,ok
1785322444.542,1.75,ok
1785322444.554,1.65,ok
1785322444.568,1.77,ok
1785322444.582,1.62,ok
1785322444.596,1.88,ok
1785322444.610,2.22,ok
1785322444.623,1.63,ok
1785322444.637,1.74,ok
1785322444.652,2.88,ok
1785322444.668,3.44,ok
1785322444.680,1.68,ok
1785322444.693,2.73,ok
1785322444.707,2.02,ok
1785322444.722,2.51,ok
1785322444.736,1.96,ok
1785322444.750,1.69,ok
1785322444.763,1.52,ok
1785322444.778,2.52,ok
1785322444.791,1.61,ok
1785322444.806,2.65,ok
1785322444.821,2.03,ok
1785322444.835,1.68,ok
1785322444.848,1.71,ok
1785322444.862,1.66,ok
1785322444.875,1.73,ok
1785322444.889,1.65,ok
1785322444.902,1.80,ok
1785322444.916,2.08,ok
1785322444.930,2.46,ok
1785322444.943,1.75,ok
1785322444.955,1.71,ok
1785322444.969,1.57,ok
1785322444.983,1.72,ok
1785322444.997,1.44,ok
1785322445.011,3.37,ok
1785322445.025,1.93,ok
1785322445.038,1.80,ok
1785322445.052,1.68,ok
1785322445.065,1.66,ok
1785322445.077,1.57,ok
1785322445.091,1.73,ok
1785322445.106,1.57,ok
1785322445.120,1.48,ok
1785322445.132,1.74,ok
1785322445.146,1.44,ok
1785322445.160,1.33,ok
1785322445.174,1.39,ok
1785322445.188,1.75,ok
1785322445.202,2.32,ok
1785322445.214,1.40,ok
1785322445.227,1.80,ok
1785322445.239,1.40,ok
1785322445.253,1.60,ok
1785322445.266,1.29,ok
1785322445.280,1.80,ok
1785322445.293,1.96,ok
1785322445.307,1.75,ok
1785322445.321,1.61,ok
1785322445.335,1.73,ok
1785322445.350,2.64,ok
1785322445.364,1.73,ok
1785322445.378,1.87,ok
1785322445.390,1.72,ok
1785322445.403,2.74,ok
1785322445.418,1.89,ok
1785322445.432,1.79,ok
1785322445.446,1.62,ok
1785322445.460,1.72,ok
1785322445.473,1.52,ok
1785322445.487,2.10,ok
1785322445.501,2.04,ok
1785322445.515,2.04,ok
1785322445.531,3.30,ok
1785322445.545,2.15,ok
1785322445.560,2.02,ok
1785322445.574,1.73,ok
1785322445.592,5.02,ok
1785322445.605,1.74,ok
1785322445.618,2.02,ok
1785322445.633,1.78,ok
1785322445.647,1.75,ok
1785322445.661,1.91,ok
1785322445.677,3.25,ok
1785322445.697,7.51,ok
1785322445.710,1.50,ok
1785322445.724,1.88,ok
1785322445.737,1.82,ok
1785322445.751,1.65,ok
1785322445.763,1.59,ok
1785322445.777,1.73,ok
1785322445.792,1.98,ok
1785322445.807,1.89,ok
1785322445.821,1.56,ok
1785322445.835,1.68,ok
1785322445.849,1.47,ok
1785322445.862,1.39,ok
1785322445.876,1.70,ok
1785322445.889,1.50,ok
1785322445.901,1.56,ok
1785322445.915,1.52,ok
1785322445.927,1.39,ok
1785322445.940,1.73,ok
1785322445.952,1.46,ok
1785322445.964,1.43,ok
1785322445.978,1.53,ok
1785322445.993,1.76,ok
1785322446.007,1.88,ok
1785322446.021,1.51,ok
1785322446.036,1.85,ok
1785322446.050,2.11,ok
1785322446.063,1.56,ok
1785322446.076,1.91,ok
1785322446.090,1.64,ok
1785322446.106,3.18,ok
1785322446.120,1.89,ok
1785322446.133,1.55,ok
1785322446.147,1.68,ok
1785322446.161,1.39,ok
1785322446.174,1.90,ok
1785322446.188,3.07,ok
1785322446.204,3.24,ok
1785322446.218,1.62,ok
1785322446.230,1.54,ok
1785322446.244,1.72,ok
1785322446.259,1.89,ok
1785322446.276,4.73,ok
1785322446.309,15.49,ok
1785322446.324,2.34,ok
1785322446.338,2.05,ok
1785322446.353,3.60,ok
1785322446.367,2.12,ok
1785322446.381,2.10,ok
1785322446.395,1.94,ok
1785322446.410,2.22,ok
1785322446.425,2.26,ok
1785322446.438,2.10,ok
1785322446.452,2.11,ok
1785322446.467,2.84,ok
1785322446.482,1.92,ok
1785322446.496,1.88,ok
1785322446.510,2.43,ok
1785322446.525,1.93,ok
1785322446.540,2.88,ok
1785322446.555,2.00,ok
1785322446.571,3.51,ok
1785322446.585,1.83,ok
1785322446.599,1.86,ok
1785322446.614,2.01,ok
1785322446.628,1.78,ok
1785322446.643,1.94,ok
1785322446.657,1.89,ok
1785322446.671,1.68,ok
1785322446.685,1.90,ok
1785322446.698,2.00,ok
1785322446.711,1.73,ok
1785322446.724,1.85,ok
1785322446.741,4.07,ok
1785322446.756,1.91,ok
1785322446.770,3.25,ok
1785322446.784,1.95,ok
1785322446.801,4.21,ok
1785322446.816,2.20,ok
1785322446.828,1.69,ok
1785322446.841,2.62,ok
1785322446.854,1.94,ok
1785322446.868,2.37,ok
1785322446.882,1.78,ok
1785322446.896,1.77,ok
1785322446.910,1.91,ok
1785322446.924,2.61,ok
1785322446.938,1.62,ok
1785322446.951,1.66,ok
1785322446.963,1.64,ok
1785322446.976,1.88,ok
1785322446.990,1.54,ok
1785322447.003,2.06,ok
1785322447.019,3.21,ok
1785322447.033,1.68,ok
1785322447.048,2.53,ok
1785322447.062,2.66,ok
1785322447.076,1.88,ok
1785322447.091,2.99,ok
1785322447.106,1.91,ok
1785322447.120,1.77,ok
1785322447.134,1.95,ok
1785322447.147,1.77,ok
1785322447.160,1.79,ok
1785322447.173,1.87,ok
1785322447.187,1.82,ok
1785322447.202,3.58,ok
1785322447.214,1.81,ok
1785322447.229,2.53,ok
1785322447.243,2.34,ok
1785322447.258,2.61,ok
1785322447.273,2.02,ok
1785322447.290,4.07,ok
1785322447.304,3.36,ok
1785322447.319,2.24,ok
1785322447.332,2.35,ok
1785322447.344,2.10,ok
1785322447.358,1.97,ok
1785322447.372,2.16,ok
1785322447.386,1.86,ok
1785322447.402,3.53,ok
1785322447.417,2.14,ok
1785322447.442,8.53,ok
1785322447.456,2.36,ok
1785322447.471,2.92,ok
1785322447.485,2.33,ok
1785322447.500,2.81,ok
1785322447.515,1.95,ok
1785322447.529,2.32,ok
1785322447.542,2.42,ok
1785322447.556,1.78,ok
1785322447.570,3.04,ok
1785322447.585,2.22,ok
1785322447.598,1.99,ok
1785322447.612,1.82,ok
1785322447.626,1.80,ok
1785322447.640,2.13,ok
1785322447.678,4.26,ok
1785322447.694,3.58,ok
1785322447.709,2.45,ok
1785322447.724,2.45,ok
1785322447.738,1.99,ok
1785322447.755,4.25,ok
1785322447.768,1.95,ok
1785322447.782,1.81,ok
1785322447.795,2.08,ok
1785322447.810,1.93,ok
1785322447.822,1.79,ok
1785322447.835,1.89,ok
1785322447.849,1.65,ok
1785322447.861,1.57,ok
1785322447.876,2.32,ok
1785322447.891,2.71,ok
1785322447.908,3.78,ok
1785322447.920,1.85,ok
1785322447.935,2.30,ok
1785322447.949,3.25,ok
1785322447.964,3.12,ok
1785322447.978,2.39,ok
1785322447.992,1.71,ok
1785322448.006,1.66,ok
1785322448.020,1.47,ok
1785322448.034,1.50,ok
1785322448.047,1.55,ok
1785322448.059,1.50,ok
1785322448.074,2.03,ok
1785322448.087,1.81,ok
1785322448.099,1.55,ok
1785322448.112,1.39,ok
1785322448.129,5.72,ok
1785322448.143,2.29,ok
1785322448.157,1.54,ok
1785322448.171,1.74,ok
1785322448.186,1.53,ok
1785322448.200,1.45,ok
1785322448.214,1.47,ok
1785322448.228,1.53,ok
1785322448.242,1.23,ok
1785322448.256,1.51,ok
1785322448.269,1.67,ok
1785322448.283,1.77,ok
1785322448.296,1.91,ok
1785322448.309,1.55,ok
1785322448.324,1.48,ok
1785322448.336,1.37,ok
1785322448.350,1.39,ok
1785322448.363,1.87,ok
1785322448.377,1.34,ok
1785322448.390,1.72,ok
1785322448.404,1.89,ok
1785322448.419,2.42,ok
1785322448.433,2.17,ok
1785322448.446,1.70,ok
1785322448.461,2.47,ok
1785322448.476,2.30,ok
1785322448.490,1.69,ok
1785322448.504,1.73,ok
1785322448.518,1.53,ok
1785322448.531,1.97,ok
1785322448.546,2.07,ok
1785322448.560,1.81,ok
1785322448.573,1.69,ok
1785322448.586,2.80,ok
1785322448.602,4.95,ok
1785322448.615,2.86,ok
1785322448.630,2.73,ok
1785322448.644,3.45,ok
1785322448.659,2.68,ok
1785322448.674,2.98,ok
1785322448.688,1.74,ok
1785322448.702,1.43,ok
1785322448.717,1.65,ok
1785322448.729,1.53,ok
1785322448.743,1.66,ok
1785322448.757,1.46,ok
1785322448.770,1.62,ok
1785322448.785,2.08,ok
1785322448.797,1.61,ok
1785322448.811,1.77,ok
1785322448.826,1.60,ok
1785322448.840,2.14,ok
1785322448.853,1.70,ok
1785322448.868,1.75,ok
1785322448.882,3.01,ok
1785322448.896,2.15,ok
1785322448.912,2.90,ok
1785322448.928,3.95,ok
1785322448.942,2.23,ok
1785322448.957,2.45,ok
1785322448.969,1.78,ok
1785322448.983,1.69,ok
1785322448.997,1.51,ok
1785322449.010,1.94,ok
1785322449.027,7.00,ok
1785322449.040,1.84,ok
1785322449.055,3.15,ok
1785322449.069,3.61,ok
1785322449.084,2.50,ok
1785322449.099,1.96,ok
1785322449.114,2.67,ok
1785322449.129,2.58,ok
1785322449.144,4.17,ok
1785322449.159,2.19,ok
1785322449.174,2.25,ok
1785322449.188,1.86,ok
1785322449.201,2.18,ok
1785322449.216,2.31,ok
1785322449.230,1.71,ok
1785322449.245,2.08,ok
1785322449.258,1.94,ok
1785322449.270,1.97,ok
1785322449.282,1.75,ok
1785322449.297,2.32,ok
1785322449.312,4.34,ok
1785322449.327,3.13,ok
1785322449.340,1.77,ok
1785322449.352,1.91,ok
1785322449.366,2.18,ok
1785322449.379,2.10,ok
1785322449.393,2.12,ok
1785322449.409,2.99,ok
1785322449.423,2.09,ok
1785322449.436,2.05,ok
1785322449.451,2.24,ok
1785322449.466,1.86,ok
1785322449.478,2.14,ok
1785322449.493,2.59,ok
1785322449.508,3.11,ok
1785322449.523,2.39,ok
1785322449.539,3.30,ok
1785322449.552,2.06,ok
1785322449.565,2.23,ok
1785322449.579,2.65,ok
1785322449.600,10.13,ok
1785322449.615,1.95,ok
1785322449.630,2.05,ok
1785322449.644,2.09,ok
1785322449.658,2.17,ok
1785322449.672,2.10,ok
1785322449.687,2.16,ok
1785322449.702,2.39,ok
1785322449.717,2.06,ok
1785322449.730,3.01,ok
1785322449.743,2.08,ok
1785322449.756,2.01,ok
1785322449.770,2.51,ok
1785322449.785,1.83,ok
1785322449.797,1.76,ok
1785322449.811,2.27,ok
1785322449.824,1.88,ok
1785322449.839,1.95,ok
1785322449.853,1.77,ok
1785322449.868,2.18,ok
1785322449.884,3.64,ok
1785322449.899,2.30,ok
1785322449.914,2.25,ok
1785322449.926,1.85,ok
1785322449.939,1.96,ok
1785322449.954,2.03,ok
1785322449.974,7.30,ok
1785322449.989,4.76,ok
1785322450.003,2.10,ok
1785322450.020,3.45,ok
1785322450.034,2.09,ok
1785322450.048,1.99,ok
1785322450.062,1.89,ok
1785322450.077,2.03,ok
1785322450.092,3.38,ok
1785322450.107,1.77,ok
1785322450.121,1.92,ok
1785322450.135,2.44,ok
1785322450.148,2.15,ok
1785322450.163,2.67,ok
1785322450.175,2.36,ok
1785322450.190,2.64,ok
1785322450.206,4.29,ok
1785322450.221,2.12,ok
1785322450.234,2.67,ok
1785322450.253,6.15,ok
1785322450.267,2.19,ok
1785322450.280,1.99,ok
1785322450.295,2.18,ok
1785322450.310,3.02,ok
1785322450.324,2.23,ok
1785322450.338,1.94,ok
1785322450.351,2.42,ok
1785322450.365,2.00,ok
1785322450.379,2.36,ok
1785322450.393,2.43,ok
1785322450.408,2.25,ok
1785322450.420,1.96,ok
1785322450.433,1.87,ok
1785322450.446,2.41,ok
1785322450.460,2.22,ok
1785322450.474,3.17,ok
1785322450.490,3.53,ok
1785322450.505,2.50,ok
1785322450.520,2.78,ok
1785322450.535,2.80,ok
1785322450.548,1.94,ok
1785322450.563,3.59,ok
1785322450.578,3.57,ok
1785322450.603,11.96,ok
1785322450.616,2.50,ok
1785322450.630,2.12,ok
1785322450.645,2.14,ok
1785322450.660,2.33,ok
1785322450.674,2.23,ok
1785322450.687,2.18,ok
1785322450.702,2.03,ok
1785322450.715,3.29,ok
1785322450.730,2.19,ok
1785322450.745,2.53,ok
1785322450.759,2.32,ok
1785322450.771,1.58,ok
1785322450.785,3.70,ok
1785322450.799,1.64,ok
1785322450.813,1.76,ok
1785322450.826,2.12,ok
1785322450.840,1.90,ok
1785322450.853,1.96,ok
1785322450.866,2.02,ok
1785322450.881,2.62,ok
1785322450.896,2.46,ok
1785322450.911,2.03,ok
1785322450.926,2.82,ok
1785322450.939,2.09,ok
1785322450.953,2.58,ok
1785322450.969,3.76,ok
1785322450.986,5.56,ok
1785322450.998,2.11,ok
1785322451.012,1.95,ok
1785322451.025,1.95,ok
1785322451.041,3.37,ok
1785322451.056,2.09,ok
1785322451.070,1.98,ok
1785322451.083,2.02,ok
1785322451.097,2.04,ok
1785322451.112,2.97,ok
1785322451.126,1.64,ok
1785322451.140,1.49,ok
1785322451.159,6.88,ok
1785322451.175,4.00,ok
1785322451.190,2.68,ok
1785322451.205,3.19,ok
1785322451.219,2.64,ok
1785322451.236,4.42,ok
1785322451.250,2.25,ok
1785322451.266,3.85,ok
1785322451.280,2.27,ok
1785322451.294,1.81,ok
1785322451.308,2.07,ok
1785322451.322,1.96,ok
1785322451.336,2.86,ok
1785322451.350,1.79,ok
1785322451.362,1.81,ok
1785322451.381,7.76,ok
1785322451.394,2.02,ok
1785322451.407,1.80,ok
1785322451.422,1.67,ok
1785322451.435,2.01,ok
1785322451.449,1.74,ok
1785322451.463,1.53,ok
1785322451.476,1.62,ok
1785322451.491,2.80,ok
1785322451.506,3.36,ok
1785322451.520,1.79,ok
1785322451.534,1.64,ok
1785322451.549,1.68,ok
1785322451.564,3.29,ok
1785322451.576,1.68,ok
1785322451.597,10.15,ok
1785322451.615,3.41,ok
1785322451.631,2.85,ok
1785322451.645,1.61,ok
1785322451.657,1.68,ok
1785322451.671,2.19,ok
1785322451.684,1.37,ok
1785322451.699,1.90,ok
1785322451.713,1.75,ok
1785322451.728,3.36,ok
1785322451.742,1.75,ok
1785322451.756,1.87,ok
1785322451.771,2.89,ok
1785322451.784,1.79,ok
1785322451.797,1.96,ok
1785322451.810,2.33,ok
1785322451.823,2.04,ok
1785322451.838,2.59,ok
1785322451.853,1.77,ok
1785322451.866,1.93,ok
1785322451.879,1.53,ok
1785322451.890,1.40,ok
1785322451.909,7.63,ok
1785322451.922,2.15,ok
1785322451.938,4.85,ok
1785322451.951,1.66,ok
1785322451.965,1.66,ok
1785322451.979,1.50,ok
1785322451.992,1.50,ok
1785322452.006,1.63,ok
1785322452.020,1.60,ok
1785322452.034,1.76,ok
1785322452.049,2.80,ok
1785322452.064,2.44,ok
1785322452.076,1.82,ok
1785322452.091,1.83,ok
1785322452.103,1.71,ok
1785322452.118,2.44,ok
1785322452.132,1.84,ok
1785322452.148,3.55,ok
1785322452.163,1.86,ok
1785322452.177,3.33,ok
1785322452.191,2.44,ok
1785322452.205,1.65,ok
1785322452.219,3.12,ok
1785322452.234,2.08,ok
1785322452.248,1.84,ok
1785322452.264,4.78,ok
1785322452.278,3.69,ok
1785322452.292,2.63,ok
1785322452.306,2.42,ok
1785322452.322,3.36,ok
1785322452.335,2.08,ok
1785322452.346,1.52,ok
1785322452.360,1.94,ok
1785322452.375,1.87,ok
1785322452.389,2.16,ok
1785322452.403,2.13,ok
1785322452.419,2.44,ok
1785322452.435,3.42,ok
1785322452.450,4.48,ok
1785322452.464,2.66,ok
1785322452.480,2.63,ok
1785322452.494,2.88,ok
1785322452.508,2.50,ok
1785322452.525,6.02,ok
1785322452.540,2.37,ok
1785322452.555,2.57,ok
1785322452.570,2.69,ok
1785322452.585,2.66,ok
1785322452.606,8.59,ok
1785322452.619,2.50,ok
1785322452.633,1.86,ok
1785322452.648,1.85,ok
1785322452.660,1.91,ok
1785322452.673,2.04,ok
1785322452.686,1.74,ok
1785322452.702,2.74,ok
1785322452.718,2.72,ok
1785322452.733,2.09,ok
1785322452.746,2.27,ok
1785322452.760,2.00,ok
1785322452.775,2.13,ok
1785322452.789,1.89,ok
1785322452.803,2.25,ok
1785322452.816,2.00,ok
1785322452.830,2.11,ok
1785322452.845,1.90,ok
1785322452.859,2.19,ok
1785322452.873,2.07,ok
1785322452.887,2.15,ok
1785322452.901,1.97,ok
1785322452.915,2.89,ok
1785322452.932,4.01,ok
1785322452.946,2.23,ok
1785322452.961,2.53,ok
1785322452.974,1.77,ok
1785322452.989,1.97,ok
1785322453.001,1.70,ok
1785322453.017,1.94,ok
1785322453.031,2.00,ok
1785322453.046,1.77,ok
1785322453.060,2.19,ok
1785322453.073,2.00,ok
1785322453.087,2.15,ok
1785322453.102,2.11,ok
1785322453.116,2.18,ok
1785322453.131,2.37,ok
1785322453.144,1.92,ok
1785322453.158,2.20,ok
1785322453.173,1.99,ok
1785322453.186,2.98,ok
1785322453.200,2.03,ok
1785322453.215,2.05,ok
1785322453.228,1.89,ok
1785322453.242,1.88,ok
1785322453.258,3.35,ok
1785322453.272,1.78,ok
1785322453.286,1.60,ok
1785322453.299,1.68,ok
1785322453.314,1.96,ok
1785322453.326,1.52,ok
1785322453.341,1.97,ok
1785322453.354,2.29,ok
1785322453.370,3.51,ok
1785322453.394,11.80,ok
1785322453.409,4.64,ok
1785322453.425,3.27,ok
1785322453.443,5.64,ok
1785322453.458,2.23,ok
1785322453.472,1.92,ok
1785322453.487,1.87,ok
1785322453.502,3.43,ok
1785322453.515,2.18,ok
1785322453.530,2.28,ok
1785322453.542,2.00,ok
1785322453.558,3.21,ok
1785322453.570,2.74,ok
1785322453.585,3.30,ok
1785322453.606,9.82,ok
1785322453.620,2.82,ok
1785322453.635,4.98,ok
1785322453.649,3.58,ok
1785322453.663,2.87,ok
1785322453.676,2.00,ok
1785322453.691,2.05,ok
1785322453.703,2.04,ok
1785322453.716,1.61,ok
1785322453.730,1.63,ok
1785322453.744,2.02,ok
1785322453.760,3.22,ok
1785322453.772,1.47,ok
1785322453.785,1.56,ok
1785322453.800,1.72,ok
1785322453.814,1.82,ok
1785322453.828,1.62,ok
1785322453.841,1.34,ok
1785322453.856,2.07,ok
1785322453.867,1.29,ok
1785322453.879,1.51,ok
1785322453.893,1.34,ok
1785322453.907,1.22,ok
1785322453.920,1.70,ok
1785322453.931,1.28,ok
1785322453.943,1.40,ok
1785322453.957,1.53,ok
1785322453.971,1.42,ok
1785322453.984,1.30,ok
1785322453.999,2.72,ok
1785322454.013,1.44,ok
1785322454.025,1.77,ok
1785322454.039,1.58,ok
1785322454.052,2.36,ok
1785322454.064,1.76,ok
1785322454.078,1.90,ok
1785322454.092,1.59,ok
1785322454.106,1.50,ok
1785322454.120,1.61,ok
1785322454.132,1.66,ok
1785322454.144,1.69,ok
1785322454.156,1.90,ok
1785322454.169,1.70,ok
1785322454.181,1.69,ok
1785322454.194,1.77,ok
1785322454.209,2.40,ok
1785322454.224,3.11,ok
1785322454.238,2.56,ok
1785322454.251,2.46,ok
1785322454.266,2.27,ok
1785322454.280,1.73,ok
1785322454.293,1.93,ok
1785322454.306,1.82,ok
1785322454.321,4.12,ok
1785322454.335,2.13,ok
1785322454.348,1.95,ok
1785322454.363,2.40,ok
1785322454.376,2.88,ok
1785322454.391,2.42,ok
1785322454.408,4.68,ok
1785322454.423,2.24,ok
1785322454.439,2.93,ok
1785322454.457,6.77,ok
1785322454.472,3.96,ok
1785322454.487,2.39,ok
1785322454.499,1.69,ok
1785322454.512,2.06,ok
1785322454.530,5.83,ok
1785322454.544,2.47,ok
1785322454.557,1.97,ok
1785322454.572,2.27,ok
1785322454.586,3.45,ok
1785322454.603,4.91,ok
1785322454.619,2.74,ok
1785322454.632,2.27,ok
1785322454.647,2.33,ok
1785322454.664,3.88,ok
1785322454.677,2.06,ok
1785322454.691,1.75,ok
1785322454.704,2.73,ok
1785322454.719,2.48,ok
1785322454.734,2.28,ok
1785322454.748,2.77,ok
1785322454.762,2.17,ok
1785322454.775,2.24,ok
1785322454.788,2.24,ok
1785322454.800,1.98,ok
1785322454.814,1.86,ok
1785322454.827,1.88,ok
1785322454.841,1.66,ok
1785322454.853,1.71,ok
1785322454.868,2.01,ok
1785322454.882,1.68,ok
1785322454.897,2.05,ok
1785322454.909,1.87,ok
1785322454.923,1.88,ok
1785322454.939,4.00,ok
1785322454.954,2.70,ok
1785322454.969,2.51,ok
1785322454.982,2.54,ok
1785322454.995,2.05,ok
1785322455.010,2.81,ok
1785322455.023,2.10,ok
1785322455.037,2.06,ok
1785322455.052,2.67,ok
1785322455.068,3.53,ok
1785322455.083,1.74,ok
1785322455.097,1.81,ok
1785322455.110,1.83,ok
1785322455.123,1.67,ok
1785322455.137,1.93,ok
1785322455.151,1.62,ok
1785322455.165,1.89,ok
1785322455.179,1.92,ok
1785322455.193,2.09,ok
1785322455.207,1.66,ok
1785322455.221,2.35,ok
1785322455.234,1.90,ok
1785322455.248,1.54,ok
1785322455.262,1.65,ok
1785322455.276,1.66,ok
1785322455.290,1.68,ok
1785322455.304,1.69,ok
1785322455.318,1.81,ok
1785322455.331,2.16,ok
1785322455.345,2.19,ok
1785322455.360,2.91,ok
1785322455.373,2.19,ok
1785322455.388,2.54,ok
1785322455.402,1.85,ok
1785322455.416,1.82,ok
1785322455.431,1.90,ok
1785322455.445,1.75,ok
1785322455.460,1.82,ok
1785322455.473,1.34,ok
1785322455.487,1.81,ok
1785322455.502,2.06,ok
1785322455.518,3.52,ok
1785322455.532,1.32,ok
1785322455.546,1.76,ok
1785322455.560,2.83,ok
1785322455.574,2.51,ok
1785322455.586,2.00,ok
1785322455.604,7.88,ok
1785322455.618,1.65,ok
1785322455.630,1.59,ok
1785322455.642,1.71,ok
1785322455.657,1.77,ok
1785322455.669,1.59,ok
1785322455.684,2.25,ok
1785322455.698,1.49,ok
1785322455.710,1.93,ok
1785322455.723,1.71,ok
1785322455.738,2.50,ok
1785322455.752,1.66,ok
1785322455.768,3.31,ok
1785322455.781,2.56,ok
1785322455.794,2.65,ok
1785322455.809,1.86,ok
1785322455.823,1.71,ok
1785322455.837,1.84,ok
1785322455.850,1.87,ok
1785322455.865,2.71,ok
1785322455.878,1.80,ok
1785322455.892,1.60,ok
1785322455.906,2.20,ok
1785322455.919,2.07,ok
1785322455.932,1.63,ok
1785322455.948,3.48,ok
1785322455.960,2.01,ok
1785322455.974,1.81,ok
1785322455.988,1.59,ok
1785322456.003,2.80,ok
1785322456.018,1.69,ok
1785322456.032,1.69,ok
1785322456.045,1.92,ok
1785322456.059,1.66,ok
1785322456.072,1.57,ok
1785322456.086,1.63,ok
1785322456.101,1.65,ok
1785322456.116,2.68,ok
1785322456.132,4.18,ok
1785322456.146,2.09,ok
1785322456.159,1.47,ok
1785322456.173,1.69,ok
1785322456.184,1.67,ok
1785322456.199,1.70,ok
1785322456.213,1.64,ok
1785322456.226,2.06,ok
1785322456.240,1.47,ok
1785322456.254,1.73,ok
1785322456.267,1.88,ok
1785322456.280,1.72,ok
1785322456.293,1.72,ok
1785322456.307,1.76,ok
1785322456.321,1.83,ok
1785322456.335,1.95,ok
1785322456.348,1.43,ok
1785322456.362,1.75,ok
1785322456.377,1.77,ok
1785322456.391,1.56,ok
1785322456.405,1.48,ok
1785322456.418,1.58,ok
1785322456.432,1.80,ok
1785322456.446,1.67,ok
1785322456.460,1.71,ok
1785322456.472,1.66,ok
1785322456.486,1.76,ok
1785322456.500,1.71,ok
1785322456.519,7.12,ok
1785322456.534,2.13,ok
1785322456.546,1.64,ok
1785322456.559,1.42,ok
1785322456.571,1.69,ok
1785322456.586,2.15,ok
1785322456.602,3.40,ok
1785322456.617,1.81,ok
1785322456.630,1.69,ok
1785322456.642,2.07,ok
1785322456.656,1.71,ok
1785322456.668,1.56,ok
1785322456.682,1.59,ok
1785322456.696,1.60,ok
1785322456.710,1.72,ok
1785322456.722,1.64,ok
1785322456.734,1.65,ok
1785322456.748,1.54,ok
1785322456.761,1.76,ok
1785322456.775,1.81,ok
1785322456.787,1.70,ok
1785322456.802,1.65,ok
1785322456.815,1.45,ok
1785322456.827,1.69,ok
1785322456.840,3.15,ok
1785322456.855,1.66,ok
1785322456.869,1.81,ok
1785322456.883,1.69,ok
1785322456.897,1.60,ok
1785322456.911,1.67,ok
1785322456.924,1.73,ok
1785322456.939,1.62,ok
1785322456.953,1.93,ok
1785322456.968,2.40,ok
1785322456.981,2.36,ok
1785322456.994,2.47,ok
1785322457.007,2.11,ok
1785322457.019,2.04,ok
1785322457.033,1.76,ok
1785322457.047,1.88,ok
1785322457.060,1.90,ok
1785322457.073,1.97,ok
1785322457.087,1.74,ok
1785322457.102,2.17,ok
1785322457.116,1.57,ok
1785322457.130,1.60,ok
1785322457.143,1.91,ok
1785322457.156,1.68,ok
1785322457.170,1.54,ok
1785322457.183,1.78,ok
1785322457.197,1.41,ok
1785322457.209,1.69,ok
1785322457.222,1.42,ok
1785322457.236,1.81,ok
1785322457.248,1.53,ok
1785322457.263,1.60,ok
1785322457.277,1.86,ok
1785322457.291,1.62,ok
1785322457.305,2.70,ok
1785322457.319,1.55,ok
1785322457.332,1.59,ok
1785322457.347,1.68,ok
1785322457.358,1.53,ok
1785322457.373,1.76,ok
1785322457.386,1.50,ok
1785322457.400,1.56,ok
1785322457.414,1.78,ok
1785322457.426,1.92,ok
1785322457.439,1.50,ok
1785322457.453,1.55,ok
1785322457.467,1.76,ok
1785322457.482,1.62,ok
1785322457.495,1.58,ok
1785322457.509,1.74,ok
1785322457.523,1.74,ok
1785322457.537,1.42,ok
1785322457.551,1.79,ok
1785322457.563,1.60,ok
1785322457.576,2.12,ok
1785322457.591,1.77,ok
1785322457.606,2.71,ok
1785322457.620,1.51,ok
1785322457.632,1.38,ok
1785322457.647,1.58,ok
1785322457.660,1.62,ok
1785322457.674,1.39,ok
1785322457.688,1.46,ok
1785322457.702,1.54,ok
1785322457.715,1.40,ok
1785322457.729,1.47,ok
1785322457.741,1.26,ok
1785322457.753,1.89,ok
1785322457.767,2.00,ok
1785322457.779,1.46,ok
1785322457.793,1.39,ok
1785322457.807,1.72,ok
1785322457.821,1.75,ok
1785322457.834,1.58,ok
1785322457.849,1.72,ok
1785322457.863,1.75,ok
1785322457.876,1.86,ok
1785322457.889,1.73,ok
1785322457.904,1.52,ok
1785322457.917,1.50,ok
1785322457.931,1.48,ok
1785322457.943,1.87,ok
1785322457.958,2.66,ok
1785322457.973,2.65,ok
1785322457.987,2.00,ok
1785322458.003,3.33,ok
1785322458.016,1.61,ok
1785322458.030,1.67,ok
1785322458.043,1.69,ok
1785322458.057,1.77,ok
1785322458.073,2.85,ok
1785322458.085,1.89,ok
1785322458.113,17.00,ok
1785322458.126,1.52,ok
1785322458.140,2.20,ok
1785322458.153,1.67,ok
1785322458.168,2.52,ok
1785322458.204,2.43,ok
1785322458.219,2.40,ok
1785322458.233,2.33,ok
1785322458.247,1.77,ok
1785322458.261,1.74,ok
1785322458.276,1.97,ok
1785322458.290,1.77,ok
1785322458.305,2.01,ok
1785322458.319,2.04,ok
1785322458.331,1.46,ok
1785322458.343,1.64,ok
1785322458.357,1.79,ok
1785322458.370,1.76,ok
1785322458.384,1.86,ok
1785322458.399,2.04,ok
1785322458.413,2.48,ok
1785322458.426,1.67,ok
1785322458.439,1.45,ok
1785322458.451,1.76,ok
1785322458.466,1.81,ok
1785322458.479,1.95,ok
1785322458.494,3.06,ok
1785322458.507,1.82,ok
1785322458.521,2.16,ok
1785322458.534,1.70,ok
1785322458.548,1.50,ok
1785322458.563,1.72,ok
1785322458.577,2.18,ok
1785322458.590,1.80,ok
1785322458.607,4.84,ok
1785322458.620,2.15,ok
1785322458.635,1.69,ok
1785322458.647,1.98,ok
1785322458.661,2.08,ok
1785322458.674,1.59,ok
1785322458.686,1.92,ok
1785322458.701,1.75,ok
1785322458.714,1.77,ok
1785322458.726,1.78,ok
1785322458.741,3.12,ok
1785322458.756,2.15,ok
1785322458.768,1.88,ok
1785322458.781,1.94,ok
1785322458.795,1.76,ok
1785322458.810,2.29,ok
1785322458.824,1.70,ok
1785322458.840,3.31,ok
1785322458.852,2.03,ok
1785322458.865,1.54,ok
1785322458.878,1.88,ok
1785322458.892,1.68,ok
1785322458.904,1.65,ok
1785322458.916,1.76,ok
1785322458.931,1.97,ok
1785322458.944,2.01,ok
1785322458.958,1.99,ok
1785322458.972,2.07,ok
1785322458.985,1.66,ok
1785322458.998,2.03,ok
1785322459.012,1.69,ok
1785322459.026,1.97,ok
1785322459.041,1.56,ok
1785322459.055,2.19,ok
1785322459.070,2.10,ok
1785322459.084,1.89,ok
1785322459.098,3.29,ok
1785322459.110,1.58,ok
1785322459.126,3.42,ok
1785322459.139,1.61,ok
1785322459.153,1.81,ok
1785322459.169,4.23,ok
1785322459.185,2.83,ok
1785322459.199,1.81,ok
1785322459.213,2.19,ok
1785322459.227,1.75,ok
1785322459.242,2.01,ok
1785322459.254,1.58,ok
1785322459.269,2.17,ok
1785322459.284,2.37,ok
1785322459.301,4.32,ok
1785322459.315,2.23,ok
1785322459.328,1.73,ok
1785322459.342,1.81,ok
1785322459.358,3.19,ok
1785322459.371,1.84,ok
1785322459.386,1.86,ok
1785322459.401,1.98,ok
1785322459.415,1.90,ok
1785322459.429,1.59,ok
1785322459.442,1.69,ok
1785322459.454,1.47,ok
1785322459.469,2.54,ok
1785322459.483,3.24,ok
1785322459.498,2.78,ok
1785322459.513,1.84,ok
1785322459.526,2.19,ok
1785322459.540,1.57,ok
1785322459.554,1.49,ok
1785322459.568,2.08,ok
1785322459.581,1.82,ok
1785322459.594,1.61,ok
1785322459.609,1.71,ok
1785322459.622,1.78,ok
1785322459.635,2.19,ok
1785322459.649,1.69,ok
1785322459.662,1.96,ok
1785322459.678,3.30,ok
1785322459.691,1.81,ok
1785322459.705,1.89,ok
1785322459.718,1.76,ok
1785322459.733,1.76,ok
1785322459.746,1.62,ok
1785322459.760,2.15,ok
1785322459.777,4.62,ok
1785322459.790,2.01,ok
1785322459.805,1.72,ok
1785322459.818,1.82,ok
1785322459.832,1.77,ok
1785322459.845,1.46,ok
1785322459.857,1.44,ok
1785322459.871,1.50,ok
1785322459.883,1.72,ok
1785322459.897,1.84,ok
1785322459.909,1.58,ok
1785322459.924,1.58,ok
1785322459.938,1.58,ok
1785322459.952,1.64,ok
1785322459.964,1.68,ok
1785322459.979,1.74,ok
1785322459.993,2.34,ok
1785322460.008,2.13,ok
1785322460.021,2.16,ok
1785322460.035,2.00,ok
1785322460.048,1.66,ok
1785322460.060,1.89,ok
1785322460.075,1.76,ok
1785322460.087,1.62,ok
1785322460.101,1.52,ok
1785322460.116,2.00,ok
1785322460.130,1.75,ok
1785322460.143,1.69,ok
1785322460.156,1.55,ok
1785322460.170,2.56,ok
1785322460.184,1.55,ok
1785322460.198,1.96,ok
1785322460.213,2.01,ok
1785322460.227,1.57,ok
1785322460.242,2.33,ok
1785322460.258,3.38,ok
1785322460.271,1.67,ok
1785322460.286,1.86,ok
1785322460.298,1.93,ok
1785322460.311,1.73,ok
1785322460.326,2.24,ok
1785322460.339,2.00,ok
1785322460.353,1.89,ok
1785322460.368,2.54,ok
1785322460.382,2.12,ok
1785322460.397,2.13,ok
1785322460.412,3.79,ok
1785322460.427,2.34,ok
1785322460.439,1.73,ok
1785322460.451,2.00,ok
1785322460.466,2.28,ok
1785322460.481,1.94,ok
1785322460.496,1.86,ok
1785322460.512,3.33,ok
1785322460.527,2.37,ok
1785322460.540,1.98,ok
1785322460.552,1.83,ok
1785322460.567,1.93,ok
1785322460.582,2.11,ok
1785322460.594,1.93,ok
1785322460.609,2.54,ok
1785322460.623,1.93,ok
1785322460.637,1.86,ok
1785322460.650,2.11,ok
1785322460.664,2.28,ok
1785322460.679,2.28,ok
1785322460.694,2.23,ok
1785322460.707,1.82,ok
1785322460.722,2.10,ok
1785322460.736,1.68,ok
1785322460.750,1.49,ok
1785322460.765,2.82,ok
1785322460.780,2.04,ok
1785322460.792,1.73,ok
1785322460.806,1.68,ok
1785322460.821,1.58,ok
1785322460.835,1.63,ok
1785322460.849,1.65,ok
1785322460.861,1.65,ok
1785322460.875,3.07,ok
1785322460.889,1.57,ok
1785322460.901,1.67,ok
1785322460.915,1.47,ok
1785322460.928,1.59,ok
1785322460.942,1.53,ok
1785322460.955,1.64,ok
1785322460.969,1.78,ok
1785322460.981,1.47,ok
1785322460.993,1.54,ok
1785322461.007,1.84,ok
1785322461.020,1.60,ok
1785322461.035,1.64,ok
1785322461.070,21.03,ok
1785322461.085,2.54,ok
1785322461.099,3.07,ok
1785322461.114,2.19,ok
1785322461.128,2.11,ok
1785322461.143,2.21,ok
1785322461.159,3.61,ok
1785322461.173,1.81,ok
1785322461.187,2.26,ok
1785322461.201,2.04,ok
1785322461.216,3.00,ok
1785322461.231,2.60,ok
1785322461.245,1.85,ok
1785322461.259,2.19,ok
1785322461.274,2.08,ok
1785322461.288,2.05,ok
1785322461.301,1.89,ok
1785322461.315,1.85,ok
1785322461.329,1.71,ok
1785322461.342,1.87,ok
1785322461.357,1.86,ok
1785322461.371,2.22,ok
1785322461.385,2.08,ok
1785322461.401,3.77,ok
1785322461.416,1.75,ok
1785322461.430,1.78,ok
1785322461.444,1.89,ok
1785322461.459,3.60,ok
1785322461.472,1.63,ok
1785322461.484,1.88,ok
1785322461.498,1.87,ok
1785322461.512,1.65,ok
1785322461.525,1.81,ok
1785322461.541,3.21,ok
1785322461.556,2.07,ok
1785322461.571,2.14,ok
1785322461.585,1.97,ok
1785322461.597,2.07,ok
1785322461.609,1.82,ok
1785322461.622,1.79,ok
1785322461.636,1.91,ok
1785322461.649,1.53,ok
1785322461.663,1.63,ok
1785322461.678,2.19,ok
1785322461.692,2.03,ok
1785322461.706,2.21,ok
1785322461.721,1.80,ok
1785322461.735,2.54,ok
1785322461.750,1.95,ok
1785322461.763,1.93,ok
1785322461.776,1.60,ok
1785322461.791,2.21,ok
1785322461.805,1.80,ok
1785322461.818,2.05,ok
1785322461.831,1.52,ok
1785322461.844,1.62,ok
1785322461.858,1.59,ok
1785322461.870,1.62,ok
1785322461.884,1.90,ok
1785322461.898,1.72,ok
1785322461.913,3.57,ok
1785322461.927,2.25,ok
1785322461.942,1.70,ok
1785322461.956,2.03,ok
1785322461.971,1.98,ok
1785322461.985,1.71,ok
1785322461.997,1.38,ok
1785322462.011,1.68,ok
1785322462.024,1.59,ok
1785322462.038,1.68,ok
1785322462.051,1.91,ok
1785322462.066,1.56,ok
1785322462.079,1.61,ok
1785322462.093,1.64,ok
1785322462.107,2.10,ok
1785322462.122,2.85,ok
1785322462.135,2.04,ok
1785322462.150,2.02,ok
1785322462.164,2.06,ok
1785322462.179,1.63,ok
1785322462.193,1.80,ok
1785322462.207,1.61,ok
1785322462.221,1.62,ok
1785322462.234,1.88,ok
1785322462.246,1.88,ok
1785322462.260,1.89,ok
1785322462.272,1.53,ok
1785322462.286,1.84,ok
1785322462.300,1.50,ok
1785322462.314,2.06,ok
1785322462.327,2.30,ok
1785322462.339,1.92,ok
1785322462.353,1.65,ok
1785322462.369,3.50,ok
1785322462.383,1.69,ok
1785322462.397,1.52,ok
1785322462.410,1.54,ok
1785322462.424,1.52,ok
1785322462.438,1.60,ok
1785322462.453,3.34,ok
1785322462.467,1.87,ok
1785322462.482,1.46,ok
1785322462.496,2.82,ok
1785322462.510,2.35,ok
1785322462.525,2.37,ok
1785322462.539,1.83,ok
1785322462.553,1.76,ok
1785322462.566,2.05,ok
1785322462.581,1.75,ok
1785322462.593,1.86,ok
1785322462.611,4.90,ok
1785322462.625,1.76,ok
1785322462.639,1.87,ok
1785322462.652,2.14,ok
1785322462.667,3.24,ok
1785322462.687,9.25,ok
1785322462.702,1.90,ok
1785322462.714,1.70,ok
1785322462.727,1.71,ok
1785322462.742,2.00,ok
1785322462.756,2.34,ok
1785322462.770,2.03,ok
1785322462.786,3.47,ok
1785322462.798,1.74,ok
1785322462.811,1.78,ok
1785322462.825,1.71,ok
1785322462.838,1.83,ok
1785322462.851,1.59,ok
1785322462.863,1.45,ok
1785322462.877,1.72,ok
1785322462.889,1.45,ok
1785322462.903,1.58,ok
1785322462.915,1.47,ok
1785322462.929,1.62,ok
1785322462.944,1.75,ok
1785322462.958,1.78,ok
1785322462.972,1.43,ok
1785322462.986,1.96,ok
1785322463.000,1.67,ok
1785322463.015,1.86,ok
1785322463.029,1.71,ok
1785322463.047,5.64,ok
1785322463.062,1.78,ok
1785322463.075,1.98,ok
1785322463.090,2.07,ok
1785322463.103,1.60,ok
1785322463.119,2.71,ok
1785322463.131,1.49,ok
1785322463.146,1.58,ok
1785322463.160,1.63,ok
1785322463.173,1.40,ok
1785322463.185,2.09,ok
1785322463.198,1.58,ok
1785322463.210,2.06,ok
1785322463.224,1.61,ok
1785322463.238,1.71,ok
1785322463.251,1.55,ok
1785322463.265,1.84,ok
1785322463.279,2.02,ok
1785322463.293,1.90,ok
1785322463.306,1.47,ok
1785322463.319,1.81,ok
1785322463.334,1.77,ok
1785322463.352,5.50,ok
1785322463.365,1.74,ok
1785322463.379,1.84,ok
1785322463.393,1.89,ok
1785322463.405,1.76,ok
1785322463.418,1.62,ok
1785322463.430,1.61,ok
1785322463.443,1.58,ok
1785322463.458,1.86,ok
1785322463.470,1.89,ok
1785322463.482,1.65,ok
1785322463.497,1.79,ok
1785322463.511,3.55,ok
1785322463.525,1.88,ok
1785322463.537,1.61,ok
1785322463.551,1.78,ok
1785322463.565,1.49,ok
1785322463.579,1.59,ok
1785322463.590,1.61,ok
1785322463.612,8.66,ok
1785322463.626,1.61,ok
1785322463.640,1.58,ok
1785322463.654,1.63,ok
1785322463.668,1.79,ok
1785322463.681,1.67,ok
1785322463.697,2.69,ok
1785322463.709,1.57,ok
1785322463.725,3.30,ok
1785322463.740,2.21,ok
1785322463.755,3.28,ok
1785322463.768,1.74,ok
1785322463.782,1.56,ok
1785322463.794,1.80,ok
1785322463.808,1.75,ok
1785322463.822,1.64,ok
1785322463.835,2.00,ok
1785322463.849,3.09,ok
1785322463.862,2.27,ok
1785322463.877,3.13,ok
1785322463.889,1.93,ok
1785322463.901,1.76,ok
1785322463.915,2.34,ok
1785322463.929,1.69,ok
1785322463.945,5.30,ok
1785322463.958,1.41,ok
1785322463.973,2.05,ok
1785322463.986,1.68,ok
1785322464.006,6.94,ok
1785322464.020,4.08,ok
1785322464.035,1.78,ok
1785322464.046,1.41,ok
1785322464.060,1.73,ok
1785322464.072,1.56,ok
1785322464.085,1.58,ok
1785322464.096,1.38,ok
1785322464.110,1.72,ok
1785322464.122,1.27,ok
1785322464.135,1.76,ok
1785322464.148,1.50,ok
1785322464.161,1.71,ok
1785322464.174,1.85,ok
1785322464.189,1.72,ok
1785322464.202,1.86,ok
1785322464.217,2.41,ok
1785322464.230,1.73,ok
1785322464.243,1.83,ok
1785322464.256,1.64,ok
1785322464.271,2.04,ok
1785322464.284,2.19,ok
1785322464.298,1.69,ok
1785322464.311,2.67,ok
1785322464.324,1.84,ok
1785322464.338,1.76,ok
1785322464.352,1.78,ok
1785322464.367,2.11,ok
1785322464.381,1.73,ok
1785322464.394,3.09,ok
1785322464.409,1.97,ok
1785322464.423,2.01,ok
1785322464.436,2.08,ok
1785322464.451,2.15,ok
1785322464.464,2.25,ok
1785322464.479,2.80,ok
1785322464.494,2.36,ok
1785322464.509,2.00,ok
1785322464.523,2.02,ok
1785322464.539,3.22,ok
1785322464.554,2.10,ok
1785322464.568,2.01,ok
1785322464.583,2.04,ok
1785322464.597,2.85,ok
1785322464.618,8.52,ok
1785322464.632,2.32,ok
1785322464.645,1.54,ok
1785322464.659,1.59,ok
1785322464.673,1.63,ok
1785322464.687,1.53,ok
1785322464.701,1.65,ok
1785322464.714,1.56,ok
1785322464.729,2.41,ok
1785322464.743,1.66,ok
1785322464.757,1.65,ok
1785322464.773,2.45,ok
1785322464.786,2.73,ok
1785322464.802,3.36,ok
1785322464.816,1.77,ok
1785322464.830,1.72,ok
1785322464.845,2.16,ok
1785322464.859,1.91,ok
1785322464.874,1.61,ok
1785322464.888,1.75,ok
1785322464.902,1.92,ok
1785322464.915,1.70,ok
1785322464.929,1.61,ok
1785322464.943,1.78,ok
1785322464.958,3.45,ok
1785322464.973,1.98,ok
1785322464.986,1.72,ok
1785322465.000,2.18,ok
1785322465.015,1.64,ok
1785322465.029,1.58,ok
1785322465.043,1.95,ok
1785322465.055,1.69,ok
1785322465.069,3.12,ok
1785322465.083,1.63,ok
1785322465.098,3.35,ok
1785322465.113,1.64,ok
1785322465.126,1.67,ok
1785322465.139,1.37,ok
1785322465.154,1.80,ok
1785322465.168,2.18,ok
1785322465.182,1.62,ok
1785322465.195,1.73,ok
1785322465.209,1.87,ok
1785322465.222,1.59,ok
1785322465.235,1.84,ok
1785322465.250,3.02,ok
1785322465.264,1.54,ok
1785322465.278,1.62,ok
1785322465.293,1.58,ok
1785322465.307,1.84,ok
1785322465.321,1.69,ok
1785322465.335,1.59,ok
1785322465.351,3.38,ok
1785322465.365,1.97,ok
1785322465.379,2.07,ok
1785322465.393,1.99,ok
1785322465.407,1.49,ok
1785322465.421,1.50,ok
1785322465.435,1.67,ok
1785322465.447,1.40,ok
1785322465.459,1.55,ok
1785322465.472,1.49,ok
1785322465.485,1.60,ok
1785322465.499,1.28,ok
1785322465.511,1.54,ok
1785322465.527,3.38,ok
1785322465.538,1.34,ok
1785322465.552,2.12,ok
1785322465.564,1.70,ok
1785322465.577,2.08,ok
1785322465.590,1.79,ok
1785322465.604,1.98,ok
1785322465.619,2.81,ok
1785322465.632,1.58,ok
1785322465.646,1.75,ok
1785322465.660,1.79,ok
1785322465.673,1.56,ok
1785322465.685,1.67,ok
1785322465.699,1.60,ok
1785322465.711,2.06,ok
1785322465.724,1.82,ok
1785322465.739,1.64,ok
1785322465.751,1.56,ok
1785322465.765,1.34,ok
1785322465.779,1.59,ok
1785322465.792,1.81,ok
1785322465.805,1.50,ok
1785322465.818,1.70,ok
1785322465.830,1.37,ok
1785322465.842,1.65,ok
1785322465.856,1.36,ok
1785322465.870,1.45,ok
1785322465.885,2.34,ok
1785322465.900,2.32,ok
1785322465.915,3.16,ok
1785322465.930,1.87,ok
1785322465.943,1.40,ok
1785322465.955,1.60,ok
1785322465.970,3.08,ok
1785322466.001,3.06,ok
1785322466.015,3.08,ok
1785322466.031,3.53,ok
1785322466.045,2.07,ok
1785322466.060,2.23,ok
1785322466.073,2.00,ok
1785322466.088,2.23,ok
1785322466.102,3.49,ok
1785322466.115,1.76,ok
1785322466.134,6.99,ok
1785322466.148,2.06,ok
1785322466.162,1.79,ok
1785322466.177,2.54,ok
1785322466.191,1.91,ok
1785322466.207,2.83,ok
1785322466.223,3.82,ok
1785322466.237,1.96,ok
1785322466.250,1.64,ok
1785322466.263,2.15,ok
1785322466.277,2.10,ok
1785322466.291,1.51,ok
1785322466.305,1.94,ok
1785322466.320,3.48,ok
1785322466.335,1.98,ok
1785322466.347,1.70,ok
1785322466.361,1.36,ok
1785322466.375,1.41,ok
1785322466.389,2.11,ok
1785322466.402,1.51,ok
1785322466.416,1.84,ok
1785322466.430,1.79,ok
1785322466.443,1.60,ok
1785322466.455,1.42,ok
1785322466.468,2.22,ok
1785322466.482,1.90,ok
1785322466.495,1.62,ok
1785322466.509,1.97,ok
1785322466.522,1.68,ok
1785322466.534,1.87,ok
1785322466.549,1.75,ok
1785322466.562,1.39,ok
1785322466.576,3.22,ok
1785322466.591,1.75,ok
1785322466.603,1.57,ok
1785322466.621,5.25,ok
1785322466.633,1.98,ok
1785322466.649,3.07,ok
1785322466.663,1.77,ok
1785322466.679,2.88,ok
1785322466.702,11.96,ok
1785322466.718,3.18,ok
1785322466.732,1.43,ok
1785322466.745,1.73,ok
1785322466.757,1.53,ok
1785322466.769,1.59,ok
1785322466.782,1.36,ok
1785322466.796,1.55,ok
1785322466.810,1.58,ok
1785322466.824,1.41,ok
1785322466.836,1.49,ok
1785322466.848,1.43,ok
1785322466.862,1.53,ok
1785322466.876,1.49,ok
1785322466.891,3.15,ok
1785322466.906,1.54,ok
1785322466.920,1.86,ok
1785322466.934,1.62,ok
1785322466.947,1.53,ok
1785322466.960,2.08,ok
1785322466.974,2.37,ok
1785322466.988,3.77,ok
1785322467.003,2.42,ok
1785322467.018,2.24,ok
1785322467.032,1.79,ok
1785322467.048,3.03,ok
1785322467.061,1.52,ok
1785322467.073,1.92,ok
1785322467.087,1.79,ok
1785322467.101,1.77,ok
1785322467.114,1.64,ok
1785322467.126,1.62,ok
1785322467.141,1.71,ok
1785322467.155,1.80,ok
1785322467.169,1.97,ok
1785322467.184,2.23,ok
1785322467.198,1.94,ok
1785322467.213,2.07,ok
1785322467.228,2.00,ok
1785322467.242,1.95,ok
1785322467.255,2.08,ok
1785322467.268,3.06,ok
1785322467.282,1.60,ok
1785322467.294,1.75,ok
1785322467.308,1.69,ok
1785322467.322,1.88,ok
1785322467.335,1.91,ok
1785322467.348,2.15,ok
1785322467.362,1.86,ok
1785322467.377,2.08,ok
1785322467.391,1.69,ok
1785322467.404,2.43,ok
1785322467.418,2.97,ok
1785322467.431,1.96,ok
1785322467.445,2.11,ok
1785322467.457,1.62,ok
1785322467.471,2.10,ok
1785322467.485,2.38,ok
1785322467.498,2.10,ok
1785322467.512,2.14,ok
1785322467.526,3.46,ok
1785322467.540,1.81,ok
1785322467.555,1.89,ok
1785322467.567,2.22,ok
1785322467.582,1.92,ok
1785322467.594,2.04,ok
1785322467.618,11.49,ok
1785322467.633,2.22,ok
1785322467.646,2.37,ok
1785322467.660,2.25,ok
1785322467.676,3.49,ok
1785322467.691,2.20,ok
1785322467.706,2.13,ok
1785322467.718,2.28,ok
1785322467.733,2.34,ok
1785322467.748,2.29,ok
1785322467.763,2.40,ok
1785322467.778,2.35,ok
1785322467.796,5.60,ok
1785322467.811,2.59,ok
1785322467.826,2.23,ok
1785322467.840,1.96,ok
1785322467.854,2.27,ok
1785322467.869,2.41,ok
1785322467.882,2.23,ok
1785322467.897,2.33,ok
1785322467.910,2.68,ok
1785322467.924,2.07,ok
1785322467.941,3.70,ok
1785322467.954,2.30,ok
1785322467.969,2.17,ok
1785322467.982,2.02,ok
1785322467.996,1.95,ok
1785322468.009,2.23,ok
1785322468.024,2.15,ok
1785322468.037,2.12,ok
1785322468.049,2.06,ok
1785322468.063,2.38,ok
1785322468.077,2.08,ok
1785322468.091,1.95,ok
1785322468.106,2.18,ok
1785322468.121,2.20,ok
1785322468.135,2.36,ok
1785322468.150,1.91,ok
1785322468.163,1.97,ok
1785322468.177,1.81,ok
1785322468.191,1.73,ok
1785322468.205,2.46,ok
1785322468.219,2.86,ok
1785322468.234,2.14,ok
1785322468.249,2.31,ok
1785322468.262,1.85,ok
1785322468.275,2.00,ok
1785322468.289,2.13,ok
1785322468.303,1.93,ok
1785322468.318,2.16,ok
1785322468.333,2.02,ok
1785322468.347,1.85,ok
1785322468.360,1.61,ok
1785322468.375,1.86,ok
1785322468.390,2.49,ok
1785322468.406,5.02,ok
1785322468.421,2.15,ok
1785322468.435,2.00,ok
1785322468.449,1.97,ok
1785322468.463,2.57,ok
1785322468.476,1.75,ok
1785322468.490,1.59,ok
1785322468.504,1.94,ok
1785322468.519,2.81,ok
1785322468.532,1.83,ok
1785322468.547,2.40,ok
1785322468.560,1.77,ok
1785322468.573,2.33,ok
1785322468.588,3.84,ok
1785322468.603,3.58,ok
1785322468.619,5.57,ok
1785322468.633,3.32,ok
1785322468.649,3.85,ok
1785322468.664,2.02,ok
1785322468.679,2.73,ok
1785322468.693,2.08,ok
1785322468.706,1.93,ok
1785322468.720,2.10,ok
1785322468.735,2.31,ok
1785322468.750,2.27,ok
1785322468.765,1.92,ok
1785322468.778,2.39,ok
1785322468.791,1.85,ok
1785322468.806,2.24,ok
1785322468.819,2.09,ok
1785322468.833,2.20,ok
1785322468.847,1.67,ok
1785322468.860,1.83,ok
1785322468.873,1.83,ok
1785322468.886,1.72,ok
1785322468.898,1.96,ok
1785322468.912,1.84,ok
1785322468.926,1.73,ok
1785322468.942,3.38,ok
1785322468.961,5.86,ok
1785322468.973,2.17,ok
1785322468.988,2.01,ok
1785322469.003,3.56,ok
1785322469.018,1.84,ok
1785322469.032,2.10,ok
1785322469.046,1.79,ok
1785322469.062,2.61,ok
1785322469.076,2.49,ok
1785322469.091,2.16,ok
1785322469.105,2.01,ok
1785322469.119,2.03,ok
1785322469.132,1.65,ok
1785322469.147,1.59,ok
1785322469.160,1.71,ok
1785322469.172,1.59,ok
1785322469.186,2.18,ok
1785322469.199,1.64,ok
1785322469.214,1.59,ok
1785322469.227,1.79,ok
1785322469.241,1.61,ok
1785322469.255,1.97,ok
1785322469.271,3.02,ok
1785322469.287,2.84,ok
1785322469.300,1.55,ok
1785322469.313,1.77,ok
1785322469.326,1.51,ok
1785322469.340,1.42,ok
1785322469.353,1.61,ok
1785322469.368,2.38,ok
1785322469.381,1.66,ok
1785322469.393,1.97,ok
1785322469.407,1.54,ok
1785322469.422,2.01,ok
1785322469.436,1.69,ok
1785322469.451,1.91,ok
1785322469.465,2.16,ok
1785322469.480,1.70,ok
1785322469.494,3.10,ok
1785322469.508,1.79,ok
1785322469.522,1.76,ok
1785322469.536,1.61,ok
1785322469.551,1.84,ok
1785322469.567,3.19,ok
1785322469.581,1.79,ok
1785322469.593,1.51,ok
1785322469.607,1.72,ok
1785322469.623,2.99,ok
1785322469.640,4.23,ok
1785322469.654,1.68,ok
1785322469.668,2.25,ok
1785322469.682,1.58,ok
1785322469.695,3.11,ok
1785322469.710,1.66,ok
1785322469.723,1.56,ok
1785322469.737,2.01,ok
1785322469.752,2.78,ok
1785322469.768,3.70,ok
1785322469.782,1.75,ok
1785322469.796,1.66,ok
1785322469.810,2.23,ok
1785322469.822,1.74,ok
1785322469.835,1.95,ok
1785322469.849,1.65,ok
1785322469.865,2.93,ok
1785322469.883,7.34,ok
1785322469.898,2.29,ok
1785322469.910,1.76,ok
1785322469.924,1.77,ok
1785322469.939,1.57,ok
1785322469.953,1.68,ok
1785322469.968,2.00,ok
1785322469.981,1.82,ok
1785322469.996,1.86,ok
1785322470.010,1.79,ok
1785322470.024,1.99,ok
1785322470.036,1.89,ok
1785322470.049,1.76,ok
1785322470.062,1.60,ok
1785322470.073,1.39,ok
1785322470.088,1.75,ok
1785322470.101,1.57,ok
1785322470.115,1.51,ok
1785322470.127,1.91,ok
1785322470.142,1.95,ok
1785322470.156,1.48,ok
1785322470.168,1.57,ok
1785322470.181,1.77,ok
1785322470.193,1.64,ok
1785322470.206,1.48,ok
1785322470.221,1.81,ok
1785322470.235,2.02,ok
1785322470.249,1.90,ok
1785322470.264,1.88,ok
1785322470.279,1.97,ok
1785322470.293,2.07,ok
1785322470.307,1.69,ok
1785322470.322,1.93,ok
1785322470.335,1.69,ok
1785322470.349,1.65,ok
1785322470.362,1.71,ok
1785322470.376,1.79,ok
1785322470.389,1.72,ok
1785322470.403,1.57,ok
1785322470.416,1.53,ok
1785322470.432,3.64,ok
1785322470.446,1.70,ok
1785322470.461,1.89,ok
1785322470.475,1.70,ok
1785322470.489,1.75,ok
1785322470.502,2.52,ok
1785322470.518,3.29,ok
1785322470.532,1.81,ok
1785322470.545,2.23,ok
1785322470.560,2.17,ok
1785322470.575,1.92,ok
1785322470.590,2.41,ok
1785322470.605,2.44,ok
1785322470.619,2.10,ok
1785322470.634,1.86,ok
1785322470.647,1.54,ok
1785322470.661,1.80,ok
1785322470.673,1.44,ok
1785322470.688,3.35,ok
1785322470.702,2.00,ok
1785322470.715,1.63,ok
1785322470.730,2.20,ok
1785322470.743,2.24,ok
1785322470.758,2.21,ok
1785322470.773,2.17,ok
1785322470.787,1.85,ok
1785322470.802,1.72,ok
1785322470.814,1.61,ok
1785322470.828,3.12,ok
1785322470.842,1.75,ok
1785322470.856,1.90,ok
1785322470.871,2.43,ok
1785322470.886,2.94,ok
1785322470.902,2.88,ok
1785322470.915,1.82,ok
1785322470.930,3.25,ok
1785322470.948,7.21,ok
1785322470.960,1.70,ok
1785322470.974,1.70,ok
1785322470.987,2.94,ok
1785322470.999,1.41,ok
1785322471.012,2.06,ok
1785322471.026,1.68,ok
1785322471.041,3.62,ok
1785322471.055,1.98,ok
1785322471.069,1.72,ok
1785322471.083,1.51,ok
1785322471.097,1.77,ok
1785322471.110,1.67,ok
1785322471.124,1.47,ok
1785322471.138,1.41,ok
1785322471.151,1.72,ok
1785322471.164,1.59,ok
1785322471.179,1.75,ok
1785322471.192,1.61,ok
1785322471.206,1.40,ok
1785322471.219,1.59,ok
1785322471.231,1.57,ok
1785322471.243,1.92,ok
1785322471.257,1.70,ok
1785322471.270,1.95,ok
1785322471.284,1.83,ok
1785322471.299,1.80,ok
1785322471.313,1.67,ok
1785322471.327,1.84,ok
1785322471.340,1.54,ok
1785322471.355,2.34,ok
1785322471.368,1.87,ok
1785322471.381,1.54,ok
1785322471.397,3.41,ok
1785322471.410,2.16,ok
1785322471.423,2.06,ok
1785322471.436,2.04,ok
1785322471.452,2.99,ok
1785322471.465,1.87,ok
1785322471.478,1.58,ok
1785322471.490,1.74,ok
1785322471.504,1.83,ok
1785322471.518,1.79,ok
1785322471.531,1.89,ok
1785322471.544,1.86,ok
1785322471.558,1.65,ok
1785322471.573,1.88,ok
1785322471.585,1.87,ok
1785322471.598,1.72,ok
1785322471.613,1.51,ok
1785322471.626,1.68,ok
1785322471.641,1.72,ok
1785322471.655,1.63,ok
1785322471.669,2.41,ok
1785322471.683,1.89,ok
1785322471.699,3.44,ok
1785322471.711,1.93,ok
1785322471.726,3.42,ok
1785322471.740,1.83,ok
1785322471.752,1.66,ok
1785322471.764,1.66,ok
1785322471.778,1.57,ok
1785322471.789,1.51,ok
1785322471.802,1.85,ok
1785322471.814,1.61,ok
1785322471.827,1.57,ok
1785322471.841,1.86,ok
1785322471.856,1.86,ok
1785322471.868,1.72,ok
1785322471.880,1.48,ok
1785322471.892,1.39,ok
1785322471.906,1.46,ok
1785322471.920,1.60,ok
1785322471.934,1.77,ok
1785322471.948,1.50,ok
1785322471.961,1.56,ok
1785322471.976,2.14,ok
1785322471.991,1.61,ok
1785322472.003,1.84,ok
1785322472.018,2.25,ok
1785322472.032,2.75,ok
1785322472.044,1.78,ok
1785322472.060,2.78,ok
1785322472.075,2.21,ok
1785322472.088,1.65,ok
1785322472.102,2.23,ok
1785322472.116,1.52,ok
1785322472.130,2.04,ok
1785322472.143,1.69,ok
1785322472.158,2.07,ok
1785322472.170,1.95,ok
1785322472.185,2.49,ok
1785322472.200,3.74,ok
1785322472.212,1.58,ok
1785322472.225,1.68,ok
1785322472.238,2.26,ok
1785322472.251,1.73,ok
1785322472.264,1.44,ok
1785322472.278,1.78,ok
1785322472.290,1.79,ok
1785322472.305,1.84,ok
1785322472.319,2.75,ok
1785322472.331,1.89,ok
1785322472.344,2.06,ok
1785322472.358,1.84,ok
1785322472.373,2.24,ok
1785322472.388,2.16,ok
1785322472.402,1.74,ok
1785322472.417,2.09,ok
1785322472.430,1.70,ok
1785322472.443,1.69,ok
1785322472.455,1.46,ok
1785322472.469,1.53,ok
1785322472.481,1.68,ok
1785322472.496,1.57,ok
1785322472.509,1.78,ok
1785322472.523,1.50,ok
1785322472.537,1.59,ok
1785322472.551,1.85,ok
1785322472.565,1.51,ok
1785322472.578,1.52,ok
1785322472.592,1.80,ok
1785322472.605,1.54,ok
1785322472.621,5.15,ok
1785322472.634,1.45,ok
1785322472.646,1.32,ok
1785322472.658,1.67,ok
1785322472.672,1.62,ok
1785322472.686,1.71,ok
1785322472.700,1.54,ok
1785322472.714,1.54,ok
1785322472.728,1.59,ok
1785322472.742,1.70,ok
1785322472.755,1.46,ok
1785322472.767,1.51,ok
1785322472.781,1.66,ok
1785322472.795,1.57,ok
1785322472.807,1.63,ok
1785322472.820,1.66,ok
1785322472.835,1.84,ok
1785322472.848,1.83,ok
1785322472.862,1.47,ok
1785322472.877,1.85,ok
1785322472.891,1.77,ok
1785322472.905,1.56,ok
1785322472.918,1.43,ok
1785322472.931,1.60,ok
1785322472.945,2.01,ok
1785322472.959,1.65,ok
1785322472.972,1.73,ok
1785322472.985,2.50,ok
1785322473.000,1.71,ok
1785322473.014,1.83,ok
1785322473.028,1.77,ok
1785322473.043,2.45,ok
1785322473.057,1.94,ok
1785322473.071,1.78,ok
1785322473.086,2.90,ok
1785322473.099,2.25,ok
1785322473.112,1.69,ok
1785322473.124,1.94,ok
1785322473.140,2.63,ok
1785322473.152,1.76,ok
1785322473.166,1.48,ok
1785322473.181,2.34,ok
1785322473.199,6.26,ok
1785322473.211,1.95,ok
1785322473.225,1.81,ok
1785322473.239,1.65,ok
1785322473.252,1.79,ok
1785322473.267,2.20,ok
1785322473.281,2.96,ok
1785322473.294,1.98,ok
1785322473.308,1.72,ok
1785322473.323,2.22,ok
1785322473.337,1.70,ok
1785322473.352,1.92,ok
1785322473.365,2.01,ok
1785322473.379,1.98,ok
1785322473.392,1.95,ok
1785322473.408,4.08,ok
1785322473.423,2.39,ok
1785322473.438,2.17,ok
1785322473.452,2.31,ok
1785322473.467,2.36,ok
1785322473.481,2.03,ok
1785322473.494,2.24,ok
1785322473.509,1.94,ok
1785322473.523,1.61,ok
1785322473.535,1.71,ok
1785322473.549,2.59,ok
1785322473.563,1.72,ok
1785322473.576,1.81,ok
1785322473.591,3.00,ok
1785322473.606,1.99,ok
1785322473.624,6.83,ok
1785322473.639,1.79,ok
1785322473.651,1.77,ok
1785322473.665,1.89,ok
1785322473.678,1.91,ok
1785322473.692,1.72,ok
1785322473.707,1.95,ok
1785322473.720,1.99,ok
1785322473.734,1.49,ok
1785322473.746,1.69,ok
1785322473.760,1.78,ok
1785322473.772,1.75,ok
1785322473.786,1.72,ok
1785322473.801,1.80,ok
1785322473.814,2.35,ok
1785322473.828,1.92,ok
1785322473.842,1.98,ok
1785322473.857,1.73,ok
1785322473.871,1.80,ok
1785322473.885,2.06,ok
1785322473.897,1.91,ok
1785322473.910,1.83,ok
1785322473.923,1.65,ok
1785322473.938,1.87,ok
1785322473.952,1.93,ok
1785322473.966,1.79,ok
1785322473.981,1.94,ok
1785322473.993,1.69,ok
1785322474.006,1.68,ok
1785322474.020,1.60,ok
1785322474.031,1.44,ok
1785322474.043,1.74,ok
1785322474.057,1.69,ok
1785322474.072,2.16,ok
1785322474.085,1.82,ok
1785322474.096,1.46,ok
1785322474.111,2.02,ok
1785322474.126,2.06,ok
1785322474.140,1.61,ok
1785322474.152,2.28,ok
1785322474.165,1.78,ok
1785322474.178,2.12,ok
1785322474.192,2.05,ok
1785322474.205,2.04,ok
1785322474.219,1.56,ok
1785322474.234,2.98,ok
1785322474.248,1.82,ok
1785322474.262,1.50,ok
1785322474.277,1.90,ok
1785322474.291,1.89,ok
1785322474.306,1.57,ok
1785322474.319,1.64,ok
1785322474.333,1.65,ok
1785322474.347,1.70,ok
1785322474.360,1.72,ok
1785322474.374,1.75,ok
1785322474.389,2.15,ok
1785322474.402,2.06,ok
1785322474.415,1.98,ok
1785322474.429,2.22,ok
1785322474.443,1.69,ok
1785322474.458,2.06,ok
1785322474.471,1.98,ok
1785322474.486,2.88,ok
1785322474.499,1.88,ok
1785322474.512,1.91,ok
1785322474.527,1.99,ok
1785322474.542,1.92,ok
1785322474.557,2.91,ok
1785322474.569,1.92,ok
1785322474.582,2.52,ok
1785322474.597,1.71,ok
1785322474.611,1.90,ok
1785322474.631,7.71,ok
1785322474.645,1.96,ok
1785322474.660,2.97,ok
1785322474.675,2.36,ok
1785322474.688,2.25,ok
1785322474.701,2.57,ok
1785322474.717,2.93,ok
1785322474.729,1.90,ok
1785322474.745,3.56,ok
1785322474.759,2.01,ok
1785322474.773,1.92,ok
1785322474.788,2.24,ok
1785322474.802,2.00,ok
1785322474.817,1.86,ok
1785322474.830,1.72,ok
1785322474.843,1.67,ok
1785322474.856,1.70,ok
1785322474.870,1.60,ok
1785322474.883,1.39,ok
1785322474.895,1.74,ok
1785322474.907,1.53,ok
1785322474.921,1.88,ok
1785322474.935,1.97,ok
1785322474.949,1.42,ok
1785322474.964,1.60,ok
1785322474.976,1.66,ok
1785322474.991,3.15,ok
1785322475.006,1.77,ok
1785322475.018,1.52,ok
1785322475.031,1.50,ok
1785322475.044,2.30,ok
1785322475.059,2.50,ok
1785322475.073,1.98,ok
1785322475.087,1.92,ok
1785322475.100,1.72,ok
1785322475.114,1.51,ok
1785322475.127,2.06,ok
1785322475.140,1.61,ok
1785322475.154,1.83,ok
1785322475.168,1.97,ok
1785322475.182,1.75,ok
1785322475.197,1.80,ok
1785322475.211,1.63,ok
1785322475.223,1.52,ok
1785322475.238,1.71,ok
1785322475.252,1.79,ok
1785322475.266,1.53,ok
1785322475.280,1.51,ok
1785322475.292,1.58,ok
1785322475.306,1.83,ok
1785322475.320,1.71,ok
1785322475.332,1.62,ok
1785322475.344,1.88,ok
1785322475.358,1.86,ok
1785322475.372,1.57,ok
1785322475.385,1.76,ok
1785322475.399,1.61,ok
1785322475.413,1.90,ok
1785322475.427,2.25,ok
1785322475.442,2.18,ok
1785322475.455,1.57,ok
1785322475.467,1.51,ok
1785322475.482,1.52,ok
1785322475.493,1.65,ok
1785322475.505,1.79,ok
1785322475.520,1.79,ok
1785322475.534,1.62,ok
1785322475.547,1.92,ok
1785322475.564,5.60,ok
1785322475.577,2.04,ok
1785322475.591,2.14,ok
1785322475.604,1.59,ok
1785322475.618,1.98,ok
1785322475.632,1.66,ok
1785322475.644,1.67,ok
1785322475.658,1.68,ok
1785322475.674,2.84,ok
1785322475.688,1.67,ok
1785322475.701,1.89,ok
1785322475.715,3.11,ok
1785322475.730,1.78,ok
1785322475.743,1.96,ok
1785322475.759,2.95,ok
1785322475.772,2.08,ok
1785322475.787,1.72,ok
1785322475.801,1.78,ok
1785322475.814,2.17,ok
1785322475.828,2.65,ok
1785322475.841,1.70,ok
1785322475.856,2.77,ok
1785322475.868,1.92,ok
1785322475.880,1.62,ok
1785322475.893,1.80,ok
1785322475.906,2.40,ok
1785322475.920,2.16,ok
1785322475.935,2.16,ok
1785322475.949,1.89,ok
1785322475.963,1.52,ok
1785322475.978,1.97,ok
1785322475.990,1.81,ok
1785322476.005,2.12,ok
1785322476.020,1.78,ok
1785322476.032,1.63,ok
1785322476.046,1.61,ok
1785322476.060,1.97,ok
1785322476.073,1.51,ok
1785322476.088,2.54,ok
1785322476.101,1.82,ok
1785322476.114,1.73,ok
1785322476.129,2.50,ok
1785322476.143,1.51,ok
1785322476.155,1.69,ok
1785322476.169,2.02,ok
1785322476.183,1.69,ok
1785322476.196,1.58,ok
1785322476.210,2.12,ok
1785322476.222,1.84,ok
1785322476.243,8.92,ok
1785322476.257,2.15,ok
1785322476.272,2.24,ok
1785322476.286,1.90,ok
1785322476.300,1.51,ok
1785322476.314,2.44,ok
1785322476.328,2.30,ok
1785322476.342,1.88,ok
1785322476.355,1.63,ok
1785322476.369,1.93,ok
1785322476.382,1.79,ok
1785322476.397,1.76,ok
1785322476.411,2.04,ok
1785322476.424,2.03,ok
1785322476.438,2.01,ok
1785322476.451,1.88,ok
1785322476.465,1.61,ok
1785322476.480,1.90,ok
1785322476.494,1.74,ok
1785322476.508,1.73,ok
1785322476.520,1.86,ok
1785322476.535,1.65,ok
1785322476.549,1.93,ok
1785322476.563,1.75,ok
1785322476.577,1.63,ok
1785322476.591,1.59,ok
1785322476.606,1.95,ok
1785322476.619,2.69,ok
1785322476.633,1.84,ok
1785322476.646,1.88,ok
1785322476.660,1.77,ok
1785322476.674,1.77,ok
1785322476.689,1.93,ok
1785322476.704,2.06,ok
1785322476.718,1.95,ok
1785322476.732,2.68,ok
1785322476.747,2.27,ok
1785322476.760,2.39,ok
1785322476.773,2.11,ok
1785322476.786,1.91,ok
1785322476.801,2.29,ok
1785322476.814,1.86,ok
1785322476.828,1.85,ok
1785322476.842,1.94,ok
1785322476.857,1.93,ok
1785322476.871,1.65,ok
1785322476.885,1.76,ok
1785322476.900,2.39,ok
1785322476.913,1.85,ok
1785322476.927,2.02,ok
1785322476.940,1.61,ok
1785322476.954,1.81,ok
1785322476.969,2.69,ok
1785322476.982,1.63,ok
1785322476.996,1.58,ok
1785322477.010,1.90,ok
1785322477.026,3.43,ok
1785322477.040,1.76,ok
1785322477.052,2.33,ok
1785322477.065,1.83,ok
1785322477.077,2.10,ok
1785322477.091,2.93,ok
1785322477.105,2.64,ok
1785322477.119,1.69,ok
1785322477.132,2.12,ok
1785322477.146,1.91,ok
1785322477.160,1.82,ok
1785322477.173,1.68,ok
1785322477.187,1.73,ok
1785322477.201,1.67,ok
1785322477.215,2.03,ok
1785322477.228,1.95,ok
1785322477.242,1.53,ok
1785322477.256,1.63,ok
1785322477.270,1.48,ok
1785322477.284,1.82,ok
1785322477.298,1.72,ok
1785322477.313,1.97,ok
1785322477.327,1.54,ok
1785322477.341,1.62,ok
1785322477.356,1.82,ok
1785322477.372,3.12,ok
1785322477.385,1.66,ok
1785322477.397,1.72,ok
1785322477.409,1.75,ok
1785322477.423,1.77,ok
1785322477.436,1.66,ok
1785322477.450,1.59,ok
1785322477.463,2.02,ok
1785322477.477,1.73,ok
1785322477.491,1.67,ok
1785322477.506,2.30,ok
1785322477.520,2.09,ok
1785322477.535,3.01,ok
1785322477.551,3.36,ok
1785322477.566,1.96,ok
1785322477.579,2.09,ok
1785322477.594,2.53,ok
1785322477.609,2.02,ok
1785322477.628,8.52,ok
1785322477.643,2.52,ok
1785322477.658,1.74,ok
1785322477.671,1.70,ok
1785322477.685,1.63,ok
1785322477.698,1.88,ok
1785322477.713,1.68,ok
1785322477.726,1.66,ok
1785322477.740,1.64,ok
1785322477.754,1.92,ok
1785322477.767,2.31,ok
1785322477.780,2.39,ok
1785322477.793,2.56,ok
1785322477.805,2.60,ok
1785322477.820,2.08,ok
1785322477.832,1.73,ok
1785322477.847,1.88,ok
1785322477.860,1.66,ok
1785322477.872,1.72,ok
1785322477.884,1.68,ok
1785322477.898,1.94,ok
1785322477.912,1.68,ok
1785322477.924,1.60,ok
1785322477.937,1.51,ok
1785322477.952,2.07,ok
1785322477.966,2.67,ok
1785322477.980,1.89,ok
1785322477.992,1.67,ok
1785322478.008,3.11,ok
1785322478.022,1.83,ok
1785322478.037,2.77,ok
1785322478.052,1.92,ok
1785322478.065,1.55,ok
1785322478.078,2.05,ok
1785322478.092,1.63,ok
1785322478.107,3.29,ok
1785322478.121,2.31,ok
1785322478.136,1.95,ok
1785322478.148,2.06,ok
1785322478.170,8.79,ok
1785322478.184,2.42,ok
1785322478.199,2.04,ok
1785322478.214,3.09,ok
1785322478.229,2.63,ok
1785322478.243,2.00,ok
1785322478.258,3.30,ok
1785322478.273,2.01,ok
1785322478.287,2.34,ok
1785322478.302,2.20,ok
1785322478.317,2.09,ok
1785322478.331,2.77,ok
1785322478.343,2.05,ok
1785322478.358,1.89,ok
1785322478.372,2.14,ok
1785322478.385,2.03,ok
1785322478.399,2.24,ok
1785322478.413,1.79,ok
1785322478.426,1.83,ok
1785322478.440,1.66,ok
1785322478.453,1.78,ok
1785322478.468,2.29,ok
1785322478.481,2.24,ok
1785322478.494,2.93,ok
1785322478.509,2.17,ok
1785322478.524,2.05,ok
1785322478.539,2.26,ok
1785322478.552,1.62,ok
1785322478.565,1.65,ok
1785322478.577,1.57,ok
1785322478.589,1.61,ok
1785322478.602,1.94,ok
1785322478.615,1.50,ok
1785322478.632,4.10,ok
1785322478.647,1.99,ok
1785322478.660,1.97,ok
1785322478.674,1.80,ok
1785322478.689,1.52,ok
1785322478.703,1.71,ok
1785322478.715,1.93,ok
1785322478.730,1.93,ok
1785322478.743,1.65,ok
1785322478.756,1.61,ok
1785322478.768,1.52,ok
1785322478.783,2.00,ok
1785322478.796,1.53,ok
1785322478.808,1.67,ok
1785322478.821,1.96,ok
1785322478.835,1.92,ok
1785322478.848,2.08,ok
1785322478.862,1.64,ok
1785322478.877,2.48,ok
1785322478.891,1.80,ok
1785322478.905,1.95,ok
1785322478.918,1.66,ok
1785322478.933,1.99,ok
1785322478.944,1.41,ok
1785322478.958,1.45,ok
1785322478.972,1.52,ok
1785322478.985,1.53,ok
1785322478.997,1.44,ok
1785322479.011,2.42,ok
1785322479.023,1.57,ok
1785322479.035,1.50,ok
1785322479.049,1.43,ok
1785322479.062,2.70,ok
1785322479.076,1.64,ok
1785322479.090,1.57,ok
1785322479.103,1.32,ok
1785322479.115,1.40,ok
1785322479.128,2.03,ok
1785322479.142,1.98,ok
1785322479.154,1.73,ok
1785322479.168,1.93,ok
1785322479.183,1.76,ok
1785322479.195,1.77,ok
1785322479.206,1.65,ok
1785322479.221,1.73,ok
1785322479.235,2.18,ok
1785322479.248,1.56,ok
1785322479.262,1.64,ok
1785322479.276,1.95,ok
1785322479.290,1.68,ok
1785322479.303,2.03,ok
1785322479.318,3.12,ok
1785322479.331,1.50,ok
1785322479.346,4.86,ok
1785322479.359,2.62,ok
1785322479.374,2.06,ok
1785322479.388,1.68,ok
1785322479.402,1.87,ok
1785322479.417,2.18,ok
1785322479.432,1.86,ok
1785322479.446,2.13,ok
1785322479.460,2.11,ok
1785322479.475,2.40,ok
1785322479.489,1.87,ok
1785322479.504,2.37,ok
1785322479.519,2.67,ok
1785322479.534,2.35,ok
1785322479.548,1.54,ok
1785322479.561,1.97,ok
1785322479.575,3.22,ok
1785322479.587,1.91,ok
1785322479.602,1.88,ok
1785322479.613,1.62,ok
1785322479.633,8.39,ok
1785322479.646,1.63,ok
1785322479.660,1.74,ok
1785322479.675,1.76,ok
1785322479.689,1.63,ok
1785322479.704,3.11,ok
1785322479.717,1.91,ok
1785322479.733,2.70,ok
1785322479.747,1.53,ok
1785322479.760,1.70,ok
1785322479.775,2.79,ok
1785322479.789,1.88,ok
1785322479.802,2.02,ok
1785322479.816,1.60,ok
1785322479.830,2.12,ok
1785322479.843,1.79,ok
1785322479.858,2.16,ok
1785322479.870,1.81,ok
1785322479.886,3.36,ok
1785322479.898,2.05,ok
1785322479.912,1.90,ok
1785322479.925,2.11,ok
1785322479.939,2.03,ok
1785322479.953,1.68,ok
1785322479.968,5.29,ok
1785322479.983,1.98,ok
1785322479.995,1.86,ok
1785322480.009,1.74,ok
1785322480.024,1.76,ok
1785322480.038,1.54,ok
1785322480.053,2.48,ok
1785322480.067,1.73,ok
1785322480.082,2.05,ok
1785322480.096,1.91,ok
1785322480.112,3.03,ok
1785322480.126,1.95,ok
1785322480.141,1.85,ok
1785322480.155,1.89,ok
1785322480.168,1.68,ok
1785322480.180,1.63,ok
1785322480.195,3.57,ok
1785322480.210,2.36,ok
1785322480.224,1.77,ok
1785322480.239,1.73,ok
1785322480.251,1.75,ok
1785322480.265,1.43,ok
1785322480.277,1.49,ok
1785322480.290,1.50,ok
1785322480.305,2.30,ok
1785322480.321,4.47,ok
1785322480.336,2.64,ok
1785322480.350,2.06,ok
1785322480.364,1.82,ok
1785322480.377,2.37,ok
1785322480.392,2.62,ok
1785322480.406,1.95,ok
1785322480.420,1.72,ok
1785322480.433,1.87,ok
1785322480.446,2.40,ok
1785322480.460,2.18,ok
1785322480.475,2.59,ok
1785322480.490,2.02,ok
1785322480.503,2.23,ok
1785322480.516,1.78,ok
1785322480.530,1.96,ok
1785322480.545,2.12,ok
1785322480.558,2.44,ok
1785322480.573,2.39,ok
1785322480.587,2.09,ok
1785322480.601,1.98,ok
1785322480.616,1.78,ok
1785322480.632,3.95,ok
1785322480.644,1.67,ok
1785322480.658,1.69,ok
1785322480.673,2.70,ok
1785322480.686,1.72,ok
1785322480.697,1.43,ok
1785322480.710,1.71,ok
1785322480.724,1.66,ok
1785322480.737,1.45,ok
1785322480.751,1.58,ok
1785322480.763,1.37,ok
1785322480.777,1.63,ok
1785322480.791,1.46,ok
1785322480.806,1.89,ok
1785322480.818,1.88,ok
1785322480.834,3.60,ok
1785322480.849,1.89,ok
1785322480.861,1.78,ok
1785322480.875,1.71,ok
1785322480.887,1.88,ok
1785322480.901,1.87,ok
1785322480.914,1.74,ok
1785322480.926,1.79,ok
1785322480.940,1.83,ok
1785322480.954,1.63,ok
1785322480.968,1.53,ok
1785322480.980,1.45,ok
1785322480.993,1.72,ok
1785322481.007,1.66,ok
1785322481.020,1.46,ok
1785322481.032,1.76,ok
1785322481.046,1.82,ok
1785322481.058,1.39,ok
1785322481.072,1.85,ok
1785322481.086,2.04,ok
1785322481.099,1.71,ok
1785322481.113,2.08,ok
1785322481.127,2.08,ok
1785322481.140,1.84,ok
1785322481.154,1.93,ok
1785322481.170,2.82,ok
1785322481.186,3.24,ok
1785322481.200,2.12,ok
1785322481.216,2.55,ok
1785322481.231,2.42,ok
1785322481.244,3.35,ok
1785322481.261,5.49,ok
1785322481.276,2.56,ok
1785322481.291,2.12,ok
1785322481.305,2.21,ok
1785322481.319,2.66,ok
1785322481.334,2.10,ok
1785322481.349,2.07,ok
1785322481.363,1.83,ok
1785322481.377,2.39,ok
1785322481.390,1.94,ok
1785322481.405,2.56,ok
1785322481.420,2.27,ok
1785322481.432,1.78,ok
1785322481.446,1.91,ok
1785322481.461,2.41,ok
1785322481.474,2.08,ok
1785322481.488,2.43,ok
1785322481.502,1.97,ok
1785322481.518,3.35,ok
1785322481.532,2.15,ok
1785322481.548,2.98,ok
1785322481.563,3.96,ok
1785322481.579,3.10,ok
1785322481.594,3.58,ok
1785322481.608,2.30,ok
1785322481.623,2.57,ok
1785322481.638,2.57,ok
1785322481.652,2.44,ok
1785322481.667,2.54,ok
1785322481.680,2.44,ok
1785322481.694,2.35,ok
1785322481.707,2.21,ok
1785322481.723,4.80,ok
1785322481.741,4.61,ok
1785322481.757,3.42,ok
1785322481.772,3.31,ok
1785322481.790,5.34,ok
1785322481.806,4.32,ok
1785322481.822,4.03,ok
1785322481.838,3.78,ok
1785322481.855,4.13,ok
1785322481.871,4.32,ok
1785322481.886,3.72,ok
1785322481.903,5.30,ok
1785322481.920,4.54,ok
1785322481.937,4.69,ok
1785322481.953,4.23,ok
1785322481.969,3.66,ok
1785322481.985,3.64,ok
1785322482.000,3.73,ok
1785322482.014,3.57,ok
1785322482.031,4.28,ok
1785322482.049,6.50,ok
1785322482.065,3.03,ok
1785322482.080,4.07,ok
1785322482.093,3.55,ok
1785322482.109,3.27,ok
1785322482.124,3.88,ok
1785322482.138,3.58,ok
1785322482.156,5.14,ok
1785322482.172,3.88,ok
1785322482.188,4.07,ok
1785322482.204,3.95,ok
1785322482.220,3.85,ok
1785322482.235,4.31,ok
1785322482.252,3.65,ok
1785322482.267,4.87,ok
1785322482.283,3.76,ok
1785322482.299,3.93,ok
1785322482.317,5.81,ok
1785322482.333,3.69,ok
1785322482.349,3.66,ok
1785322482.364,3.42,ok
1785322482.381,5.25,ok
1785322482.396,4.82,ok
1785322482.413,5.14,ok
1785322482.429,4.20,ok
1785322482.441,2.14,ok
1785322482.456,2.21,ok
1785322482.469,2.54,ok
1785322482.483,2.00,ok
1785322482.498,2.23,ok
1785322482.513,4.59,ok
1785322482.528,3.42,ok
1785322482.543,3.24,ok
1785322482.557,3.18,ok
1785322482.572,3.43,ok
1785322482.587,2.73,ok
1785322482.601,2.61,ok
1785322482.616,2.38,ok
1785322482.640,13.62,ok
1785322482.655,2.17,ok
1785322482.668,2.25,ok
1785322482.683,1.97,ok
1785322482.696,2.24,ok
1785322482.709,2.30,ok
1785322482.731,8.52,ok
1785322482.751,4.45,ok
1785322482.769,4.98,ok
1785322482.785,4.07,ok
1785322482.802,4.02,ok
1785322482.817,2.87,ok
1785322482.833,4.19,ok
1785322482.850,4.57,ok
1785322482.863,2.40,ok
1785322482.878,3.20,ok
1785322482.894,4.26,ok
1785322482.911,3.96,ok
1785322482.925,3.29,ok
1785322482.942,4.98,ok
1785322482.957,4.64,ok
1785322482.972,3.51,ok
1785322482.988,3.45,ok
1785322483.007,7.15,ok
1785322483.022,3.49,ok
1785322483.039,4.02,ok
1785322483.053,3.30,ok
1785322483.069,3.21,ok
1785322483.085,4.05,ok
1785322483.100,2.93,ok
1785322483.115,3.56,ok
1785322483.130,3.59,ok
1785322483.146,3.55,ok
1785322483.162,3.54,ok
1785322483.179,4.68,ok
1785322483.193,3.27,ok
1785322483.208,2.38,ok
1785322483.223,2.27,ok
1785322483.236,2.15,ok
1785322483.251,2.16,ok
1785322483.264,1.59,ok
1785322483.279,1.80,ok
1785322483.294,2.32,ok
1785322483.309,2.59,ok
1785322483.324,2.24,ok
1785322483.339,2.62,ok
1785322483.352,2.14,ok
1785322483.365,2.06,ok
1785322483.380,1.85,ok
1785322483.393,2.30,ok
1785322483.409,3.28,ok
1785322483.425,3.30,ok
1785322483.440,3.47,ok
1785322483.455,3.73,ok
1785322483.468,2.52,ok
1785322483.483,2.14,ok
1785322483.495,1.87,ok
1785322483.509,2.32,ok
1785322483.523,2.01,ok
1785322483.538,2.00,ok
1785322483.551,3.35,ok
1785322483.567,3.77,ok
1785322483.583,3.22,ok
1785322483.598,3.00,ok
1785322483.618,7.20,ok
1785322483.635,4.80,ok
1785322483.653,5.56,ok
1785322483.668,2.69,ok
1785322483.683,2.31,ok
1785322483.696,2.04,ok
1785322483.710,2.06,ok
1785322483.725,1.82,ok
1785322483.740,2.91,ok
1785322483.755,3.72,ok
1785322483.768,2.07,ok
1785322483.783,4.19,ok
1785322483.797,1.80,ok
1785322483.811,1.86,ok
1785322483.825,1.62,ok
1785322483.839,1.56,ok
1785322483.854,2.28,ok
1785322483.868,1.92,ok
1785322483.882,1.52,ok
1785322483.895,1.96,ok
1785322483.909,1.95,ok
1785322483.925,3.08,ok
1785322483.939,1.81,ok
1785322483.953,2.00,ok
1785322483.967,1.74,ok
1785322483.980,1.62,ok
1785322483.992,1.56,ok
1785322484.004,1.67,ok
1785322484.018,1.59,ok
1785322484.031,1.69,ok
