ts,ms,status
1785390229.734836000,98,ok
1785390229.735114000,107,ok
1785390229.734671000,110,ok
1785390229.734923000,105,ok
1785390229.734652000,106,ok
1785390229.735191000,98,ok
1785390229.741056000,112,ok
1785390229.741280000,118,ok
1785390229.741747000,117,ok
1785390229.741708000,113,ok
1785390229.789348000,157,ok
1785390229.791770000,154,ok
1785390229.791885000,159,ok
1785390229.792795000,154,ok
1785390229.795563000,153,ok
1785390229.793162000,170,ok
1785390229.807540000,40,ok
1785390229.813003000,46,ok
1785390229.818121000,47,ok
1785390229.829774000,59,ok
1785390229.834109000,63,ok
1785390229.832548000,62,ok
1785390229.830039000,55,ok
1785390229.835720000,61,ok
1785390229.835704000,63,ok
1785390229.837983000,61,ok
1785390229.883966000,60,ok
1785390229.889104000,60,ok
1785390229.889917000,67,ok
1785390229.890843000,59,ok
1785390229.889895000,49,ok
1785390229.889085000,63,ok
1785390229.891051000,65,ok
1785390229.918623000,60,ok
1785390229.928782000,62,ok
1785390229.925847000,73,ok
1785390229.935880000,70,ok
1785390229.942628000,76,ok
1785390229.939772000,67,ok
1785390229.939971000,72,ok
1785390229.938374000,63,ok
1785390229.947375000,72,ok
1785390229.990600000,65,ok
1785390229.993576000,67,ok
1785390229.987721000,67,ok
1785390229.994581000,70,ok
1785390229.995330000,63,ok
1785390230.006379000,72,ok
1785390230.005833000,71,ok
1785390230.034229000,61,ok
1785390230.047147000,69,ok
1785390230.043934000,67,ok
1785390230.043705000,71,ok
1785390230.046465000,70,ok
1785390230.068097000,83,ok
1785390230.070669000,82,ok
1785390230.076248000,91,ok
1785390230.076574000,91,ok
1785390230.105851000,81,ok
1785390230.106741000,82,ok
1785390230.107580000,76,ok
1785390230.105393000,72,ok
1785390230.111056000,87,ok
1785390230.124283000,81,ok
1785390230.138557000,81,ok
1785390230.145586000,68,ok
1785390230.153436000,66,ok
1785390230.159736000,70,ok
1785390230.152063000,65,ok
1785390230.161005000,75,ok
1785390230.169420000,58,ok
1785390230.171975000,51,ok
1785390230.171767000,52,ok
1785390230.168700000,59,ok
1785390230.210464000,63,ok
1785390230.221290000,75,ok
1785390230.221825000,75,ok
1785390230.222016000,74,ok
1785390230.222666000,68,ok
1785390230.232014000,71,ok
1785390230.238668000,58,ok
1785390230.241890000,47,ok
1785390230.243297000,52,ok
1785390230.243634000,59,ok
1785390230.245473000,45,ok
1785390230.245287000,49,ok
1785390230.254512000,49,ok
1785390230.254913000,47,ok
1785390230.259777000,55,ok
1785390230.270228000,65,ok
1785390230.323294000,74,ok
1785390230.334605000,75,ok
1785390230.338663000,73,ok
1785390230.338737000,77,ok
1785390230.338785000,74,ok
1785390230.346409000,61,ok
1785390230.357284000,70,ok
1785390230.361350000,67,ok
1785390230.358047000,78,ok
1785390230.358854000,79,ok
1785390230.361297000,66,ok
1785390230.360489000,65,ok
1785390230.360701000,60,ok
1785390230.380835000,73,ok
1785390230.383189000,81,ok
1785390230.379536000,78,ok
1785390230.431245000,72,ok
1785390230.438153000,63,ok
1785390230.444109000,54,ok
1785390230.444792000,64,ok
1785390230.446619000,49,ok
1785390230.447274000,61,ok
1785390230.464742000,64,ok
1785390230.464377000,60,ok
1785390230.460864000,52,ok
1785390230.466414000,57,ok
1785390230.466762000,59,ok
1785390230.466356000,59,ok
1785390230.466473000,50,ok
1785390230.464830000,58,ok
1785390230.492491000,66,ok
1785390230.506198000,75,ok
1785390230.530165000,66,ok
1785390230.536991000,61,ok
1785390230.535046000,59,ok
1785390230.537309000,59,ok
1785390230.546080000,62,ok
1785390230.550884000,48,ok
1785390230.553944000,69,ok
1785390230.559752000,54,ok
1785390230.560671000,54,ok
1785390230.558308000,54,ok
1785390230.560035000,60,ok
1785390230.556837000,54,ok
1785390230.566123000,61,ok
1785390230.565598000,65,ok
1785390230.606936000,78,ok
1785390230.623792000,76,ok
1785390230.635135000,58,ok
1785390230.635660000,49,ok
1785390230.636816000,59,ok
1785390230.636799000,46,ok
1785390230.634362000,55,ok
1785390230.641754000,47,ok
1785390230.636531000,54,ok
1785390230.644527000,49,ok
1785390230.650435000,48,ok
1785390230.657859000,54,ok
1785390230.655077000,51,ok
1785390230.652961000,43,ok
1785390230.657163000,51,ok
1785390230.658194000,54,ok
1785390230.706441000,71,ok
1785390230.713925000,49,ok
1785390230.719417000,36,ok
1785390230.711567000,62,ok
1785390230.717274000,43,ok
1785390230.720386000,48,ok
1785390230.719147000,44,ok
1785390230.718299000,42,ok
1785390230.719744000,36,ok
1785390230.722149000,37,ok
1785390230.734989000,48,ok
1785390230.751363000,61,ok
1785390230.763022000,72,ok
1785390230.762198000,70,ok
1785390230.762272000,69,ok
1785390230.764398000,74,ok
1785390230.805912000,64,ok
1785390230.808566000,58,ok
1785390230.808749000,58,ok
1785390230.808972000,58,ok
1785390230.823689000,74,ok
1785390230.823118000,62,ok
1785390230.826970000,73,ok
1785390230.826295000,71,ok
1785390230.821526000,67,ok
1785390230.825060000,75,ok
1785390230.826990000,58,ok
1785390230.848891000,60,ok
1785390230.859154000,65,ok
1785390230.871486000,76,ok
1785390230.869749000,76,ok
1785390230.879313000,81,ok
1785390230.907047000,46,ok
1785390230.908167000,59,ok
1785390230.905439000,56,ok
1785390230.906209000,44,ok
1785390230.906663000,57,ok
1785390230.906064000,42,ok
1785390230.908537000,61,ok
1785390230.921603000,55,ok
1785390230.931361000,65,ok
1785390230.934237000,61,ok
1785390230.929318000,63,ok
1785390230.947165000,63,ok
1785390230.959465000,67,ok
1785390230.959403000,59,ok
1785390230.971978000,66,ok
1785390230.977415000,65,ok
1785390230.989537000,50,ok
1785390230.987652000,49,ok
1785390230.990152000,47,ok
1785390230.991870000,52,ok
1785390230.990189000,47,ok
1785390230.999883000,43,ok
1785390230.993219000,54,ok
1785390230.995996000,49,ok
1785390231.005737000,43,ok
1785390231.014348000,50,ok
1785390231.011403000,48,ok
1785390231.044284000,63,ok
1785390231.058942000,64,ok
1785390231.068760000,54,ok
1785390231.066026000,61,ok
1785390231.069446000,61,ok
1785390231.071754000,45,ok
1785390231.079903000,54,ok
1785390231.077889000,48,ok
1785390231.077661000,50,ok
1785390231.091913000,53,ok
1785390231.093731000,56,ok
1785390231.093031000,51,ok
1785390231.091833000,53,ok
1785390231.093719000,59,ok
1785390231.123505000,72,ok
1785390231.133923000,81,ok
1785390231.145133000,68,ok
1785390231.149734000,59,ok
1785390231.147983000,45,ok
1785390231.152863000,49,ok
1785390231.156129000,50,ok
1785390231.162868000,50,ok
1785390231.161529000,49,ok
1785390231.162564000,49,ok
1785390231.175524000,56,ok
1785390231.177565000,49,ok
1785390231.190014000,65,ok
1785390231.188421000,58,ok
1785390231.204805000,70,ok
1785390231.206019000,70,ok
1785390231.234198000,76,ok
1785390231.243652000,74,ok
1785390231.246076000,68,ok
1785390231.246527000,54,ok
1785390231.250646000,63,ok
1785390231.245292000,53,ok
1785390231.253756000,55,ok
1785390231.252492000,46,ok
1785390231.262072000,57,ok
1785390231.266194000,63,ok
1785390231.262784000,49,ok
1785390231.288387000,61,ok
1785390231.290565000,79,ok
1785390231.296722000,74,ok
1785390231.308824000,71,ok
1785390231.305027000,73,ok
1785390231.322142000,59,ok
1785390231.334289000,55,ok
1785390231.339500000,57,ok
1785390231.349252000,68,ok
1785390231.348559000,65,ok
1785390231.348603000,59,ok
1785390231.356743000,49,ok
1785390231.355196000,61,ok
1785390231.356152000,50,ok
1785390231.356542000,62,ok
1785390231.357268000,48,ok
1785390231.374243000,46,ok
1785390231.374681000,50,ok
1785390231.378519000,47,ok
1785390231.389512000,48,ok
1785390231.393739000,53,ok
1785390231.408946000,58,ok
1785390231.434509000,69,ok
1785390231.438656000,49,ok
1785390231.437560000,48,ok
1785390231.440608000,58,ok
1785390231.438917000,55,ok
1785390231.438791000,46,ok
1785390231.445345000,47,ok
1785390231.444940000,44,ok
1785390231.443586000,53,ok
1785390231.456226000,45,ok
1785390231.455082000,46,ok
1785390231.461135000,46,ok
1785390231.485495000,68,ok
1785390231.487238000,63,ok
1785390231.489978000,67,ok
1785390231.494597000,55,ok
1785390231.524524000,49,ok
1785390231.522466000,49,ok
1785390231.524257000,51,ok
1785390231.535741000,52,ok
1785390231.524229000,54,ok
1785390231.527956000,51,ok
1785390231.538205000,65,ok
1785390231.539347000,55,ok
1785390231.540427000,59,ok
1785390231.562836000,68,ok
1785390231.581685000,92,ok
1785390231.580570000,91,ok
1785390231.603441000,82,ok
1785390231.599725000,69,ok
1785390231.603789000,88,ok
1785390231.606205000,84,ok
1785390231.634272000,76,ok
1785390231.640404000,66,ok
1785390231.643870000,82,ok
1785390231.639010000,74,ok
1785390231.654914000,79,ok
1785390231.660472000,70,ok
1785390231.657578000,89,ok
1785390231.659876000,81,ok
1785390231.657035000,50,ok
1785390231.671539000,56,ok
1785390231.668457000,95,ok
1785390231.679178000,48,ok
1785390231.689381000,74,ok
1785390231.701375000,66,ok
1785390231.704673000,75,ok
1785390231.741969000,46,ok
1785390231.730232000,91,ok
1785390231.740253000,57,ok
1785390231.740568000,51,ok
1785390231.742139000,64,ok
1785390231.744566000,56,ok
1785390231.751088000,51,ok
1785390231.743057000,53,ok
1785390231.750771000,47,ok
1785390231.749691000,49,ok
1785390231.759401000,51,ok
1785390231.768433000,53,ok
1785390231.768119000,58,ok
1785390231.787546000,66,ok
1785390231.807406000,73,ok
1785390231.809173000,77,ok
1785390231.830805000,45,ok
1785390231.833716000,41,ok
1785390231.831126000,54,ok
1785390231.831354000,49,ok
1785390231.830361000,55,ok
1785390231.835460000,48,ok
1785390231.830443000,50,ok
1785390231.834344000,48,ok
1785390231.848282000,53,ok
1785390231.856565000,53,ok
1785390231.850551000,54,ok
1785390231.854744000,49,ok
1785390231.855939000,53,ok
1785390231.882432000,65,ok
1785390231.911629000,73,ok
1785390231.910464000,73,ok
1785390231.924980000,50,ok
1785390231.921731000,53,ok
1785390231.926226000,56,ok
1785390231.927780000,55,ok
1785390231.928269000,55,ok
1785390231.930000000,48,ok
1785390231.929011000,51,ok
1785390231.930817000,49,ok
1785390231.934546000,37,ok
1785390231.940712000,44,ok
1785390231.940308000,45,ok
1785390231.943916000,47,ok
1785390231.943233000,45,ok
1785390231.964058000,51,ok
1785390232.007278000,69,ok
1785390232.009666000,47,ok
1785390232.007288000,69,ok
1785390232.014047000,40,ok
1785390232.014225000,52,ok
1785390232.014234000,45,ok
1785390232.014512000,48,ok
1785390232.022504000,47,ok
1785390232.019664000,42,ok
1785390232.020367000,43,ok
1785390232.031077000,50,ok
1785390232.031506000,43,ok
1785390232.044021000,62,ok
1785390232.049491000,64,ok
1785390232.081556000,100,ok
1785390232.080532000,88,ok
1785390232.099642000,53,ok
1785390232.097734000,57,ok
1785390232.108138000,52,ok
1785390232.109083000,49,ok
1785390232.101494000,55,ok
1785390232.099868000,51,ok
1785390232.106495000,57,ok
1785390232.110539000,57,ok
1785390232.108305000,40,ok
1785390232.113838000,45,ok
1785390232.109523000,56,ok
1785390232.119922000,70,ok
1785390232.133481000,56,ok
1785390232.152124000,72,ok
1785390232.173346000,59,ok
1785390232.171335000,61,ok
1785390232.178827000,43,ok
1785390232.182243000,37,ok
1785390232.183589000,43,ok
1785390232.187915000,44,ok
1785390232.185290000,38,ok
1785390232.190706000,41,ok
1785390232.184169000,39,ok
1785390232.187242000,48,ok
1785390232.185618000,39,ok
1785390232.188838000,36,ok
1785390232.223180000,81,ok
1785390232.237854000,69,ok
1785390232.236948000,76,ok
1785390232.241243000,57,ok
1785390232.257178000,52,ok
1785390232.264386000,46,ok
1785390232.263300000,50,ok
1785390232.268219000,42,ok
1785390232.265890000,47,ok
1785390232.273334000,50,ok
1785390232.275927000,56,ok
1785390232.273394000,51,ok
1785390232.273441000,48,ok
1785390232.274821000,53,ok
1785390232.277669000,54,ok
1785390232.278811000,54,ok
1785390232.321682000,66,ok
1785390232.330945000,54,ok
1785390232.333502000,64,ok
1785390232.334765000,46,ok
1785390232.334648000,64,ok
1785390232.338956000,37,ok
1785390232.343087000,35,ok
1785390232.344740000,42,ok
1785390232.347312000,42,ok
1785390232.352851000,39,ok
1785390232.353105000,37,ok
1785390232.350953000,39,ok
1785390232.353508000,40,ok
1785390232.355112000,42,ok
1785390232.358037000,42,ok
1785390232.375711000,61,ok
1785390232.410329000,54,ok
1785390232.410512000,46,ok
1785390232.414211000,44,ok
1785390232.413602000,47,ok
1785390232.422951000,52,ok
1785390232.432816000,48,ok
1785390232.429462000,49,ok
1785390232.437976000,48,ok
1785390232.440761000,53,ok
1785390232.438689000,51,ok
1785390232.439151000,49,ok
1785390232.439543000,48,ok
1785390232.450126000,51,ok
1785390232.451485000,54,ok
1785390232.453041000,61,ok
1785390232.467678000,60,ok
1785390232.506805000,60,ok
1785390232.508277000,54,ok
1785390232.509160000,61,ok
1785390232.512565000,37,ok
1785390232.509684000,52,ok
1785390232.508691000,55,ok
1785390232.515594000,38,ok
1785390232.517058000,42,ok
1785390232.515335000,38,ok
1785390232.517419000,40,ok
1785390232.523851000,45,ok
1785390232.533811000,54,ok
1785390232.531312000,42,ok
1785390232.531881000,41,ok
1785390232.546028000,56,ok
1785390232.556739000,57,ok
1785390232.590376000,44,ok
1785390232.592825000,43,ok
1785390232.593927000,49,ok
1785390232.593518000,46,ok
1785390232.593697000,45,ok
1785390232.598073000,46,ok
1785390232.607323000,44,ok
1785390232.607735000,54,ok
1785390232.610499000,39,ok
1785390232.603380000,41,ok
1785390232.608865000,48,ok
1785390232.609997000,47,ok
1785390232.631025000,53,ok
1785390232.648547000,68,ok
1785390232.647049000,62,ok
1785390232.660369000,72,ok
1785390232.676455000,47,ok
1785390232.677071000,46,ok
1785390232.674823000,47,ok
1785390232.678729000,47,ok
1785390232.681344000,43,ok
1785390232.687332000,46,ok
1785390232.682284000,50,ok
1785390232.685557000,45,ok
1785390232.685698000,45,ok
1785390232.697271000,48,ok
1785390232.700889000,55,ok
1785390232.702756000,59,ok
1785390232.749501000,84,ok
1785390232.758653000,80,ok
1785390232.762263000,84,ok
1785390232.767244000,46,ok
1785390232.767717000,39,ok
1785390232.769781000,45,ok
1785390232.768977000,64,ok
1785390232.767258000,46,ok
1785390232.769361000,51,ok
1785390232.769601000,41,ok
1785390232.771160000,42,ok
1785390232.769434000,54,ok
1785390232.782309000,55,ok
1785390232.789034000,52,ok
1785390232.793715000,50,ok
1785390232.790579000,51,ok
1785390232.843069000,42,ok
1785390232.842294000,40,ok
1785390232.845593000,39,ok
1785390232.840106000,61,ok
1785390232.852165000,33,ok
1785390232.849111000,40,ok
1785390232.854310000,47,ok
1785390232.852383000,43,ok
1785390232.850385000,35,ok
1785390232.853359000,43,ok
1785390232.852353000,48,ok
1785390232.852363000,40,ok
1785390232.875414000,59,ok
1785390232.893735000,67,ok
1785390232.902014000,75,ok
1785390232.896629000,71,ok
1785390232.932335000,48,ok
1785390232.937217000,43,ok
1785390232.937346000,40,ok
1785390232.937564000,47,ok
1785390232.938643000,45,ok
1785390232.938810000,47,ok
1785390232.943391000,43,ok
1785390232.947691000,46,ok
1785390232.947350000,44,ok
1785390232.946980000,49,ok
1785390232.953780000,56,ok
1785390232.962560000,59,ok
1785390232.986706000,64,ok
1785390232.999869000,64,ok
1785390232.997821000,62,ok
1785390233.000267000,70,ok
1785390233.011321000,38,ok
1785390233.015270000,41,ok
1785390233.021684000,39,ok
1785390233.016773000,43,ok
1785390233.019106000,43,ok
1785390233.025837000,45,ok
1785390233.026704000,50,ok
1785390233.032247000,48,ok
1785390233.027340000,49,ok
1785390233.041452000,55,ok
1785390233.043895000,52,ok
1785390233.061933000,61,ok
1785390233.084461000,66,ok
1785390233.091644000,56,ok
1785390233.100647000,65,ok
1785390233.105814000,57,ok
1785390233.105735000,61,ok
1785390233.112143000,43,ok
1785390233.110974000,48,ok
1785390233.111585000,51,ok
1785390233.113214000,54,ok
1785390233.114193000,54,ok
1785390233.120477000,50,ok
1785390233.133563000,54,ok
1785390233.135477000,60,ok
1785390233.133107000,64,ok
1785390233.154998000,71,ok
1785390233.180208000,86,ok
1785390233.199827000,74,ok
1785390233.204390000,71,ok
1785390233.209765000,54,ok
1785390233.209878000,62,ok
1785390233.210979000,49,ok
1785390233.210795000,46,ok
1785390233.212542000,43,ok
1785390233.212291000,69,ok
1785390233.210808000,47,ok
1785390233.210967000,56,ok
1785390233.213477000,60,ok
1785390233.242937000,60,ok
1785390233.248247000,62,ok
1785390233.260955000,72,ok
1785390233.265033000,71,ok
1785390233.283930000,40,ok
1785390233.289305000,44,ok
1785390233.289607000,44,ok
1785390233.283060000,73,ok
1785390233.291996000,39,ok
1785390233.294481000,48,ok
1785390233.295801000,45,ok
1785390233.296757000,44,ok
1785390233.295629000,45,ok
1785390233.300055000,47,ok
1785390233.297325000,43,ok
1785390233.299022000,46,ok
1785390233.308836000,41,ok
1785390233.357081000,67,ok
1785390233.358888000,51,ok
1785390233.361296000,56,ok
1785390233.376552000,47,ok
1785390233.379929000,51,ok
1785390233.384261000,49,ok
1785390233.381127000,51,ok
1785390233.383058000,39,ok
1785390233.380675000,45,ok
1785390233.387798000,43,ok
1785390233.386025000,48,ok
1785390233.384547000,46,ok
1785390233.388720000,44,ok
1785390233.384091000,45,ok
1785390233.394655000,43,ok
1785390233.401622000,58,ok
1785390233.455480000,67,ok
1785390233.457450000,70,ok
1785390233.457530000,78,ok
1785390233.461298000,40,ok
1785390233.468077000,50,ok
1785390233.469158000,45,ok
1785390233.469178000,46,ok
1785390233.468450000,45,ok
1785390233.476851000,47,ok
1785390233.476898000,50,ok
1785390233.479186000,50,ok
1785390233.482295000,46,ok
1785390233.481344000,44,ok
1785390233.485248000,48,ok
1785390233.482685000,49,ok
1785390233.483783000,46,ok
1785390233.549652000,56,ok
1785390233.546749000,47,ok
1785390233.557960000,44,ok
1785390233.559231000,45,ok
1785390233.556394000,41,ok
1785390233.556702000,59,ok
1785390233.556739000,42,ok
1785390233.556724000,62,ok
1785390233.558794000,49,ok
1785390233.560100000,44,ok
1785390233.562572000,47,ok
1785390233.561357000,40,ok
1785390233.570659000,49,ok
1785390233.585064000,59,ok
1785390233.584321000,62,ok
1785390233.586937000,67,ok
1785390233.640192000,47,ok
1785390233.638774000,43,ok
1785390233.640466000,45,ok
1785390233.642459000,41,ok
1785390233.643161000,43,ok
1785390233.649294000,43,ok
1785390233.649160000,48,ok
1785390233.649179000,47,ok
1785390233.643742000,46,ok
1785390233.650590000,52,ok
1785390233.658012000,43,ok
1785390233.651267000,51,ok
1785390233.660451000,42,ok
1785390233.672296000,70,ok
1785390233.669227000,50,ok
1785390233.676680000,49,ok
1785390233.724681000,42,ok
1785390233.724305000,44,ok
1785390233.732844000,43,ok
1785390233.730939000,37,ok
1785390233.731156000,42,ok
1785390233.731913000,40,ok
1785390233.740477000,42,ok
1785390233.730609000,41,ok
1785390233.738799000,46,ok
1785390233.744141000,41,ok
1785390233.744153000,52,ok
1785390233.754009000,45,ok
1785390233.744400000,52,ok
1785390233.761408000,52,ok
1785390233.766617000,55,ok
1785390233.776770000,58,ok
1785390233.822993000,54,ok
1785390233.826494000,57,ok
1785390233.827197000,59,ok
1785390233.834446000,43,ok
1785390233.834545000,44,ok
1785390233.833221000,48,ok
1785390233.834072000,38,ok
1785390233.832775000,47,ok
1785390233.838387000,37,ok
1785390233.832044000,44,ok
1785390233.835354000,57,ok
1785390233.842893000,43,ok
1785390233.835529000,43,ok
1785390233.851205000,47,ok
1785390233.860859000,55,ok
1785390233.879303000,66,ok
1785390233.916527000,47,ok
1785390233.910342000,54,ok
1785390233.920233000,47,ok
1785390233.921449000,41,ok
1785390233.922482000,48,ok
1785390233.921334000,47,ok
1785390233.922467000,49,ok
1785390233.921293000,42,ok
1785390233.923823000,49,ok
1785390233.925258000,39,ok
1785390233.922990000,52,ok
1785390233.928285000,46,ok
1785390233.953966000,79,ok
1785390233.959428000,69,ok
1785390233.972778000,70,ok
1785390233.979143000,68,ok
1785390233.999410000,44,ok
1785390234.000831000,43,ok
1785390234.001717000,45,ok
1785390233.995941000,43,ok
1785390234.003184000,40,ok
1785390234.006673000,45,ok
1785390234.010169000,50,ok
1785390234.001765000,45,ok
1785390234.000255000,42,ok
1785390234.007233000,45,ok
1785390234.013023000,52,ok
1785390234.019652000,38,ok
1785390234.014494000,51,ok
1785390234.055117000,59,ok
1785390234.058032000,67,ok
1785390234.075423000,65,ok
1785390234.078565000,38,ok
1785390234.084089000,33,ok
1785390234.086426000,44,ok
1785390234.084365000,38,ok
1785390234.085350000,50,ok
1785390234.086278000,42,ok
1785390234.085506000,46,ok
1785390234.085331000,39,ok
1785390234.086171000,40,ok
1785390234.094652000,40,ok
1785390234.109785000,55,ok
1785390234.123780000,71,ok
1785390234.124808000,68,ok
1785390234.158585000,69,ok
1785390234.160884000,69,ok
1785390234.165766000,45,ok
1785390234.166119000,50,ok
1785390234.166230000,45,ok
1785390234.166888000,43,ok
1785390234.166707000,44,ok
1785390234.166019000,44,ok
1785390234.173959000,41,ok
1785390234.173426000,39,ok
1785390234.172320000,42,ok
1785390234.173118000,40,ok
1785390234.192470000,51,ok
1785390234.225677000,73,ok
1785390234.230584000,72,ok
1785390234.234713000,73,ok
1785390234.249016000,47,ok
1785390234.253696000,49,ok
1785390234.253471000,52,ok
1785390234.256062000,50,ok
1785390234.253177000,51,ok
1785390234.264432000,50,ok
1785390234.263989000,53,ok
1785390234.264734000,46,ok
1785390234.265418000,53,ok
1785390234.262797000,57,ok
1785390234.264031000,55,ok
1785390234.273070000,51,ok
1785390234.294412000,65,ok
1785390234.322202000,65,ok
1785390234.334674000,71,ok
1785390234.333140000,71,ok
1785390234.345149000,46,ok
1785390234.345974000,50,ok
1785390234.346567000,41,ok
1785390234.338623000,48,ok
1785390234.349704000,53,ok
1785390234.349342000,48,ok
1785390234.351173000,47,ok
1785390234.347578000,56,ok
1785390234.353503000,49,ok
1785390234.357636000,51,ok
1785390234.361364000,51,ok
1785390234.376174000,58,ok
1785390234.392686000,63,ok
1785390234.417485000,67,ok
1785390234.432321000,47,ok
1785390234.431470000,50,ok
1785390234.434832000,50,ok
1785390234.432116000,52,ok
1785390234.433635000,48,ok
1785390234.432037000,46,ok
1785390234.442067000,47,ok
1785390234.449001000,56,ok
1785390234.451006000,58,ok
1785390234.448811000,59,ok
1785390234.460955000,53,ok
1785390234.451361000,57,ok
1785390234.454699000,65,ok
1785390234.472351000,55,ok
1785390234.497139000,62,ok
1785390234.516074000,53,ok
1785390234.524611000,45,ok
1785390234.524528000,37,ok
1785390234.520295000,45,ok
1785390234.525996000,47,ok
1785390234.525954000,46,ok
1785390234.525673000,48,ok
1785390234.525514000,43,ok
1785390234.535562000,38,ok
1785390234.532816000,42,ok
1785390234.534561000,45,ok
1785390234.535537000,46,ok
1785390234.551875000,54,ok
1785390234.553918000,57,ok
1785390234.564887000,56,ok
1785390234.593768000,60,ok
1785390234.604420000,47,ok
1785390234.607556000,46,ok
1785390234.610361000,45,ok
1785390234.607596000,44,ok
1785390234.605546000,46,ok
1785390234.607140000,36,ok
1785390234.612932000,40,ok
1785390234.610412000,39,ok
1785390234.613432000,39,ok
1785390234.624492000,47,ok
1785390234.625081000,45,ok
1785390234.627442000,45,ok
1785390234.635786000,47,ok
1785390234.635230000,42,ok
1785390234.661569000,61,ok
1785390234.675781000,49,ok
1785390234.687666000,44,ok
1785390234.695310000,50,ok
1785390234.693229000,47,ok
1785390234.693552000,48,ok
1785390234.692043000,43,ok
1785390234.697337000,37,ok
1785390234.696880000,51,ok
1785390234.693490000,44,ok
1785390234.702962000,50,ok
1785390234.702268000,52,ok
1785390234.706176000,37,ok
1785390234.705789000,41,ok
1785390234.714272000,37,ok
1785390234.725555000,50,ok
1785390234.739209000,48,ok
1785390234.761005000,55,ok
1785390234.777778000,39,ok
1785390234.777030000,42,ok
1785390234.776681000,44,ok
1785390234.780575000,44,ok
1785390234.784887000,38,ok
1785390234.785409000,46,ok
1785390234.786380000,44,ok
1785390234.787318000,50,ok
1785390234.785839000,43,ok
1785390234.787302000,42,ok
1785390234.786331000,44,ok
1785390234.796456000,49,ok
1785390234.798442000,46,ok
1785390234.811640000,50,ok
1785390234.833163000,61,ok
1785390234.851802000,67,ok
1785390234.855205000,40,ok
1785390234.858638000,43,ok
1785390234.865973000,51,ok
1785390234.862654000,36,ok
1785390234.865234000,41,ok
1785390234.863954000,43,ok
1785390234.861893000,48,ok
1785390234.884014000,52,ok
1785390234.873975000,46,ok
1785390234.890221000,61,ok
1785390234.893007000,58,ok
1785390234.890271000,57,ok
1785390234.895073000,64,ok
1785390234.937534000,93,ok
1785390234.945082000,79,ok
1785390234.955141000,70,ok
1785390234.964344000,49,ok
1785390234.965637000,46,ok
1785390234.962135000,46,ok
1785390234.964280000,52,ok
1785390234.964569000,43,ok
1785390234.969335000,43,ok
1785390234.961086000,48,ok
1785390234.963870000,51,ok
1785390234.981067000,53,ok
1785390234.980173000,46,ok
1785390234.982222000,45,ok
1785390234.985222000,44,ok
1785390234.984686000,47,ok
1785390235.042673000,63,ok
1785390235.047247000,60,ok
1785390235.053686000,43,ok
1785390235.053863000,42,ok
1785390235.053424000,44,ok
1785390235.053104000,40,ok
1785390235.054508000,54,ok
1785390235.055179000,49,ok
1785390235.065436000,45,ok
1785390235.065215000,51,ok
1785390235.065500000,49,ok
1785390235.069928000,57,ok
1785390235.074687000,48,ok
1785390235.079171000,51,ok
1785390235.096536000,66,ok
1785390235.096017000,60,ok
1785390235.129811000,43,ok
1785390235.129929000,50,ok
1785390235.137497000,45,ok
1785390235.132310000,38,ok
1785390235.136699000,45,ok
1785390235.137329000,41,ok
1785390235.137138000,44,ok
1785390235.138614000,36,ok
1785390235.138391000,44,ok
1785390235.143966000,39,ok
1785390235.146116000,44,ok
1785390235.147024000,37,ok
1785390235.145441000,42,ok
1785390235.164567000,46,ok
1785390235.174867000,49,ok
1785390235.189559000,64,ok
1785390235.215893000,43,ok
1785390235.217453000,41,ok
1785390235.214428000,43,ok
1785390235.217562000,37,ok
1785390235.219299000,44,ok
1785390235.217581000,40,ok
1785390235.218762000,40,ok
1785390235.224015000,41,ok
1785390235.219335000,40,ok
1785390235.228098000,39,ok
1785390235.235949000,52,ok
1785390235.237028000,49,ok
1785390235.239277000,50,ok
1785390235.245837000,46,ok
1785390235.259184000,49,ok
1785390235.283576000,62,ok
1785390235.298367000,42,ok
1785390235.303570000,40,ok
1785390235.302055000,45,ok
1785390235.302035000,46,ok
1785390235.304126000,34,ok
1785390235.302293000,46,ok
1785390235.304982000,36,ok
1785390235.305354000,36,ok
1785390235.306313000,44,ok
1785390235.305604000,40,ok
1785390235.312408000,39,ok
1785390235.325115000,44,ok
1785390235.335832000,54,ok
1785390235.349330000,61,ok
1785390235.353610000,62,ok
1785390235.368523000,58,ok
1785390235.376977000,40,ok
1785390235.377593000,41,ok
1785390235.379505000,39,ok
1785390235.378248000,43,ok
1785390235.378159000,40,ok
1785390235.378191000,38,ok
1785390235.380497000,43,ok
1785390235.385408000,46,ok
1785390235.394187000,52,ok
1785390235.394683000,50,ok
1785390235.405123000,61,ok
1785390235.423186000,60,ok
1785390235.430092000,63,ok
1785390235.444450000,64,ok
1785390235.449950000,68,ok
1785390235.455737000,42,ok
1785390235.456210000,46,ok
1785390235.457753000,41,ok
1785390235.458045000,40,ok
1785390235.457996000,40,ok
1785390235.453714000,53,ok
1785390235.460845000,40,ok
1785390235.472380000,40,ok
1785390235.468208000,43,ok
1785390235.472195000,48,ok
1785390235.472627000,40,ok
1785390235.493902000,51,ok
1785390235.526101000,71,ok
1785390235.520849000,63,ok
1785390235.527294000,43,ok
1785390235.532185000,42,ok
1785390235.534504000,38,ok
1785390235.533799000,35,ok
1785390235.540751000,41,ok
1785390235.533986000,36,ok
1785390235.539337000,37,ok
1785390235.540490000,43,ok
1785390235.534344000,35,ok
1785390235.542730000,36,ok
1785390235.554983000,47,ok
1785390235.555735000,47,ok
1785390235.572472000,64,ok
1785390235.587809000,60,ok
1785390235.608297000,43,ok
1785390235.612217000,47,ok
1785390235.618851000,40,ok
1785390235.614110000,40,ok
1785390235.619604000,49,ok
1785390235.622205000,39,ok
1785390235.625087000,43,ok
1785390235.624438000,44,ok
1785390235.623102000,43,ok
1785390235.623300000,44,ok
1785390235.624874000,43,ok
1785390235.636425000,36,ok
1785390235.630591000,37,ok
1785390235.636822000,41,ok
1785390235.665572000,59,ok
1785390235.681775000,67,ok
1785390235.689384000,46,ok
1785390235.694003000,46,ok
1785390235.704216000,42,ok
1785390235.704723000,43,ok
1785390235.708505000,39,ok
1785390235.703530000,49,ok
1785390235.702389000,40,ok
1785390235.702683000,40,ok
1785390235.703464000,43,ok
1785390235.696414000,39,ok
1785390235.704537000,41,ok
1785390235.713768000,48,ok
1785390235.711070000,45,ok
1785390235.730379000,59,ok
1785390235.766134000,74,ok
1785390235.787092000,66,ok
1785390235.790715000,53,ok
1785390235.796404000,52,ok
1785390235.798023000,50,ok
1785390235.797675000,46,ok
1785390235.797115000,51,ok
1785390235.800454000,48,ok
1785390235.801982000,50,ok
1785390235.801269000,50,ok
1785390235.805660000,55,ok
1785390235.817743000,69,ok
1785390235.833378000,79,ok
1785390235.833977000,78,ok
1785390235.833444000,70,ok
1785390235.835696000,69,ok
1785390235.857713000,60,ok
1785390235.865683000,47,ok
1785390235.868667000,44,ok
1785390235.874164000,43,ok
1785390235.877275000,45,ok
1785390235.880938000,43,ok
1785390235.882946000,48,ok
1785390235.881077000,46,ok
1785390235.883559000,48,ok
1785390235.888539000,53,ok
1785390235.891124000,54,ok
1785390235.930114000,74,ok
1785390235.930393000,69,ok
1785390235.937139000,69,ok
1785390235.944479000,53,ok
1785390235.945232000,77,ok
1785390235.943692000,74,ok
1785390235.947089000,47,ok
1785390235.955814000,46,ok
1785390235.964639000,55,ok
1785390235.966341000,51,ok
1785390235.978744000,56,ok
1785390235.977976000,58,ok
1785390235.970480000,60,ok
1785390235.981384000,61,ok
1785390235.984789000,57,ok
1785390235.981263000,60,ok
1785390236.034475000,78,ok
1785390236.038433000,79,ok
1785390236.041853000,67,ok
1785390236.046476000,60,ok
1785390236.051237000,58,ok
1785390236.064061000,45,ok
1785390236.062306000,70,ok
1785390236.062959000,68,ok
1785390236.063968000,70,ok
1785390236.078366000,55,ok
1785390236.077834000,57,ok
1785390236.080869000,59,ok
1785390236.075114000,51,ok
1785390236.081040000,54,ok
1785390236.083536000,65,ok
1785390236.084896000,58,ok
1785390236.129610000,65,ok
1785390236.139154000,72,ok
1785390236.140399000,60,ok
1785390236.148267000,51,ok
1785390236.151716000,59,ok
1785390236.156229000,49,ok
1785390236.159796000,47,ok
1785390236.156911000,45,ok
1785390236.156886000,44,ok
1785390236.168590000,46,ok
1785390236.174569000,43,ok
1785390236.173980000,49,ok
1785390236.175867000,46,ok
1785390236.176408000,53,ok
1785390236.175535000,47,ok
1785390236.177026000,55,ok
1785390236.224112000,69,ok
1785390236.236420000,73,ok
1785390236.236278000,56,ok
1785390236.236182000,72,ok
1785390236.244596000,46,ok
1785390236.250859000,40,ok
1785390236.248464000,38,ok
1785390236.249822000,35,ok
1785390236.248743000,37,ok
1785390236.249414000,35,ok
1785390236.248858000,43,ok
1785390236.248184000,58,ok
1785390236.251490000,50,ok
1785390236.247407000,50,ok
1785390236.254057000,39,ok
1785390236.262672000,44,ok
1785390236.336962000,80,ok
1785390236.339739000,65,ok
1785390236.341167000,59,ok
1785390236.344592000,51,ok
1785390236.343277000,64,ok
1785390236.347803000,57,ok
1785390236.349851000,44,ok
1785390236.349900000,55,ok
1785390236.350158000,47,ok
1785390236.348786000,58,ok
1785390236.348943000,52,ok
1785390236.346815000,50,ok
1785390236.361356000,55,ok
1785390236.380126000,79,ok
1785390236.382667000,79,ok
1785390236.380575000,66,ok
1785390236.423341000,44,ok
1785390236.425931000,37,ok
1785390236.427599000,41,ok
1785390236.430750000,45,ok
1785390236.436398000,45,ok
1785390236.436596000,47,ok
1785390236.440132000,46,ok
1785390236.436034000,45,ok
1785390236.444765000,51,ok
1785390236.443455000,47,ok
1785390236.447777000,41,ok
1785390236.445817000,62,ok
1785390236.445622000,52,ok
1785390236.461228000,45,ok
1785390236.478231000,59,ok
1785390236.493353000,74,ok
1785390236.506151000,52,ok
1785390236.514972000,51,ok
1785390236.515700000,55,ok
1785390236.524082000,44,ok
1785390236.518248000,40,ok
1785390236.525884000,44,ok
1785390236.525444000,46,ok
1785390236.527546000,40,ok
1785390236.526983000,48,ok
1785390236.526749000,46,ok
1785390236.528024000,40,ok
1785390236.535903000,42,ok
1785390236.541754000,48,ok
1785390236.539929000,49,ok
1785390236.571491000,60,ok
1785390236.583252000,63,ok
1785390236.590861000,53,ok
1785390236.600183000,48,ok
1785390236.604556000,45,ok
1785390236.603237000,51,ok
1785390236.606447000,49,ok
1785390236.610319000,37,ok
1785390236.608318000,38,ok
1785390236.611800000,42,ok
1785390236.608907000,45,ok
1785390236.617348000,44,ok
1785390236.629569000,45,ok
1785390236.625718000,48,ok
1785390236.628722000,47,ok
1785390236.631949000,59,ok
1785390236.667709000,65,ok
1785390236.671850000,64,ok
1785390236.676712000,57,ok
1785390236.678886000,42,ok
1785390236.681004000,39,ok
1785390236.685723000,43,ok
1785390236.682716000,41,ok
1785390236.682763000,51,ok
1785390236.686000000,42,ok
1785390236.694804000,49,ok
1785390236.703512000,49,ok
1785390236.705607000,61,ok
1785390236.717845000,57,ok
1785390236.721254000,60,ok
1785390236.717902000,55,ok
1785390236.725359000,57,ok
1785390236.763368000,68,ok
1785390236.771592000,52,ok
1785390236.787277000,82,ok
1785390236.783916000,65,ok
1785390236.786779000,65,ok
1785390236.783627000,61,ok
1785390236.791447000,81,ok
1785390236.786914000,73,ok
1785390236.795715000,56,ok
1785390236.790574000,74,ok
1785390236.793708000,67,ok
1785390236.801350000,62,ok
1785390236.846665000,91,ok
1785390236.861152000,105,ok
1785390236.861254000,102,ok
1785390236.872026000,107,ok
1785390236.923423000,69,ok
1785390236.915807000,78,ok
1785390236.916416000,78,ok
1785390236.911882000,100,ok
1785390236.926805000,71,ok
1785390236.927757000,85,ok
1785390236.923485000,71,ok
1785390236.921252000,80,ok
1785390236.924620000,72,ok
1785390236.930027000,91,ok
1785390236.924428000,67,ok
1785390236.947830000,99,ok
1785390236.975217000,84,ok
1785390237.007878000,107,ok
1785390237.012558000,111,ok
1785390237.020478000,119,ok
1785390237.054426000,77,ok
1785390237.055976000,81,ok
1785390237.057613000,81,ok
1785390237.058818000,66,ok
1785390237.059829000,81,ok
1785390237.058412000,62,ok
1785390237.058488000,60,ok
1785390237.059997000,76,ok
1785390237.061652000,68,ok
1785390237.076441000,82,ok
1785390237.076478000,85,ok
1785390237.094419000,91,ok
1785390237.093524000,73,ok
1785390237.125509000,83,ok
1785390237.131574000,83,ok
1785390237.142854000,88,ok
1785390237.171986000,67,ok
1785390237.177466000,65,ok
1785390237.181281000,65,ok
1785390237.188888000,66,ok
1785390237.185063000,61,ok
1785390237.186967000,68,ok
1785390237.186632000,77,ok
1785390237.186614000,73,ok
1785390237.201116000,77,ok
1785390237.189203000,70,ok
1785390237.219441000,71,ok
1785390237.228376000,83,ok
1785390237.195097000,53,ok
1785390237.275028000,101,ok
1785390237.266258000,96,ok
1785390237.293903000,109,ok
1785390237.319308000,88,ok
1785390237.325312000,84,ok
1785390237.337236000,80,ok
1785390237.344195000,67,ok
1785390237.331983000,86,ok
1785390237.344817000,79,ok
1785390237.345257000,79,ok
1785390237.346443000,87,ok
1785390237.360759000,75,ok
1785390237.362014000,106,ok
1785390237.359720000,73,ok
1785390237.376015000,85,ok
1785390237.396380000,84,ok
1785390237.397657000,84,ok
1785390237.402233000,110,ok
1785390237.426069000,95,ok
1785390237.457432000,85,ok
1785390237.493178000,89,ok
1785390237.500078000,110,ok
1785390237.510929000,101,ok
1785390237.510599000,106,ok
1785390237.507653000,79,ok
1785390237.513291000,96,ok
1785390237.511880000,86,ok
1785390237.511476000,82,ok
1785390237.513605000,118,ok
1785390237.518693000,75,ok
1785390237.519835000,68,ok
1785390237.530715000,65,ok
1785390237.543961000,72,ok
1785390237.548053000,84,ok
1785390237.562060000,74,ok
1785390237.584530000,85,ok
1785390237.607558000,61,ok
1785390237.636492000,56,ok
1785390237.635727000,59,ok
1785390237.637560000,68,ok
1785390237.638609000,80,ok
1785390237.636076000,58,ok
1785390237.640372000,54,ok
1785390237.637541000,61,ok
1785390237.643545000,76,ok
1785390237.637998000,79,ok
1785390237.644008000,48,ok
1785390237.668099000,66,ok
1785390237.674229000,91,ok
1785390237.674573000,64,ok
1785390237.686191000,63,ok
1785390237.692765000,83,ok
1785390237.702505000,67,ok
1785390237.762464000,82,ok
1785390237.773864000,96,ok
1785390237.776900000,90,ok
1785390237.777529000,83,ok
1785390237.778812000,96,ok
1785390237.775486000,88,ok
1785390237.791696000,84,ok
1785390237.777511000,94,ok
1785390237.790526000,94,ok
1785390237.795951000,89,ok
1785390237.830921000,97,ok
1785390237.876241000,135,ok
1785390237.881283000,129,ok
1785390237.883756000,142,ok
1785390237.886729000,143,ok
1785390237.885866000,147,ok
1785390237.930081000,125,ok
1785390237.939597000,95,ok
1785390237.943583000,81,ok
1785390237.943476000,89,ok
1785390237.952384000,64,ok
1785390237.951716000,64,ok
1785390237.951277000,100,ok
1785390237.952996000,71,ok
1785390237.959296000,47,ok
1785390237.964038000,58,ok
1785390237.960254000,51,ok
1785390237.986987000,63,ok
1785390237.979369000,58,ok
1785390238.001417000,70,ok
1785390238.003124000,72,ok
1785390238.011046000,76,ok
1785390238.040764000,70,ok
1785390238.059075000,79,ok
1785390238.063572000,75,ok
1785390238.069752000,53,ok
1785390238.071334000,66,ok
1785390238.074984000,61,ok
1785390238.071569000,67,ok
1785390238.071533000,77,ok
1785390238.076771000,88,ok
1785390238.086830000,69,ok
1785390238.077306000,72,ok
1785390238.089766000,59,ok
1785390238.112127000,65,ok
1785390238.114287000,71,ok
1785390238.104839000,71,ok
1785390238.112338000,60,ok
1785390238.140447000,64,ok
1785390238.176104000,73,ok
1785390238.190561000,79,ok
1785390238.191061000,84,ok
1785390238.191030000,81,ok
1785390238.189642000,70,ok
1785390238.189959000,72,ok
1785390238.203020000,85,ok
1785390238.203075000,79,ok
1785390238.210976000,83,ok
1785390238.210098000,85,ok
1785390238.220147000,76,ok
1785390238.225827000,67,ok
1785390238.233516000,73,ok
1785390238.243189000,85,ok
1785390238.245523000,59,ok
1785390238.250130000,87,ok
1785390238.275686000,62,ok
1785390238.303015000,72,ok
1785390238.311842000,66,ok
1785390238.314529000,70,ok
1785390238.310108000,80,ok
1785390238.312262000,76,ok
1785390238.311844000,55,ok
1785390238.311989000,73,ok
1785390238.310377000,60,ok
1785390238.319463000,57,ok
1785390238.327678000,52,ok
1785390238.326360000,59,ok
1785390238.327258000,58,ok
1785390238.341331000,59,ok
1785390238.349399000,60,ok
1785390238.353451000,66,ok
1785390238.374611000,62,ok
1785390238.406804000,51,ok
1785390238.409359000,51,ok
1785390238.408392000,49,ok
1785390238.408545000,56,ok
1785390238.416513000,47,ok
1785390238.409440000,50,ok
1785390238.412922000,43,ok
1785390238.414571000,55,ok
1785390238.411031000,54,ok
1785390238.412556000,50,ok
1785390238.412041000,57,ok
1785390238.427191000,41,ok
1785390238.427009000,54,ok
1785390238.453867000,58,ok
1785390238.455579000,54,ok
1785390238.452380000,54,ok
1785390238.503810000,49,ok
1785390238.518655000,59,ok
1785390238.521329000,49,ok
1785390238.519449000,48,ok
1785390238.519606000,59,ok
1785390238.524276000,50,ok
1785390238.523578000,51,ok
1785390238.524383000,50,ok
1785390238.524004000,54,ok
1785390238.525002000,60,ok
1785390238.524393000,54,ok
1785390238.544279000,55,ok
1785390238.542259000,65,ok
1785390238.569619000,68,ok
1785390238.574660000,67,ok
1785390238.582335000,74,ok
1785390238.592522000,56,ok
1785390238.615973000,49,ok
1785390238.621629000,45,ok
1785390238.619887000,52,ok
1785390238.624272000,39,ok
1785390238.623284000,45,ok
1785390238.624329000,40,ok
1785390238.625181000,34,ok
1785390238.622740000,52,ok
1785390238.626423000,53,ok
1785390238.628056000,56,ok
1785390238.625653000,49,ok
1785390238.636184000,41,ok
1785390238.669667000,57,ok
1785390238.687071000,64,ok
1785390238.682964000,66,ok
1785390238.692632000,55,ok
1785390238.707055000,44,ok
1785390238.702129000,40,ok
1785390238.708722000,42,ok
1785390238.706134000,44,ok
1785390238.707898000,47,ok
1785390238.711835000,42,ok
1785390238.709722000,38,ok
1785390238.719510000,44,ok
1785390238.717640000,47,ok
1785390238.721508000,51,ok
1785390238.721001000,45,ok
1785390238.719546000,52,ok
1785390238.765198000,56,ok
1785390238.774828000,61,ok
1785390238.785353000,58,ok
1785390238.781706000,60,ok
1785390238.790062000,41,ok
1785390238.788942000,43,ok
1785390238.794901000,37,ok
1785390238.791052000,40,ok
1785390238.791442000,47,ok
1785390238.796452000,37,ok
1785390238.790887000,44,ok
1785390238.798367000,35,ok
1785390238.800966000,40,ok
1785390238.801538000,41,ok
1785390238.815611000,50,ok
1785390238.822159000,57,ok
1785390238.876915000,73,ok
1785390238.892789000,48,ok
1785390238.893147000,44,ok
1785390238.891624000,70,ok
1785390238.894544000,53,ok
1785390238.896339000,48,ok
1785390238.898133000,63,ok
1785390238.894807000,64,ok
1785390238.896032000,41,ok
1785390238.894719000,38,ok
1785390238.894740000,48,ok
1785390238.913522000,54,ok
1785390238.927444000,71,ok
1785390238.933036000,71,ok
1785390238.953580000,84,ok
1785390238.951827000,80,ok
1785390238.976089000,59,ok
1785390238.988170000,55,ok
1785390238.987150000,38,ok
1785390238.988566000,57,ok
1785390238.986973000,51,ok
1785390238.988907000,49,ok
1785390238.991068000,45,ok
1785390239.001144000,49,ok
1785390239.001843000,49,ok
1785390239.004500000,49,ok
1785390239.003910000,49,ok
1785390239.013804000,49,ok
1785390239.024249000,49,ok
1785390239.025796000,49,ok
1785390239.044219000,57,ok
1785390239.056780000,67,ok
1785390239.067954000,56,ok
1785390239.078147000,45,ok
1785390239.074759000,47,ok
1785390239.079132000,51,ok
1785390239.080830000,53,ok
1785390239.079652000,54,ok
1785390239.079372000,48,ok
1785390239.089362000,44,ok
1785390239.106926000,51,ok
1785390239.114475000,59,ok
1785390239.116903000,59,ok
1785390239.117900000,58,ok
1785390239.124892000,62,ok
1785390239.127972000,64,ok
1785390239.138984000,51,ok
1785390239.145031000,52,ok
1785390239.149301000,46,ok
1785390239.158372000,46,ok
1785390239.154362000,45,ok
1785390239.161813000,53,ok
1785390239.164095000,49,ok
1785390239.164196000,50,ok
1785390239.175841000,62,ok
1785390239.178457000,63,ok
1785390239.199943000,55,ok
1785390239.212185000,63,ok
1785390239.226040000,68,ok
1785390239.228327000,49,ok
1785390239.229566000,52,ok
1785390239.227255000,69,ok
1785390239.231998000,68,ok
1785390239.237614000,53,ok
1785390239.246914000,59,ok
1785390239.250791000,48,ok
1785390239.248101000,52,ok
1785390239.250063000,57,ok
1785390239.266900000,67,ok
1785390239.265221000,61,ok
1785390239.278716000,63,ok
1785390239.285034000,73,ok
1785390239.301581000,69,ok
1785390239.310698000,64,ok
1785390239.328743000,58,ok
1785390239.336518000,65,ok
1785390239.335879000,62,ok
1785390239.338188000,61,ok
1785390239.333825000,44,ok
1785390239.343960000,41,ok
1785390239.339221000,44,ok
1785390239.338446000,66,ok
1785390239.348198000,50,ok
1785390239.346267000,38,ok
1785390239.345059000,37,ok
1785390239.347923000,38,ok
1785390239.368260000,47,ok
1785390239.387672000,67,ok
1785390239.402781000,67,ok
1785390239.401179000,69,ok
1785390239.414156000,45,ok
1785390239.421752000,44,ok
1785390239.419715000,44,ok
1785390239.423218000,45,ok
1785390239.417390000,38,ok
1785390239.415417000,45,ok
1785390239.423028000,43,ok
1785390239.427754000,33,ok
1785390239.423007000,42,ok
1785390239.428583000,42,ok
1785390239.425907000,37,ok
1785390239.427503000,40,ok
1785390239.447993000,46,ok
1785390239.463267000,44,ok
1785390239.495879000,51,ok
1785390239.498089000,53,ok
1785390239.500251000,49,ok
1785390239.511765000,43,ok
1785390239.508435000,49,ok
1785390239.514557000,44,ok
1785390239.518523000,48,ok
1785390239.513497000,44,ok
1785390239.519909000,49,ok
1785390239.520577000,40,ok
1785390239.519574000,42,ok
1785390239.524059000,46,ok
1785390239.520557000,40,ok
1785390239.526606000,48,ok
1785390239.537400000,41,ok
1785390239.552978000,48,ok
1785390239.582656000,51,ok
1785390239.589618000,44,ok
1785390239.594021000,36,ok
1785390239.593850000,35,ok
1785390239.597419000,40,ok
1785390239.604618000,42,ok
1785390239.593690000,57,ok
1785390239.604698000,43,ok
1785390239.607700000,48,ok
1785390239.629166000,53,ok
1785390239.630382000,63,ok
1785390239.630814000,67,ok
1785390239.629053000,60,ok
1785390239.645318000,77,ok
1785390239.647694000,59,ok
1785390239.659862000,67,ok
1785390239.665464000,51,ok
1785390239.676975000,35,ok
1785390239.679842000,45,ok
1785390239.678870000,40,ok
1785390239.675089000,51,ok
1785390239.677000000,46,ok
1785390239.679562000,44,ok
1785390239.674870000,52,ok
1785390239.688040000,57,ok
1785390239.718956000,61,ok
1785390239.722759000,57,ok
1785390239.732942000,69,ok
1785390239.734084000,58,ok
1785390239.731294000,65,ok
1785390239.738849000,57,ok
1785390239.751222000,51,ok
1785390239.747498000,43,ok
1785390239.762081000,50,ok
1785390239.756198000,47,ok
1785390239.766473000,52,ok
1785390239.767965000,56,ok
1785390239.766579000,52,ok
1785390239.766233000,42,ok
1785390239.767753000,52,ok
1785390239.767973000,53,ok
1785390239.809034000,60,ok
1785390239.816635000,62,ok
1785390239.822888000,55,ok
1785390239.825238000,58,ok
1785390239.826816000,57,ok
1785390239.826881000,52,ok
1785390239.843120000,48,ok
1785390239.851472000,57,ok
1785390239.859180000,59,ok
1785390239.858288000,59,ok
1785390239.859741000,53,ok
1785390239.857356000,53,ok
1785390239.860003000,60,ok
1785390239.872972000,64,ok
1785390239.872420000,67,ok
1785390239.874687000,63,ok
1785390239.904355000,64,ok
1785390239.917756000,71,ok
1785390239.924682000,68,ok
1785390239.935042000,76,ok
1785390239.944165000,84,ok
1785390239.945170000,82,ok
1785390239.966059000,76,ok
1785390239.971779000,63,ok
1785390239.972643000,69,ok
1785390239.976663000,74,ok
1785390239.977386000,76,ok
1785390239.977170000,73,ok
1785390239.976578000,83,ok
1785390239.984332000,64,ok
1785390239.980998000,60,ok
1785390239.993066000,55,ok
1785390239.988496000,60,ok
1785390240.021301000,68,ok
1785390240.020065000,66,ok
1785390240.032399000,67,ok
1785390240.042750000,64,ok
1785390240.050861000,65,ok
1785390240.070386000,50,ok
1785390240.075647000,51,ok
1785390240.081236000,54,ok
1785390240.074605000,60,ok
1785390240.082556000,53,ok
1785390240.083697000,47,ok
1785390240.079846000,52,ok
1785390240.092546000,60,ok
1785390240.099717000,65,ok
1785390240.107291000,67,ok
1785390240.108095000,63,ok
1785390240.118262000,60,ok
1785390240.128530000,69,ok
1785390240.131577000,65,ok
1785390240.149084000,68,ok
1785390240.153369000,70,ok
1785390240.180074000,65,ok
1785390240.188162000,56,ok
1785390240.190410000,65,ok
1785390240.190774000,66,ok
1785390240.195634000,68,ok
1785390240.209851000,65,ok
1785390240.204557000,73,ok
1785390240.215802000,59,ok
1785390240.207793000,65,ok
1785390240.207377000,72,ok
1785390240.231832000,64,ok
1785390240.223456000,64,ok
1785390240.245818000,69,ok
1785390240.246131000,73,ok
1785390240.255217000,65,ok
1785390240.258074000,69,ok
1785390240.279535000,55,ok
1785390240.287566000,66,ok
1785390240.305262000,66,ok
1785390240.313354000,59,ok
1785390240.314887000,80,ok
1785390240.314364000,65,ok
1785390240.325493000,64,ok
1785390240.326754000,70,ok
1785390240.327755000,73,ok
1785390240.328545000,65,ok
1785390240.337266000,62,ok
1785390240.343121000,61,ok
1785390240.357990000,71,ok
1785390240.360002000,68,ok
1785390240.369001000,71,ok
1785390240.359520000,66,ok
1785390240.375088000,65,ok
1785390240.374154000,60,ok
1785390240.394380000,52,ok
1785390240.411580000,60,ok
1785390240.419158000,72,ok
1785390240.425664000,63,ok
1785390240.419682000,62,ok
1785390240.426006000,58,ok
1785390240.426032000,56,ok
1785390240.427373000,56,ok
1785390240.432505000,48,ok
1785390240.448477000,58,ok
1785390240.454941000,62,ok
1785390240.466034000,58,ok
1785390240.464144000,53,ok
1785390240.466051000,61,ok
1785390240.471849000,65,ok
1785390240.469865000,64,ok
1785390240.491647000,66,ok
1785390240.510799000,60,ok
1785390240.521570000,60,ok
1785390240.517791000,71,ok
1785390240.533615000,75,ok
1785390240.533824000,62,ok
1785390240.536516000,69,ok
1785390240.537370000,80,ok
1785390240.535099000,68,ok
1785390240.545746000,55,ok
1785390240.554560000,58,ok
1785390240.566853000,63,ok
1785390240.564816000,56,ok
1785390240.565312000,59,ok
1785390240.566616000,65,ok
1785390240.570175000,67,ok
1785390240.594730000,69,ok
1785390240.606772000,63,ok
1785390240.614350000,68,ok
1785390240.629816000,61,ok
1785390240.625529000,78,ok
1785390240.634641000,62,ok
1785390240.638574000,62,ok
1785390240.634633000,62,ok
1785390240.644056000,65,ok
1785390240.644926000,58,ok
1785390240.649454000,44,ok
1785390240.663312000,55,ok
1785390240.673522000,65,ok
1785390240.674252000,62,ok
1785390240.673088000,63,ok
1785390240.674244000,65,ok
1785390240.686618000,56,ok
1785390240.709675000,57,ok
1785390240.720374000,55,ok
1785390240.720317000,49,ok
1785390240.718239000,67,ok
1785390240.720523000,59,ok
1785390240.727798000,49,ok
1785390240.728922000,50,ok
1785390240.745506000,63,ok
1785390240.758243000,71,ok
1785390240.759662000,71,ok
1785390240.761895000,57,ok
1785390240.777931000,65,ok
1785390240.779460000,67,ok
1785390240.778009000,60,ok
1785390240.786903000,62,ok
1785390240.787912000,68,ok
1785390240.816219000,70,ok
1785390240.824450000,71,ok
1785390240.833073000,77,ok
1785390240.838229000,73,ok
1785390240.837709000,79,ok
1785390240.837152000,70,ok
1785390240.838365000,82,ok
1785390240.845436000,60,ok
1785390240.858171000,57,ok
1785390240.876487000,78,ok
1785390240.883759000,78,ok
1785390240.883904000,64,ok
1785390240.890439000,64,ok
1785390240.890049000,72,ok
1785390240.890863000,66,ok
1785390240.897584000,72,ok
1785390240.908523000,55,ok
1785390240.917007000,55,ok
1785390240.930319000,58,ok
1785390240.923726000,54,ok
1785390240.932785000,61,ok
1785390240.935582000,63,ok
1785390240.936333000,61,ok
1785390240.931512000,59,ok
1785390240.945715000,62,ok
1785390240.960056000,53,ok
1785390240.972751000,57,ok
1785390240.973179000,59,ok
1785390240.984337000,58,ok
1785390240.984698000,64,ok
1785390240.984415000,54,ok
1785390240.983721000,65,ok
1785390240.997191000,51,ok
1785390241.018112000,59,ok
1785390241.021914000,54,ok
1785390241.026006000,57,ok
1785390241.026846000,58,ok
1785390241.033128000,55,ok
1785390241.044925000,60,ok
1785390241.042772000,67,ok
1785390241.044692000,69,ok
1785390241.053371000,52,ok
1785390241.059964000,49,ok
1785390241.069246000,55,ok
1785390241.058490000,43,ok
1785390241.064852000,44,ok
1785390241.060986000,41,ok
1785390241.066065000,45,ok
1785390241.083886000,56,ok
1785390241.122881000,77,ok
1785390241.130582000,74,ok
1785390241.136270000,62,ok
1785390241.138012000,79,ok
1785390241.137568000,55,ok
1785390241.139122000,81,ok
1785390241.145162000,42,ok
1785390241.139290000,53,ok
1785390241.156959000,44,ok
1785390241.153835000,54,ok
1785390241.156727000,46,ok
1785390241.157502000,46,ok
1785390241.166616000,50,ok
1785390241.182437000,59,ok
1785390241.182339000,67,ok
1785390241.187120000,70,ok
1785390241.212861000,57,ok
1785390241.231488000,60,ok
1785390241.234807000,56,ok
1785390241.243515000,63,ok
1785390241.248667000,49,ok
1785390241.241288000,69,ok
1785390241.244830000,61,ok
1785390241.244519000,70,ok
1785390241.249656000,42,ok
1785390241.249361000,49,ok
1785390241.244445000,68,ok
1785390241.249104000,46,ok
1785390241.270913000,54,ok
1785390241.282440000,58,ok
1785390241.288593000,63,ok
1785390241.300823000,74,ok
1785390241.312849000,54,ok
1785390241.324154000,50,ok
1785390241.328260000,43,ok
1785390241.337396000,49,ok
1785390241.342000000,54,ok
1785390241.335869000,57,ok
1785390241.346488000,57,ok
1785390241.336884000,49,ok
1785390241.348602000,59,ok
1785390241.345451000,55,ok
1785390241.346962000,51,ok
1785390241.346868000,55,ok
1785390241.398410000,83,ok
1785390241.409254000,90,ok
1785390241.409536000,94,ok
1785390241.411802000,86,ok
1785390241.435943000,54,ok
1785390241.437361000,58,ok
1785390241.433496000,75,ok
1785390241.438379000,65,ok
1785390241.440151000,51,ok
1785390241.443048000,57,ok
1785390241.441614000,57,ok
1785390241.443231000,54,ok
1785390241.443063000,60,ok
1785390241.444599000,58,ok
1785390241.453686000,61,ok
1785390241.457114000,67,ok
1785390241.503495000,74,ok
1785390241.507262000,73,ok
1785390241.511771000,70,ok
1785390241.515824000,35,ok
1785390241.515852000,37,ok
1785390241.518440000,43,ok
1785390241.511692000,69,ok
1785390241.521355000,36,ok
1785390241.529024000,46,ok
1785390241.520610000,39,ok
1785390241.529609000,46,ok
1785390241.528445000,42,ok
1785390241.536945000,44,ok
1785390241.538729000,46,ok
1785390241.529223000,39,ok
1785390241.538228000,50,ok
1785390241.596134000,54,ok
1785390241.595785000,66,ok
1785390241.598787000,46,ok
1785390241.598930000,43,ok
1785390241.598689000,45,ok
1785390241.605748000,35,ok
1785390241.605268000,43,ok
1785390241.604418000,45,ok
1785390241.604494000,43,ok
1785390241.606480000,34,ok
1785390241.610877000,36,ok
1785390241.607297000,30,ok
1785390241.618527000,40,ok
1785390241.619384000,42,ok
1785390241.619198000,44,ok
1785390241.621577000,44,ok
1785390241.672081000,33,ok
1785390241.676580000,32,ok
1785390241.674523000,43,ok
1785390241.673631000,43,ok
1785390241.676739000,33,ok
1785390241.689735000,37,ok
1785390241.674619000,29,ok
1785390241.683753000,32,ok
1785390241.692888000,42,ok
1785390241.690714000,35,ok
1785390241.691186000,40,ok
1785390241.691177000,44,ok
1785390241.692205000,37,ok
1785390241.699798000,39,ok
1785390241.701607000,43,ok
1785390241.712109000,46,ok
1785390241.759355000,45,ok
1785390241.764031000,43,ok
1785390241.762611000,40,ok
1785390241.761343000,43,ok
1785390241.759698000,42,ok
1785390241.785313000,48,ok
1785390241.793637000,58,ok
1785390241.791100000,51,ok
1785390241.791999000,53,ok
1785390241.792228000,53,ok
1785390241.789921000,52,ok
1785390241.795140000,57,ok
1785390241.801401000,55,ok
1785390241.791365000,51,ok
1785390241.801602000,57,ok
1785390241.811469000,51,ok
1785390241.843388000,44,ok
1785390241.848146000,41,ok
1785390241.861479000,53,ok
1785390241.859509000,49,ok
1785390241.859040000,50,ok
1785390241.873608000,41,ok
1785390241.875267000,43,ok
1785390241.888296000,57,ok
1785390241.889307000,53,ok
1785390241.895314000,53,ok
1785390241.891344000,55,ok
1785390241.896273000,54,ok
1785390241.887809000,48,ok
1785390241.909173000,52,ok
1785390241.907339000,58,ok
1785390241.912108000,54,ok
1785390241.976062000,75,ok
1785390241.982477000,59,ok
1785390241.981793000,67,ok
1785390241.978570000,67,ok
1785390241.986058000,48,ok
1785390241.989945000,38,ok
1785390241.987001000,50,ok
1785390241.988635000,50,ok
1785390241.982411000,69,ok
1785390241.988673000,44,ok
1785390241.992534000,52,ok
1785390241.994054000,42,ok
1785390241.994634000,48,ok
1785390241.992721000,42,ok
1785390242.002967000,42,ok
1785390242.002859000,47,ok
1785390242.059729000,34,ok
1785390242.066664000,42,ok
1785390242.056426000,39,ok
1785390242.069921000,41,ok
1785390242.066150000,40,ok
1785390242.076006000,41,ok
1785390242.076545000,43,ok
1785390242.090926000,54,ok
1785390242.088427000,56,ok
1785390242.090898000,50,ok
1785390242.090938000,57,ok
1785390242.094811000,53,ok
1785390242.093619000,53,ok
1785390242.093825000,48,ok
1785390242.095468000,54,ok
1785390242.101406000,53,ok
1785390242.149054000,41,ok
1785390242.150550000,39,ok
1785390242.151992000,32,ok
1785390242.150530000,42,ok
1785390242.154394000,30,ok
1785390242.151147000,41,ok
1785390242.165499000,33,ok
1785390242.168368000,38,ok
1785390242.156112000,41,ok
1785390242.168919000,32,ok
1785390242.170211000,35,ok
1785390242.165673000,29,ok
1785390242.169937000,40,ok
1785390242.176965000,39,ok
1785390242.181066000,46,ok
1785390242.179205000,43,ok
1785390242.231199000,41,ok
1785390242.232505000,40,ok
1785390242.232341000,47,ok
1785390242.235239000,32,ok
1785390242.233104000,43,ok
1785390242.240054000,35,ok
1785390242.241438000,38,ok
1785390242.241449000,40,ok
1785390242.241643000,39,ok
1785390242.247381000,35,ok
1785390242.246755000,36,ok
1785390242.249184000,38,ok
1785390242.260548000,46,ok
1785390242.257613000,39,ok
1785390242.263491000,44,ok
1785390242.259607000,44,ok
1785390242.302599000,33,ok
1785390242.305853000,35,ok
1785390242.305442000,36,ok
1785390242.312020000,44,ok
1785390242.320100000,42,ok
1785390242.317435000,44,ok
1785390242.323494000,36,ok
1785390242.321285000,41,ok
1785390242.321773000,43,ok
1785390242.330231000,38,ok
1785390242.328933000,40,ok
1785390242.330698000,40,ok
1785390242.338215000,34,ok
1785390242.340788000,36,ok
1785390242.338378000,37,ok
1785390242.346703000,43,ok
1785390242.377924000,45,ok
1785390242.389818000,53,ok
1785390242.389719000,55,ok
1785390242.400393000,49,ok
1785390242.403422000,36,ok
1785390242.400630000,45,ok
1785390242.403785000,45,ok
1785390242.405677000,34,ok
1785390242.404302000,30,ok
1785390242.405198000,37,ok
1785390242.409121000,31,ok
1785390242.404695000,42,ok
1785390242.401967000,38,ok
1785390242.405001000,35,ok
1785390242.416792000,38,ok
1785390242.428408000,45,ok
1785390242.463592000,56,ok
1785390242.468106000,41,ok
1785390242.471234000,35,ok
1785390242.473350000,32,ok
1785390242.475918000,35,ok
1785390242.480287000,36,ok
1785390242.480488000,38,ok
1785390242.484181000,37,ok
1785390242.478108000,38,ok
1785390242.479674000,34,ok
1785390242.480736000,38,ok
1785390242.492065000,40,ok
1785390242.491980000,42,ok
1785390242.511681000,58,ok
1785390242.512460000,60,ok
1785390242.532676000,70,ok
1785390242.552672000,56,ok
1785390242.556851000,47,ok
1785390242.561286000,39,ok
1785390242.559730000,39,ok
1785390242.561106000,45,ok
1785390242.569603000,43,ok
1785390242.569045000,37,ok
1785390242.565050000,42,ok
1785390242.570274000,46,ok
1785390242.571739000,45,ok
1785390242.571181000,44,ok
1785390242.574915000,43,ok
1785390242.571540000,50,ok
1785390242.596434000,50,ok
1785390242.602161000,55,ok
1785390242.610800000,53,ok
1785390242.633794000,46,ok
1785390242.637133000,41,ok
1785390242.643050000,42,ok
1785390242.642744000,42,ok
1785390242.641293000,47,ok
1785390242.647609000,39,ok
1785390242.651603000,42,ok
1785390242.660266000,48,ok
1785390242.661284000,50,ok
1785390242.658039000,44,ok
1785390242.662664000,50,ok
1785390242.661864000,56,ok
1785390242.676674000,57,ok
1785390242.688531000,55,ok
1785390242.691134000,57,ok
1785390242.699417000,61,ok
1785390242.715137000,43,ok
1785390242.715779000,39,ok
1785390242.713866000,44,ok
1785390242.715108000,45,ok
1785390242.723454000,45,ok
1785390242.728747000,42,ok
1785390242.728273000,40,ok
1785390242.746674000,51,ok
1785390242.745012000,51,ok
1785390242.745062000,50,ok
1785390242.749280000,54,ok
1785390242.768794000,68,ok
1785390242.761752000,57,ok
1785390242.779784000,59,ok
1785390242.788342000,61,ok
1785390242.790544000,54,ok
1785390242.795919000,44,ok
1785390242.801452000,54,ok
1785390242.804267000,49,ok
1785390242.811877000,47,ok
1785390242.805911000,50,ok
1785390242.821068000,49,ok
1785390242.821705000,56,ok
1785390242.831333000,49,ok
1785390242.848076000,66,ok
1785390242.852643000,72,ok
1785390242.846839000,62,ok
1785390242.870794000,72,ok
1785390242.877536000,75,ok
1785390242.879174000,61,ok
1785390242.884579000,59,ok
1785390242.895112000,64,ok
1785390242.892476000,63,ok
1785390242.893751000,55,ok
1785390242.893552000,53,ok
1785390242.904063000,50,ok
1785390242.919937000,63,ok
1785390242.918597000,59,ok
1785390242.915589000,67,ok
1785390242.923403000,59,ok
1785390242.944790000,66,ok
1785390242.950521000,66,ok
1785390242.951179000,67,ok
1785390242.969610000,63,ok
1785390242.979322000,77,ok
1785390242.979911000,70,ok
1785390242.979214000,47,ok
1785390242.987015000,57,ok
1785390242.987959000,56,ok
1785390242.985170000,63,ok
1785390242.986196000,58,ok
1785390242.997939000,54,ok
1785390243.005297000,53,ok
1785390243.013813000,54,ok
1785390243.029080000,70,ok
1785390243.029929000,72,ok
1785390243.049398000,69,ok
1785390243.053006000,80,ok
1785390243.065292000,56,ok
1785390243.060287000,73,ok
1785390243.072046000,51,ok
1785390243.077115000,48,ok
1785390243.079591000,51,ok
1785390243.079954000,54,ok
1785390243.081407000,49,ok
1785390243.084010000,52,ok
1785390243.080541000,50,ok
1785390243.091842000,50,ok
1785390243.101794000,50,ok
1785390243.129950000,66,ok
1785390243.134897000,74,ok
1785390243.137560000,59,ok
1785390243.141589000,49,ok
1785390243.135240000,62,ok
1785390243.144064000,45,ok
1785390243.144961000,46,ok
1785390243.148704000,37,ok
1785390243.157052000,39,ok
1785390243.155766000,38,ok
1785390243.158832000,41,ok
1785390243.162008000,36,ok
1785390243.151678000,34,ok
1785390243.175811000,49,ok
1785390243.174084000,48,ok
1785390243.190596000,52,ok
1785390243.218420000,44,ok
1785390243.227936000,47,ok
1785390243.227692000,44,ok
1785390243.227766000,51,ok
1785390243.228716000,41,ok
1785390243.225757000,46,ok
1785390243.234479000,36,ok
1785390243.237135000,42,ok
1785390243.237047000,35,ok
1785390243.227807000,38,ok
1785390243.225672000,46,ok
1785390243.237913000,39,ok
1785390243.241523000,39,ok
1785390243.257644000,45,ok
1785390243.269676000,56,ok
1785390243.291899000,69,ok
1785390243.316081000,37,ok
1785390243.314847000,39,ok
1785390243.320052000,37,ok
1785390243.322599000,43,ok
1785390243.314733000,52,ok
1785390243.318125000,50,ok
1785390243.319184000,50,ok
1785390243.317630000,53,ok
1785390243.321122000,39,ok
1785390243.323569000,40,ok
1785390243.317608000,47,ok
1785390243.335158000,49,ok
1785390243.350865000,60,ok
1785390243.353534000,56,ok
1785390243.374124000,65,ok
1785390243.395547000,65,ok
1785390243.400800000,47,ok
1785390243.400819000,45,ok
1785390243.405349000,47,ok
1785390243.408963000,50,ok
1785390243.413568000,54,ok
1785390243.410954000,50,ok
1785390243.418714000,55,ok
1785390243.416899000,57,ok
1785390243.436112000,67,ok
1785390243.437235000,73,ok
1785390243.437108000,74,ok
1785390243.437467000,65,ok
1785390243.471581000,84,ok
1785390243.477684000,82,ok
1785390243.478723000,73,ok
1785390243.490291000,57,ok
1785390243.495441000,52,ok
1785390243.499129000,56,ok
1785390243.500275000,52,ok
1785390243.504195000,50,ok
1785390243.501758000,51,ok
1785390243.509256000,52,ok
1785390243.514161000,61,ok
1785390243.508284000,56,ok
1785390243.515133000,47,ok
1785390243.530251000,62,ok
1785390243.526794000,57,ok
1785390243.551751000,74,ok
1785390243.561795000,61,ok
1785390243.573586000,61,ok
1785390243.574551000,64,ok
1785390243.586181000,54,ok
1785390243.587628000,55,ok
1785390243.594823000,57,ok
1785390243.602314000,66,ok
1785390243.606643000,61,ok
1785390243.614133000,68,ok
1785390243.622179000,68,ok
1785390243.621479000,49,ok
1785390243.621203000,64,ok
1785390243.622193000,68,ok
1785390243.622296000,58,ok
1785390243.620826000,68,ok
1785390243.642299000,58,ok
1785390243.669400000,76,ok
1785390243.672373000,69,ok
1785390243.672997000,73,ok
1785390243.682155000,50,ok
1785390243.688927000,50,ok
1785390243.689807000,50,ok
1785390243.687801000,57,ok
1785390243.697274000,49,ok
1785390243.708047000,44,ok
1785390243.709561000,48,ok
1785390243.710193000,52,ok
1785390243.709770000,50,ok
1785390243.710115000,41,ok
1785390243.708695000,44,ok
1785390243.706333000,53,ok
1785390243.718062000,37,ok
1785390243.751414000,56,ok
1785390243.755099000,57,ok
1785390243.757919000,58,ok
1785390243.758840000,45,ok
1785390243.762024000,43,ok
1785390243.765975000,48,ok
1785390243.764343000,41,ok
1785390243.783312000,41,ok
1785390243.781371000,45,ok
1785390243.787044000,42,ok
1785390243.789093000,44,ok
1785390243.787526000,43,ok
1785390243.792318000,45,ok
1785390243.793482000,48,ok
1785390243.793491000,42,ok
1785390243.791593000,42,ok
1785390243.831737000,49,ok
1785390243.835829000,38,ok
1785390243.835002000,52,ok
1785390243.835386000,54,ok
1785390243.836509000,46,ok
1785390243.836530000,46,ok
1785390243.845167000,43,ok
1785390243.856958000,40,ok
1785390243.861238000,37,ok
1785390243.863521000,40,ok
1785390243.868191000,39,ok
1785390243.868061000,45,ok
1785390243.865759000,42,ok
1785390243.867192000,38,ok
1785390243.866501000,43,ok
1785390243.868787000,38,ok
1785390243.901659000,39,ok
1785390243.906577000,42,ok
1785390243.907805000,49,ok
1785390243.912059000,49,ok
1785390243.918576000,50,ok
1785390243.918023000,46,ok
1785390243.927290000,48,ok
1785390243.940886000,46,ok
1785390243.938576000,42,ok
1785390243.944229000,47,ok
1785390243.943362000,47,ok
1785390243.945298000,44,ok
1785390243.943888000,43,ok
1785390243.956481000,55,ok
1785390243.958552000,56,ok
1785390243.957667000,56,ok
1785390243.986755000,54,ok
1785390243.993906000,61,ok
1785390243.992390000,57,ok
1785390243.996813000,50,ok
1785390243.996489000,69,ok
1785390243.998487000,51,ok
1785390243.996841000,42,ok
1785390244.020909000,40,ok
1785390244.015688000,40,ok
1785390244.021159000,44,ok
1785390244.021126000,41,ok
1785390244.022602000,45,ok
1785390244.029515000,50,ok
1785390244.032083000,44,ok
1785390244.036290000,48,ok
1785390244.033827000,42,ok
1785390244.065510000,46,ok
1785390244.076792000,46,ok
1785390244.074107000,50,ok
1785390244.084163000,56,ok
1785390244.078254000,46,ok
1785390244.080067000,46,ok
1785390244.080626000,44,ok
1785390244.098224000,41,ok
1785390244.098505000,45,ok
1785390244.099122000,41,ok
1785390244.110810000,49,ok
1785390244.112323000,51,ok
1785390244.104232000,44,ok
1785390244.116598000,49,ok
1785390244.111151000,52,ok
1785390244.118238000,53,ok
1785390244.144426000,45,ok
1785390244.148442000,42,ok
1785390244.155761000,37,ok
1785390244.157906000,43,ok
1785390244.158303000,47,ok
1785390244.166530000,37,ok
1785390244.167250000,45,ok
1785390244.168679000,48,ok
1785390244.189033000,49,ok
1785390244.192965000,48,ok
1785390244.194969000,49,ok
1785390244.195078000,53,ok
1785390244.200076000,50,ok
1785390244.202504000,56,ok
1785390244.213153000,63,ok
1785390244.214287000,59,ok
1785390244.225060000,48,ok
1785390244.237087000,46,ok
1785390244.237281000,53,ok
1785390244.235737000,53,ok
1785390244.236965000,55,ok
1785390244.240681000,46,ok
1785390244.246800000,47,ok
1785390244.248637000,46,ok
1785390244.267650000,47,ok
1785390244.271763000,53,ok
1785390244.273502000,50,ok
1785390244.276038000,51,ok
1785390244.283106000,52,ok
1785390244.286694000,45,ok
1785390244.282308000,51,ok
1785390244.292020000,54,ok
1785390244.309541000,47,ok
1785390244.313353000,47,ok
1785390244.316782000,43,ok
1785390244.317316000,51,ok
1785390244.318405000,41,ok
1785390244.318293000,51,ok
1785390244.317174000,51,ok
1785390244.317578000,51,ok
1785390244.351362000,52,ok
1785390244.358787000,59,ok
1785390244.358467000,53,ok
1785390244.365899000,59,ok
1785390244.370056000,55,ok
1785390244.372725000,50,ok
1785390244.372524000,49,ok
1785390244.374431000,39,ok
1785390244.379862000,34,ok
1785390244.393927000,45,ok
1785390244.398805000,41,ok
1785390244.402560000,47,ok
1785390244.398231000,45,ok
1785390244.401247000,47,ok
1785390244.399223000,45,ok
1785390244.402597000,48,ok
1785390244.428247000,45,ok
1785390244.437316000,52,ok
1785390244.445241000,52,ok
1785390244.443486000,56,ok
1785390244.451462000,44,ok
1785390244.449952000,51,ok
1785390244.457908000,40,ok
1785390244.459056000,48,ok
1785390244.459149000,50,ok
1785390244.467615000,35,ok
1785390244.465913000,34,ok
1785390244.471487000,40,ok
1785390244.475334000,42,ok
1785390244.473277000,38,ok
1785390244.472575000,38,ok
1785390244.475312000,39,ok
1785390244.526396000,67,ok
1785390244.527540000,48,ok
1785390244.528183000,58,ok
1785390244.528759000,44,ok
1785390244.529600000,49,ok
1785390244.532514000,36,ok
1785390244.529127000,41,ok
1785390244.530701000,35,ok
1785390244.538141000,32,ok
1785390244.532408000,32,ok
1785390244.540438000,35,ok
1785390244.539059000,32,ok
1785390244.562567000,54,ok
1785390244.555008000,45,ok
1785390244.561441000,51,ok
1785390244.571847000,58,ok
1785390244.605468000,41,ok
1785390244.607978000,44,ok
1785390244.607902000,41,ok
1785390244.607773000,45,ok
1785390244.607051000,35,ok
1785390244.609227000,40,ok
1785390244.611317000,32,ok
1785390244.613586000,28,ok
1785390244.614711000,37,ok
1785390244.616251000,31,ok
1785390244.613569000,36,ok
1785390244.615165000,37,ok
1785390244.644307000,50,ok
1785390244.655222000,55,ok
1785390244.663282000,55,ok
1785390244.671966000,75,ok
1785390244.676218000,36,ok
1785390244.679584000,37,ok
1785390244.678783000,38,ok
1785390244.685942000,37,ok
1785390244.684911000,38,ok
1785390244.687541000,44,ok
1785390244.679750000,35,ok
1785390244.679212000,33,ok
1785390244.700867000,49,ok
1785390244.703824000,49,ok
1785390244.704446000,54,ok
1785390244.705740000,53,ok
1785390244.740078000,65,ok
1785390244.755733000,68,ok
1785390244.758968000,53,ok
1785390244.763259000,47,ok
1785390244.757889000,65,ok
1785390244.763712000,43,ok
1785390244.764536000,39,ok
1785390244.763073000,41,ok
1785390244.764996000,41,ok
1785390244.771318000,40,ok
1785390244.768039000,39,ok
1785390244.774959000,44,ok
1785390244.779771000,38,ok
1785390244.791415000,48,ok
1785390244.797637000,53,ok
1785390244.796034000,53,ok
1785390244.814157000,44,ok
1785390244.832301000,42,ok
1785390244.840723000,46,ok
1785390244.837399000,43,ok
1785390244.837435000,43,ok
1785390244.840320000,41,ok
1785390244.841434000,43,ok
1785390244.843326000,46,ok
1785390244.845768000,39,ok
1785390244.848063000,38,ok
1785390244.844297000,35,ok
1785390244.852929000,38,ok
1785390244.857497000,37,ok
1785390244.875720000,48,ok
1785390244.875966000,51,ok
1785390244.882673000,54,ok
1785390244.894643000,55,ok
1785390244.903319000,42,ok
1785390244.914550000,39,ok
1785390244.925066000,44,ok
1785390244.919666000,40,ok
1785390244.917986000,44,ok
1785390244.921750000,40,ok
1785390244.926106000,41,ok
1785390244.925267000,45,ok
1785390244.927597000,36,ok
1785390244.926258000,40,ok
1785390244.926044000,41,ok
1785390244.935679000,42,ok
1785390244.962115000,54,ok
1785390244.968453000,62,ok
1785390244.976082000,67,ok
1785390244.988965000,41,ok
1785390244.986542000,55,ok
1785390244.984792000,67,ok
1785390244.990027000,33,ok
1785390244.993176000,35,ok
1785390244.996133000,35,ok
1785390244.992464000,36,ok
1785390244.997870000,34,ok
1785390244.998343000,39,ok
1785390244.997187000,37,ok
1785390244.996908000,38,ok
1785390245.010563000,46,ok
1785390245.009918000,46,ok
1785390245.046757000,53,ok
1785390245.045352000,58,ok
1785390245.057936000,50,ok
1785390245.064880000,37,ok
1785390245.069795000,42,ok
1785390245.071774000,41,ok
1785390245.073700000,40,ok
1785390245.083379000,49,ok
1785390245.084124000,47,ok
1785390245.082967000,47,ok
1785390245.084536000,37,ok
1785390245.083741000,43,ok
1785390245.083879000,53,ok
1785390245.084559000,44,ok
1785390245.081647000,50,ok
1785390245.084961000,38,ok
1785390245.127973000,57,ok
1785390245.130488000,60,ok
1785390245.136543000,47,ok
1785390245.140821000,46,ok
1785390245.154470000,42,ok
1785390245.154382000,41,ok
1785390245.149612000,40,ok
1785390245.154308000,37,ok
1785390245.154833000,39,ok
1785390245.162477000,40,ok
1785390245.165659000,44,ok
1785390245.163341000,39,ok
1785390245.161951000,43,ok
1785390245.164631000,46,ok
1785390245.165049000,34,ok
1785390245.163724000,44,ok
1785390245.213027000,56,ok
1785390245.210979000,53,ok
1785390245.213192000,51,ok
1785390245.215827000,44,ok
1785390245.232954000,37,ok
1785390245.226877000,39,ok
1785390245.234904000,38,ok
1785390245.236671000,34,ok
1785390245.234976000,41,ok
1785390245.232669000,31,ok
1785390245.238036000,39,ok
1785390245.236683000,34,ok
1785390245.238359000,35,ok
1785390245.235156000,35,ok
1785390245.245955000,42,ok
1785390245.237871000,34,ok
1785390245.290946000,50,ok
1785390245.289909000,43,ok
1785390245.289451000,49,ok
1785390245.291414000,50,ok
1785390245.312173000,43,ok
1785390245.316561000,43,ok
1785390245.318983000,38,ok
1785390245.314906000,46,ok
1785390245.313782000,44,ok
1785390245.318505000,45,ok
1785390245.317080000,39,ok
1785390245.317287000,45,ok
1785390245.318892000,50,ok
1785390245.319365000,49,ok
1785390245.319947000,37,ok
1785390245.332033000,51,ok
1785390245.364419000,50,ok
1785390245.368350000,52,ok
1785390245.370231000,52,ok
1785390245.369664000,51,ok
1785390245.388274000,42,ok
1785390245.392855000,40,ok
1785390245.400039000,44,ok
1785390245.400793000,42,ok
1785390245.398609000,41,ok
1785390245.395745000,38,ok
1785390245.396153000,41,ok
1785390245.400454000,42,ok
1785390245.401437000,43,ok
1785390245.403861000,48,ok
1785390245.397659000,41,ok
1785390245.414367000,43,ok
1785390245.448800000,55,ok
1785390245.455175000,55,ok
1785390245.455679000,50,ok
1785390245.455785000,59,ok
1785390245.474920000,39,ok
1785390245.471869000,41,ok
1785390245.472945000,39,ok
1785390245.475478000,38,ok
1785390245.479745000,43,ok
1785390245.479800000,42,ok
1785390245.475553000,34,ok
1785390245.481879000,43,ok
1785390245.481060000,30,ok
1785390245.482713000,40,ok
1785390245.482645000,42,ok
1785390245.481351000,38,ok
1785390245.531503000,46,ok
1785390245.533655000,48,ok
1785390245.537689000,56,ok
1785390245.538061000,55,ok
1785390245.546270000,35,ok
1785390245.546978000,33,ok
1785390245.554910000,38,ok
1785390245.543661000,33,ok
1785390245.558846000,35,ok
1785390245.549780000,38,ok
1785390245.555148000,40,ok
1785390245.557593000,41,ok
1785390245.562514000,43,ok
1785390245.561222000,47,ok
1785390245.560353000,40,ok
1785390245.565559000,51,ok
1785390245.627760000,49,ok
1785390245.624435000,52,ok
1785390245.629494000,35,ok
1785390245.627785000,55,ok
1785390245.632110000,37,ok
1785390245.625197000,53,ok
1785390245.628398000,33,ok
1785390245.633202000,32,ok
1785390245.635730000,37,ok
1785390245.636158000,35,ok
1785390245.641864000,37,ok
1785390245.643663000,36,ok
1785390245.644350000,39,ok
1785390245.632939000,33,ok
1785390245.643393000,41,ok
1785390245.645145000,40,ok
1785390245.700874000,36,ok
1785390245.701395000,35,ok
1785390245.704581000,33,ok
1785390245.705149000,34,ok
1785390245.705725000,29,ok
1785390245.705676000,36,ok
1785390245.710171000,34,ok
1785390245.707969000,31,ok
1785390245.714058000,38,ok
1785390245.716585000,39,ok
1785390245.720763000,41,ok
1785390245.723933000,44,ok
1785390245.721910000,39,ok
1785390245.724649000,44,ok
1785390245.723798000,48,ok
1785390245.727659000,41,ok
1785390245.773367000,40,ok
1785390245.774727000,38,ok
1785390245.777007000,33,ok
1785390245.784875000,33,ok
1785390245.785906000,41,ok
1785390245.784460000,44,ok
1785390245.786306000,42,ok
1785390245.782658000,38,ok
1785390245.784333000,39,ok
1785390245.787308000,31,ok
1785390245.794528000,35,ok
1785390245.807659000,44,ok
1785390245.801506000,42,ok
1785390245.801028000,37,ok
1785390245.812865000,50,ok
1785390245.839711000,75,ok
1785390245.864788000,45,ok
1785390245.866652000,43,ok
1785390245.871213000,43,ok
1785390245.866566000,43,ok
1785390245.866858000,46,ok
1785390245.875727000,34,ok
1785390245.875640000,38,ok
1785390245.870041000,39,ok
1785390245.875823000,36,ok
1785390245.877587000,44,ok
1785390245.877142000,46,ok
1785390245.885795000,46,ok
1785390245.894254000,48,ok
1785390245.895622000,53,ok
1785390245.915829000,61,ok
1785390245.932936000,65,ok
1785390245.941111000,43,ok
1785390245.941498000,40,ok
1785390245.944868000,42,ok
1785390245.947560000,39,ok
1785390245.950469000,43,ok
1785390245.953010000,40,ok
1785390245.948978000,41,ok
1785390245.955774000,45,ok
1785390245.956508000,44,ok
1785390245.954952000,42,ok
1785390245.955568000,31,ok
1785390245.957045000,45,ok
1785390245.967443000,43,ok
1785390245.976002000,50,ok
1785390246.013918000,51,ok
1785390246.011595000,69,ok
1785390246.019571000,45,ok
1785390246.021406000,41,ok
1785390246.022946000,33,ok
1785390246.023892000,31,ok
1785390246.020833000,35,ok
1785390246.024083000,35,ok
1785390246.029067000,31,ok
1785390246.030769000,38,ok
1785390246.027968000,34,ok
1785390246.029566000,31,ok
1785390246.037942000,37,ok
1785390246.037349000,41,ok
1785390246.049354000,40,ok
1785390246.049419000,39,ok
1785390246.097192000,43,ok
1785390246.097503000,36,ok
1785390246.100608000,38,ok
1785390246.097081000,45,ok
1785390246.100549000,34,ok
1785390246.100561000,37,ok
1785390246.100571000,39,ok
1785390246.106719000,34,ok
1785390246.113642000,39,ok
1785390246.112013000,38,ok
1785390246.113795000,41,ok
1785390246.117181000,39,ok
1785390246.119555000,41,ok
1785390246.114880000,40,ok
1785390246.118225000,36,ok
1785390246.129742000,45,ok
1785390246.172090000,45,ok
1785390246.176054000,41,ok
1785390246.175048000,46,ok
1785390246.176268000,46,ok
1785390246.176332000,41,ok
1785390246.183426000,37,ok
1785390246.183073000,44,ok
1785390246.183290000,44,ok
1785390246.189689000,43,ok
1785390246.193720000,41,ok
1785390246.193129000,42,ok
1785390246.199916000,43,ok
1785390246.199857000,43,ok
1785390246.220611000,62,ok
1785390246.217506000,64,ok
1785390246.222676000,58,ok
1785390246.255715000,48,ok
1785390246.263345000,33,ok
1785390246.261768000,40,ok
1785390246.262726000,32,ok
1785390246.260340000,49,ok
1785390246.262925000,47,ok
1785390246.260530000,41,ok
1785390246.260672000,58,ok
1785390246.260491000,52,ok
1785390246.265174000,52,ok
1785390246.268692000,35,ok
1785390246.277703000,41,ok
1785390246.279385000,41,ok
1785390246.313656000,60,ok
1785390246.316688000,64,ok
1785390246.315569000,62,ok
1785390246.341556000,44,ok
1785390246.342882000,45,ok
1785390246.349051000,49,ok
1785390246.343084000,46,ok
1785390246.348878000,42,ok
1785390246.346198000,40,ok
1785390246.345653000,44,ok
1785390246.346971000,45,ok
1785390246.347057000,50,ok
1785390246.343660000,42,ok
1785390246.351653000,41,ok
1785390246.362358000,49,ok
1785390246.375970000,54,ok
1785390246.410887000,67,ok
1785390246.419423000,74,ok
1785390246.424761000,69,ok
1785390246.433890000,44,ok
1785390246.435196000,41,ok
1785390246.435271000,43,ok
1785390246.442034000,47,ok
1785390246.443871000,44,ok
1785390246.442389000,47,ok
1785390246.440671000,49,ok
1785390246.439393000,46,ok
1785390246.441647000,27,ok
1785390246.443189000,50,ok
1785390246.438015000,45,ok
1785390246.442217000,46,ok
1785390246.445028000,51,ok
1785390246.489406000,55,ok
1785390246.498936000,41,ok
1785390246.501250000,36,ok
1785390246.506611000,36,ok
1785390246.509598000,38,ok
1785390246.511962000,34,ok
1785390246.521531000,32,ok
1785390246.519709000,39,ok
1785390246.511045000,37,ok
1785390246.521594000,39,ok
1785390246.518178000,39,ok
1785390246.522306000,38,ok
1785390246.522415000,41,ok
1785390246.523497000,40,ok
1785390246.525402000,40,ok
1785390246.528922000,40,ok
1785390246.591116000,56,ok
1785390246.587856000,63,ok
1785390246.594883000,37,ok
1785390246.588650000,55,ok
1785390246.596149000,45,ok
1785390246.596170000,32,ok
1785390246.596563000,40,ok
1785390246.596999000,37,ok
1785390246.596487000,39,ok
1785390246.594093000,46,ok
1785390246.598556000,36,ok
1785390246.595416000,37,ok
1785390246.598243000,37,ok
1785390246.607515000,46,ok
1785390246.618080000,48,ok
1785390246.616280000,47,ok
1785390246.672040000,45,ok
1785390246.672571000,36,ok
1785390246.672187000,43,ok
1785390246.675024000,43,ok
1785390246.672989000,43,ok
1785390246.671337000,38,ok
1785390246.676783000,38,ok
1785390246.676307000,35,ok
1785390246.676746000,40,ok
1785390246.678472000,37,ok
1785390246.675777000,34,ok
1785390246.684455000,46,ok
1785390246.689566000,36,ok
1785390246.696811000,47,ok
1785390246.693728000,43,ok
1785390246.696800000,51,ok
1785390246.744320000,37,ok
1785390246.745659000,38,ok
1785390246.745746000,33,ok
1785390246.745551000,33,ok
1785390246.749776000,36,ok
1785390246.747375000,34,ok
1785390246.751541000,39,ok
1785390246.758683000,38,ok
1785390246.754209000,41,ok
1785390246.764333000,40,ok
1785390246.759457000,42,ok
1785390246.764178000,36,ok
1785390246.764384000,44,ok
1785390246.766323000,49,ok
1785390246.768518000,36,ok
1785390246.774731000,44,ok
1785390246.820871000,40,ok
1785390246.819137000,40,ok
1785390246.821835000,35,ok
1785390246.822879000,37,ok
1785390246.830394000,36,ok
1785390246.823637000,35,ok
1785390246.825912000,33,ok
1785390246.830583000,35,ok
1785390246.830575000,32,ok
1785390246.831132000,31,ok
1785390246.830664000,29,ok
1785390246.831992000,33,ok
1785390246.832192000,30,ok
1785390246.854174000,46,ok
1785390246.862702000,53,ok
1785390246.874524000,59,ok
1785390246.898734000,42,ok
1785390246.902809000,44,ok
1785390246.904238000,38,ok
1785390246.902832000,38,ok
1785390246.905876000,37,ok
1785390246.906718000,39,ok
1785390246.907398000,38,ok
1785390246.902564000,41,ok
1785390246.915601000,47,ok
1785390246.919912000,46,ok
1785390246.921234000,45,ok
1785390246.922406000,47,ok
1785390246.925670000,58,ok
1785390246.939389000,51,ok
1785390246.960651000,62,ok
1785390246.963887000,60,ok
1785390246.980431000,45,ok
1785390246.984795000,46,ok
1785390246.986194000,44,ok
1785390246.990835000,44,ok
1785390246.989238000,36,ok
1785390246.990643000,51,ok
1785390246.986907000,42,ok
1785390246.989391000,40,ok
1785390246.991122000,32,ok
1785390246.990861000,40,ok
1785390246.995175000,34,ok
1785390247.002259000,41,ok
1785390247.015003000,49,ok
1785390247.015286000,48,ok
1785390247.051919000,64,ok
1785390247.054175000,61,ok
1785390247.058709000,36,ok
1785390247.062004000,33,ok
1785390247.062921000,37,ok
1785390247.068451000,40,ok
1785390247.060649000,36,ok
1785390247.068324000,37,ok
1785390247.070500000,37,ok
1785390247.068546000,41,ok
1785390247.072205000,38,ok
1785390247.071578000,41,ok
1785390247.071993000,31,ok
1785390247.070738000,34,ok
1785390247.085548000,41,ok
1785390247.089730000,41,ok
1785390247.136899000,51,ok
1785390247.142753000,44,ok
1785390247.140118000,51,ok
1785390247.144308000,38,ok
1785390247.144636000,40,ok
1785390247.144101000,37,ok
1785390247.143892000,42,ok
1785390247.153523000,44,ok
1785390247.154576000,41,ok
1785390247.156265000,46,ok
1785390247.152229000,45,ok
1785390247.165128000,53,ok
1785390247.171544000,51,ok
1785390247.171251000,60,ok
1785390247.182353000,58,ok
1785390247.181847000,55,ok
1785390247.216254000,49,ok
1785390247.222008000,38,ok
1785390247.222094000,41,ok
1785390247.224642000,52,ok
1785390247.226226000,47,ok
1785390247.225261000,43,ok
1785390247.223644000,40,ok
1785390247.228061000,32,ok
1785390247.228048000,41,ok
1785390247.231585000,38,ok
1785390247.232821000,42,ok
1785390247.242948000,39,ok
1785390247.266749000,56,ok
1785390247.275812000,59,ok
1785390247.276886000,61,ok
1785390247.272011000,55,ok
1785390247.292645000,27,ok
1785390247.286984000,41,ok
1785390247.294645000,38,ok
1785390247.295445000,39,ok
1785390247.294387000,36,ok
1785390247.294079000,32,ok
1785390247.295737000,34,ok
1785390247.305251000,46,ok
1785390247.295497000,38,ok
1785390247.295068000,38,ok
1785390247.310401000,44,ok
1785390247.318409000,42,ok
1785390247.347904000,53,ok
1785390247.350433000,43,ok
1785390247.353402000,46,ok
1785390247.355528000,52,ok
1785390247.360036000,30,ok
1785390247.364533000,35,ok
1785390247.368749000,34,ok
1785390247.366996000,35,ok
1785390247.368386000,34,ok
1785390247.374756000,38,ok
1785390247.375783000,41,ok
1785390247.377338000,39,ok
1785390247.375992000,40,ok
1785390247.377585000,42,ok
1785390247.394420000,50,ok
1785390247.400471000,54,ok
1785390247.421926000,42,ok
1785390247.420525000,49,ok
1785390247.427277000,35,ok
1785390247.426353000,40,ok
1785390247.427295000,42,ok
1785390247.434278000,35,ok
1785390247.436473000,37,ok
1785390247.438165000,41,ok
1785390247.438196000,40,ok
1785390247.449563000,40,ok
1785390247.461994000,53,ok
1785390247.463816000,50,ok
1785390247.463926000,53,ok
1785390247.461468000,50,ok
1785390247.470463000,49,ok
1785390247.479910000,49,ok
1785390247.503381000,50,ok
1785390247.500089000,43,ok
1785390247.504626000,47,ok
1785390247.504407000,47,ok
1785390247.511171000,47,ok
1785390247.514640000,46,ok
1785390247.515254000,43,ok
1785390247.524352000,52,ok
1785390247.523980000,52,ok
1785390247.527291000,40,ok
1785390247.542531000,45,ok
1785390247.547653000,51,ok
1785390247.554123000,56,ok
1785390247.553430000,55,ok
1785390247.554312000,52,ok
1785390247.560171000,49,ok
1785390247.576677000,44,ok
1785390247.582754000,44,ok
1785390247.588126000,55,ok
1785390247.592223000,44,ok
1785390247.588703000,45,ok
1785390247.589137000,53,ok
1785390247.592706000,44,ok
1785390247.600677000,42,ok
1785390247.599829000,45,ok
1785390247.604774000,44,ok
1785390247.614884000,45,ok
1785390247.623302000,45,ok
1785390247.631719000,43,ok
1785390247.640820000,53,ok
1785390247.641305000,55,ok
1785390247.642397000,54,ok
1785390247.655163000,45,ok
1785390247.660235000,43,ok
1785390247.662863000,37,ok
1785390247.663890000,39,ok
1785390247.664910000,39,ok
1785390247.665030000,41,ok
1785390247.666951000,34,ok
1785390247.677878000,49,ok
1785390247.674751000,41,ok
1785390247.676249000,43,ok
1785390247.697341000,49,ok
1785390247.709144000,61,ok
1785390247.712805000,55,ok
1785390247.717003000,47,ok
1785390247.717274000,51,ok
1785390247.722433000,49,ok
1785390247.736259000,43,ok
1785390247.736247000,40,ok
1785390247.737588000,45,ok
1785390247.741190000,44,ok
1785390247.738130000,42,ok
1785390247.734827000,38,ok
1785390247.755413000,49,ok
1785390247.771532000,68,ok
1785390247.771756000,61,ok
1785390247.773041000,63,ok
1785390247.789317000,56,ok
1785390247.794787000,49,ok
1785390247.794333000,51,ok
1785390247.794798000,45,ok
1785390247.795401000,33,ok
1785390247.793668000,46,ok
1785390247.805175000,38,ok
1785390247.818290000,44,ok
1785390247.815671000,44,ok
1785390247.820244000,46,ok
1785390247.820957000,51,ok
1785390247.820416000,52,ok
1785390247.850102000,56,ok
1785390247.855775000,55,ok
1785390247.861106000,57,ok
1785390247.865827000,37,ok
1785390247.866317000,52,ok
1785390247.868587000,45,ok
1785390247.869771000,41,ok
1785390247.874767000,46,ok
1785390247.869401000,42,ok
1785390247.873942000,33,ok
1785390247.873494000,44,ok
1785390247.895823000,47,ok
1785390247.903926000,54,ok
1785390247.908491000,57,ok
1785390247.915779000,65,ok
1785390247.923933000,39,ok
1785390247.920326000,66,ok
1785390247.927647000,32,ok
1785390247.931829000,36,ok
1785390247.930445000,40,ok
1785390247.932575000,37,ok
1785390247.940465000,34,ok
1785390247.954149000,47,ok
1785390247.950757000,42,ok
1785390247.953119000,49,ok
1785390247.954183000,51,ok
1785390247.952711000,48,ok
1785390247.992171000,69,ok
1785390248.001767000,47,ok
1785390248.002113000,58,ok
1785390247.997222000,59,ok
1785390248.000434000,42,ok
1785390248.002620000,70,ok
1785390248.007069000,44,ok
1785390248.005658000,46,ok
1785390248.010172000,41,ok
1785390248.011914000,40,ok
1785390248.024548000,48,ok
1785390248.034287000,46,ok
1785390248.045144000,53,ok
1785390248.049889000,60,ok
1785390248.051282000,63,ok
1785390248.049797000,59,ok
1785390248.061415000,43,ok
1785390248.070390000,36,ok
1785390248.073557000,36,ok
1785390248.070403000,36,ok
1785390248.072932000,36,ok
1785390248.081475000,44,ok
1785390248.080156000,42,ok
1785390248.081786000,40,ok
1785390248.081686000,41,ok
1785390248.087746000,34,ok
1785390248.087326000,38,ok
1785390248.111961000,46,ok
1785390248.127930000,44,ok
1785390248.132731000,47,ok
1785390248.132297000,51,ok
1785390248.133239000,40,ok
1785390248.133166000,53,ok
1785390248.149447000,43,ok
1785390248.153448000,49,ok
1785390248.153460000,47,ok
1785390248.160651000,41,ok
1785390248.161514000,50,ok
1785390248.161550000,39,ok
1785390248.161333000,40,ok
1785390248.161536000,48,ok
1785390248.162480000,44,ok
1785390248.162369000,44,ok
1785390248.207324000,51,ok
1785390248.204245000,59,ok
1785390248.211011000,54,ok
1785390248.212622000,53,ok
1785390248.218041000,52,ok
1785390248.221144000,53,ok
1785390248.231377000,48,ok
1785390248.230976000,42,ok
1785390248.236525000,42,ok
1785390248.233668000,43,ok
1785390248.235247000,40,ok
1785390248.232772000,43,ok
1785390248.243976000,44,ok
1785390248.244120000,41,ok
1785390248.245450000,46,ok
1785390248.246310000,45,ok
1785390248.283833000,49,ok
1785390248.282390000,42,ok
1785390248.287718000,52,ok
1785390248.288775000,38,ok
1785390248.289217000,42,ok
1785390248.290803000,43,ok
1785390248.304153000,36,ok
1785390248.306782000,36,ok
1785390248.308462000,39,ok
1785390248.305661000,37,ok
1785390248.315081000,42,ok
1785390248.314336000,42,ok
1785390248.314006000,35,ok
1785390248.319786000,41,ok
1785390248.315022000,38,ok
1785390248.325210000,40,ok
1785390248.359974000,39,ok
1785390248.361120000,49,ok
1785390248.360226000,42,ok
1785390248.360961000,50,ok
1785390248.361155000,44,ok
1785390248.368527000,45,ok
1785390248.380627000,40,ok
1785390248.387876000,43,ok
1785390248.386631000,47,ok
1785390248.396485000,47,ok
1785390248.396095000,44,ok
1785390248.400530000,46,ok
1785390248.396423000,48,ok
1785390248.399837000,48,ok
1785390248.398068000,51,ok
1785390248.399211000,50,ok
1785390248.438137000,53,ok
1785390248.435217000,51,ok
1785390248.441352000,52,ok
1785390248.440117000,53,ok
1785390248.444022000,57,ok
1785390248.451517000,56,ok
1785390248.464744000,48,ok
1785390248.470926000,43,ok
1785390248.468422000,44,ok
1785390248.468759000,46,ok
1785390248.470472000,41,ok
1785390248.477615000,45,ok
1785390248.476637000,45,ok
1785390248.485500000,51,ok
1785390248.484044000,48,ok
1785390248.483123000,50,ok
1785390248.518526000,52,ok
1785390248.521584000,56,ok
1785390248.522489000,54,ok
1785390248.524273000,43,ok
1785390248.520636000,53,ok
1785390248.528391000,45,ok
1785390248.544999000,39,ok
1785390248.551752000,46,ok
1785390248.552458000,47,ok
1785390248.559830000,43,ok
1785390248.561543000,38,ok
1785390248.559775000,52,ok
1785390248.560425000,39,ok
1785390248.559451000,45,ok
1785390248.569213000,47,ok
1785390248.559864000,51,ok
1785390248.592605000,46,ok
1785390248.599143000,50,ok
1785390248.606593000,56,ok
1785390248.607387000,56,ok
1785390248.610046000,62,ok
1785390248.616673000,55,ok
1785390248.624127000,44,ok
1785390248.634869000,46,ok
1785390248.636138000,40,ok
1785390248.643639000,51,ok
1785390248.643738000,50,ok
1785390248.644497000,47,ok
1785390248.644472000,40,ok
1785390248.643304000,44,ok
1785390248.650499000,53,ok
1785390248.646658000,47,ok
1785390248.671913000,48,ok
1785390248.676250000,47,ok
1785390248.689394000,57,ok
1785390248.689175000,50,ok
1785390248.691780000,58,ok
1785390248.698343000,53,ok
1785390248.708137000,54,ok
1785390248.712638000,48,ok
1785390248.715502000,40,ok
1785390248.719730000,42,ok
1785390248.718498000,45,ok
1785390248.718695000,39,ok
1785390248.718349000,45,ok
1785390248.723606000,43,ok
1785390248.728923000,39,ok
1785390248.719745000,35,ok
1785390248.767015000,63,ok
1785390248.777930000,42,ok
1785390248.773491000,67,ok
1785390248.773927000,58,ok
1785390248.776951000,56,ok
1785390248.779234000,38,ok
1785390248.782734000,31,ok
1785390248.782127000,28,ok
1785390248.777747000,53,ok
1785390248.783490000,34,ok
1785390248.783392000,34,ok
1785390248.792845000,35,ok
1785390248.804185000,42,ok
1785390248.807871000,47,ok
1785390248.805848000,49,ok
1785390248.805243000,48,ok
1785390248.845318000,36,ok
1785390248.844402000,48,ok
1785390248.848611000,36,ok
1785390248.851132000,34,ok
1785390248.847396000,36,ok
1785390248.846890000,35,ok
1785390248.857928000,38,ok
1785390248.856913000,41,ok
1785390248.856533000,36,ok
1785390248.857843000,42,ok
1785390248.864842000,44,ok
1785390248.871434000,44,ok
1785390248.891733000,48,ok
1785390248.895120000,54,ok
1785390248.894488000,53,ok
1785390248.896506000,55,ok
1785390248.921776000,38,ok
1785390248.918677000,37,ok
1785390248.923149000,43,ok
1785390248.922751000,34,ok
1785390248.923745000,43,ok
1785390248.923247000,36,ok
1785390248.931326000,47,ok
1785390248.934379000,41,ok
1785390248.946131000,53,ok
1785390248.945538000,54,ok
1785390248.951663000,49,ok
1785390248.956175000,59,ok
1785390248.975131000,56,ok
1785390248.980245000,61,ok
1785390248.988837000,64,ok
1785390248.988627000,67,ok
1785390248.994771000,38,ok
1785390249.001370000,41,ok
1785390249.001566000,40,ok
1785390249.001645000,43,ok
1785390249.003128000,43,ok
1785390249.008714000,48,ok
1785390249.019138000,54,ok
1785390249.027608000,57,ok
1785390249.028425000,58,ok
1785390249.037954000,60,ok
1785390249.044388000,63,ok
1785390249.050049000,57,ok
1785390249.057167000,52,ok
1785390249.063735000,47,ok
1785390249.066961000,52,ok
1785390249.067543000,51,ok
1785390249.075894000,47,ok
1785390249.085102000,55,ok
1785390249.085015000,52,ok
1785390249.085109000,46,ok
1785390249.087683000,44,ok
1785390249.080931000,50,ok
1785390249.098784000,45,ok
1785390249.118021000,56,ok
1785390249.118306000,55,ok
1785390249.124926000,52,ok
1785390249.130003000,53,ok
1785390249.130948000,50,ok
1785390249.146016000,52,ok
1785390249.152368000,52,ok
1785390249.157289000,52,ok
1785390249.162958000,44,ok
1785390249.158820000,54,ok
1785390249.170424000,43,ok
1785390249.171532000,44,ok
1785390249.172578000,48,ok
1785390249.179561000,55,ok
1785390249.179578000,42,ok
1785390249.178493000,51,ok
1785390249.200869000,50,ok
1785390249.196339000,43,ok
1785390249.202143000,51,ok
1785390249.214032000,53,ok
1785390249.225751000,61,ok
1785390249.234819000,49,ok
1785390249.230885000,54,ok
1785390249.238885000,50,ok
1785390249.239667000,48,ok
1785390249.245798000,44,ok
1785390249.247020000,43,ok
1785390249.249506000,41,ok
1785390249.247226000,53,ok
1785390249.253025000,37,ok
1785390249.257710000,39,ok
1785390249.262515000,47,ok
1785390249.284997000,52,ok
1785390249.290431000,55,ok
1785390249.292575000,53,ok
1785390249.297187000,50,ok
1785390249.300608000,41,ok
1785390249.312957000,43,ok
1785390249.318414000,42,ok
1785390249.313625000,37,ok
1785390249.317566000,35,ok
1785390249.318810000,37,ok
1785390249.312572000,43,ok
1785390249.311739000,40,ok
1785390249.320543000,38,ok
1785390249.320624000,34,ok
1785390249.325384000,37,ok
1785390249.333864000,44,ok
1785390249.355981000,46,ok
1785390249.361601000,45,ok
1785390249.360662000,43,ok
1785390249.377134000,49,ok
1785390249.380153000,50,ok
1785390249.387055000,34,ok
1785390249.390530000,33,ok
1785390249.389569000,36,ok
1785390249.390367000,31,ok
1785390249.389861000,37,ok
1785390249.392835000,37,ok
1785390249.392764000,35,ok
1785390249.392188000,31,ok
1785390249.397411000,43,ok
1785390249.399277000,37,ok
1785390249.414285000,46,ok
1785390249.443699000,57,ok
1785390249.447033000,46,ok
1785390249.446330000,54,ok
1785390249.456980000,39,ok
1785390249.456869000,35,ok
1785390249.455776000,44,ok
1785390249.457547000,38,ok
1785390249.458445000,33,ok
1785390249.466561000,41,ok
1785390249.474610000,46,ok
1785390249.476871000,48,ok
1785390249.477853000,48,ok
1785390249.479491000,51,ok
1785390249.473648000,41,ok
1785390249.478368000,47,ok
1785390249.487140000,42,ok
1785390249.522679000,53,ok
1785390249.524416000,51,ok
1785390249.529520000,44,ok
1785390249.526496000,50,ok
1785390249.528959000,45,ok
1785390249.529971000,36,ok
1785390249.531562000,34,ok
1785390249.527345000,38,ok
1785390249.539027000,37,ok
1785390249.552566000,40,ok
1785390249.560717000,48,ok
1785390249.560247000,48,ok
1785390249.562169000,50,ok
1785390249.563357000,50,ok
1785390249.566520000,51,ok
1785390249.562515000,49,ok
1785390249.598418000,41,ok
1785390249.601812000,37,ok
1785390249.603112000,45,ok
1785390249.603178000,43,ok
1785390249.605382000,45,ok
1785390249.605798000,38,ok
1785390249.609062000,38,ok
1785390249.605745000,43,ok
1785390249.614036000,44,ok
1785390249.633200000,42,ok
1785390249.635530000,41,ok
1785390249.633943000,45,ok
1785390249.640067000,39,ok
1785390249.640135000,39,ok
1785390249.639510000,43,ok
1785390249.639407000,41,ok
1785390249.687485000,53,ok
1785390249.690733000,39,ok
1785390249.688362000,51,ok
1785390249.690413000,46,ok
1785390249.689253000,53,ok
1785390249.689262000,51,ok
1785390249.689868000,53,ok
1785390249.690196000,55,ok
1785390249.690671000,48,ok
1785390249.712986000,45,ok
1785390249.718622000,46,ok
1785390249.724477000,53,ok
1785390249.733946000,57,ok
1785390249.736612000,60,ok
1785390249.736932000,60,ok
1785390249.735822000,60,ok
1785390249.762633000,45,ok
1785390249.765797000,41,ok
1785390249.770865000,46,ok
1785390249.770981000,46,ok
1785390249.770472000,46,ok
1785390249.772096000,45,ok
1785390249.771813000,44,ok
1785390249.777369000,44,ok
1785390249.775405000,50,ok
1785390249.786196000,38,ok
1785390249.795783000,42,ok
1785390249.801969000,47,ok
1785390249.810975000,47,ok
1785390249.818539000,51,ok
1785390249.820489000,54,ok
1785390249.824380000,54,ok
1785390249.838437000,41,ok
1785390249.843994000,40,ok
1785390249.838637000,38,ok
1785390249.845208000,43,ok
1785390249.847142000,40,ok
1785390249.848568000,41,ok
1785390249.850826000,45,ok
1785390249.852276000,48,ok
1785390249.851889000,46,ok
1785390249.860975000,33,ok
1785390249.879680000,43,ok
1785390249.887286000,54,ok
1785390249.893787000,50,ok
1785390249.903293000,50,ok
1785390249.912418000,57,ok
1785390249.906841000,48,ok
1785390249.916442000,39,ok
1785390249.919666000,37,ok
1785390249.920354000,39,ok
1785390249.922879000,35,ok
1785390249.921542000,33,ok
1785390249.921389000,32,ok
1785390249.928852000,34,ok
1785390249.930562000,41,ok
1785390249.922340000,37,ok
1785390249.928005000,41,ok
1785390249.968330000,59,ok
1785390249.977533000,63,ok
1785390249.979252000,56,ok
1785390249.987196000,46,ok
1785390249.993699000,33,ok
1785390249.991259000,39,ok
1785390249.993747000,48,ok
1785390249.993731000,36,ok
1785390249.993893000,38,ok
1785390249.993572000,34,ok
1785390250.003784000,42,ok
1785390250.009143000,47,ok
1785390250.010999000,46,ok
1785390250.011182000,45,ok
1785390250.012613000,50,ok
1785390250.024011000,57,ok
1785390250.038876000,43,ok
1785390250.056182000,44,ok
1785390250.059351000,48,ok
1785390250.063754000,42,ok
1785390250.068155000,40,ok
1785390250.071738000,33,ok
1785390250.070309000,40,ok
1785390250.072124000,43,ok
1785390250.069154000,39,ok
1785390250.077553000,35,ok
1785390250.078413000,39,ok
1785390250.092999000,41,ok
1785390250.086640000,39,ok
1785390250.093935000,47,ok
1785390250.094277000,41,ok
1785390250.104636000,48,ok
1785390250.110417000,46,ok
1785390250.133451000,52,ok
1785390250.143929000,58,ok
1785390250.148720000,53,ok
1785390250.158048000,48,ok
1785390250.150941000,53,ok
1785390250.158288000,50,ok
1785390250.158254000,51,ok
1785390250.157492000,55,ok
1785390250.158378000,55,ok
1785390250.168065000,51,ok
1785390250.176860000,48,ok
1785390250.183972000,45,ok
1785390250.188188000,54,ok
1785390250.191555000,56,ok
1785390250.189517000,48,ok
1785390250.191384000,58,ok
1785390250.201260000,40,ok
1785390250.227478000,51,ok
1785390250.233025000,49,ok
1785390250.238499000,44,ok
1785390250.236296000,44,ok
1785390250.242409000,44,ok
1785390250.242080000,48,ok
1785390250.241565000,47,ok
1785390250.243288000,50,ok
1785390250.252260000,40,ok
1785390250.261245000,44,ok
1785390250.271630000,49,ok
1785390250.278012000,56,ok
1785390250.280967000,52,ok
1785390250.279660000,53,ok
1785390250.281340000,54,ok
1785390250.286376000,52,ok
1785390250.304176000,41,ok
1785390250.308815000,40,ok
1785390250.309632000,44,ok
1785390250.314318000,42,ok
1785390250.314331000,42,ok
1785390250.309397000,46,ok
1785390250.316231000,45,ok
1785390250.319797000,42,ok
1785390250.332275000,48,ok
1785390250.332328000,42,ok
1785390250.344155000,44,ok
1785390250.350647000,44,ok
1785390250.359928000,46,ok
1785390250.356793000,46,ok
1785390250.363178000,50,ok
1785390250.362099000,44,ok
1785390250.384536000,43,ok
1785390250.389714000,45,ok
1785390250.392560000,47,ok
1785390250.394225000,45,ok
1785390250.395927000,48,ok
1785390250.396357000,47,ok
1785390250.394462000,35,ok
1785390250.396594000,45,ok
1785390250.410494000,43,ok
1785390250.419968000,47,ok
1785390250.421563000,56,ok
1785390250.433940000,50,ok
1785390250.439686000,46,ok
1785390250.437949000,49,ok
1785390250.439372000,48,ok
1785390250.440755000,52,ok
1785390250.465650000,49,ok
1785390250.475225000,49,ok
1785390250.480272000,55,ok
1785390250.480449000,53,ok
1785390250.480825000,54,ok
1785390250.493209000,65,ok
1785390250.491645000,56,ok
1785390250.491022000,62,ok
1785390250.497230000,53,ok
1785390250.509619000,52,ok
1785390250.507785000,50,ok
1785390250.511600000,44,ok
1785390250.515786000,46,ok
1785390250.523158000,52,ok
1785390250.523281000,45,ok
1785390250.522271000,51,ok
1785390250.541235000,47,ok
1785390250.553189000,44,ok
1785390250.551640000,46,ok
1785390250.553913000,48,ok
1785390250.552617000,41,ok
1785390250.565494000,41,ok
1785390250.572217000,44,ok
1785390250.574078000,47,ok
1785390250.574521000,51,ok
1785390250.586300000,47,ok
1785390250.593562000,54,ok
1785390250.593638000,48,ok
1785390250.601130000,49,ok
1785390250.610712000,57,ok
1785390250.610043000,59,ok
1785390250.617057000,63,ok
1785390250.621505000,46,ok
1785390250.627752000,46,ok
1785390250.633844000,50,ok
1785390250.635001000,54,ok
1785390250.635647000,52,ok
1785390250.643081000,44,ok
1785390250.652276000,46,ok
1785390250.652637000,50,ok
1785390250.653289000,51,ok
1785390250.671149000,51,ok
1785390250.679970000,62,ok
1785390250.680017000,56,ok
1785390250.684209000,50,ok
1785390250.696537000,51,ok
1785390250.698029000,56,ok
1785390250.708349000,44,ok
1785390250.709859000,45,ok
1785390250.709249000,63,ok
1785390250.705259000,56,ok
1785390250.721887000,60,ok
1785390250.734957000,67,ok
1785390250.747990000,67,ok
1785390250.751812000,64,ok
1785390250.752041000,67,ok
1785390250.759715000,71,ok
1785390250.763792000,52,ok
1785390250.760892000,52,ok
1785390250.762363000,57,ok
1785390250.763576000,50,ok
1785390250.770225000,43,ok
1785390250.795460000,69,ok
1785390250.799171000,58,ok
1785390250.810967000,66,ok
1785390250.812840000,63,ok
1785390250.811164000,67,ok
1785390250.812533000,68,ok
1785390250.835196000,70,ok
1785390250.848090000,54,ok
1785390250.847159000,46,ok
1785390250.849778000,54,ok
1785390250.848983000,55,ok
1785390250.849811000,63,ok
1785390250.851744000,63,ok
1785390250.848661000,46,ok
1785390250.849431000,56,ok
1785390250.847901000,55,ok
1785390250.871687000,48,ok
1785390250.893893000,66,ok
1785390250.900266000,61,ok
1785390250.899145000,60,ok
1785390250.904012000,69,ok
1785390250.903487000,62,ok
1785390250.913627000,40,ok
1785390250.918179000,40,ok
1785390250.916870000,39,ok
1785390250.921149000,42,ok
1785390250.926971000,45,ok
1785390250.939265000,57,ok
1785390250.935346000,52,ok
1785390250.935960000,52,ok
1785390250.942669000,58,ok
1785390250.935843000,53,ok
1785390250.954282000,53,ok
1785390250.986442000,49,ok
1785390250.982789000,52,ok
1785390250.987473000,61,ok
1785390250.986560000,47,ok
1785390250.988738000,50,ok
1785390250.994660000,37,ok
1785390250.995691000,45,ok
1785390250.996429000,35,ok
1785390250.995235000,37,ok
1785390251.009560000,43,ok
1785390251.020083000,46,ok
1785390251.024940000,51,ok
1785390251.024328000,50,ok
1785390251.029310000,52,ok
1785390251.032097000,55,ok
1785390251.038641000,50,ok
1785390251.060415000,41,ok
1785390251.062908000,44,ok
1785390251.064398000,46,ok
1785390251.070617000,42,ok
1785390251.068108000,43,ok
1785390251.076638000,46,ok
1785390251.075426000,50,ok
1785390251.073780000,43,ok
1785390251.075128000,45,ok
1785390251.087153000,43,ok
1785390251.107096000,52,ok
1785390251.112554000,54,ok
1785390251.116651000,53,ok
1785390251.114245000,55,ok
1785390251.119766000,60,ok
1785390251.120764000,56,ok
1785390251.133944000,39,ok
1785390251.140342000,39,ok
1785390251.138815000,43,ok
1785390251.140510000,42,ok
1785390251.152653000,45,ok
1785390251.156996000,48,ok
1785390251.158358000,52,ok
1785390251.162029000,51,ok
1785390251.161033000,48,ok
1785390251.161574000,42,ok
1785390251.187939000,45,ok
1785390251.188787000,48,ok
1785390251.183023000,44,ok
1785390251.196436000,47,ok
1785390251.197932000,50,ok
1785390251.197455000,49,ok
1785390251.212413000,46,ok
1785390251.217462000,44,ok
1785390251.218209000,44,ok
1785390251.228813000,47,ok
1785390251.234034000,49,ok
1785390251.240226000,50,ok
1785390251.246240000,54,ok
1785390251.250840000,55,ok
1785390251.253764000,63,ok
1785390251.251537000,60,ok
1785390251.263000000,46,ok
1785390251.271336000,54,ok
1785390251.271380000,55,ok
1785390251.276913000,49,ok
1785390251.284496000,56,ok
1785390251.285500000,56,ok
1785390251.295221000,43,ok
1785390251.300679000,49,ok
1785390251.300761000,52,ok
1785390251.306813000,46,ok
1785390251.315959000,51,ok
1785390251.327220000,49,ok
1785390251.331046000,46,ok
1785390251.338480000,52,ok
1785390251.338904000,54,ok
1785390251.339094000,55,ok
1785390251.348645000,49,ok
1785390251.356512000,52,ok
1785390251.358283000,62,ok
1785390251.362227000,45,ok
1785390251.363522000,51,ok
1785390251.364114000,49,ok
1785390251.373752000,46,ok
1785390251.381204000,51,ok
1785390251.387825000,52,ok
1785390251.385365000,52,ok
1785390251.396408000,50,ok
1785390251.408806000,49,ok
1785390251.413732000,51,ok
1785390251.417255000,46,ok
1785390251.424115000,51,ok
1785390251.423532000,51,ok
1785390251.424099000,43,ok
1785390251.436981000,43,ok
1785390251.437874000,41,ok
1785390251.434907000,44,ok
1785390251.437404000,44,ok
1785390251.446523000,48,ok
1785390251.451451000,43,ok
1785390251.458665000,46,ok
1785390251.458540000,45,ok
1785390251.468854000,53,ok
1785390251.473863000,50,ok
1785390251.486613000,50,ok
1785390251.489734000,49,ok
1785390251.491325000,42,ok
1785390251.499820000,46,ok
1785390251.501104000,45,ok
1785390251.500183000,47,ok
1785390251.509893000,42,ok
1785390251.515478000,48,ok
1785390251.518712000,50,ok
1785390251.520189000,51,ok
1785390251.522116000,43,ok
1785390251.537417000,45,ok
1785390251.531212000,44,ok
1785390251.537890000,52,ok
1785390251.548685000,45,ok
1785390251.548407000,47,ok
1785390251.563274000,50,ok
1785390251.576577000,56,ok
1785390251.579174000,59,ok
1785390251.585800000,51,ok
1785390251.586052000,60,ok
1785390251.602773000,52,ok
1785390251.593519000,58,ok
1785390251.598767000,49,ok
1785390251.602262000,57,ok
1785390251.604886000,47,ok
1785390251.600883000,54,ok
1785390251.623749000,49,ok
1785390251.631517000,56,ok
1785390251.641017000,64,ok
1785390251.644481000,52,ok
1785390251.646381000,63,ok
1785390251.662250000,62,ok
1785390251.670495000,51,ok
1785390251.678189000,59,ok
1785390251.679265000,63,ok
1785390251.684416000,56,ok
1785390251.690746000,54,ok
1785390251.689256000,50,ok
1785390251.690360000,50,ok
1785390251.698825000,55,ok
1785390251.701740000,57,ok
1785390251.703215000,57,ok
1785390251.722897000,62,ok
1785390251.732396000,60,ok
1785390251.734404000,61,ok
1785390251.746271000,66,ok
1785390251.743919000,66,ok
1785390251.753286000,50,ok
1785390251.763869000,49,ok
1785390251.763698000,42,ok
1785390251.763893000,44,ok
1785390251.774363000,46,ok
1785390251.778079000,52,ok
1785390251.777885000,47,ok
1785390251.786187000,51,ok
1785390251.786645000,52,ok
1785390251.791829000,47,ok
1785390251.799283000,54,ok
1785390251.806418000,45,ok
1785390251.805503000,52,ok
1785390251.811108000,51,ok
1785390251.818296000,45,ok
1785390251.825995000,52,ok
1785390251.832740000,47,ok
1785390251.841250000,49,ok
1785390251.898577000,104,ok
1785390251.900088000,103,ok
1785390251.903852000,99,ok
1785390251.913274000,100,ok
1785390251.914232000,100,ok
1785390251.914096000,96,ok
1785390251.924161000,99,ok
1785390251.923614000,106,ok
1785390251.930694000,71,ok
1785390251.927860000,94,ok
1785390251.929630000,102,ok
1785390251.932013000,95,ok
1785390251.938581000,62,ok
1785390251.945418000,43,ok
1785390251.966707000,52,ok
1785390251.975681000,60,ok
1785390251.983955000,55,ok
1785390251.986299000,54,ok
1785390251.994410000,47,ok
1785390251.990898000,41,ok
1785390251.987056000,48,ok
1785390251.999385000,38,ok
1785390252.005483000,54,ok
1785390252.013201000,41,ok
1785390252.015400000,45,ok
1785390252.015835000,47,ok
1785390252.011284000,42,ok
1785390252.020392000,40,ok
1785390252.015886000,47,ok
1785390252.016243000,47,ok
1785390252.043745000,44,ok
1785390252.058524000,55,ok
1785390252.066894000,43,ok
1785390252.069912000,41,ok
1785390252.070454000,42,ok
1785390252.069491000,45,ok
1785390252.071250000,43,ok
1785390252.074417000,36,ok
1785390252.079789000,36,ok
1785390252.079314000,31,ok
1785390252.081925000,31,ok
1785390252.086072000,32,ok
1785390252.085285000,33,ok
1785390252.084078000,31,ok
1785390252.082670000,37,ok
1785390252.086109000,31,ok
1785390252.135081000,61,ok
1785390252.141321000,30,ok
1785390252.139150000,47,ok
1785390252.145315000,38,ok
1785390252.144674000,39,ok
1785390252.145211000,36,ok
1785390252.148489000,29,ok
1785390252.147879000,33,ok
1785390252.149190000,34,ok
1785390252.150607000,32,ok
1785390252.164443000,43,ok
1785390252.170314000,46,ok
1785390252.175194000,52,ok
1785390252.171469000,49,ok
1785390252.179482000,60,ok
1785390252.175261000,52,ok
1785390252.225895000,49,ok
1785390252.231853000,41,ok
1785390252.231941000,36,ok
1785390252.232089000,41,ok
1785390252.236237000,43,ok
1785390252.231834000,46,ok
1785390252.228781000,48,ok
1785390252.237466000,41,ok
1785390252.239475000,43,ok
1785390252.239831000,42,ok
1785390252.248473000,37,ok
1785390252.250242000,40,ok
1785390252.260044000,47,ok
1785390252.270559000,53,ok
1785390252.275810000,60,ok
1785390252.276598000,59,ok
1785390252.301918000,39,ok
1785390252.309531000,36,ok
1785390252.316187000,39,ok
1785390252.313419000,42,ok
1785390252.314991000,39,ok
1785390252.316248000,43,ok
1785390252.317779000,38,ok
1785390252.315751000,43,ok
1785390252.315836000,44,ok
1785390252.326268000,39,ok
1785390252.326704000,41,ok
1785390252.326754000,48,ok
1785390252.337130000,42,ok
1785390252.353680000,53,ok
1785390252.374365000,69,ok
1785390252.376319000,69,ok
1785390252.384875000,52,ok
1785390252.387793000,36,ok
1785390252.389250000,40,ok
1785390252.391950000,32,ok
1785390252.391314000,37,ok
1785390252.392026000,36,ok
1785390252.392470000,38,ok
1785390252.392696000,30,ok
1785390252.392883000,35,ok
1785390252.401458000,43,ok
1785390252.410620000,43,ok
1785390252.412402000,44,ok
1785390252.413289000,45,ok
1785390252.452333000,61,ok
1785390252.459325000,52,ok
1785390252.460381000,46,ok
1785390252.465105000,36,ok
1785390252.464491000,36,ok
1785390252.465149000,43,ok
1785390252.462955000,37,ok
1785390252.464994000,38,ok
1785390252.464113000,35,ok
1785390252.474520000,42,ok
1785390252.480460000,49,ok
1785390252.478859000,41,ok
1785390252.477519000,43,ok
1785390252.492924000,48,ok
1785390252.500966000,49,ok
1785390252.505235000,51,ok
1785390252.532471000,37,ok
1785390252.535428000,38,ok
1785390252.535239000,44,ok
1785390252.535580000,39,ok
1785390252.543376000,31,ok
1785390252.542053000,43,ok
1785390252.544688000,39,ok
1785390252.543402000,43,ok
1785390252.543856000,44,ok
1785390252.542848000,40,ok
1785390252.550747000,36,ok
1785390252.545977000,31,ok
1785390252.553219000,34,ok
1785390252.576663000,50,ok
1785390252.582945000,54,ok
1785390252.592400000,59,ok
1785390252.606790000,43,ok
1785390252.608546000,41,ok
1785390252.611622000,33,ok
1785390252.612399000,48,ok
1785390252.614732000,32,ok
1785390252.613553000,46,ok
1785390252.614829000,39,ok
1785390252.620076000,37,ok
1785390252.625319000,44,ok
1785390252.635804000,47,ok
1785390252.636207000,53,ok
1785390252.634736000,50,ok
1785390252.645197000,49,ok
1785390252.654143000,49,ok
1785390252.667117000,56,ok
1785390252.669707000,49,ok
1785390252.685722000,43,ok
1785390252.681458000,43,ok
1785390252.687206000,37,ok
1785390252.688270000,38,ok
1785390252.688995000,44,ok
1785390252.689734000,34,ok
1785390252.688384000,46,ok
1785390252.689040000,35,ok
1785390252.686699000,43,ok
1785390252.712617000,42,ok
1785390252.718059000,48,ok
1785390252.718782000,46,ok
1785390252.724828000,49,ok
1785390252.728158000,52,ok
1785390252.755907000,61,ok
1785390252.759653000,59,ok
1785390252.763966000,44,ok
1785390252.762009000,44,ok
1785390252.766399000,49,ok
1785390252.764731000,42,ok
1785390252.767234000,46,ok
1785390252.765252000,48,ok
1785390252.765880000,46,ok
1785390252.768068000,48,ok
1785390252.764161000,42,ok
1785390252.790696000,45,ok
1785390252.802465000,53,ok
1785390252.813184000,61,ok
1785390252.816474000,59,ok
1785390252.816602000,65,ok
1785390252.831695000,35,ok
1785390252.839708000,40,ok
1785390252.840325000,43,ok
1785390252.835137000,41,ok
1785390252.838366000,39,ok
1785390252.841735000,40,ok
1785390252.838387000,36,ok
1785390252.840201000,38,ok
1785390252.839860000,35,ok
1785390252.839717000,35,ok
1785390252.847571000,43,ok
1785390252.862017000,42,ok
1785390252.880505000,52,ok
1785390252.894970000,52,ok
1785390252.899836000,49,ok
1785390252.900117000,53,ok
1785390252.912536000,37,ok
1785390252.915226000,38,ok
1785390252.922250000,43,ok
1785390252.923963000,46,ok
1785390252.923251000,47,ok
1785390252.923482000,47,ok
1785390252.925085000,44,ok
1785390252.928864000,41,ok
1785390252.926187000,46,ok
1785390252.925467000,47,ok
1785390252.925211000,47,ok
1785390252.931359000,37,ok
1785390252.974435000,65,ok
1785390252.983731000,60,ok
1785390252.989895000,57,ok
1785390252.988252000,59,ok
1785390252.994524000,39,ok
1785390253.001624000,38,ok
1785390252.999175000,39,ok
1785390252.994829000,45,ok
1785390253.002576000,38,ok
1785390253.001353000,40,ok
1785390253.002049000,40,ok
1785390253.011491000,45,ok
1785390253.011030000,45,ok
1785390253.015789000,49,ok
1785390253.018255000,50,ok
1785390253.014476000,48,ok
1785390253.057171000,61,ok
1785390253.068529000,43,ok
1785390253.069143000,40,ok
1785390253.067639000,36,ok
1785390253.069896000,39,ok
1785390253.075142000,31,ok
1785390253.072516000,33,ok
1785390253.074967000,35,ok
1785390253.078180000,40,ok
1785390253.079641000,39,ok
1785390253.079340000,42,ok
1785390253.080532000,31,ok
1785390253.084685000,29,ok
1785390253.093733000,40,ok
1785390253.106075000,52,ok
1785390253.106895000,53,ok
1785390253.131808000,48,ok
1785390253.145901000,43,ok
1785390253.146477000,36,ok
1785390253.144869000,34,ok
1785390253.144007000,39,ok
1785390253.145557000,41,ok
1785390253.145611000,38,ok
1785390253.147220000,35,ok
1785390253.153176000,39,ok
1785390253.156083000,40,ok
1785390253.148462000,45,ok
1785390253.156765000,35,ok
1785390253.156624000,36,ok
1785390253.177564000,49,ok
1785390253.198684000,61,ok
1785390253.207727000,70,ok
1785390253.213512000,31,ok
1785390253.209391000,48,ok
1785390253.214855000,32,ok
1785390253.215692000,32,ok
1785390253.216339000,35,ok
1785390253.218907000,34,ok
1785390253.215009000,36,ok
1785390253.220056000,39,ok
1785390253.222008000,31,ok
1785390253.227999000,41,ok
1785390253.222810000,35,ok
1785390253.231594000,44,ok
1785390253.230930000,36,ok
1785390253.264662000,55,ok
1785390253.275528000,51,ok
1785390253.280047000,32,ok
1785390253.278428000,38,ok
1785390253.282389000,31,ok
1785390253.282511000,35,ok
1785390253.289086000,37,ok
1785390253.293297000,38,ok
1785390253.288879000,36,ok
1785390253.296006000,42,ok
1785390253.299097000,47,ok
1785390253.301150000,40,ok
1785390253.297725000,44,ok
1785390253.299264000,39,ok
1785390253.298994000,33,ok
1785390253.306889000,41,ok
1785390253.340485000,45,ok
1785390253.347608000,44,ok
1785390253.351060000,42,ok
1785390253.357145000,42,ok
1785390253.352996000,39,ok
1785390253.351025000,38,ok
1785390253.359848000,36,ok
1785390253.359114000,31,ok
1785390253.367135000,34,ok
1785390253.364302000,33,ok
1785390253.373927000,38,ok
1785390253.365734000,34,ok
1785390253.372550000,38,ok
1785390253.375281000,43,ok
1785390253.375594000,37,ok
1785390253.381276000,38,ok
1785390253.427551000,53,ok
1785390253.430535000,43,ok
1785390253.432337000,44,ok
1785390253.434671000,41,ok
1785390253.434655000,46,ok
1785390253.437454000,38,ok
1785390253.438008000,44,ok
1785390253.439048000,30,ok
1785390253.438300000,33,ok
1785390253.439075000,33,ok
1785390253.437086000,34,ok
1785390253.448622000,39,ok
1785390253.458941000,47,ok
1785390253.462406000,52,ok
1785390253.461685000,50,ok
1785390253.475073000,55,ok
1785390253.510418000,47,ok
1785390253.511740000,38,ok
1785390253.512287000,37,ok
1785390253.515824000,33,ok
1785390253.518873000,41,ok
1785390253.515804000,43,ok
1785390253.515048000,43,ok
1785390253.517600000,38,ok
1785390253.525111000,47,ok
1785390253.532787000,42,ok
1785390253.532248000,50,ok
1785390253.533551000,50,ok
1785390253.557468000,61,ok
1785390253.563583000,63,ok
1785390253.569968000,60,ok
1785390253.568295000,67,ok
1785390253.588666000,46,ok
1785390253.592099000,47,ok
1785390253.592075000,42,ok
1785390253.596531000,44,ok
1785390253.597182000,50,ok
1785390253.595133000,46,ok
1785390253.600812000,55,ok
1785390253.593595000,50,ok
1785390253.604903000,38,ok
1785390253.619328000,51,ok
1785390253.611957000,45,ok
1785390253.618001000,46,ok
1785390253.633051000,49,ok
1785390253.637188000,47,ok
1785390253.644430000,48,ok
1785390253.643792000,46,ok
1785390253.662723000,39,ok
1785390253.667621000,42,ok
1785390253.669460000,39,ok
1785390253.674174000,46,ok
1785390253.673996000,43,ok
1785390253.677290000,45,ok
1785390253.677463000,41,ok
1785390253.678854000,42,ok
1785390253.682709000,41,ok
1785390253.689665000,38,ok
1785390253.688666000,39,ok
1785390253.702592000,48,ok
1785390253.718930000,54,ok
1785390253.724756000,57,ok
1785390253.725035000,57,ok
1785390253.726620000,37,ok
1785390253.726082000,58,ok
1785390253.735204000,36,ok
1785390253.737426000,33,ok
1785390253.739108000,36,ok
1785390253.748453000,37,ok
1785390253.747459000,39,ok
1785390253.748657000,43,ok
1785390253.748829000,37,ok
1785390253.759147000,52,ok
1785390253.782991000,62,ok
1785390253.787251000,65,ok
1785390253.787813000,52,ok
1785390253.794397000,40,ok
1785390253.797018000,37,ok
1785390253.798576000,39,ok
1785390253.796864000,39,ok
1785390253.806588000,44,ok
1785390253.807900000,46,ok
1785390253.814356000,41,ok
1785390253.815483000,46,ok
1785390253.822532000,42,ok
1785390253.830151000,50,ok
1785390253.832328000,54,ok
1785390253.836837000,50,ok
1785390253.830750000,53,ok
1785390253.880055000,64,ok
1785390253.890072000,68,ok
1785390253.897522000,67,ok
1785390253.896797000,76,ok
1785390253.896085000,67,ok
1785390253.916443000,80,ok
1785390253.910846000,73,ok
1785390253.927972000,72,ok
1785390253.927829000,75,ok
1785390253.927579000,79,ok
1785390253.948584000,76,ok
1785390253.952408000,93,ok
1785390253.969864000,94,ok
1785390253.959682000,88,ok
1785390253.969396000,87,ok
1785390253.984696000,102,ok
1785390254.003932000,87,ok
1785390254.016941000,87,ok
1785390254.020694000,58,ok
1785390254.021287000,76,ok
1785390254.021024000,81,ok
1785390254.021246000,85,ok
1785390254.038858000,69,ok
1785390254.048300000,86,ok
1785390254.047840000,69,ok
1785390254.047544000,67,ok
1785390254.048872000,60,ok
1785390254.070421000,71,ok
1785390254.078737000,81,ok
1785390254.085030000,87,ok
1785390254.087202000,71,ok
1785390254.088588000,92,ok
1785390254.092748000,51,ok
1785390254.091942000,58,ok
1785390254.104814000,57,ok
1785390254.109158000,60,ok
1785390254.109766000,60,ok
1785390254.112566000,63,ok
1785390254.127252000,59,ok
1785390254.142105000,65,ok
1785390254.148431000,71,ok
1785390254.147662000,70,ok
1785390254.147613000,65,ok
1785390254.152252000,58,ok
1785390254.156856000,47,ok
1785390254.158599000,40,ok
1785390254.159410000,46,ok
1785390254.161070000,47,ok
1785390254.161304000,45,ok
1785390254.171560000,48,ok
1785390254.193385000,57,ok
1785390254.207409000,65,ok
1785390254.205923000,68,ok
1785390254.205778000,70,ok
1785390254.217141000,56,ok
1785390254.217991000,44,ok
1785390254.223122000,33,ok
1785390254.223681000,40,ok
1785390254.223643000,31,ok
1785390254.225551000,40,ok
1785390254.222707000,40,ok
1785390254.224630000,39,ok
1785390254.232254000,41,ok
1785390254.233207000,38,ok
1785390254.235114000,40,ok
1785390254.258314000,58,ok
1785390254.288526000,69,ok
1785390254.293725000,55,ok
1785390254.292242000,48,ok
1785390254.293652000,41,ok
1785390254.293283000,37,ok
1785390254.293668000,50,ok
1785390254.296372000,38,ok
1785390254.297225000,38,ok
1785390254.301933000,43,ok
1785390254.306334000,47,ok
1785390254.309662000,39,ok
1785390254.308266000,41,ok
1785390254.307627000,42,ok
1785390254.307521000,43,ok
1785390254.308798000,50,ok
1785390254.344192000,55,ok
1785390254.362135000,41,ok
1785390254.362499000,32,ok
1785390254.367592000,34,ok
1785390254.368905000,40,ok
1785390254.371020000,36,ok
1785390254.371360000,31,ok
1785390254.365679000,34,ok
1785390254.369791000,31,ok
1785390254.371748000,39,ok
1785390254.377802000,34,ok
1785390254.376471000,33,ok
1785390254.380662000,36,ok
1785390254.385286000,40,ok
1785390254.381503000,36,ok
1785390254.387467000,42,ok
1785390254.430126000,56,ok
1785390254.436045000,34,ok
1785390254.436901000,38,ok
1785390254.440210000,30,ok
1785390254.443541000,35,ok
1785390254.441941000,31,ok
1785390254.444767000,36,ok
1785390254.440897000,35,ok
1785390254.440341000,32,ok
1785390254.446081000,31,ok
1785390254.455010000,34,ok
1785390254.445114000,34,ok
1785390254.449795000,34,ok
1785390254.451361000,36,ok
1785390254.462002000,40,ok
1785390254.459908000,39,ok
1785390254.499313000,38,ok
1785390254.504526000,33,ok
1785390254.512240000,37,ok
1785390254.520262000,45,ok
1785390254.520931000,40,ok
1785390254.522368000,38,ok
1785390254.520553000,43,ok
1785390254.520058000,40,ok
1785390254.520065000,40,ok
1785390254.530096000,38,ok
1785390254.528612000,40,ok
1785390254.530439000,40,ok
1785390254.531019000,38,ok
1785390254.537654000,39,ok
1785390254.537997000,44,ok
1785390254.554991000,45,ok
1785390254.594597000,40,ok
1785390254.594678000,52,ok
1785390254.598469000,33,ok
1785390254.592307000,57,ok
1785390254.601758000,32,ok
1785390254.599974000,37,ok
1785390254.598213000,36,ok
1785390254.612050000,36,ok
1785390254.598066000,37,ok
1785390254.601337000,42,ok
1785390254.609118000,35,ok
1785390254.603322000,31,ok
1785390254.612009000,35,ok
1785390254.615102000,40,ok
1785390254.619267000,43,ok
1785390254.630412000,44,ok
1785390254.671371000,31,ok
1785390254.671871000,34,ok
1785390254.671186000,42,ok
1785390254.673194000,41,ok
1785390254.673114000,35,ok
1785390254.677029000,29,ok
1785390254.679292000,28,ok
1785390254.681882000,36,ok
1785390254.702255000,50,ok
1785390254.703648000,51,ok
1785390254.704703000,46,ok
1785390254.703839000,51,ok
1785390254.703951000,52,ok
1785390254.714764000,52,ok
1785390254.712085000,45,ok
1785390254.715992000,45,ok
1785390254.739686000,37,ok
1785390254.739376000,39,ok
1785390254.741107000,39,ok
1785390254.735180000,36,ok
1785390254.745511000,42,ok
1785390254.741712000,39,ok
1785390254.753077000,40,ok
1785390254.757274000,46,ok
1785390254.776874000,43,ok
1785390254.778462000,39,ok
1785390254.780723000,38,ok
1785390254.779937000,38,ok
1785390254.785580000,40,ok
1785390254.797509000,39,ok
1785390254.795106000,35,ok
1785390254.795866000,38,ok
1785390254.802459000,30,ok
1785390254.818904000,37,ok
1785390254.822161000,41,ok
1785390254.822631000,38,ok
1785390254.824654000,49,ok
1785390254.826973000,39,ok
1785390254.828851000,36,ok
1785390254.842552000,40,ok
1785390254.846143000,37,ok
1785390254.859059000,45,ok
1785390254.859291000,35,ok
1785390254.861071000,39,ok
1785390254.866056000,38,ok
1785390254.872101000,38,ok
1785390254.875989000,39,ok
1785390254.881391000,38,ok
1785390254.878224000,40,ok
1785390254.887481000,30,ok
1785390254.889319000,33,ok
1785390254.894022000,34,ok
1785390254.903143000,40,ok
1785390254.902399000,35,ok
1785390254.907620000,38,ok
1785390254.920206000,34,ok
1785390254.920872000,43,ok
1785390254.933732000,37,ok
1785390254.937574000,32,ok
1785390254.939523000,37,ok
1785390254.935721000,31,ok
1785390254.943737000,34,ok
1785390254.950431000,35,ok
1785390254.952170000,34,ok
1785390254.950190000,40,ok
1785390254.968988000,38,ok
1785390254.972052000,43,ok
1785390254.981455000,47,ok
1785390254.990488000,48,ok
1785390254.992540000,41,ok
1785390254.995790000,49,ok
1785390255.006608000,44,ok
1785390255.021918000,53,ok
1785390255.031053000,50,ok
1785390255.038686000,49,ok
1785390255.032497000,50,ok
1785390255.033711000,54,ok
1785390255.033255000,54,ok
1785390255.054376000,57,ok
1785390255.034044000,56,ok
1785390255.049307000,50,ok
1785390255.063988000,50,ok
1785390255.067855000,47,ok
1785390255.076451000,47,ok
1785390255.088305000,49,ok
1785390255.091448000,44,ok
1785390255.093826000,49,ok
1785390255.103515000,46,ok
1785390255.108829000,38,ok
1785390255.126650000,36,ok
1785390255.125661000,32,ok
1785390255.124534000,37,ok
1785390255.135806000,34,ok
1785390255.132775000,35,ok
1785390255.141526000,39,ok
1785390255.135705000,44,ok
1785390255.147348000,40,ok
1785390255.146806000,36,ok
1785390255.148945000,38,ok
1785390255.162703000,40,ok
1785390255.172176000,42,ok
1785390255.184526000,41,ok
1785390255.182620000,38,ok
1785390255.185916000,45,ok
1785390255.203974000,46,ok
1785390255.204444000,36,ok
1785390255.210131000,41,ok
1785390255.216554000,43,ok
1785390255.216431000,41,ok
1785390255.220903000,47,ok
1785390255.222333000,45,ok
1785390255.226252000,45,ok
1785390255.227843000,39,ok
1785390255.238024000,51,ok
1785390255.236524000,43,ok
1785390255.250530000,41,ok
1785390255.260540000,33,ok
1785390255.259685000,37,ok
1785390255.270092000,40,ok
1785390255.261995000,37,ok
1785390255.276196000,38,ok
1785390255.279008000,38,ok
1785390255.293165000,42,ok
1785390255.295511000,36,ok
1785390255.305642000,34,ok
1785390255.304417000,41,ok
1785390255.305393000,44,ok
1785390255.305468000,43,ok
1785390255.307419000,49,ok
1785390255.326764000,47,ok
1785390255.337084000,57,ok
1785390255.342256000,45,ok
1785390255.343935000,40,ok
1785390255.352972000,49,ok
1785390255.361034000,43,ok
1785390255.360155000,55,ok
1785390255.360232000,41,ok
1785390255.358752000,50,ok
1785390255.370478000,38,ok
1785390255.372801000,39,ok
1785390255.386728000,48,ok
1785390255.386552000,46,ok
1785390255.388026000,46,ok
1785390255.388642000,48,ok
1785390255.400588000,56,ok
1785390255.415715000,49,ok
1785390255.426584000,48,ok
1785390255.429928000,36,ok
1785390255.423166000,49,ok
1785390255.432387000,40,ok
1785390255.426063000,52,ok
1785390255.425655000,36,ok
1785390255.434839000,34,ok
1785390255.435958000,36,ok
1785390255.435570000,38,ok
1785390255.437506000,32,ok
1785390255.450733000,33,ok
1785390255.448892000,35,ok
1785390255.456124000,39,ok
1785390255.455175000,39,ok
1785390255.479081000,49,ok
1785390255.491241000,42,ok
1785390255.498040000,35,ok
1785390255.506682000,36,ok
1785390255.502891000,35,ok
1785390255.502215000,36,ok
1785390255.508488000,34,ok
1785390255.508803000,40,ok
1785390255.501492000,34,ok
1785390255.503394000,34,ok
1785390255.508256000,35,ok
1785390255.511481000,34,ok
1785390255.525717000,37,ok
1785390255.527570000,41,ok
1785390255.541330000,47,ok
1785390255.535126000,38,ok
1785390255.560948000,44,ok
1785390255.563811000,36,ok
1785390255.575348000,41,ok
1785390255.579024000,40,ok
1785390255.587568000,35,ok
1785390255.582601000,33,ok
1785390255.579941000,38,ok
1785390255.585671000,36,ok
1785390255.583961000,40,ok
1785390255.588162000,39,ok
1785390255.587837000,39,ok
1785390255.584122000,41,ok
1785390255.593970000,35,ok
1785390255.597574000,36,ok
1785390255.621561000,50,ok
1785390255.633584000,61,ok
1785390255.656435000,60,ok
1785390255.660473000,57,ok
1785390255.667361000,51,ok
1785390255.666933000,44,ok
1785390255.667979000,41,ok
1785390255.675600000,33,ok
1785390255.679512000,36,ok
1785390255.676798000,42,ok
1785390255.677049000,45,ok
1785390255.677344000,47,ok
1785390255.678264000,29,ok
1785390255.675869000,41,ok
1785390255.678999000,41,ok
1785390255.678907000,35,ok
1785390255.725250000,58,ok
1785390255.733147000,63,ok
1785390255.743527000,40,ok
1785390255.744213000,48,ok
1785390255.747749000,45,ok
1785390255.747449000,42,ok
1785390255.752783000,40,ok
1785390255.759333000,40,ok
1785390255.755500000,40,ok
1785390255.762742000,38,ok
1785390255.763671000,42,ok
1785390255.761487000,43,ok
1785390255.763729000,43,ok
1785390255.760987000,40,ok
1785390255.758602000,44,ok
1785390255.762804000,42,ok
1785390255.824923000,68,ok
1785390255.828304000,53,ok
1785390255.831481000,43,ok
1785390255.830216000,48,ok
1785390255.832271000,45,ok
1785390255.832565000,29,ok
1785390255.832940000,43,ok
1785390255.833458000,41,ok
1785390255.835536000,34,ok
1785390255.842310000,37,ok
1785390255.847307000,43,ok
1785390255.842678000,37,ok
1785390255.847781000,39,ok
1785390255.845486000,48,ok
1785390255.845062000,33,ok
1785390255.845647000,39,ok
1785390255.899279000,38,ok
1785390255.905130000,40,ok
1785390255.899197000,37,ok
1785390255.900533000,39,ok
1785390255.905808000,32,ok
1785390255.901651000,34,ok
1785390255.905694000,34,ok
1785390255.910400000,26,ok
1785390255.906490000,32,ok
1785390255.906708000,35,ok
1785390255.915958000,32,ok
1785390255.919091000,33,ok
1785390255.920560000,32,ok
1785390255.919329000,35,ok
1785390255.920266000,33,ok
1785390255.921889000,37,ok
1785390255.973781000,35,ok
1785390255.983391000,38,ok
1785390255.977765000,37,ok
1785390255.983982000,31,ok
1785390255.983692000,38,ok
1785390255.982670000,41,ok
1785390255.983944000,43,ok
1785390255.984827000,44,ok
1785390255.984817000,45,ok
1785390255.984589000,38,ok
1785390255.995676000,39,ok
1785390255.990850000,35,ok
1785390255.998073000,39,ok
1785390255.994025000,37,ok
1785390255.993367000,34,ok
1785390256.001057000,35,ok
1785390256.051411000,36,ok
1785390256.055634000,32,ok
1785390256.059872000,37,ok
1785390256.062870000,34,ok
1785390256.060403000,37,ok
1785390256.058876000,33,ok
1785390256.059044000,35,ok
1785390256.063170000,35,ok
1785390256.064398000,31,ok
1785390256.067849000,31,ok
1785390256.063498000,37,ok
1785390256.062238000,39,ok
1785390256.068712000,32,ok
1785390256.064316000,29,ok
1785390256.066914000,30,ok
1785390256.072808000,34,ok
1785390256.119465000,31,ok
1785390256.122761000,29,ok
1785390256.127766000,33,ok
1785390256.128986000,31,ok
1785390256.134601000,34,ok
1785390256.130309000,32,ok
1785390256.129424000,27,ok
1785390256.132856000,30,ok
1785390256.136051000,30,ok
1785390256.147833000,41,ok
1785390256.142873000,38,ok
1785390256.146209000,39,ok
1785390256.146896000,36,ok
1785390256.144910000,35,ok
1785390256.149153000,41,ok
1785390256.150761000,37,ok
1785390256.194045000,37,ok
1785390256.195800000,40,ok
1785390256.204252000,38,ok
1785390256.204344000,34,ok
1785390256.203226000,31,ok
1785390256.210125000,39,ok
1785390256.212935000,36,ok
1785390256.218034000,35,ok
1785390256.216686000,40,ok
1785390256.214214000,34,ok
1785390256.215511000,30,ok
1785390256.225354000,34,ok
1785390256.229192000,40,ok
1785390256.227302000,43,ok
1785390256.227782000,42,ok
1785390256.228034000,32,ok
1785390256.275071000,33,ok
1785390256.270385000,37,ok
1785390256.272718000,38,ok
1785390256.274802000,39,ok
1785390256.279811000,35,ok
1785390256.290045000,38,ok
1785390256.289594000,34,ok
1785390256.285930000,27,ok
1785390256.300910000,38,ok
1785390256.306669000,42,ok
1785390256.305064000,38,ok
1785390256.301106000,40,ok
1785390256.303188000,38,ok
1785390256.305349000,36,ok
1785390256.307905000,40,ok
1785390256.317218000,43,ok
1785390256.351151000,37,ok
1785390256.346598000,37,ok
1785390256.358017000,39,ok
1785390256.360536000,31,ok
1785390256.358263000,45,ok
1785390256.360778000,42,ok
1785390256.367636000,29,ok
1785390256.370887000,32,ok
1785390256.375104000,31,ok
1785390256.374216000,33,ok
1785390256.368343000,33,ok
1785390256.373029000,43,ok
1785390256.375525000,31,ok
1785390256.377494000,31,ok
1785390256.387434000,38,ok
1785390256.414467000,58,ok
1785390256.426686000,48,ok
1785390256.429560000,41,ok
1785390256.429775000,42,ok
1785390256.433263000,38,ok
1785390256.438742000,35,ok
1785390256.438346000,31,ok
1785390256.438940000,31,ok
1785390256.437050000,31,ok
1785390256.443692000,32,ok
1785390256.438323000,34,ok
1785390256.447175000,31,ok
1785390256.448007000,37,ok
1785390256.448669000,59,ok
1785390256.446152000,35,ok
1785390256.447163000,34,ok
1785390256.498740000,57,ok
1785390256.506019000,37,ok
1785390256.510612000,30,ok
1785390256.504654000,43,ok
1785390256.511760000,39,ok
1785390256.511675000,39,ok
1785390256.511942000,33,ok
1785390256.515071000,32,ok
1785390256.512928000,37,ok
1785390256.519005000,35,ok
1785390256.515624000,34,ok
1785390256.523033000,35,ok
1785390256.518947000,35,ok
1785390256.524382000,35,ok
1785390256.523779000,39,ok
1785390256.525889000,37,ok
1785390256.580851000,38,ok
1785390256.582214000,32,ok
1785390256.587119000,29,ok
1785390256.586269000,38,ok
1785390256.586614000,29,ok
1785390256.586437000,30,ok
1785390256.585705000,35,ok
1785390256.584880000,34,ok
1785390256.586120000,30,ok
1785390256.591868000,33,ok
1785390256.590348000,29,ok
1785390256.597993000,33,ok
1785390256.597023000,34,ok
1785390256.600222000,34,ok
1785390256.602503000,39,ok
1785390256.614135000,44,ok
1785390256.658456000,40,ok
1785390256.653871000,33,ok
1785390256.657099000,39,ok
1785390256.663963000,33,ok
1785390256.660329000,36,ok
1785390256.660154000,35,ok
1785390256.659878000,34,ok
1785390256.661213000,36,ok
1785390256.663120000,37,ok
1785390256.662917000,35,ok
1785390256.662854000,34,ok
1785390256.673574000,35,ok
1785390256.685030000,50,ok
1785390256.687698000,46,ok
1785390256.682584000,47,ok
1785390256.699969000,52,ok
1785390256.742682000,40,ok
1785390256.745935000,31,ok
1785390256.746420000,39,ok
1785390256.743617000,33,ok
1785390256.743394000,30,ok
1785390256.753580000,41,ok
1785390256.758714000,34,ok
1785390256.754775000,40,ok
1785390256.752752000,36,ok
1785390256.760627000,32,ok
1785390256.753737000,43,ok
1785390256.752762000,42,ok
1785390256.763465000,36,ok
1785390256.761079000,34,ok
1785390256.755231000,44,ok
1785390256.786799000,54,ok
1785390256.823312000,42,ok
1785390256.827083000,41,ok
1785390256.821017000,41,ok
1785390256.830211000,42,ok
1785390256.828452000,38,ok
1785390256.827680000,41,ok
1785390256.830579000,41,ok
1785390256.831519000,36,ok
1785390256.835289000,38,ok
1785390256.837345000,40,ok
1785390256.835164000,43,ok
1785390256.833731000,34,ok
1785390256.833129000,39,ok
1785390256.840617000,41,ok
1785390256.835769000,38,ok
1785390256.860676000,39,ok
1785390256.897192000,34,ok
1785390256.896937000,33,ok
1785390256.901087000,36,ok
1785390256.903400000,35,ok
1785390256.906684000,32,ok
1785390256.906191000,30,ok
1785390256.910607000,36,ok
1785390256.911921000,33,ok
1785390256.905317000,30,ok
1785390256.912872000,33,ok
1785390256.910545000,31,ok
1785390256.913170000,37,ok
1785390256.912850000,33,ok
1785390256.910723000,33,ok
1785390256.918761000,30,ok
1785390256.944900000,41,ok
1785390256.975693000,45,ok
1785390256.976876000,36,ok
1785390256.972862000,40,ok
1785390256.977452000,31,ok
1785390256.979544000,39,ok
1785390256.980574000,32,ok
1785390256.978222000,33,ok
1785390256.983460000,34,ok
1785390256.981999000,32,ok
1785390256.988931000,35,ok
1785390256.986436000,37,ok
1785390256.994007000,37,ok
1785390256.997795000,37,ok
1785390256.994214000,40,ok
1785390256.995173000,37,ok
1785390257.035364000,54,ok
1785390257.057495000,39,ok
1785390257.060002000,47,ok
1785390257.053290000,37,ok
1785390257.056863000,37,ok
1785390257.058421000,38,ok
1785390257.058942000,37,ok
1785390257.069104000,37,ok
1785390257.059278000,45,ok
1785390257.065523000,37,ok
1785390257.066638000,30,ok
1785390257.059205000,31,ok
1785390257.065796000,36,ok
1785390257.064595000,33,ok
1785390257.069431000,37,ok
1785390257.088288000,41,ok
1785390257.122214000,49,ok
1785390257.131438000,33,ok
1785390257.132065000,31,ok
1785390257.131457000,39,ok
1785390257.136293000,30,ok
1785390257.134964000,34,ok
1785390257.142085000,36,ok
1785390257.143686000,36,ok
1785390257.143149000,37,ok
1785390257.137031000,34,ok
1785390257.141885000,33,ok
1785390257.146124000,36,ok
1785390257.146526000,41,ok
1785390257.144699000,36,ok
1785390257.143386000,37,ok
1785390257.159800000,36,ok
1785390257.203124000,56,ok
1785390257.208837000,40,ok
1785390257.210933000,41,ok
1785390257.215496000,33,ok
1785390257.212416000,34,ok
1785390257.220617000,41,ok
1785390257.221067000,41,ok
1785390257.219404000,38,ok
1785390257.221477000,41,ok
1785390257.219436000,32,ok
1785390257.222028000,34,ok
1785390257.221288000,40,ok
1785390257.224955000,36,ok
1785390257.223212000,35,ok
1785390257.221190000,41,ok
1785390257.231374000,37,ok
1785390257.277669000,41,ok
1785390257.282147000,38,ok
1785390257.286895000,37,ok
1785390257.287866000,32,ok
1785390257.287540000,32,ok
1785390257.283884000,33,ok
1785390257.290515000,33,ok
1785390257.292849000,32,ok
1785390257.291369000,33,ok
1785390257.298812000,35,ok
1785390257.302827000,40,ok
1785390257.303022000,39,ok
1785390257.310004000,40,ok
1785390257.304011000,39,ok
1785390257.309345000,40,ok
1785390257.311239000,43,ok
1785390257.352272000,35,ok
1785390257.358412000,34,ok
1785390257.358722000,38,ok
1785390257.361477000,34,ok
1785390257.358304000,35,ok
1785390257.356849000,35,ok
1785390257.364313000,37,ok
1785390257.370925000,33,ok
1785390257.362704000,33,ok
1785390257.370188000,38,ok
1785390257.365826000,29,ok
1785390257.383571000,42,ok
1785390257.388868000,42,ok
1785390257.387802000,43,ok
1785390257.401918000,52,ok
1785390257.400242000,48,ok
1785390257.427293000,39,ok
1785390257.428988000,39,ok
1785390257.438564000,31,ok
1785390257.431339000,36,ok
1785390257.433011000,29,ok
1785390257.436490000,36,ok
1785390257.436527000,34,ok
1785390257.440935000,33,ok
1785390257.435327000,39,ok
1785390257.441268000,32,ok
1785390257.439928000,34,ok
1785390257.450454000,37,ok
1785390257.456780000,37,ok
1785390257.465246000,40,ok
1785390257.488002000,56,ok
1785390257.492666000,53,ok
1785390257.503503000,34,ok
1785390257.506517000,39,ok
1785390257.511615000,35,ok
1785390257.506404000,33,ok
1785390257.503701000,31,ok
1785390257.511224000,38,ok
1785390257.507075000,32,ok
1785390257.505732000,37,ok
1785390257.513978000,37,ok
1785390257.517115000,37,ok
1785390257.517607000,37,ok
1785390257.525662000,35,ok
1785390257.520600000,44,ok
1785390257.541654000,42,ok
1785390257.571985000,55,ok
1785390257.576808000,49,ok
1785390257.583541000,44,ok
1785390257.590125000,42,ok
1785390257.585709000,40,ok
1785390257.587630000,45,ok
1785390257.590687000,43,ok
1785390257.586271000,43,ok
1785390257.592059000,45,ok
1785390257.589994000,44,ok
1785390257.595554000,33,ok
1785390257.597140000,44,ok
1785390257.595153000,36,ok
1785390257.598691000,47,ok
1785390257.607445000,46,ok
1785390257.625660000,48,ok
1785390257.658561000,50,ok
1785390257.664558000,40,ok
1785390257.663947000,35,ok
1785390257.663173000,37,ok
1785390257.663576000,36,ok
1785390257.663037000,50,ok
1785390257.662385000,35,ok
1785390257.670158000,37,ok
1785390257.669606000,35,ok
1785390257.669311000,38,ok
1785390257.671535000,40,ok
1785390257.669900000,31,ok
1785390257.671840000,35,ok
1785390257.675165000,41,ok
1785390257.679704000,34,ok
1785390257.706417000,47,ok
1785390257.736542000,43,ok
1785390257.736962000,38,ok
1785390257.738838000,32,ok
1785390257.747830000,40,ok
1785390257.740776000,38,ok
1785390257.747389000,37,ok
1785390257.747591000,40,ok
1785390257.748992000,41,ok
1785390257.750706000,37,ok
1785390257.750582000,36,ok
1785390257.753841000,45,ok
1785390257.752604000,45,ok
1785390257.752626000,46,ok
1785390257.751841000,46,ok
1785390257.762539000,42,ok
1785390257.794556000,57,ok
1785390257.823490000,34,ok
1785390257.817974000,51,ok
1785390257.826856000,38,ok
1785390257.830842000,35,ok
1785390257.831625000,35,ok
1785390257.830465000,34,ok
1785390257.825990000,33,ok
1785390257.829467000,35,ok
1785390257.831574000,37,ok
1785390257.835697000,34,ok
1785390257.830915000,40,ok
1785390257.841222000,35,ok
1785390257.835878000,40,ok
1785390257.845282000,42,ok
1785390257.845629000,46,ok
1785390257.877200000,53,ok
1785390257.899945000,39,ok
1785390257.905984000,32,ok
1785390257.901776000,37,ok
1785390257.905912000,30,ok
1785390257.903379000,36,ok
1785390257.906436000,39,ok
1785390257.904749000,31,ok
1785390257.904882000,46,ok
1785390257.906989000,35,ok
1785390257.911519000,34,ok
1785390257.908414000,36,ok
1785390257.915898000,32,ok
1785390257.909464000,30,ok
1785390257.916499000,41,ok
1785390257.916300000,36,ok
1785390257.963727000,58,ok
1785390257.976402000,39,ok
1785390257.983703000,34,ok
1785390257.978255000,35,ok
1785390257.979698000,39,ok
1785390257.982745000,33,ok
1785390257.983289000,36,ok
1785390257.979825000,33,ok
1785390257.979573000,34,ok
1785390257.982712000,34,ok
1785390257.993430000,38,ok
1785390257.993497000,40,ok
1785390257.993302000,39,ok
1785390258.007262000,49,ok
1785390258.003055000,45,ok
1785390257.987632000,30,ok
1785390258.040744000,52,ok
1785390258.049228000,42,ok
1785390258.055327000,34,ok
1785390258.054490000,37,ok
1785390258.063281000,33,ok
1785390258.057214000,33,ok
1785390258.060175000,30,ok
1785390258.065894000,38,ok
1785390258.062335000,39,ok
1785390258.063021000,33,ok
1785390258.067069000,47,ok
1785390258.064315000,44,ok
1785390258.066110000,45,ok
1785390258.077694000,38,ok
1785390258.104388000,59,ok
1785390258.113137000,68,ok
1785390258.127326000,43,ok
1785390258.130373000,32,ok
1785390258.128673000,44,ok
1785390258.130410000,39,ok
1785390258.131781000,36,ok
1785390258.134629000,35,ok
1785390258.135075000,38,ok
1785390258.134290000,41,ok
1785390258.130439000,33,ok
1785390258.135279000,34,ok
1785390258.143413000,40,ok
1785390258.141320000,34,ok
1785390258.138629000,32,ok
1785390258.165318000,48,ok
1785390258.186233000,54,ok
1785390258.191726000,47,ok
1785390258.199073000,36,ok
1785390258.203030000,35,ok
1785390258.205719000,42,ok
1785390258.205589000,33,ok
1785390258.213426000,38,ok
1785390258.209170000,38,ok
1785390258.208624000,36,ok
1785390258.215645000,37,ok
1785390258.213197000,39,ok
1785390258.204802000,35,ok
1785390258.213440000,37,ok
1785390258.218506000,39,ok
1785390258.234328000,58,ok
1785390258.279010000,80,ok
1785390258.285947000,33,ok
1785390258.287709000,31,ok
1785390258.286198000,38,ok
1785390258.283501000,67,ok
1785390258.286639000,36,ok
1785390258.283984000,33,ok
1785390258.282070000,51,ok
1785390258.290932000,32,ok
1785390258.285125000,31,ok
1785390258.291032000,35,ok
1785390258.286480000,37,ok
1785390258.292617000,33,ok
1785390258.295955000,38,ok
1785390258.295186000,39,ok
1785390258.318391000,47,ok
1785390258.361925000,35,ok
1785390258.362703000,34,ok
1785390258.361643000,36,ok
1785390258.360838000,34,ok
1785390258.361457000,34,ok
1785390258.368662000,38,ok
1785390258.367045000,40,ok
1785390258.372422000,45,ok
1785390258.374634000,42,ok
1785390258.374450000,44,ok
1785390258.374355000,43,ok
1785390258.376708000,44,ok
1785390258.375325000,41,ok
1785390258.370499000,39,ok
1785390258.375217000,39,ok
1785390258.382415000,33,ok
1785390258.440332000,33,ok
1785390258.438263000,33,ok
1785390258.439579000,41,ok
1785390258.443667000,37,ok
1785390258.444877000,40,ok
1785390258.440215000,37,ok
1785390258.444619000,33,ok
1785390258.450288000,34,ok
1785390258.451057000,35,ok
1785390258.454460000,31,ok
1785390258.448986000,39,ok
1785390258.452102000,37,ok
1785390258.450155000,37,ok
1785390258.441359000,31,ok
1785390258.452387000,38,ok
1785390258.459200000,39,ok
1785390258.519817000,41,ok
1785390258.520732000,38,ok
1785390258.525426000,29,ok
1785390258.520350000,38,ok
1785390258.526943000,39,ok
1785390258.526345000,30,ok
1785390258.527576000,39,ok
1785390258.527848000,40,ok
1785390258.531792000,36,ok
1785390258.533945000,33,ok
1785390258.533671000,39,ok
1785390258.527776000,39,ok
1785390258.536783000,41,ok
1785390258.531405000,35,ok
1785390258.535864000,40,ok
1785390258.538772000,40,ok
1785390258.598393000,38,ok
1785390258.600761000,32,ok
1785390258.611074000,36,ok
1785390258.606579000,33,ok
1785390258.608800000,37,ok
1785390258.611839000,39,ok
1785390258.611812000,36,ok
1785390258.609295000,35,ok
1785390258.611512000,40,ok
1785390258.620155000,45,ok
1785390258.621193000,45,ok
1785390258.623790000,46,ok
1785390258.619690000,45,ok
1785390258.632564000,51,ok
1785390258.634713000,47,ok
1785390258.643781000,68,ok
1785390258.684945000,45,ok
1785390258.688814000,31,ok
1785390258.687730000,45,ok
1785390258.696687000,27,ok
1785390258.693492000,37,ok
1785390258.688802000,38,ok
1785390258.690344000,37,ok
1785390258.693510000,36,ok
1785390258.692312000,44,ok
1785390258.695408000,31,ok
1785390258.696807000,38,ok
1785390258.698680000,34,ok
1785390258.698115000,28,ok
1785390258.696114000,33,ok
1785390258.698588000,35,ok
1785390258.751153000,66,ok
1785390258.760585000,34,ok
1785390258.762656000,31,ok
1785390258.765823000,33,ok
1785390258.762619000,34,ok
1785390258.762027000,31,ok
1785390258.767680000,34,ok
1785390258.768786000,35,ok
1785390258.772808000,36,ok
1785390258.770289000,39,ok
1785390258.772783000,36,ok
1785390258.776963000,37,ok
1785390258.773886000,44,ok
1785390258.776743000,37,ok
1785390258.776545000,37,ok
1785390258.778552000,39,ok
1785390258.836957000,43,ok
1785390258.843300000,33,ok
1785390258.842932000,38,ok
1785390258.848926000,36,ok
1785390258.844065000,39,ok
1785390258.835369000,48,ok
1785390258.843458000,38,ok
1785390258.843037000,34,ok
1785390258.845420000,36,ok
1785390258.844572000,38,ok
1785390258.843514000,35,ok
1785390258.843342000,44,ok
1785390258.844762000,40,ok
1785390258.853885000,36,ok
1785390258.856269000,38,ok
1785390258.856153000,38,ok
1785390258.915940000,33,ok
1785390258.925674000,35,ok
1785390258.920746000,35,ok
1785390258.919698000,34,ok
1785390258.923106000,35,ok
1785390258.921624000,35,ok
1785390258.923980000,35,ok
1785390258.922980000,35,ok
1785390258.921466000,32,ok
1785390258.926695000,39,ok
1785390258.922046000,38,ok
1785390258.927252000,30,ok
1785390258.922093000,33,ok
1785390258.937318000,40,ok
1785390258.927262000,26,ok
1785390258.928291000,28,ok
1785390258.990839000,29,ok
1785390258.993428000,32,ok
1785390258.996387000,35,ok
1785390258.995517000,33,ok
1785390258.995503000,35,ok
1785390259.006047000,42,ok
1785390259.004596000,40,ok
1785390259.007485000,41,ok
1785390259.006931000,40,ok
1785390259.007494000,42,ok
1785390259.007670000,43,ok
1785390259.015560000,49,ok
1785390259.014466000,41,ok
1785390259.016844000,52,ok
1785390259.019479000,46,ok
1785390259.020468000,48,ok
1785390259.077691000,43,ok
1785390259.071843000,49,ok
1785390259.077882000,32,ok
1785390259.077861000,45,ok
1785390259.077100000,51,ok
1785390259.079213000,43,ok
1785390259.084200000,33,ok
1785390259.079046000,32,ok
1785390259.084699000,36,ok
1785390259.090037000,35,ok
1785390259.086235000,36,ok
1785390259.087687000,32,ok
1785390259.080125000,25,ok
1785390259.083995000,33,ok
1785390259.105072000,46,ok
1785390259.121886000,57,ok
1785390259.151588000,32,ok
1785390259.151761000,34,ok
1785390259.150784000,33,ok
1785390259.154683000,40,ok
1785390259.154894000,32,ok
1785390259.154554000,41,ok
1785390259.157017000,33,ok
1785390259.155140000,33,ok
1785390259.156034000,37,ok
1785390259.156704000,34,ok
1785390259.160273000,35,ok
1785390259.157645000,34,ok
1785390259.169615000,42,ok
1785390259.167251000,42,ok
1785390259.186103000,46,ok
1785390259.213162000,61,ok
1785390259.233323000,41,ok
1785390259.234186000,39,ok
1785390259.238616000,39,ok
1785390259.235646000,40,ok
1785390259.235578000,39,ok
1785390259.234897000,42,ok
1785390259.236181000,41,ok
1785390259.235195000,43,ok
1785390259.236675000,45,ok
1785390259.252395000,55,ok
1785390259.253758000,55,ok
1785390259.260794000,57,ok
1785390259.267364000,71,ok
1785390259.267632000,60,ok
1785390259.284766000,59,ok
1785390259.298062000,54,ok
1785390259.315670000,40,ok
1785390259.315140000,39,ok
1785390259.316553000,45,ok
1785390259.318327000,39,ok
1785390259.316707000,44,ok
1785390259.323524000,36,ok
1785390259.318552000,46,ok
1785390259.324739000,49,ok
1785390259.324376000,48,ok
1785390259.330836000,50,ok
1785390259.334136000,34,ok
1785390259.342084000,39,ok
1785390259.341353000,44,ok
1785390259.352812000,44,ok
1785390259.377671000,62,ok
1785390259.385792000,54,ok
1785390259.390171000,40,ok
1785390259.395154000,37,ok
1785390259.395350000,38,ok
1785390259.395822000,47,ok
1785390259.394533000,31,ok
1785390259.397318000,42,ok
1785390259.396593000,40,ok
1785390259.396540000,32,ok
1785390259.397300000,36,ok
1785390259.410624000,37,ok
1785390259.420131000,51,ok
1785390259.417383000,46,ok
1785390259.420487000,45,ok
1785390259.449859000,67,ok
1785390259.456654000,57,ok
1785390259.457615000,35,ok
1785390259.462229000,47,ok
1785390259.466244000,31,ok
1785390259.470572000,43,ok
1785390259.467228000,36,ok
1785390259.469341000,36,ok
1785390259.463239000,36,ok
1785390259.469931000,43,ok
1785390259.471042000,39,ok
1785390259.474816000,35,ok
1785390259.483962000,40,ok
1785390259.490587000,40,ok
1785390259.503121000,50,ok
1785390259.506864000,53,ok
1785390259.534053000,53,ok
1785390259.534136000,42,ok
1785390259.538082000,41,ok
1785390259.537623000,35,ok
1785390259.539977000,36,ok
1785390259.540306000,35,ok
1785390259.542071000,40,ok
1785390259.545610000,37,ok
1785390259.548118000,36,ok
1785390259.545435000,36,ok
1785390259.541334000,34,ok
1785390259.547604000,41,ok
1785390259.565579000,45,ok
1785390259.579308000,58,ok
1785390259.589566000,56,ok
1785390259.595673000,56,ok
1785390259.609094000,45,ok
1785390259.612334000,41,ok
1785390259.616142000,43,ok
1785390259.614619000,42,ok
1785390259.614656000,43,ok
1785390259.615541000,41,ok
1785390259.619991000,42,ok
1785390259.616287000,42,ok
1785390259.620475000,42,ok
1785390259.618865000,38,ok
1785390259.629298000,49,ok
1785390259.630321000,48,ok
1785390259.651392000,53,ok
1785390259.677074000,58,ok
1785390259.677028000,68,ok
1785390259.682752000,54,ok
1785390259.685605000,34,ok
1785390259.687780000,37,ok
1785390259.688583000,40,ok
1785390259.692178000,36,ok
1785390259.696727000,39,ok
1785390259.694388000,28,ok
1785390259.694339000,37,ok
1785390259.693767000,31,ok
1785390259.696215000,38,ok
1785390259.692781000,37,ok
1785390259.697750000,39,ok
1785390259.704400000,37,ok
1785390259.741212000,58,ok
1785390259.759684000,36,ok
1785390259.760515000,36,ok
1785390259.756570000,42,ok
1785390259.759606000,40,ok
1785390259.760992000,35,ok
1785390259.762286000,34,ok
1785390259.764498000,30,ok
1785390259.769177000,35,ok
1785390259.765072000,31,ok
1785390259.771038000,32,ok
1785390259.774274000,37,ok
1785390259.774769000,39,ok
1785390259.767987000,35,ok
1785390259.774646000,38,ok
1785390259.778160000,36,ok
1785390259.827383000,52,ok
1785390259.840102000,41,ok
1785390259.840313000,35,ok
1785390259.842488000,29,ok
1785390259.837564000,35,ok
1785390259.834992000,42,ok
1785390259.840730000,32,ok
1785390259.841022000,36,ok
1785390259.841275000,37,ok
1785390259.840715000,39,ok
1785390259.844333000,32,ok
1785390259.842605000,35,ok
1785390259.846499000,35,ok
1785390259.852332000,39,ok
1785390259.851415000,33,ok
1785390259.854274000,33,ok
1785390259.907489000,51,ok
1785390259.911247000,34,ok
1785390259.916010000,35,ok
1785390259.918889000,31,ok
1785390259.914798000,35,ok
1785390259.921266000,40,ok
1785390259.914010000,37,ok
1785390259.917977000,34,ok
1785390259.921077000,37,ok
1785390259.925126000,33,ok
1785390259.920915000,37,ok
1785390259.932476000,46,ok
1785390259.927392000,39,ok
1785390259.926301000,36,ok
1785390259.921647000,39,ok
1785390259.935337000,38,ok
1785390259.982647000,39,ok
1785390259.994618000,37,ok
1785390259.995952000,37,ok
1785390260.003697000,36,ok
1785390259.997492000,31,ok
1785390259.995820000,35,ok
1785390259.992206000,39,ok
1785390259.993084000,37,ok
1785390260.013883000,43,ok
1785390259.997983000,30,ok
1785390260.016892000,46,ok
1785390260.011329000,42,ok
1785390260.020757000,44,ok
1785390260.015877000,47,ok
1785390260.017829000,42,ok
1785390260.021547000,50,ok
1785390260.068680000,37,ok
1785390260.066718000,44,ok
1785390260.080042000,34,ok
1785390260.075999000,35,ok
1785390260.078924000,44,ok
1785390260.077691000,33,ok
1785390260.088571000,37,ok
1785390260.083220000,33,ok
1785390260.078211000,34,ok
1785390260.090072000,35,ok
1785390260.089798000,41,ok
1785390260.091051000,35,ok
1785390260.094165000,37,ok
1785390260.097136000,35,ok
1785390260.099613000,43,ok
1785390260.101862000,41,ok
1785390260.147998000,36,ok
1785390260.155752000,33,ok
1785390260.151269000,34,ok
1785390260.156894000,33,ok
1785390260.165156000,38,ok
1785390260.167203000,40,ok
1785390260.155251000,34,ok
1785390260.154640000,31,ok
1785390260.171631000,40,ok
1785390260.174451000,34,ok
1785390260.169189000,36,ok
1785390260.172973000,34,ok
1785390260.180916000,42,ok
1785390260.183213000,45,ok
1785390260.173474000,41,ok
1785390260.167726000,42,ok
1785390260.233850000,35,ok
1785390260.234620000,45,ok
1785390260.237762000,34,ok
1785390260.239581000,39,ok
1785390260.244486000,30,ok
1785390260.240230000,32,ok
1785390260.239422000,30,ok
1785390260.246547000,30,ok
1785390260.241980000,41,ok
1785390260.246236000,33,ok
1785390260.240774000,36,ok
1785390260.251603000,35,ok
1785390260.259040000,41,ok
1785390260.256514000,50,ok
1785390260.260506000,36,ok
1785390260.285237000,57,ok
1785390260.311468000,42,ok
1785390260.315486000,39,ok
1785390260.315574000,47,ok
1785390260.317358000,38,ok
1785390260.318388000,28,ok
1785390260.314013000,35,ok
1785390260.326659000,35,ok
1785390260.319914000,32,ok
1785390260.316276000,32,ok
1785390260.322792000,35,ok
1785390260.317559000,34,ok
1785390260.326669000,36,ok
1785390260.326710000,32,ok
1785390260.328461000,42,ok
1785390260.328138000,41,ok
1785390260.383905000,71,ok
1785390260.390091000,32,ok
1785390260.393290000,34,ok
1785390260.394215000,33,ok
1785390260.393349000,40,ok
1785390260.394854000,38,ok
1785390260.405887000,42,ok
1785390260.406985000,36,ok
1785390260.406599000,42,ok
1785390260.399644000,35,ok
1785390260.404047000,35,ok
1785390260.408979000,45,ok
1785390260.404000000,38,ok
1785390260.407428000,47,ok
1785390260.407735000,40,ok
1785390260.407340000,39,ok
1785390260.464274000,44,ok
1785390260.471966000,33,ok
1785390260.467071000,31,ok
1785390260.471100000,38,ok
1785390260.473370000,32,ok
1785390260.472344000,30,ok
1785390260.470271000,41,ok
1785390260.472654000,33,ok
1785390260.476826000,30,ok
1785390260.476845000,34,ok
1785390260.479548000,30,ok
1785390260.486576000,40,ok
1785390260.478315000,31,ok
1785390260.476227000,28,ok
1785390260.485747000,35,ok
1785390260.489912000,44,ok
1785390260.539436000,39,ok
1785390260.549335000,37,ok
1785390260.543139000,33,ok
1785390260.551066000,41,ok
1785390260.550961000,40,ok
1785390260.542767000,38,ok
1785390260.550089000,39,ok
1785390260.547941000,32,ok
1785390260.550206000,38,ok
1785390260.552448000,34,ok
1785390260.559612000,40,ok
1785390260.558966000,40,ok
1785390260.558159000,39,ok
1785390260.558318000,38,ok
1785390260.563500000,43,ok
1785390260.571026000,38,ok
1785390260.624017000,43,ok
1785390260.627427000,40,ok
1785390260.624008000,42,ok
1785390260.655425000,64,ok
1785390260.649221000,60,ok
1785390260.652953000,65,ok
1785390260.638888000,46,ok
1785390260.649307000,56,ok
1785390260.672344000,77,ok
1785390260.690946000,95,ok
1785390260.691069000,97,ok
1785390260.690910000,96,ok
1785390260.711332000,114,ok
1785390260.711874000,118,ok
1785390260.710193000,105,ok
1785390260.712545000,113,ok
1785390260.731424000,37,ok
1785390260.737883000,43,ok
1785390260.742634000,38,ok
1785390260.740980000,38,ok
1785390260.742050000,45,ok
1785390260.743226000,42,ok
1785390260.741956000,42,ok
1785390260.741336000,41,ok
1785390260.741037000,33,ok
1785390260.764138000,43,ok
1785390260.770325000,45,ok
1785390260.771597000,45,ok
1785390260.789446000,49,ok
1785390260.794507000,53,ok
1785390260.795628000,45,ok
1785390260.804528000,45,ok
1785390260.808804000,70,ok
1785390260.815605000,41,ok
1785390260.822932000,50,ok
1785390260.824375000,47,ok
1785390260.824168000,44,ok
1785390260.826371000,49,ok
1785390260.833131000,54,ok
1785390260.835397000,54,ok
1785390260.833525000,53,ok
1785390260.854398000,53,ok
1785390260.866258000,59,ok
1785390260.868247000,65,ok
1785390260.876379000,54,ok
1785390260.885169000,53,ok
1785390260.887444000,51,ok
1785390260.887827000,49,ok
1785390260.892025000,38,ok
1785390260.900557000,41,ok
1785390260.895371000,43,ok
1785390260.901955000,39,ok
1785390260.901725000,42,ok
1785390260.900568000,36,ok
1785390260.900476000,41,ok
1785390260.913207000,46,ok
1785390260.921430000,51,ok
1785390260.944895000,52,ok
1785390260.942122000,56,ok
1785390260.952489000,46,ok
1785390260.963483000,37,ok
1785390260.960283000,37,ok
1785390260.962173000,59,ok
1785390260.962879000,30,ok
1785390260.961167000,38,ok
1785390260.970616000,37,ok
1785390260.962053000,41,ok
1785390260.970989000,41,ok
1785390260.985786000,49,ok
1785390260.984597000,48,ok
1785390260.982972000,47,ok
1785390261.013976000,68,ok
1785390261.014001000,65,ok
1785390261.031209000,58,ok
1785390261.033272000,55,ok
1785390261.035135000,50,ok
1785390261.037533000,43,ok
1785390261.040485000,45,ok
1785390261.045058000,40,ok
1785390261.041760000,47,ok
1785390261.041629000,44,ok
1785390261.048824000,38,ok
1785390261.049689000,39,ok
1785390261.047398000,42,ok
1785390261.056898000,37,ok
1785390261.066921000,46,ok
1785390261.066986000,49,ok
1785390261.103221000,53,ok
1785390261.108024000,55,ok
1785390261.106953000,38,ok
1785390261.113455000,37,ok
1785390261.112260000,47,ok
1785390261.112543000,33,ok
1785390261.113955000,21,ok
1785390261.119391000,37,ok
1785390261.119252000,36,ok
1785390261.120768000,34,ok
1785390261.113572000,33,ok
1785390261.120547000,40,ok
1785390261.120154000,37,ok
1785390261.119817000,33,ok
1785390261.139089000,42,ok
1785390261.148787000,50,ok
1785390261.177034000,33,ok
1785390261.179439000,38,ok
1785390261.178997000,34,ok
1785390261.184825000,32,ok
1785390261.183587000,31,ok
1785390261.188267000,33,ok
1785390261.184700000,33,ok
1785390261.185105000,39,ok
1785390261.192377000,38,ok
1785390261.190344000,36,ok
1785390261.193671000,38,ok
1785390261.191446000,35,ok
1785390261.196060000,39,ok
1785390261.194252000,39,ok
1785390261.199989000,30,ok
1785390261.224615000,45,ok
1785390261.256206000,47,ok
1785390261.252523000,46,ok
1785390261.255961000,42,ok
1785390261.257940000,36,ok
1785390261.256976000,34,ok
1785390261.261099000,32,ok
1785390261.259778000,35,ok
1785390261.258015000,33,ok
1785390261.261186000,32,ok
1785390261.262628000,34,ok
1785390261.267286000,36,ok
1785390261.266969000,36,ok
1785390261.274671000,40,ok
1785390261.282723000,44,ok
1785390261.296497000,60,ok
1785390261.313345000,53,ok
1785390261.328378000,38,ok
1785390261.331672000,41,ok
1785390261.333138000,39,ok
1785390261.331573000,38,ok
1785390261.330939000,40,ok
1785390261.334156000,40,ok
1785390261.344259000,41,ok
1785390261.346319000,37,ok
1785390261.346578000,47,ok
1785390261.343455000,48,ok
1785390261.345745000,50,ok
1785390261.344279000,49,ok
1785390261.349843000,44,ok
1785390261.365376000,48,ok
1785390261.371212000,45,ok
1785390261.382329000,47,ok
1785390261.401567000,35,ok
1785390261.409750000,45,ok
1785390261.413954000,40,ok
1785390261.416846000,39,ok
1785390261.417067000,41,ok
1785390261.417636000,45,ok
1785390261.423077000,42,ok
1785390261.427186000,38,ok
1785390261.430648000,41,ok
1785390261.431627000,40,ok
1785390261.432064000,43,ok
1785390261.430458000,41,ok
1785390261.454554000,45,ok
1785390261.446794000,46,ok
1785390261.463042000,48,ok
1785390261.462402000,55,ok
1785390261.477568000,44,ok
1785390261.485709000,43,ok
1785390261.487908000,37,ok
1785390261.494083000,34,ok
1785390261.491892000,39,ok
1785390261.495118000,40,ok
1785390261.495671000,45,ok
1785390261.495058000,32,ok
1785390261.505116000,43,ok
1785390261.502420000,38,ok
1785390261.508307000,41,ok
1785390261.513769000,42,ok
1785390261.532644000,50,ok
1785390261.536328000,52,ok
1785390261.548782000,51,ok
1785390261.554540000,49,ok
1785390261.571454000,47,ok
1785390261.567858000,50,ok
1785390261.569642000,50,ok
1785390261.573069000,39,ok
1785390261.570537000,40,ok
1785390261.576014000,38,ok
1785390261.572409000,38,ok
1785390261.582702000,44,ok
1785390261.586481000,44,ok
1785390261.596445000,52,ok
1785390261.596459000,45,ok
1785390261.613852000,50,ok
1785390261.625026000,51,ok
1785390261.626880000,51,ok
1785390261.629134000,46,ok
1785390261.636173000,43,ok
1785390261.645279000,38,ok
1785390261.647793000,39,ok
1785390261.658238000,52,ok
1785390261.658273000,48,ok
1785390261.656972000,48,ok
1785390261.654413000,48,ok
1785390261.657983000,42,ok
1785390261.658538000,48,ok
1785390261.667982000,44,ok
1785390261.676900000,41,ok
1785390261.680391000,39,ok
1785390261.682206000,44,ok
1785390261.698119000,40,ok
1785390261.705002000,49,ok
1785390261.705693000,46,ok
1785390261.709329000,42,ok
1785390261.720306000,37,ok
1785390261.720253000,38,ok
1785390261.725713000,31,ok
1785390261.726144000,35,ok
1785390261.732593000,39,ok
1785390261.733880000,40,ok
1785390261.736423000,36,ok
1785390261.727146000,31,ok
1785390261.759672000,58,ok
1785390261.774506000,55,ok
1785390261.775990000,60,ok
1785390261.781177000,44,ok
1785390261.778246000,58,ok
1785390261.783292000,34,ok
1785390261.782297000,39,ok
1785390261.793759000,35,ok
1785390261.782976000,38,ok
1785390261.801384000,41,ok
1785390261.801770000,42,ok
1785390261.811817000,47,ok
1785390261.820734000,56,ok
1785390261.822943000,59,ok
1785390261.821608000,56,ok
1785390261.823944000,61,ok
1785390261.847480000,53,ok
1785390261.858006000,50,ok
1785390261.864397000,49,ok
1785390261.867618000,50,ok
1785390261.875801000,47,ok
1785390261.876829000,41,ok
1785390261.873237000,48,ok
1785390261.878173000,53,ok
1785390261.878391000,57,ok
1785390261.884232000,42,ok
1785390261.884436000,39,ok
1785390261.896609000,42,ok
1785390261.900724000,45,ok
1785390261.909405000,46,ok
1785390261.906241000,46,ok
1785390261.911691000,46,ok
1785390261.922572000,43,ok
1785390261.938960000,43,ok
1785390261.947386000,41,ok
1785390261.949928000,37,ok
1785390261.948165000,40,ok
1785390261.952790000,42,ok
1785390261.962880000,47,ok
1785390261.960014000,41,ok
1785390261.970214000,46,ok
1785390261.967769000,42,ok
1785390261.972228000,42,ok
1785390261.982252000,37,ok
1785390261.979028000,43,ok
1785390261.990870000,48,ok
1785390261.990642000,43,ok
1785390262.005898000,55,ok
1785390262.023850000,60,ok
1785390262.035718000,35,ok
1785390262.036608000,53,ok
1785390262.040958000,42,ok
1785390262.043586000,35,ok
1785390262.044426000,39,ok
1785390262.039671000,52,ok
1785390262.044583000,30,ok
1785390262.043063000,41,ok
1785390262.043624000,37,ok
1785390262.054584000,33,ok
1785390262.058363000,40,ok
1785390262.059320000,39,ok
1785390262.065569000,38,ok
1785390262.082773000,50,ok
1785390262.110997000,58,ok
1785390262.118047000,37,ok
1785390262.117650000,58,ok
1785390262.120634000,34,ok
1785390262.119115000,41,ok
1785390262.121387000,35,ok
1785390262.122100000,30,ok
1785390262.119803000,38,ok
1785390262.122897000,38,ok
1785390262.123027000,32,ok
1785390262.126002000,30,ok
1785390262.120588000,43,ok
1785390262.129654000,34,ok
1785390262.137489000,39,ok
1785390262.142218000,42,ok
1785390262.155269000,43,ok
1785390262.188299000,36,ok
1785390262.189838000,35,ok
1785390262.191091000,39,ok
1785390262.192752000,32,ok
1785390262.196695000,30,ok
1785390262.197553000,36,ok
1785390262.197601000,35,ok
1785390262.197229000,34,ok
1785390262.205016000,39,ok
1785390262.208312000,35,ok
1785390262.196352000,37,ok
1785390262.205031000,41,ok
1785390262.213658000,33,ok
1785390262.209335000,31,ok
1785390262.207444000,39,ok
1785390262.241356000,50,ok
1785390262.263519000,40,ok
1785390262.268976000,39,ok
1785390262.267411000,46,ok
1785390262.269465000,32,ok
1785390262.267423000,36,ok
1785390262.268701000,31,ok
1785390262.272324000,34,ok
1785390262.274361000,34,ok
1785390262.276023000,31,ok
1785390262.279561000,29,ok
1785390262.281021000,35,ok
1785390262.283494000,33,ok
1785390262.274186000,32,ok
1785390262.278873000,31,ok
1785390262.287719000,33,ok
1785390262.321864000,51,ok
1785390262.343054000,31,ok
1785390262.340835000,32,ok
1785390262.341069000,37,ok
1785390262.340616000,37,ok
1785390262.340629000,35,ok
1785390262.343314000,34,ok
1785390262.345628000,34,ok
1785390262.349257000,37,ok
1785390262.351092000,33,ok
1785390262.349883000,36,ok
1785390262.348990000,37,ok
1785390262.348900000,36,ok
1785390262.353096000,38,ok
1785390262.355681000,40,ok
1785390262.363067000,38,ok
1785390262.403537000,53,ok
1785390262.409392000,31,ok
1785390262.414392000,35,ok
1785390262.418803000,35,ok
1785390262.414115000,34,ok
1785390262.421745000,31,ok
1785390262.419093000,37,ok
1785390262.415672000,34,ok
1785390262.423082000,33,ok
1785390262.422113000,37,ok
1785390262.424731000,32,ok
1785390262.418940000,31,ok
1785390262.421286000,30,ok
1785390262.421370000,32,ok
1785390262.428438000,33,ok
1785390262.435319000,41,ok
1785390262.481120000,43,ok
1785390262.490685000,39,ok
1785390262.487179000,41,ok
1785390262.490808000,34,ok
1785390262.493214000,37,ok
1785390262.492422000,40,ok
1785390262.494242000,41,ok
1785390262.497174000,38,ok
1785390262.502918000,41,ok
1785390262.509616000,46,ok
1785390262.509325000,48,ok
1785390262.508518000,46,ok
1785390262.511444000,41,ok
1785390262.516161000,52,ok
1785390262.510296000,45,ok
1785390262.513275000,50,ok
1785390262.576004000,52,ok
1785390262.582547000,63,ok
1785390262.584260000,52,ok
1785390262.588309000,43,ok
1785390262.596057000,37,ok
1785390262.589019000,49,ok
1785390262.598482000,37,ok
1785390262.598735000,36,ok
1785390262.588873000,48,ok
1785390262.600816000,40,ok
1785390262.592455000,45,ok
1785390262.595548000,45,ok
1785390262.590730000,48,ok
1785390262.597760000,35,ok
1785390262.596183000,38,ok
1785390262.600240000,39,ok
1785390262.658603000,47,ok
1785390262.665222000,38,ok
1785390262.671280000,39,ok
1785390262.672642000,33,ok
1785390262.672439000,34,ok
1785390262.668377000,39,ok
1785390262.675899000,36,ok
1785390262.688002000,39,ok
1785390262.676093000,36,ok
1785390262.680773000,41,ok
1785390262.688906000,46,ok
1785390262.688591000,47,ok
1785390262.687591000,45,ok
1785390262.687813000,43,ok
1785390262.690807000,47,ok
1785390262.691240000,49,ok
1785390262.733997000,42,ok
1785390262.757272000,39,ok
1785390262.753450000,38,ok
1785390262.754127000,40,ok
1785390262.756733000,47,ok
1785390262.754100000,42,ok
1785390262.755256000,36,ok
1785390262.759178000,48,ok
1785390262.763343000,37,ok
1785390262.764826000,37,ok
1785390262.771093000,43,ok
1785390262.763425000,45,ok
1785390262.771016000,41,ok
1785390262.773384000,42,ok
1785390262.772470000,41,ok
1785390262.771929000,43,ok
1785390262.810773000,37,ok
1785390262.828529000,33,ok
1785390262.829272000,32,ok
1785390262.829957000,31,ok
1785390262.841907000,33,ok
1785390262.838442000,35,ok
1785390262.836764000,36,ok
1785390262.840781000,35,ok
1785390262.842746000,40,ok
1785390262.846792000,35,ok
1785390262.851829000,34,ok
1785390262.857317000,37,ok
1785390262.859027000,39,ok
1785390262.849089000,37,ok
1785390262.855749000,42,ok
1785390262.858304000,42,ok
1785390262.892935000,43,ok
1785390262.902972000,36,ok
1785390262.914507000,35,ok
1785390262.905594000,36,ok
1785390262.914835000,29,ok
1785390262.915795000,38,ok
1785390262.925178000,39,ok
1785390262.930940000,36,ok
1785390262.930146000,34,ok
1785390262.930673000,37,ok
1785390262.931469000,37,ok
1785390262.939766000,35,ok
1785390262.950519000,44,ok
1785390262.951864000,42,ok
1785390262.947297000,36,ok
1785390262.949795000,47,ok
1785390262.978238000,46,ok
1785390262.982940000,40,ok
1785390263.004624000,50,ok
1785390262.997132000,49,ok
1785390263.005595000,30,ok
1785390263.001966000,48,ok
1785390263.006209000,51,ok
1785390263.004907000,38,ok
1785390263.005764000,37,ok
1785390263.004225000,36,ok
1785390263.005550000,58,ok
1785390263.024636000,41,ok
1785390263.029404000,45,ok
1785390263.034931000,45,ok
1785390263.028061000,44,ok
1785390263.039433000,50,ok
1785390263.049976000,47,ok
1785390263.064309000,52,ok
1785390263.076512000,43,ok
1785390263.080822000,41,ok
1785390263.084662000,40,ok
1785390263.081851000,42,ok
1785390263.087833000,46,ok
1785390263.083985000,44,ok
1785390263.089508000,43,ok
1785390263.105247000,41,ok
1785390263.099664000,49,ok
1785390263.103191000,52,ok
1785390263.111461000,42,ok
1785390263.113420000,41,ok
1785390263.115269000,45,ok
1785390263.119311000,40,ok
1785390263.117936000,44,ok
1785390263.148097000,47,ok
1785390263.164576000,48,ok
1785390263.174532000,48,ok
1785390263.175809000,51,ok
1785390263.171560000,50,ok
1785390263.177441000,54,ok
1785390263.178218000,58,ok
1785390263.181958000,49,ok
1785390263.194792000,45,ok
1785390263.188467000,43,ok
1785390263.193504000,47,ok
1785390263.194277000,46,ok
1785390263.193793000,44,ok
1785390263.211214000,52,ok
1785390263.203697000,51,ok
1785390263.221295000,58,ok
1785390263.238453000,50,ok
1785390263.245348000,42,ok
1785390263.257256000,39,ok
1785390263.256307000,39,ok
1785390263.262480000,41,ok
1785390263.267729000,40,ok
1785390263.264228000,37,ok
1785390263.262488000,43,ok
1785390263.270253000,40,ok
1785390263.277625000,44,ok
1785390263.277045000,42,ok
1785390263.278935000,44,ok
1785390263.276187000,42,ok
1785390263.293190000,44,ok
1785390263.298630000,50,ok
1785390263.309436000,49,ok
1785390263.318480000,46,ok
1785390263.326085000,47,ok
1785390263.336801000,44,ok
1785390263.337320000,32,ok
1785390263.338914000,42,ok
1785390263.340958000,31,ok
1785390263.338523000,41,ok
1785390263.346311000,35,ok
1785390263.349064000,30,ok
1785390263.346427000,36,ok
1785390263.361850000,45,ok
1785390263.371931000,45,ok
1785390263.368641000,41,ok
1785390263.365776000,45,ok
1785390263.383066000,49,ok
1785390263.383418000,39,ok
1785390263.399755000,46,ok
1785390263.413330000,47,ok
1785390263.417045000,40,ok
1785390263.423412000,45,ok
1785390263.423129000,49,ok
1785390263.425333000,40,ok
1785390263.423281000,40,ok
1785390263.423700000,40,ok
1785390263.430246000,39,ok
1785390263.433542000,42,ok
1785390263.439618000,41,ok
1785390263.439155000,41,ok
1785390263.445798000,36,ok
1785390263.447088000,43,ok
1785390263.447966000,43,ok
1785390263.453408000,39,ok
1785390263.477073000,49,ok
1785390263.487946000,41,ok
1785390263.496476000,41,ok
1785390263.498595000,35,ok
1785390263.496375000,35,ok
1785390263.496501000,38,ok
1785390263.499062000,37,ok
1785390263.507209000,39,ok
1785390263.501490000,28,ok
1785390263.508464000,39,ok
1785390263.514381000,34,ok
1785390263.514155000,31,ok
1785390263.523060000,33,ok
1785390263.521902000,37,ok
1785390263.523622000,37,ok
1785390263.530781000,35,ok
1785390263.556945000,45,ok
1785390263.567405000,46,ok
1785390263.570813000,36,ok
1785390263.576529000,36,ok
1785390263.575600000,35,ok
1785390263.573440000,34,ok
1785390263.575827000,41,ok
1785390263.579181000,42,ok
1785390263.580370000,42,ok
1785390263.585766000,32,ok
1785390263.591090000,32,ok
1785390263.596717000,35,ok
1785390263.595953000,38,ok
1785390263.599720000,42,ok
1785390263.601847000,36,ok
1785390263.620427000,49,ok
1785390263.644128000,45,ok
1785390263.641808000,51,ok
1785390263.646119000,33,ok
1785390263.644392000,44,ok
1785390263.648020000,39,ok
1785390263.646214000,30,ok
1785390263.647435000,34,ok
1785390263.651457000,36,ok
1785390263.655582000,35,ok
1785390263.653780000,32,ok
1785390263.664875000,40,ok
1785390263.674049000,46,ok
1785390263.672422000,44,ok
1785390263.680770000,44,ok
1785390263.673357000,44,ok
1785390263.695538000,44,ok
1785390263.721259000,40,ok
1785390263.715906000,36,ok
1785390263.717143000,35,ok
1785390263.719700000,33,ok
1785390263.716892000,39,ok
1785390263.716750000,41,ok
1785390263.721444000,42,ok
1785390263.733825000,42,ok
1785390263.740379000,45,ok
1785390263.747689000,48,ok
1785390263.759578000,53,ok
1785390263.755049000,44,ok
1785390263.764269000,54,ok
1785390263.771154000,58,ok
1785390263.770759000,51,ok
1785390263.779780000,46,ok
1785390263.795394000,42,ok
1785390263.818449000,54,ok
1785390263.802963000,50,ok
1785390263.812414000,57,ok
1785390263.809949000,55,ok
1785390263.814137000,58,ok
1785390263.813989000,61,ok
1785390263.830423000,47,ok
1785390263.835559000,53,ok
1785390263.841928000,48,ok
1785390263.857155000,47,ok
1785390263.850283000,46,ok
1785390263.863094000,49,ok
1785390263.854996000,51,ok
1785390263.872044000,51,ok
1785390263.879476000,54,ok
1785390263.896305000,46,ok
1785390263.896501000,53,ok
1785390263.906155000,49,ok
1785390263.906549000,52,ok
1785390263.904404000,53,ok
1785390263.900331000,48,ok
1785390263.905074000,47,ok
1785390263.908038000,43,ok
1785390263.925657000,45,ok
1785390263.932779000,48,ok
1785390263.938799000,46,ok
1785390263.946231000,53,ok
1785390263.949959000,47,ok
1785390263.955370000,55,ok
1785390263.965980000,45,ok
1785390263.977570000,50,ok
1785390263.980966000,46,ok
1785390263.984115000,44,ok
1785390263.987303000,44,ok
1785390263.988270000,41,ok
1785390263.996226000,50,ok
1785390263.998300000,47,ok
1785390263.997604000,51,ok
1785390263.995986000,46,ok
1785390264.032381000,55,ok
1785390264.033624000,64,ok
1785390264.032704000,63,ok
1785390264.035925000,53,ok
1785390264.038777000,41,ok
1785390264.035865000,54,ok
1785390264.037860000,47,ok
1785390264.046456000,38,ok
1785390264.050262000,39,ok
1785390264.050201000,36,ok
1785390264.062294000,41,ok
1785390264.059819000,35,ok
1785390264.063293000,36,ok
1785390264.072576000,41,ok
1785390264.077056000,48,ok
1785390264.078257000,47,ok
1785390264.110120000,43,ok
1785390264.114533000,45,ok
1785390264.111822000,47,ok
1785390264.113338000,43,ok
1785390264.115253000,48,ok
1785390264.112959000,39,ok
1785390264.115053000,41,ok
1785390264.132173000,44,ok
1785390264.125618000,42,ok
1785390264.134410000,45,ok
1785390264.135850000,36,ok
1785390264.146933000,43,ok
1785390264.146440000,47,ok
1785390264.153109000,39,ok
1785390264.143820000,40,ok
1785390264.156933000,42,ok
1785390264.168461000,25,ok
1785390264.174238000,31,ok
1785390264.188393000,41,ok
1785390264.182532000,36,ok
1785390264.184304000,39,ok
1785390264.194185000,42,ok
1785390264.200553000,33,ok
1785390264.198060000,43,ok
1785390264.199742000,36,ok
1785390264.209399000,35,ok
1785390264.223336000,44,ok
1785390264.229022000,41,ok
1785390264.235617000,46,ok
1785390264.237187000,52,ok
1785390264.246353000,51,ok
1785390264.248399000,57,ok
1785390264.263094000,65,ok
1785390264.277795000,66,ok
1785390264.285059000,63,ok
1785390264.283599000,61,ok
1785390264.284325000,61,ok
1785390264.292527000,52,ok
1785390264.292508000,55,ok
1785390264.294137000,51,ok
1785390264.296229000,57,ok
1785390264.294507000,42,ok
1785390264.308639000,44,ok
1785390264.317615000,46,ok
1785390264.317492000,49,ok
1785390264.326216000,57,ok
1785390264.347102000,62,ok
1785390264.349823000,67,ok
1785390264.352156000,38,ok
1785390264.349042000,49,ok
1785390264.356741000,37,ok
1785390264.363764000,36,ok
1785390264.362988000,35,ok
1785390264.362146000,43,ok
1785390264.361130000,35,ok
1785390264.364637000,39,ok
1785390264.363163000,36,ok
1785390264.363988000,44,ok
1785390264.372687000,36,ok
1785390264.398905000,50,ok
1785390264.393620000,44,ok
1785390264.401362000,47,ok
1785390264.419443000,40,ok
1785390264.422972000,35,ok
1785390264.422628000,37,ok
1785390264.425874000,36,ok
1785390264.426447000,32,ok
1785390264.431619000,32,ok
1785390264.434657000,33,ok
1785390264.442323000,40,ok
1785390264.431341000,32,ok
1785390264.441856000,38,ok
1785390264.440431000,33,ok
1785390264.439107000,34,ok
1785390264.444606000,38,ok
1785390264.481283000,51,ok
1785390264.484578000,53,ok
1785390264.488938000,53,ok
1785390264.494528000,46,ok
1785390264.503116000,36,ok
1785390264.505055000,38,ok
1785390264.506534000,35,ok
1785390264.499260000,37,ok
1785390264.505169000,37,ok
1785390264.506109000,33,ok
1785390264.513255000,38,ok
1785390264.519116000,39,ok
1785390264.518668000,37,ok
1785390264.518737000,44,ok
1785390264.523651000,45,ok
1785390264.530551000,50,ok
1785390264.572409000,55,ok
1785390264.577525000,59,ok
1785390264.576798000,46,ok
1785390264.576472000,39,ok
1785390264.582766000,43,ok
1785390264.581615000,37,ok
1785390264.577227000,51,ok
1785390264.591562000,31,ok
1785390264.582969000,31,ok
1785390264.581573000,36,ok
1785390264.579517000,35,ok
1785390264.586528000,37,ok
1785390264.591562000,34,ok
1785390264.593737000,33,ok
1785390264.589692000,33,ok
1785390264.598879000,35,ok
1785390264.655125000,33,ok
1785390264.649614000,32,ok
1785390264.651800000,35,ok
1785390264.651929000,35,ok
1785390264.647670000,37,ok
1785390264.659976000,34,ok
1785390264.663290000,38,ok
1785390264.658377000,35,ok
1785390264.662012000,35,ok
1785390264.670691000,35,ok
1785390264.651686000,35,ok
1785390264.670184000,40,ok
1785390264.674000000,34,ok
1785390264.664150000,39,ok
1785390264.669723000,38,ok
1785390264.684259000,47,ok
1785390264.730776000,34,ok
1785390264.731736000,33,ok
1785390264.732125000,35,ok
1785390264.737639000,34,ok
1785390264.734089000,33,ok
1785390264.736942000,36,ok
1785390264.741907000,36,ok
1785390264.734372000,38,ok
1785390264.740443000,38,ok
1785390264.740986000,32,ok
1785390264.735323000,37,ok
1785390264.741943000,36,ok
1785390264.745597000,35,ok
1785390264.751580000,40,ok
1785390264.756735000,33,ok
1785390264.747979000,37,ok
1785390264.809198000,30,ok
1785390264.816138000,31,ok
1785390264.810587000,31,ok
1785390264.809221000,29,ok
1785390264.810056000,28,ok
1785390264.821476000,41,ok
1785390264.817684000,35,ok
1785390264.819557000,33,ok
1785390264.809659000,33,ok
1785390264.819834000,38,ok
1785390264.821573000,40,ok
1785390264.823069000,35,ok
1785390264.831156000,45,ok
1785390264.831604000,39,ok
1785390264.827190000,39,ok
1785390264.833169000,38,ok
1785390264.890319000,31,ok
1785390264.891790000,33,ok
1785390264.884235000,31,ok
1785390264.891611000,29,ok
1785390264.905356000,44,ok
1785390264.903899000,40,ok
1785390264.909056000,45,ok
1785390264.908144000,37,ok
1785390264.892446000,34,ok
1785390264.914950000,52,ok
1785390264.914841000,49,ok
1785390264.904591000,40,ok
1785390264.917430000,49,ok
1785390264.913817000,44,ok
1785390264.911250000,45,ok
1785390264.915600000,38,ok
1785390264.966360000,34,ok
1785390264.967274000,30,ok
1785390264.976126000,35,ok
1785390264.977875000,35,ok
1785390264.979604000,30,ok
1785390264.980287000,32,ok
1785390264.985457000,37,ok
1785390264.984235000,34,ok
1785390264.988849000,36,ok
1785390264.994031000,40,ok
1785390264.996910000,41,ok
1785390264.991767000,37,ok
1785390265.000080000,46,ok
1785390265.002252000,43,ok
1785390265.003774000,47,ok
1785390264.998347000,43,ok
1785390265.052102000,51,ok
1785390265.069768000,49,ok
1785390265.064880000,46,ok
1785390265.069192000,55,ok
1785390265.071625000,34,ok
1785390265.072475000,42,ok
1785390265.071764000,40,ok
1785390265.071691000,46,ok
1785390265.071468000,36,ok
1785390265.078941000,37,ok
1785390265.078886000,33,ok
1785390265.080235000,39,ok
1785390265.086673000,35,ok
1785390265.084008000,41,ok
1785390265.086412000,40,ok
1785390265.087557000,38,ok
1785390265.138534000,55,ok
1785390265.143807000,37,ok
1785390265.145482000,30,ok
1785390265.145615000,39,ok
1785390265.148690000,36,ok
1785390265.155430000,29,ok
1785390265.154591000,38,ok
1785390265.151028000,30,ok
1785390265.151731000,28,ok
1785390265.152892000,31,ok
1785390265.161488000,34,ok
1785390265.152301000,30,ok
1785390265.152289000,38,ok
1785390265.150649000,31,ok
1785390265.152271000,33,ok
1785390265.168319000,41,ok
1785390265.221211000,43,ok
1785390265.228789000,40,ok
1785390265.230230000,42,ok
1785390265.234974000,40,ok
1785390265.226082000,43,ok
1785390265.228924000,41,ok
1785390265.235719000,40,ok
1785390265.232680000,45,ok
1785390265.234956000,44,ok
1785390265.240624000,38,ok
1785390265.254340000,55,ok
1785390265.257937000,60,ok
1785390265.261550000,55,ok
1785390265.261474000,53,ok
1785390265.263216000,70,ok
1785390265.277526000,61,ok
1785390265.310204000,57,ok
1785390265.316702000,43,ok
1785390265.311972000,44,ok
1785390265.314961000,40,ok
1785390265.316035000,51,ok
1785390265.320586000,43,ok
1785390265.320573000,42,ok
1785390265.320732000,40,ok
1785390265.327616000,55,ok
1785390265.330220000,47,ok
1785390265.328906000,34,ok
1785390265.339401000,41,ok
1785390265.349661000,53,ok
1785390265.364204000,65,ok
1785390265.364505000,64,ok
1785390265.363162000,55,ok
1785390265.392031000,49,ok
1785390265.401456000,50,ok
1785390265.402940000,40,ok
1785390265.404182000,40,ok
1785390265.403606000,56,ok
1785390265.404133000,46,ok
1785390265.403032000,55,ok
1785390265.403069000,46,ok
1785390265.398365000,53,ok
1785390265.405145000,45,ok
1785390265.410360000,43,ok
1785390265.415570000,40,ok
1785390265.433230000,48,ok
1785390265.444410000,51,ok
1785390265.448701000,55,ok
1785390265.449257000,54,ok
1785390265.480371000,43,ok
1785390265.475947000,39,ok
1785390265.472257000,41,ok
1785390265.482352000,44,ok
1785390265.484273000,44,ok
1785390265.481680000,44,ok
1785390265.480991000,32,ok
1785390265.479800000,43,ok
1785390265.482171000,41,ok
1785390265.481066000,40,ok
1785390265.482375000,44,ok
1785390265.518884000,53,ok
1785390265.496567000,41,ok
1785390265.534394000,60,ok
1785390265.546039000,60,ok
1785390265.547409000,67,ok
1785390265.571820000,38,ok
1785390265.569738000,39,ok
1785390265.573918000,39,ok
1785390265.573143000,47,ok
1785390265.572228000,42,ok
1785390265.573202000,45,ok
1785390265.571530000,40,ok
1785390265.588083000,47,ok
1785390265.585628000,53,ok
1785390265.587456000,55,ok
1785390265.592199000,47,ok
1785390265.621189000,62,ok
1785390265.623640000,63,ok
1785390265.640082000,67,ok
1785390265.640591000,61,ok
1785390265.648574000,59,ok
1785390265.659491000,48,ok
1785390265.659283000,47,ok
1785390265.656848000,47,ok
1785390265.659128000,46,ok
1785390265.667396000,49,ok
1785390265.668933000,49,ok
1785390265.668675000,55,ok
1785390265.678668000,49,ok
1785390265.678766000,52,ok
1785390265.673706000,48,ok
1785390265.690047000,56,ok
1785390265.713055000,58,ok
1785390265.716369000,64,ok
1785390265.748529000,63,ok
1785390265.741968000,60,ok
1785390265.755220000,47,ok
1785390265.749838000,53,ok
1785390265.750135000,52,ok
1785390265.755244000,49,ok
1785390265.761235000,40,ok
1785390265.764549000,50,ok
1785390265.772035000,53,ok
1785390265.767617000,40,ok
1785390265.764175000,61,ok
1785390265.778185000,50,ok
1785390265.777584000,47,ok
1785390265.783441000,48,ok
1785390265.815710000,66,ok
1785390265.817135000,59,ok
1785390265.827074000,45,ok
1785390265.829403000,44,ok
1785390265.833770000,40,ok
1785390265.835678000,46,ok
1785390265.835453000,41,ok
1785390265.842188000,37,ok
1785390265.839454000,42,ok
1785390265.843845000,38,ok
1785390265.842722000,39,ok
1785390265.845372000,39,ok
1785390265.842904000,40,ok
1785390265.856998000,43,ok
1785390265.858317000,43,ok
1785390265.878440000,63,ok
1785390265.907343000,49,ok
1785390265.903274000,57,ok
1785390265.907534000,40,ok
1785390265.908917000,61,ok
1785390265.912769000,47,ok
1785390265.911925000,39,ok
1785390265.914784000,41,ok
1785390265.923842000,48,ok
1785390265.927788000,42,ok
1785390265.930312000,48,ok
1785390265.927088000,47,ok
1785390265.928852000,41,ok
1785390265.928810000,49,ok
1785390265.930691000,42,ok
1785390265.930005000,46,ok
1785390265.982640000,71,ok
1785390265.988722000,48,ok
1785390265.993591000,42,ok
1785390265.993604000,45,ok
1785390265.992884000,42,ok
1785390265.996711000,39,ok
1785390266.005645000,40,ok
1785390265.993651000,45,ok
1785390266.009845000,44,ok
1785390266.011069000,44,ok
1785390266.008145000,54,ok
1785390266.007582000,46,ok
1785390266.009764000,42,ok
1785390266.010012000,41,ok
1785390266.026259000,53,ok
1785390266.032385000,62,ok
1785390266.074132000,52,ok
1785390266.080043000,49,ok
1785390266.079280000,44,ok
1785390266.078859000,39,ok
1785390266.079015000,41,ok
1785390266.081856000,40,ok
1785390266.081709000,35,ok
1785390266.085096000,36,ok
1785390266.087517000,34,ok
1785390266.084068000,38,ok
1785390266.092553000,42,ok
1785390266.094873000,40,ok
1785390266.094189000,38,ok
1785390266.092952000,38,ok
1785390266.128454000,67,ok
1785390266.139269000,70,ok
1785390266.171181000,50,ok
1785390266.169228000,51,ok
1785390266.171503000,43,ok
1785390266.172394000,48,ok
1785390266.162903000,46,ok
1785390266.166770000,56,ok
1785390266.171787000,45,ok
1785390266.176768000,44,ok
1785390266.176299000,42,ok
1785390266.166189000,43,ok
1785390266.174155000,43,ok
1785390266.176060000,40,ok
1785390266.182200000,50,ok
1785390266.176596000,39,ok
1785390266.230805000,71,ok
1785390266.235610000,64,ok
1785390266.244045000,37,ok
1785390266.246060000,35,ok
1785390266.245675000,39,ok
1785390266.246266000,39,ok
1785390266.251609000,39,ok
1785390266.246940000,38,ok
1785390266.256156000,39,ok
1785390266.256167000,43,ok
1785390266.257551000,44,ok
1785390266.257256000,37,ok
1785390266.256903000,36,ok
1785390266.257449000,46,ok
1785390266.260058000,44,ok
1785390266.258507000,42,ok
1785390266.313167000,58,ok
1785390266.316251000,50,ok
1785390266.319209000,39,ok
1785390266.321581000,33,ok
1785390266.324052000,36,ok
1785390266.328735000,34,ok
1785390266.327878000,39,ok
1785390266.327142000,34,ok
1785390266.330294000,37,ok
1785390266.328191000,42,ok
1785390266.336274000,41,ok
1785390266.335175000,39,ok
1785390266.332348000,41,ok
1785390266.334049000,41,ok
1785390266.339807000,39,ok
1785390266.341857000,41,ok
1785390266.396674000,48,ok
1785390266.403186000,35,ok
1785390266.398428000,41,ok
1785390266.397794000,44,ok
1785390266.399302000,35,ok
1785390266.405947000,37,ok
1785390266.406531000,41,ok
1785390266.404123000,41,ok
1785390266.406848000,35,ok
1785390266.407863000,34,ok
1785390266.404807000,43,ok
1785390266.415354000,38,ok
1785390266.428709000,50,ok
1785390266.431496000,51,ok
1785390266.427125000,48,ok
1785390266.428886000,50,ok
1785390266.479015000,44,ok
1785390266.479659000,39,ok
1785390266.484355000,44,ok
1785390266.485111000,43,ok
1785390266.482715000,42,ok
1785390266.493023000,42,ok
1785390266.491252000,42,ok
1785390266.488814000,42,ok
1785390266.490096000,43,ok
1785390266.493490000,44,ok
1785390266.494048000,32,ok
1785390266.492251000,42,ok
1785390266.493073000,39,ok
1785390266.501722000,35,ok
1785390266.513960000,46,ok
1785390266.518226000,45,ok
1785390266.560370000,35,ok
1785390266.563558000,32,ok
1785390266.562593000,35,ok
1785390266.561232000,42,ok
1785390266.564423000,39,ok
1785390266.561191000,37,ok
1785390266.566140000,32,ok
1785390266.562740000,33,ok
1785390266.572107000,39,ok
1785390266.572391000,38,ok
1785390266.572676000,38,ok
1785390266.571601000,33,ok
1785390266.574401000,40,ok
1785390266.577257000,30,ok
1785390266.572134000,35,ok
1785390266.588744000,39,ok
1785390266.633364000,34,ok
1785390266.638182000,35,ok
1785390266.637249000,32,ok
1785390266.638956000,34,ok
1785390266.639572000,35,ok
1785390266.642174000,37,ok
1785390266.649414000,39,ok
1785390266.645493000,38,ok
1785390266.648362000,35,ok
1785390266.650066000,40,ok
1785390266.650040000,38,ok
1785390266.650365000,40,ok
1785390266.649126000,39,ok
1785390266.658189000,43,ok
1785390266.660846000,44,ok
1785390266.673958000,46,ok
1785390266.711233000,37,ok
1785390266.712554000,45,ok
1785390266.718285000,37,ok
1785390266.722056000,38,ok
1785390266.717314000,44,ok
1785390266.718088000,45,ok
1785390266.728721000,40,ok
1785390266.728795000,42,ok
1785390266.731197000,44,ok
1785390266.728871000,34,ok
1785390266.729718000,33,ok
1785390266.733716000,47,ok
1785390266.732455000,41,ok
1785390266.753730000,50,ok
1785390266.757064000,49,ok
1785390266.746695000,45,ok
1785390266.792556000,37,ok
1785390266.801916000,43,ok
1785390266.801991000,37,ok
1785390266.795921000,37,ok
1785390266.803528000,45,ok
1785390266.803078000,40,ok
1785390266.826760000,54,ok
1785390266.815853000,47,ok
1785390266.828935000,59,ok
1785390266.834561000,62,ok
1785390266.836731000,62,ok
1785390266.841599000,64,ok
1785390266.841890000,66,ok
1785390266.852156000,64,ok
1785390266.871342000,78,ok
1785390266.883694000,84,ok
1785390266.925020000,80,ok
1785390266.937550000,83,ok
1785390266.939671000,92,ok
1785390266.971999000,104,ok
1785390266.961918000,94,ok
1785390266.966445000,104,ok
1785390266.999232000,86,ok
1785390266.991333000,89,ok
1785390267.008711000,82,ok
1785390267.030503000,81,ok
1785390267.060326000,98,ok
1785390267.065260000,78,ok
1785390267.062607000,100,ok
1785390267.092762000,80,ok
1785390267.117083000,56,ok
1785390267.103229000,70,ok
1785390267.118391000,46,ok
1785390267.126643000,45,ok
1785390267.119411000,53,ok
1785390267.134792000,53,ok
1785390267.133924000,54,ok
1785390267.138460000,53,ok
1785390267.137280000,51,ok
1785390267.168681000,71,ok
1785390267.152972000,63,ok
1785390267.155964000,56,ok
1785390267.177294000,60,ok
1785390267.182911000,62,ok
1785390267.190874000,68,ok
1785390267.213523000,55,ok
1785390267.225097000,52,ok
1785390267.230566000,53,ok
1785390267.235791000,43,ok
1785390267.241344000,37,ok
1785390267.247643000,42,ok
1785390267.237186000,44,ok
1785390267.255178000,47,ok
1785390267.245826000,42,ok
1785390267.250229000,43,ok
1785390267.262366000,40,ok
1785390267.265402000,37,ok
1785390267.271906000,34,ok
1785390267.265646000,46,ok
1785390267.291648000,44,ok
1785390267.292625000,47,ok
1785390267.302667000,41,ok
1785390267.303102000,38,ok
1785390267.334559000,47,ok
1785390267.331699000,48,ok
1785390267.338328000,50,ok
1785390267.337479000,49,ok
1785390267.337865000,44,ok
1785390267.334390000,48,ok
1785390267.342346000,38,ok
1785390267.344723000,42,ok
1785390267.351121000,40,ok
1785390267.345824000,42,ok
1785390267.353894000,43,ok
1785390267.362499000,51,ok
1785390267.375921000,42,ok
1785390267.384189000,52,ok
1785390267.394057000,48,ok
1785390267.399183000,52,ok
1785390267.414452000,41,ok
1785390267.419581000,27,ok
1785390267.419497000,43,ok
1785390267.424108000,45,ok
1785390267.423154000,42,ok
1785390267.423301000,46,ok
1785390267.426969000,49,ok
1785390267.424892000,29,ok
1785390267.424881000,34,ok
1785390267.427605000,41,ok
1785390267.426091000,43,ok
1785390267.454106000,42,ok
1785390267.457969000,49,ok
1785390267.474644000,50,ok
1785390267.472952000,52,ok
1785390267.485948000,49,ok
1785390267.488806000,42,ok
1785390267.493866000,33,ok
1785390267.491252000,34,ok
1785390267.499079000,36,ok
1785390267.496122000,34,ok
1785390267.500086000,34,ok
1785390267.499147000,44,ok
1785390267.498469000,40,ok
1785390267.500527000,38,ok
1785390267.509974000,40,ok
1785390267.513699000,44,ok
1785390267.541289000,53,ok
1785390267.547543000,58,ok
1785390267.558997000,51,ok
1785390267.565944000,49,ok
1785390267.572268000,45,ok
1785390267.574684000,40,ok
1785390267.575315000,52,ok
1785390267.580229000,42,ok
1785390267.572161000,44,ok
1785390267.580889000,41,ok
1785390267.579611000,39,ok
1785390267.578213000,37,ok
1785390267.582441000,45,ok
1785390267.586040000,42,ok
1785390267.587588000,40,ok
1785390267.599110000,40,ok
1785390267.616531000,48,ok
1785390267.617899000,42,ok
1785390267.641701000,38,ok
1785390267.639685000,44,ok
1785390267.651837000,38,ok
1785390267.652707000,36,ok
1785390267.655302000,37,ok
1785390267.661067000,34,ok
1785390267.660344000,37,ok
1785390267.656231000,38,ok
1785390267.660023000,38,ok
1785390267.665284000,41,ok
1785390267.664957000,33,ok
1785390267.665045000,40,ok
1785390267.664748000,49,ok
1785390267.676546000,37,ok
1785390267.691580000,42,ok
1785390267.700575000,46,ok
1785390267.711604000,40,ok
1785390267.720681000,40,ok
1785390267.727111000,36,ok
1785390267.728005000,40,ok
1785390267.742798000,42,ok
1785390267.744679000,44,ok
1785390267.748712000,40,ok
1785390267.749493000,51,ok
1785390267.745534000,44,ok
1785390267.754831000,41,ok
1785390267.747101000,39,ok
1785390267.748462000,41,ok
1785390267.757593000,43,ok
1785390267.753784000,45,ok
1785390267.782153000,49,ok
1785390267.796124000,55,ok
1785390267.807490000,47,ok
1785390267.816982000,57,ok
1785390267.812857000,54,ok
1785390267.821920000,56,ok
1785390267.833721000,41,ok
1785390267.835036000,35,ok
1785390267.835282000,40,ok
1785390267.837024000,37,ok
1785390267.833354000,37,ok
1785390267.832722000,37,ok
1785390267.832688000,41,ok
1785390267.836941000,36,ok
1785390267.833934000,31,ok
1785390267.836909000,42,ok
1785390267.868297000,45,ok
1785390267.874549000,46,ok
1785390267.885794000,43,ok
1785390267.887271000,35,ok
1785390267.893583000,31,ok
1785390267.888047000,35,ok
1785390267.907552000,33,ok
1785390267.908875000,35,ok
1785390267.909541000,34,ok
1785390267.907491000,35,ok
1785390267.905838000,37,ok
1785390267.918383000,42,ok
1785390267.928081000,50,ok
1785390267.923828000,46,ok
1785390267.925944000,48,ok
1785390267.921105000,43,ok
1785390267.956190000,47,ok
1785390267.969620000,46,ok
1785390267.961456000,54,ok
1785390267.969477000,45,ok
1785390267.968967000,43,ok
1785390267.965566000,45,ok
1785390267.975134000,33,ok
1785390267.985731000,34,ok
1785390267.990227000,41,ok
1785390267.988649000,35,ok
1785390267.988624000,38,ok
1785390267.992341000,29,ok
1785390268.001842000,41,ok
1785390268.005965000,45,ok
1785390268.007482000,45,ok
1785390268.016720000,52,ok
1785390268.045319000,48,ok
1785390268.047630000,49,ok
1785390268.048294000,40,ok
1785390268.053065000,46,ok
1785390268.058972000,44,ok
1785390268.057890000,47,ok
1785390268.070016000,48,ok
1785390268.069292000,53,ok
1785390268.068882000,47,ok
1785390268.075512000,46,ok
1785390268.080197000,48,ok
1785390268.081719000,46,ok
1785390268.084278000,42,ok
1785390268.084258000,44,ok
1785390268.095835000,54,ok
1785390268.095715000,51,ok
1785390268.134624000,54,ok
1785390268.131468000,52,ok
1785390268.134416000,51,ok
1785390268.141624000,51,ok
1785390268.138620000,48,ok
1785390268.131892000,54,ok
1785390268.143460000,40,ok
1785390268.152770000,41,ok
1785390268.147304000,36,ok
1785390268.153491000,43,ok
1785390268.156437000,42,ok
1785390268.155618000,39,ok
1785390268.164694000,43,ok
1785390268.163584000,43,ok
1785390268.176477000,48,ok
1785390268.187894000,56,ok
1785390268.210979000,45,ok
1785390268.214006000,46,ok
1785390268.216543000,47,ok
1785390268.223950000,33,ok
1785390268.218121000,43,ok
1785390268.226752000,36,ok
1785390268.220318000,47,ok
1785390268.223433000,37,ok
1785390268.224822000,35,ok
1785390268.219368000,44,ok
1785390268.229347000,35,ok
1785390268.228468000,33,ok
1785390268.235182000,36,ok
1785390268.233714000,34,ok
1785390268.247126000,38,ok
1785390268.259712000,45,ok
1785390268.283838000,39,ok
1785390268.295193000,40,ok
1785390268.294351000,34,ok
1785390268.292226000,34,ok
1785390268.295075000,34,ok
1785390268.303284000,39,ok
1785390268.298473000,33,ok
1785390268.303965000,36,ok
1785390268.302038000,33,ok
1785390268.302958000,30,ok
1785390268.301389000,34,ok
1785390268.311756000,35,ok
1785390268.305449000,31,ok
1785390268.313659000,31,ok
1785390268.310815000,31,ok
1785390268.358859000,57,ok
1785390268.370578000,39,ok
1785390268.372530000,48,ok
1785390268.374816000,35,ok
1785390268.374703000,32,ok
1785390268.369911000,34,ok
1785390268.370998000,43,ok
1785390268.376307000,38,ok
1785390268.379087000,34,ok
1785390268.378202000,28,ok
1785390268.376767000,33,ok
1785390268.378424000,38,ok
1785390268.376216000,39,ok
1785390268.382560000,28,ok
1785390268.382495000,31,ok
1785390268.391620000,35,ok
1785390268.440183000,39,ok
1785390268.445758000,31,ok
1785390268.445985000,31,ok
1785390268.444319000,34,ok
1785390268.446067000,30,ok
1785390268.445132000,35,ok
1785390268.447990000,28,ok
1785390268.451543000,36,ok
1785390268.452522000,30,ok
1785390268.452067000,31,ok
1785390268.454047000,34,ok
1785390268.454998000,29,ok
1785390268.454082000,33,ok
1785390268.466176000,44,ok
1785390268.465589000,40,ok
1785390268.469018000,42,ok
1785390268.513033000,39,ok
1785390268.512982000,30,ok
1785390268.518451000,32,ok
1785390268.513589000,33,ok
1785390268.516909000,32,ok
1785390268.518280000,29,ok
1785390268.518602000,31,ok
1785390268.521340000,32,ok
1785390268.520410000,35,ok
1785390268.525481000,34,ok
1785390268.528226000,37,ok
1785390268.526702000,33,ok
1785390268.529249000,29,ok
1785390268.527726000,38,ok
1785390268.535829000,33,ok
1785390268.542225000,39,ok
1785390268.580783000,35,ok
1785390268.592297000,39,ok
1785390268.592920000,41,ok
1785390268.594083000,35,ok
1785390268.592313000,36,ok
1785390268.594325000,35,ok
1785390268.594393000,39,ok
1785390268.593482000,38,ok
1785390268.608731000,39,ok
1785390268.612823000,49,ok
1785390268.605786000,42,ok
1785390268.609138000,45,ok
1785390268.612521000,43,ok
1785390268.620520000,47,ok
1785390268.611319000,50,ok
1785390268.626743000,48,ok
1785390268.669899000,34,ok
1785390268.672485000,41,ok
1785390268.671390000,50,ok
1785390268.674135000,36,ok
1785390268.678328000,36,ok
1785390268.683829000,37,ok
1785390268.681185000,34,ok
1785390268.692250000,35,ok
1785390268.682703000,43,ok
1785390268.689308000,35,ok
1785390268.689854000,34,ok
1785390268.691327000,34,ok
1785390268.697592000,33,ok
1785390268.700835000,38,ok
1785390268.708435000,46,ok
1785390268.709308000,38,ok
1785390268.750154000,39,ok
1785390268.752201000,37,ok
1785390268.754383000,42,ok
1785390268.756524000,35,ok
1785390268.763937000,37,ok
1785390268.765637000,45,ok
1785390268.764472000,34,ok
1785390268.771912000,35,ok
1785390268.771148000,43,ok
1785390268.767745000,40,ok
1785390268.771648000,40,ok
1785390268.761457000,36,ok
1785390268.773493000,36,ok
1785390268.777176000,37,ok
1785390268.780445000,37,ok
1785390268.790118000,40,ok
1785390268.835615000,33,ok
1785390268.830275000,38,ok
1785390268.827949000,39,ok
1785390268.835729000,32,ok
1785390268.846822000,37,ok
1785390268.855601000,44,ok
1785390268.849843000,36,ok
1785390268.853691000,36,ok
1785390268.853433000,38,ok
1785390268.854781000,42,ok
1785390268.858348000,35,ok
1785390268.854714000,41,ok
1785390268.855971000,39,ok
1785390268.865240000,37,ok
1785390268.864897000,39,ok
1785390268.871423000,34,ok
1785390268.912915000,41,ok
1785390268.920970000,47,ok
1785390268.919945000,45,ok
1785390268.918708000,32,ok
1785390268.928333000,36,ok
1785390268.939786000,36,ok
1785390268.938884000,43,ok
1785390268.937575000,44,ok
1785390268.945390000,46,ok
1785390268.941530000,45,ok
1785390268.947975000,43,ok
1785390268.944869000,43,ok
1785390268.944702000,41,ok
1785390268.949228000,39,ok
1785390268.950818000,37,ok
1785390268.952112000,42,ok
1785390269.008120000,31,ok
1785390269.001151000,45,ok
1785390269.001330000,44,ok
1785390269.016334000,41,ok
1785390269.015199000,41,ok
1785390269.019036000,34,ok
1785390269.029994000,49,ok
1785390269.037948000,45,ok
1785390269.035084000,49,ok
1785390269.042158000,49,ok
1785390269.045480000,54,ok
1785390269.038303000,48,ok
1785390269.032222000,51,ok
1785390269.036213000,49,ok
1785390269.041492000,48,ok
1785390269.049516000,46,ok
