ts,ms,status
1785347665.721097000,116,ok
1785347665.721192000,117,ok
1785347665.720638000,115,ok
1785347665.732294000,126,ok
1785347665.720632000,115,ok
1785347665.730182000,111,ok
1785347665.736001000,102,ok
1785347665.727484000,118,ok
1785347665.744560000,134,ok
1785347665.743086000,112,ok
1785347665.737420000,132,ok
1785347665.730870000,123,ok
1785347665.746307000,115,ok
1785347665.746721000,133,ok
1785347665.748884000,98,ok
1785347665.751695000,120,ok
1785347665.859128000,82,ok
1785347665.859100000,87,ok
1785347665.865927000,80,ok
1785347665.870439000,88,ok
1785347665.875484000,92,ok
1785347665.879633000,91,ok
1785347665.878063000,96,ok
1785347665.880136000,97,ok
1785347665.912395000,104,ok
1785347665.914717000,115,ok
1785347665.907756000,106,ok
1785347665.910292000,103,ok
1785347665.899538000,107,ok
1785347665.912086000,106,ok
1785347665.906047000,110,ok
1785347665.912284000,110,ok
1785347665.976360000,92,ok
1785347665.973832000,90,ok
1785347666.001056000,86,ok
1785347666.011465000,85,ok
1785347666.024193000,91,ok
1785347666.026500000,92,ok
1785347666.030868000,93,ok
1785347666.030791000,87,ok
1785347666.059128000,97,ok
1785347666.057343000,95,ok
1785347666.055026000,95,ok
1785347666.063655000,96,ok
1785347666.062595000,94,ok
1785347666.063505000,101,ok
1785347666.063456000,92,ok
1785347666.061147000,101,ok
1785347666.088773000,85,ok
1785347666.092821000,88,ok
1785347666.103482000,84,ok
1785347666.120378000,87,ok
1785347666.141811000,91,ok
1785347666.144341000,86,ok
1785347666.155246000,86,ok
1785347666.155550000,88,ok
1785347666.194805000,91,ok
1785347666.192960000,90,ok
1785347666.196805000,91,ok
1785347666.206839000,94,ok
1785347666.204070000,94,ok
1785347666.206911000,93,ok
1785347666.206138000,100,ok
1785347666.207236000,93,ok
1785347666.237375000,87,ok
1785347666.234170000,89,ok
1785347666.249028000,87,ok
1785347666.255409000,83,ok
1785347666.279555000,100,ok
1785347666.284110000,102,ok
1785347666.287262000,92,ok
1785347666.292152000,93,ok
1785347666.324892000,83,ok
1785347666.341319000,97,ok
1785347666.341919000,97,ok
1785347666.348212000,92,ok
1785347666.344500000,94,ok
1785347666.345156000,94,ok
1785347666.351842000,97,ok
1785347666.352953000,99,ok
1785347666.375137000,82,ok
1785347666.382489000,83,ok
1785347666.376565000,90,ok
1785347666.388035000,86,ok
1785347666.404468000,89,ok
1785347666.409887000,94,ok
1785347666.414594000,89,ok
1785347666.410972000,90,ok
1785347666.448210000,87,ok
1785347666.468807000,89,ok
1785347666.468718000,88,ok
1785347666.471090000,88,ok
1785347666.477812000,89,ok
1785347666.477350000,85,ok
1785347666.484706000,92,ok
1785347666.484099000,89,ok
1785347666.523803000,82,ok
1785347666.520547000,89,ok
1785347666.526681000,88,ok
1785347666.522838000,87,ok
1785347666.520596000,88,ok
1785347666.535112000,89,ok
1785347666.535531000,92,ok
1785347666.537438000,89,ok
1785347666.557650000,85,ok
1785347666.592156000,95,ok
1785347666.596677000,99,ok
1785347666.592820000,92,ok
1785347666.601266000,93,ok
1785347666.605632000,97,ok
1785347666.611002000,90,ok
1785347666.612262000,91,ok
1785347666.660589000,94,ok
1785347666.666393000,99,ok
1785347666.658116000,94,ok
1785347666.672240000,107,ok
1785347666.676876000,106,ok
1785347666.676584000,98,ok
1785347666.676614000,103,ok
1785347666.679100000,103,ok
1785347666.708193000,87,ok
1785347666.739171000,104,ok
1785347666.740741000,106,ok
1785347666.738695000,95,ok
1785347666.741084000,101,ok
1785347666.745501000,91,ok
1785347666.737968000,98,ok
1785347666.745853000,95,ok
1785347666.793041000,89,ok
1785347666.799173000,93,ok
1785347666.797624000,91,ok
1785347666.799788000,91,ok
1785347666.799152000,91,ok
1785347666.804000000,93,ok
1785347666.818002000,93,ok
1785347666.818704000,105,ok
1785347666.847041000,80,ok
1785347666.851487000,81,ok
1785347666.855417000,83,ok
1785347666.862444000,88,ok
1785347666.863455000,91,ok
1785347666.861997000,90,ok
1785347666.865077000,89,ok
1785347666.865424000,91,ok
1785347666.909202000,87,ok
1785347666.917112000,91,ok
1785347666.916115000,89,ok
1785347666.915291000,87,ok
1785347666.915462000,88,ok
1785347666.914911000,89,ok
1785347666.927602000,80,ok
1785347666.938785000,86,ok
1785347666.964476000,85,ok
1785347666.972080000,86,ok
1785347666.978229000,84,ok
1785347666.977698000,88,ok
1785347666.978124000,86,ok
1785347666.978251000,84,ok
1785347666.980295000,87,ok
1785347666.990575000,90,ok
1785347667.018303000,83,ok
1785347667.031365000,86,ok
1785347667.022641000,84,ok
1785347667.038780000,98,ok
1785347667.037719000,94,ok
1785347667.041172000,88,ok
1785347667.038957000,96,ok
1785347667.058018000,86,ok
1785347667.076923000,83,ok
1785347667.090207000,85,ok
1785347667.098645000,88,ok
1785347667.099604000,89,ok
1785347667.104649000,92,ok
1785347667.107338000,89,ok
1785347667.105679000,89,ok
1785347667.107049000,84,ok
1785347667.137137000,81,ok
1785347667.141787000,79,ok
1785347667.142336000,81,ok
1785347667.155877000,91,ok
1785347667.156587000,89,ok
1785347667.155819000,88,ok
1785347667.158815000,90,ok
1785347667.173327000,82,ok
1785347667.193035000,86,ok
1785347667.200966000,83,ok
1785347667.225278000,97,ok
1785347667.228192000,96,ok
1785347667.231536000,97,ok
1785347667.230517000,94,ok
1785347667.239914000,103,ok
1785347667.228644000,96,ok
1785347667.287221000,98,ok
1785347667.285795000,91,ok
1785347667.288408000,88,ok
1785347667.314443000,114,ok
1785347667.316740000,108,ok
1785347667.314373000,109,ok
1785347667.319771000,102,ok
1785347667.331601000,89,ok
1785347667.355735000,87,ok
1785347667.365831000,91,ok
1785347667.371321000,92,ok
1785347667.376321000,90,ok
1785347667.392142000,98,ok
1785347667.391435000,94,ok
1785347667.391847000,104,ok
1785347667.394846000,91,ok
1785347667.432629000,88,ok
1785347667.433820000,90,ok
1785347667.437890000,94,ok
1785347667.452424000,90,ok
1785347667.459940000,93,ok
1785347667.457856000,89,ok
1785347667.460659000,98,ok
1785347667.467317000,89,ok
1785347667.491299000,85,ok
1785347667.499755000,86,ok
1785347667.502589000,85,ok
1785347667.508142000,87,ok
1785347667.522455000,89,ok
1785347667.523797000,94,ok
1785347667.522574000,88,ok
1785347667.525511000,87,ok
1785347667.563020000,86,ok
1785347667.561646000,82,ok
1785347667.573555000,89,ok
1785347667.583184000,89,ok
1785347667.576463000,88,ok
1785347667.583992000,93,ok
1785347667.586782000,90,ok
1785347667.585029000,88,ok
1785347667.620773000,87,ok
1785347667.623705000,80,ok
1785347667.623511000,83,ok
1785347667.626014000,85,ok
1785347667.645246000,89,ok
1785347667.644823000,89,ok
1785347667.651522000,98,ok
1785347667.655628000,93,ok
1785347667.687860000,84,ok
1785347667.688699000,84,ok
1785347667.703661000,92,ok
1785347667.713738000,82,ok
1785347667.723535000,96,ok
1785347667.721219000,95,ok
1785347667.738415000,99,ok
1785347667.736835000,91,ok
1785347667.772824000,84,ok
1785347667.775580000,86,ok
1785347667.772634000,92,ok
1785347667.777830000,85,ok
1785347667.788332000,89,ok
1785347667.788427000,87,ok
1785347667.800318000,86,ok
1785347667.802017000,88,ok
1785347667.835052000,90,ok
1785347667.840382000,87,ok
1785347667.838370000,89,ok
1785347667.839496000,88,ok
1785347667.839214000,94,ok
1785347667.843398000,88,ok
1785347667.857330000,81,ok
1785347667.857655000,87,ok
1785347667.895090000,86,ok
1785347667.899225000,90,ok
1785347667.898427000,89,ok
1785347667.898435000,89,ok
1785347667.912365000,85,ok
1785347667.915610000,94,ok
1785347667.930026000,86,ok
1785347667.935365000,88,ok
1785347667.961967000,84,ok
1785347667.960802000,83,ok
1785347667.959587000,85,ok
1785347667.963121000,85,ok
1785347667.974255000,92,ok
1785347667.967007000,87,ok
1785347667.981634000,84,ok
1785347667.976183000,79,ok
1785347668.033334000,102,ok
1785347668.031471000,96,ok
1785347668.036501000,102,ok
1785347668.030223000,94,ok
1785347668.040047000,94,ok
1785347668.046709000,104,ok
1785347668.054798000,92,ok
1785347668.060258000,87,ok
1785347668.121664000,111,ok
1785347668.119068000,114,ok
1785347668.122823000,112,ok
1785347668.127899000,118,ok
1785347668.137783000,91,ok
1785347668.140980000,99,ok
1785347668.142594000,86,ok
1785347668.153537000,90,ok
1785347668.193464000,96,ok
1785347668.187708000,89,ok
1785347668.190533000,97,ok
1785347668.195693000,96,ok
1785347668.196595000,93,ok
1785347668.213585000,99,ok
1785347668.213423000,95,ok
1785347668.220777000,88,ok
1785347668.253098000,89,ok
1785347668.255399000,89,ok
1785347668.257741000,91,ok
1785347668.255701000,90,ok
1785347668.257195000,87,ok
1785347668.270717000,94,ok
1785347668.271660000,94,ok
1785347668.274452000,84,ok
1785347668.307792000,86,ok
1785347668.318161000,88,ok
1785347668.314125000,89,ok
1785347668.318892000,89,ok
1785347668.315970000,91,ok
1785347668.329201000,88,ok
1785347668.332235000,83,ok
1785347668.328986000,86,ok
1785347668.388450000,97,ok
1785347668.387919000,91,ok
1785347668.385001000,92,ok
1785347668.389013000,90,ok
1785347668.390681000,92,ok
1785347668.400338000,88,ok
1785347668.400029000,83,ok
1785347668.413075000,90,ok
1785347668.444916000,93,ok
1785347668.452062000,93,ok
1785347668.459168000,91,ok
1785347668.451140000,89,ok
1785347668.452603000,93,ok
1785347668.458743000,97,ok
1785347668.459050000,91,ok
1785347668.458624000,90,ok
1785347668.514299000,89,ok
1785347668.512914000,90,ok
1785347668.513069000,90,ok
1785347668.513144000,95,ok
1785347668.517060000,90,ok
1785347668.534885000,88,ok
1785347668.538083000,99,ok
1785347668.538626000,83,ok
1785347668.567150000,82,ok
1785347668.569633000,80,ok
1785347668.573618000,81,ok
1785347668.581540000,85,ok
1785347668.580700000,90,ok
1785347668.576347000,84,ok
1785347668.580289000,88,ok
1785347668.580279000,84,ok
1785347668.632823000,87,ok
1785347668.632127000,92,ok
1785347668.633956000,95,ok
1785347668.634164000,93,ok
1785347668.634179000,93,ok
1785347668.646369000,82,ok
1785347668.650849000,82,ok
1785347668.650806000,81,ok
1785347668.686989000,82,ok
1785347668.691920000,83,ok
1785347668.693212000,85,ok
1785347668.705279000,92,ok
1785347668.703249000,90,ok
1785347668.702021000,91,ok
1785347668.702744000,91,ok
1785347668.706106000,93,ok
1785347668.749454000,85,ok
1785347668.751278000,86,ok
1785347668.747790000,84,ok
1785347668.758324000,89,ok
1785347668.758855000,83,ok
1785347668.758869000,91,ok
1785347668.768017000,88,ok
1785347668.767540000,88,ok
1785347668.810556000,84,ok
1785347668.810455000,88,ok
1785347668.810430000,87,ok
1785347668.823249000,90,ok
1785347668.820765000,87,ok
1785347668.825321000,89,ok
1785347668.825594000,90,ok
1785347668.825206000,91,ok
1785347668.876641000,86,ok
1785347668.877783000,91,ok
1785347668.880335000,95,ok
1785347668.883985000,93,ok
1785347668.883856000,89,ok
1785347668.884539000,89,ok
1785347668.884165000,95,ok
1785347668.884770000,100,ok
1785347668.936361000,82,ok
1785347668.936400000,83,ok
1785347668.937718000,79,ok
1785347668.944788000,82,ok
1785347668.944722000,82,ok
1785347668.945589000,82,ok
1785347668.953525000,89,ok
1785347668.953066000,88,ok
1785347668.989082000,79,ok
1785347668.989091000,81,ok
1785347668.999073000,87,ok
1785347669.000066000,82,ok
1785347669.000247000,88,ok
1785347669.000817000,91,ok
1785347669.001137000,85,ok
1785347669.000655000,91,ok
1785347669.050144000,87,ok
1785347669.049384000,85,ok
1785347669.051300000,81,ok
1785347669.056072000,81,ok
1785347669.056708000,81,ok
1785347669.058823000,82,ok
1785347669.062901000,81,ok
1785347669.066830000,84,ok
1785347669.106564000,85,ok
1785347669.115010000,87,ok
1785347669.114744000,87,ok
1785347669.114572000,88,ok
1785347669.116797000,87,ok
1785347669.117350000,87,ok
1785347669.119246000,85,ok
1785347669.120324000,89,ok
1785347669.163169000,85,ok
1785347669.178331000,96,ok
1785347669.174310000,93,ok
1785347669.177863000,93,ok
1785347669.178822000,87,ok
1785347669.180056000,89,ok
1785347669.188466000,95,ok
1785347669.191849000,90,ok
1785347669.237243000,91,ok
1785347669.243733000,92,ok
1785347669.241404000,93,ok
1785347669.241443000,90,ok
1785347669.242681000,92,ok
1785347669.251317000,93,ok
1785347669.253811000,100,ok
1785347669.257296000,95,ok
1785347669.306502000,93,ok
1785347669.309456000,90,ok
1785347669.309153000,94,ok
1785347669.312521000,92,ok
1785347669.315018000,95,ok
1785347669.311715000,90,ok
1785347669.307270000,94,ok
1785347669.318979000,84,ok
1785347669.368337000,96,ok
1785347669.373055000,92,ok
1785347669.364546000,89,ok
1785347669.370241000,93,ok
1785347669.373799000,90,ok
1785347669.426982000,86,ok
1785347669.439855000,92,ok
1785347669.432880000,92,ok
1785347669.435751000,88,ok
1785347669.440415000,94,ok
1785347669.437815000,93,ok
1785347669.435634000,89,ok
1785347669.449134000,95,ok
1785347669.373221000,97,ok
1785347669.376621000,100,ok
1785347669.386635000,96,ok
1785347669.502072000,95,ok
1785347669.502035000,92,ok
1785347669.499469000,91,ok
1785347669.499333000,92,ok
1785347669.555742000,90,ok
1785347669.558506000,85,ok
1785347669.580510000,96,ok
1785347669.581984000,97,ok
1785347669.580955000,98,ok
1785347669.593377000,93,ok
1785347669.591996000,99,ok
1785347669.592362000,103,ok
1785347669.588363000,98,ok
1785347669.593854000,98,ok
1785347669.603434000,82,ok
1785347669.607915000,80,ok
1785347669.632531000,90,ok
1785347669.635723000,84,ok
1785347669.631669000,88,ok
1785347669.636061000,93,ok
1785347669.683474000,85,ok
1785347669.683435000,82,ok
1785347669.706620000,80,ok
1785347669.706892000,78,ok
1785347669.710565000,76,ok
1785347669.706551000,83,ok
1785347669.709560000,75,ok
1785347669.719845000,79,ok
1785347669.724566000,89,ok
1785347669.731390000,88,ok
1785347669.735034000,85,ok
1785347669.734936000,84,ok
1785347669.759545000,89,ok
1785347669.759401000,90,ok
1785347669.755834000,87,ok
1785347669.760963000,91,ok
1785347669.796256000,93,ok
1785347669.795910000,92,ok
1785347669.844454000,91,ok
1785347669.844117000,84,ok
1785347669.852804000,88,ok
1785347669.853526000,87,ok
1785347669.869740000,98,ok
1785347669.869348000,98,ok
1785347669.889250000,91,ok
1785347669.889050000,92,ok
1785347669.886984000,86,ok
1785347669.891490000,95,ok
1785347669.905333000,87,ok
1785347669.906008000,87,ok
1785347669.909743000,85,ok
1785347669.909382000,84,ok
1785347669.918343000,83,ok
1785347669.922253000,89,ok
1785347669.955939000,85,ok
1785347670.020433000,141,ok
1785347669.960384000,89,ok
1785347670.021930000,114,ok
1785347670.033628000,96,ok
1785347670.014662000,135,ok
1785347670.021893000,115,ok
1785347670.034607000,102,ok
1785347670.034151000,96,ok
1785347670.033034000,98,ok
1785347670.074380000,129,ok
1785347670.109544000,112,ok
1785347670.092111000,138,ok
1785347670.097158000,144,ok
1785347670.099058000,138,ok
1785347670.124744000,107,ok
1785347670.174964000,95,ok
1785347670.174649000,91,ok
1785347670.175247000,102,ok
1785347670.182409000,97,ok
1785347670.185851000,93,ok
1785347670.189910000,102,ok
1785347670.201026000,89,ok
1785347670.197637000,83,ok
1785347670.201514000,109,ok
1785347670.201023000,83,ok
1785347670.241344000,90,ok
1785347670.250201000,97,ok
1785347670.248860000,89,ok
1785347670.245251000,90,ok
1785347670.243061000,94,ok
1785347670.247461000,94,ok
1785347670.302050000,94,ok
1785347670.302089000,86,ok
1785347670.305035000,100,ok
1785347670.313311000,94,ok
1785347670.341081000,99,ok
1785347670.347547000,96,ok
1785347670.354023000,95,ok
1785347670.358611000,97,ok
1785347670.358423000,92,ok
1785347670.367693000,99,ok
1785347670.395765000,85,ok
1785347670.398906000,87,ok
1785347670.405202000,87,ok
1785347670.407926000,91,ok
1785347670.408500000,94,ok
1785347670.412694000,97,ok
1785347670.434619000,82,ok
1785347670.447369000,86,ok
1785347670.454172000,89,ok
1785347670.459957000,86,ok
1785347670.493099000,99,ok
1785347670.494338000,85,ok
1785347670.493975000,84,ok
1785347670.491742000,88,ok
1785347670.492659000,95,ok
1785347670.511433000,83,ok
1785347670.550142000,98,ok
1785347670.551421000,98,ok
1785347670.550780000,99,ok
1785347670.551747000,94,ok
1785347670.552332000,98,ok
1785347670.552810000,91,ok
1785347670.570665000,88,ok
1785347670.569066000,87,ok
1785347670.588975000,88,ok
1785347670.588382000,90,ok
1785347670.632583000,107,ok
1785347670.628936000,103,ok
1785347670.631247000,103,ok
1785347670.633498000,105,ok
1785347670.631369000,104,ok
1785347670.647985000,96,ok
1785347670.692365000,94,ok
1785347670.697083000,100,ok
1785347670.697491000,98,ok
1785347670.711305000,104,ok
1785347670.703638000,104,ok
1785347670.702107000,103,ok
1785347670.717327000,89,ok
1785347670.719554000,90,ok
1785347670.728032000,86,ok
1785347670.735972000,88,ok
1785347670.776795000,95,ok
1785347670.781269000,103,ok
1785347670.784165000,105,ok
1785347670.778629000,98,ok
1785347670.783720000,99,ok
1785347670.790279000,100,ok
1785347670.847387000,104,ok
1785347670.848421000,93,ok
1785347670.848749000,100,ok
1785347670.851464000,88,ok
1785347670.850215000,97,ok
1785347670.852104000,99,ok
1785347670.856488000,100,ok
1785347670.862168000,84,ok
1785347670.872277000,82,ok
1785347670.881149000,85,ok
1785347670.917295000,95,ok
1785347670.916694000,94,ok
1785347670.920506000,97,ok
1785347670.918205000,95,ok
1785347670.919108000,101,ok
1785347670.919636000,96,ok
1785347670.982481000,96,ok
1785347670.983177000,92,ok
1785347670.982572000,97,ok
1785347670.983026000,92,ok
1785347670.983652000,96,ok
1785347670.983014000,89,ok
1785347670.992752000,97,ok
1785347671.002992000,83,ok
1785347671.021466000,95,ok
1785347671.017580000,91,ok
1785347671.054988000,99,ok
1785347671.057916000,96,ok
1785347671.049868000,93,ok
1785347671.051099000,91,ok
1785347671.051476000,92,ok
1785347671.054584000,96,ok
1785347671.105655000,86,ok
1785347671.105236000,84,ok
1785347671.111357000,84,ok
1785347671.128001000,97,ok
1785347671.135241000,88,ok
1785347671.129591000,96,ok
1785347671.129319000,101,ok
1785347671.149530000,83,ok
1785347671.161589000,86,ok
1785347671.162128000,85,ok
1785347671.188726000,88,ok
1785347671.191454000,90,ok
1785347671.194182000,89,ok
1785347671.193526000,89,ok
1785347671.193615000,93,ok
1785347671.194159000,94,ok
1785347671.236649000,87,ok
1785347671.237657000,88,ok
1785347671.237775000,89,ok
1785347671.252875000,85,ok
1785347671.252094000,86,ok
1785347671.253773000,85,ok
1785347671.252354000,86,ok
1785347671.273598000,81,ok
1785347671.280618000,80,ok
1785347671.287249000,82,ok
1785347671.308779000,87,ok
1785347671.308128000,86,ok
1785347671.307243000,81,ok
1785347671.305965000,82,ok
1785347671.317421000,88,ok
1785347671.320022000,88,ok
1785347671.363399000,86,ok
1785347671.364387000,91,ok
1785347671.362379000,88,ok
1785347671.372378000,86,ok
1785347671.374642000,86,ok
1785347671.376683000,89,ok
1785347671.378209000,88,ok
1785347671.402850000,85,ok
1785347671.410460000,83,ok
1785347671.411337000,79,ok
1785347671.427489000,84,ok
1785347671.428443000,84,ok
1785347671.432069000,86,ok
1785347671.427104000,82,ok
1785347671.432517000,82,ok
1785347671.436119000,84,ok
1785347671.479845000,87,ok
1785347671.491925000,93,ok
1785347671.486894000,96,ok
1785347671.492252000,100,ok
1785347671.496773000,86,ok
1785347671.498926000,95,ok
1785347671.494834000,93,ok
1785347671.538056000,83,ok
1785347671.534272000,85,ok
1785347671.549813000,90,ok
1785347671.562869000,82,ok
1785347671.566975000,94,ok
1785347671.572494000,98,ok
1785347671.571735000,101,ok
1785347671.572672000,87,ok
1785347671.573749000,85,ok
1785347671.604915000,81,ok
1785347671.620139000,87,ok
1785347671.619924000,81,ok
1785347671.621825000,94,ok
1785347671.620048000,91,ok
1785347671.619720000,87,ok
1785347671.630731000,97,ok
1785347671.653062000,83,ok
1785347671.652246000,75,ok
1785347671.653881000,84,ok
1785347671.683666000,86,ok
1785347671.676861000,84,ok
1785347671.686999000,88,ok
1785347671.688087000,88,ok
1785347671.688345000,88,ok
1785347671.688338000,85,ok
1785347671.720629000,78,ok
1785347671.742359000,88,ok
1785347671.742347000,90,ok
1785347671.743752000,89,ok
1785347671.745153000,87,ok
1785347671.744772000,89,ok
1785347671.748944000,83,ok
1785347671.773461000,79,ok
1785347671.775185000,83,ok
1785347671.775940000,81,ok
1785347671.801467000,84,ok
1785347671.807117000,88,ok
1785347671.807357000,88,ok
1785347671.807790000,89,ok
1785347671.806701000,89,ok
1785347671.807730000,88,ok
1785347671.833600000,80,ok
1785347671.861230000,93,ok
1785347671.862437000,89,ok
1785347671.861797000,89,ok
1785347671.861373000,88,ok
1785347671.862970000,83,ok
1785347671.862651000,92,ok
1785347671.887323000,84,ok
1785347671.887413000,84,ok
1785347671.886860000,86,ok
1785347671.914153000,81,ok
1785347671.916374000,82,ok
1785347671.922524000,86,ok
1785347671.923513000,88,ok
1785347671.925076000,88,ok
1785347671.926309000,90,ok
1785347671.947188000,78,ok
1785347671.981141000,84,ok
1785347671.980839000,85,ok
1785347671.981283000,89,ok
1785347671.980936000,89,ok
1785347671.980829000,90,ok
1785347671.981498000,88,ok
1785347672.005988000,84,ok
1785347672.005382000,82,ok
1785347672.007357000,84,ok
1785347672.026661000,81,ok
1785347672.039944000,84,ok
1785347672.041639000,86,ok
1785347672.040089000,87,ok
1785347672.041776000,84,ok
1785347672.040825000,88,ok
1785347672.067319000,84,ok
1785347672.100218000,84,ok
1785347672.100334000,87,ok
1785347672.100698000,86,ok
1785347672.098662000,85,ok
1785347672.101215000,88,ok
1785347672.102610000,90,ok
1785347672.122755000,75,ok
1785347672.122602000,77,ok
1785347672.128794000,77,ok
1785347672.155478000,81,ok
1785347672.157377000,85,ok
1785347672.159523000,83,ok
1785347672.158401000,83,ok
1785347672.156889000,87,ok
1785347672.158143000,82,ok
1785347672.177187000,84,ok
1785347672.218423000,89,ok
1785347672.217142000,86,ok
1785347672.222805000,87,ok
1785347672.221282000,93,ok
1785347672.221726000,89,ok
1785347672.227198000,94,ok
1785347672.242448000,81,ok
1785347672.242411000,77,ok
1785347672.246064000,79,ok
1785347672.277583000,85,ok
1785347672.278982000,86,ok
1785347672.280585000,85,ok
1785347672.280717000,87,ok
1785347672.282970000,87,ok
1785347672.282415000,86,ok
1785347672.299907000,85,ok
1785347672.331538000,85,ok
1785347672.332836000,82,ok
1785347672.338536000,85,ok
1785347672.334584000,81,ok
1785347672.338450000,84,ok
1785347672.341743000,80,ok
1785347672.357676000,82,ok
1785347672.360190000,77,ok
1785347672.361613000,82,ok
1785347672.391877000,82,ok
1785347672.392166000,83,ok
1785347672.394009000,81,ok
1785347672.395476000,83,ok
1785347672.396781000,82,ok
1785347672.395666000,80,ok
1785347672.409722000,85,ok
1785347672.452050000,91,ok
1785347672.450870000,88,ok
1785347672.451837000,86,ok
1785347672.453705000,85,ok
1785347672.453942000,85,ok
1785347672.455210000,82,ok
1785347672.477392000,79,ok
1785347672.476723000,81,ok
1785347672.477656000,90,ok
1785347672.519271000,95,ok
1785347672.519565000,92,ok
1785347672.520094000,92,ok
1785347672.523080000,91,ok
1785347672.521571000,93,ok
1785347672.518634000,91,ok
1785347672.526732000,88,ok
1785347672.581639000,90,ok
1785347672.581756000,95,ok
1785347672.582742000,87,ok
1785347672.583767000,90,ok
1785347672.583361000,96,ok
1785347672.582709000,89,ok
1785347672.608030000,82,ok
1785347672.609275000,80,ok
1785347672.610845000,84,ok
1785347672.644740000,81,ok
1785347672.641663000,87,ok
1785347672.645242000,90,ok
1785347672.646614000,90,ok
1785347672.646579000,92,ok
1785347672.647674000,91,ok
1785347672.648891000,91,ok
1785347672.710121000,97,ok
1785347672.712926000,99,ok
1785347672.708187000,98,ok
1785347672.711388000,100,ok
1785347672.710994000,98,ok
1785347672.713641000,101,ok
1785347672.737358000,82,ok
1785347672.734771000,84,ok
1785347672.738929000,86,ok
1785347672.776544000,92,ok
1785347672.776700000,93,ok
1785347672.775673000,94,ok
1785347672.778371000,91,ok
1785347672.776959000,94,ok
1785347672.776911000,91,ok
1785347672.776655000,97,ok
1785347672.824120000,80,ok
1785347672.839608000,91,ok
1785347672.839773000,88,ok
1785347672.839283000,90,ok
1785347672.838440000,91,ok
1785347672.839508000,91,ok
1785347672.866502000,84,ok
1785347672.871319000,89,ok
1785347672.872536000,86,ok
1785347672.896874000,88,ok
1785347672.894439000,83,ok
1785347672.900421000,91,ok
1785347672.905900000,93,ok
1785347672.903641000,90,ok
1785347672.903358000,93,ok
1785347672.908087000,97,ok
1785347672.957645000,78,ok
1785347672.965098000,84,ok
1785347672.964935000,84,ok
1785347672.965674000,86,ok
1785347672.966799000,87,ok
1785347672.970816000,86,ok
1785347672.987281000,76,ok
1785347672.987011000,79,ok
1785347673.002049000,84,ok
1785347673.020377000,86,ok
1785347673.016701000,86,ok
1785347673.018446000,83,ok
1785347673.019106000,80,ok
1785347673.020266000,89,ok
1785347673.020641000,80,ok
1785347673.018299000,85,ok
1785347673.058917000,77,ok
1785347673.077143000,80,ok
1785347673.075646000,82,ok
1785347673.081197000,86,ok
1785347673.081800000,86,ok
1785347673.091541000,90,ok
1785347673.112614000,83,ok
1785347673.112453000,83,ok
1785347673.126871000,82,ok
1785347673.138814000,81,ok
1785347673.144455000,82,ok
1785347673.145730000,87,ok
1785347673.143601000,84,ok
1785347673.146161000,87,ok
1785347673.145685000,86,ok
1785347673.145143000,83,ok
1785347673.167910000,79,ok
1785347673.187567000,88,ok
1785347673.189083000,89,ok
1785347673.188716000,86,ok
1785347673.186508000,79,ok
1785347673.198900000,81,ok
1785347673.221856000,81,ok
1785347673.224326000,81,ok
1785347673.247198000,88,ok
1785347673.268262000,82,ok
1785347673.266843000,82,ok
1785347673.267964000,81,ok
1785347673.266808000,89,ok
1785347673.279352000,91,ok
1785347673.280948000,92,ok
1785347673.280965000,86,ok
1785347673.312362000,90,ok
1785347673.322415000,89,ok
1785347673.326556000,92,ok
1785347673.314667000,85,ok
1785347673.324539000,90,ok
1785347673.322138000,90,ok
1785347673.336658000,83,ok
1785347673.345172000,88,ok
1785347673.371819000,94,ok
1785347673.405864000,88,ok
1785347673.400781000,82,ok
1785347673.401433000,81,ok
1785347673.416932000,89,ok
1785347673.424815000,89,ok
1785347673.427215000,84,ok
1785347673.424928000,82,ok
1785347673.450909000,83,ok
1785347673.469543000,82,ok
1785347673.461102000,82,ok
1785347673.475841000,91,ok
1785347673.477337000,92,ok
1785347673.482740000,85,ok
1785347673.490290000,90,ok
1785347673.482325000,96,ok
1785347673.509405000,80,ok
1785347673.529341000,84,ok
1785347673.530081000,79,ok
1785347673.532087000,81,ok
1785347673.552452000,87,ok
1785347673.553784000,91,ok
1785347673.559555000,90,ok
1785347673.562401000,86,ok
1785347673.580430000,76,ok
1785347673.601906000,85,ok
1785347673.612401000,80,ok
1785347673.610691000,86,ok
1785347673.612179000,86,ok
1785347673.613344000,89,ok
1785347673.615553000,86,ok
1785347673.622001000,88,ok
1785347673.638428000,85,ok
1785347673.658399000,82,ok
1785347673.658691000,83,ok
1785347673.659082000,86,ok
1785347673.677480000,87,ok
1785347673.675118000,81,ok
1785347673.676882000,80,ok
1785347673.685533000,87,ok
1785347673.695650000,78,ok
1785347673.741825000,96,ok
1785347673.743944000,94,ok
1785347673.741676000,94,ok
1785347673.744268000,87,ok
1785347673.741617000,92,ok
1785347673.747645000,98,ok
1785347673.745421000,96,ok
1785347673.761221000,83,ok
1785347673.785808000,84,ok
1785347673.789640000,88,ok
1785347673.792368000,85,ok
1785347673.805229000,93,ok
1785347673.810408000,92,ok
1785347673.811800000,89,ok
1785347673.820791000,92,ok
1785347673.836548000,86,ok
1785347673.870260000,83,ok
1785347673.865892000,80,ok
1785347673.876388000,86,ok
1785347673.870095000,83,ok
1785347673.872523000,84,ok
1785347673.874025000,82,ok
1785347673.879104000,87,ok
1785347673.892734000,79,ok
1785347673.923760000,87,ok
1785347673.925638000,97,ok
1785347673.927634000,88,ok
1785347673.927669000,84,ok
1785347673.926446000,88,ok
1785347673.929908000,86,ok
1785347673.932198000,77,ok
1785347673.950217000,83,ok
1785347673.996592000,94,ok
1785347673.995721000,97,ok
1785347673.999945000,94,ok
1785347673.993729000,92,ok
1785347673.998294000,94,ok
1785347673.997983000,95,ok
1785347674.010394000,100,ok
1785347674.028525000,92,ok
1785347674.059343000,88,ok
1785347674.058870000,91,ok
1785347674.063215000,98,ok
1785347674.064983000,94,ok
1785347674.081937000,108,ok
1785347674.059295000,92,ok
1785347674.082196000,104,ok
1785347674.103969000,88,ok
1785347674.127815000,85,ok
1785347674.144663000,88,ok
1785347674.144076000,94,ok
1785347674.143217000,91,ok
1785347674.145138000,89,ok
1785347674.155770000,98,ok
1785347674.163209000,88,ok
1785347674.182147000,82,ok
1785347674.209880000,94,ok
1785347674.212415000,95,ok
1785347674.214826000,96,ok
1785347674.210206000,92,ok
1785347674.219433000,92,ok
1785347674.220355000,94,ok
1785347674.236994000,87,ok
1785347674.236832000,91,ok
1785347674.270892000,87,ok
1785347674.271709000,91,ok
1785347674.274129000,88,ok
1785347674.276546000,90,ok
1785347674.276497000,86,ok
1785347674.287906000,92,ok
1785347674.292524000,81,ok
1785347674.318361000,83,ok
1785347674.331538000,81,ok
1785347674.335694000,85,ok
1785347674.334175000,79,ok
1785347674.343591000,82,ok
1785347674.347509000,91,ok
1785347674.348013000,87,ok
1785347674.370569000,87,ok
1785347674.372141000,87,ok
1785347674.393759000,84,ok
1785347674.397943000,88,ok
1785347674.395186000,90,ok
1785347674.399527000,89,ok
1785347674.405754000,82,ok
1785347674.406058000,83,ok
1785347674.398903000,87,ok
1785347674.431544000,82,ok
1785347674.458760000,86,ok
1785347674.462006000,98,ok
1785347674.458468000,95,ok
1785347674.458650000,98,ok
1785347674.473474000,94,ok
1785347674.478046000,100,ok
1785347674.512956000,85,ok
1785347674.514480000,84,ok
1785347674.529775000,86,ok
1785347674.527315000,89,ok
1785347674.542634000,101,ok
1785347674.542618000,88,ok
1785347674.549667000,95,ok
1785347674.549059000,91,ok
1785347674.551127000,94,ok
1785347674.567700000,82,ok
1785347674.595115000,92,ok
1785347674.597962000,93,ok
1785347674.598764000,90,ok
1785347674.595411000,90,ok
1785347674.595747000,94,ok
1785347674.610731000,96,ok
1785347674.652624000,94,ok
1785347674.654817000,94,ok
1785347674.656264000,86,ok
1785347674.657932000,86,ok
1785347674.676893000,80,ok
1785347674.676978000,88,ok
1785347674.678359000,82,ok
1785347674.685914000,85,ok
1785347674.687042000,87,ok
1785347674.710068000,82,ok
1785347674.717497000,80,ok
1785347674.714534000,81,ok
1785347674.726076000,88,ok
1785347674.724842000,85,ok
1785347674.728442000,88,ok
1785347674.729393000,86,ok
1785347674.767222000,83,ok
1785347674.770418000,88,ok
1785347674.766869000,81,ok
1785347674.767546000,86,ok
1785347674.789886000,81,ok
1785347674.789125000,82,ok
1785347674.806791000,85,ok
1785347674.806437000,86,ok
1785347674.806067000,81,ok
1785347674.838458000,83,ok
1785347674.839800000,82,ok
1785347674.836227000,82,ok
1785347674.851593000,90,ok
1785347674.855501000,88,ok
1785347674.847960000,89,ok
1785347674.853606000,88,ok
1785347674.886616000,80,ok
1785347674.891382000,84,ok
1785347674.893712000,81,ok
1785347674.894296000,83,ok
1785347674.913603000,91,ok
1785347674.916224000,88,ok
1785347674.933523000,79,ok
1785347674.936171000,82,ok
1785347674.934378000,84,ok
1785347674.967926000,83,ok
1785347674.969655000,85,ok
1785347674.968379000,85,ok
1785347674.978744000,88,ok
1785347674.977417000,87,ok
1785347674.976842000,88,ok
1785347674.979340000,87,ok
1785347675.025494000,92,ok
1785347675.028221000,82,ok
1785347675.029507000,88,ok
1785347675.027056000,91,ok
1785347675.026166000,91,ok
1785347675.029422000,89,ok
1785347675.048865000,83,ok
1785347675.048712000,82,ok
1785347675.047067000,83,ok
1785347675.089482000,88,ok
1785347675.093604000,89,ok
1785347675.087309000,88,ok
1785347675.094163000,90,ok
1785347675.093742000,86,ok
1785347675.094076000,89,ok
1785347675.096150000,88,ok
1785347675.151816000,92,ok
1785347675.146377000,87,ok
1785347675.151161000,91,ok
1785347675.153983000,94,ok
1785347675.152326000,91,ok
1785347675.183985000,89,ok
1785347675.179156000,85,ok
1785347675.162424000,101,ok
1785347675.184238000,99,ok
1785347675.251430000,105,ok
1785347675.232648000,92,ok
1785347675.249950000,100,ok
1785347675.251281000,116,ok
1785347675.248615000,114,ok
1785347675.245406000,107,ok
1785347675.272174000,110,ok
1785347675.321735000,93,ok
1785347675.379019000,132,ok
1785347675.391097000,144,ok
1785347675.390538000,153,ok
1785347675.391642000,130,ok
1785347675.392728000,143,ok
1785347675.392741000,108,ok
1785347675.392266000,86,ok
1785347675.389248000,112,ok
1785347675.392892000,131,ok
1785347675.428435000,117,ok
1785347675.446562000,131,ok
1785347675.444591000,128,ok
1785347675.448067000,132,ok
1785347675.453030000,131,ok
1785347675.458079000,141,ok
1785347675.492932000,83,ok
1785347675.519620000,91,ok
1785347675.528964000,88,ok
1785347675.530314000,103,ok
1785347675.529705000,94,ok
1785347675.543473000,91,ok
1785347675.543804000,100,ok
1785347675.546531000,99,ok
1785347675.547540000,87,ok
1785347675.550663000,98,ok
1785347675.579686000,81,ok
1785347675.593286000,88,ok
1785347675.590290000,88,ok
1785347675.593399000,87,ok
1785347675.597437000,89,ok
1785347675.597514000,87,ok
1785347675.610752000,84,ok
1785347675.645940000,85,ok
1785347675.650317000,82,ok
1785347675.652341000,87,ok
1785347675.654249000,85,ok
1785347675.668729000,88,ok
1785347675.667178000,86,ok
1785347675.670732000,90,ok
1785347675.673005000,79,ok
1785347675.686328000,89,ok
1785347675.708907000,85,ok
1785347675.708827000,81,ok
1785347675.715942000,87,ok
1785347675.708866000,81,ok
1785347675.718670000,84,ok
1785347675.717715000,84,ok
1785347675.721074000,81,ok
1785347675.760554000,85,ok
1785347675.757245000,83,ok
1785347675.766530000,85,ok
1785347675.765676000,86,ok
1785347675.782823000,84,ok
1785347675.783055000,80,ok
1785347675.783545000,84,ok
1785347675.792713000,85,ok
1785347675.805579000,81,ok
1785347675.823908000,81,ok
1785347675.830892000,84,ok
1785347675.839212000,90,ok
1785347675.835267000,88,ok
1785347675.841712000,89,ok
1785347675.842392000,90,ok
1785347675.844036000,85,ok
1785347675.887754000,92,ok
1785347675.887926000,92,ok
1785347675.886628000,91,ok
1785347675.888270000,90,ok
1785347675.896499000,82,ok
1785347675.902116000,81,ok
1785347675.902576000,83,ok
1785347675.904570000,86,ok
1785347675.922263000,80,ok
1785347675.951298000,87,ok
1785347675.949678000,84,ok
1785347675.949924000,93,ok
1785347675.959631000,90,ok
1785347675.960349000,87,ok
1785347675.961979000,90,ok
1785347675.961960000,89,ok
1785347676.006798000,87,ok
1785347676.007349000,82,ok
1785347676.008264000,83,ok
1785347676.005818000,83,ok
1785347676.012130000,85,ok
1785347676.017777000,86,ok
1785347676.022642000,90,ok
1785347676.022552000,84,ok
1785347676.044521000,82,ok
1785347676.066734000,83,ok
1785347676.070886000,83,ok
1785347676.071727000,84,ok
1785347676.071213000,87,ok
1785347676.069798000,82,ok
1785347676.071302000,85,ok
1785347676.070748000,88,ok
1785347676.119629000,83,ok
1785347676.122857000,83,ok
1785347676.122069000,84,ok
1785347676.122408000,78,ok
1785347676.126582000,87,ok
1785347676.128919000,78,ok
1785347676.131114000,78,ok
1785347676.139304000,82,ok
1785347676.157266000,81,ok
1785347676.180080000,83,ok
1785347676.184578000,86,ok
1785347676.186780000,90,ok
1785347676.185007000,85,ok
1785347676.188341000,90,ok
1785347676.189039000,88,ok
1785347676.187818000,89,ok
1785347676.230936000,84,ok
1785347676.232702000,83,ok
1785347676.233668000,79,ok
1785347676.233445000,84,ok
1785347676.237355000,89,ok
1785347676.241673000,89,ok
1785347676.245909000,78,ok
1785347676.244679000,87,ok
1785347676.261973000,79,ok
1785347676.299291000,90,ok
1785347676.299893000,85,ok
1785347676.298866000,90,ok
1785347676.299272000,87,ok
1785347676.300785000,86,ok
1785347676.299362000,87,ok
1785347676.300765000,86,ok
1785347676.351733000,89,ok
1785347676.357454000,88,ok
1785347676.357466000,92,ok
1785347676.359493000,86,ok
1785347676.358868000,85,ok
1785347676.357768000,92,ok
1785347676.369010000,87,ok
1785347676.372907000,93,ok
1785347676.385111000,82,ok
1785347676.422618000,89,ok
1785347676.425386000,91,ok
1785347676.418783000,88,ok
1785347676.422105000,91,ok
1785347676.423085000,90,ok
1785347676.426151000,92,ok
1785347676.424605000,94,ok
1785347676.474454000,90,ok
1785347676.478772000,95,ok
1785347676.480873000,89,ok
1785347676.479646000,85,ok
1785347676.478767000,90,ok
1785347676.479661000,90,ok
1785347676.502525000,91,ok
1785347676.503847000,93,ok
1785347676.516757000,86,ok
1785347676.540775000,83,ok
1785347676.541650000,82,ok
1785347676.542373000,87,ok
1785347676.541790000,81,ok
1785347676.540930000,81,ok
1785347676.540800000,83,ok
1785347676.556857000,92,ok
1785347676.579679000,79,ok
1785347676.597078000,90,ok
1785347676.596735000,88,ok
1785347676.600093000,95,ok
1785347676.601733000,94,ok
1785347676.602767000,95,ok
1785347676.617363000,86,ok
1785347676.623511000,85,ok
1785347676.629993000,80,ok
1785347676.661066000,80,ok
1785347676.663172000,82,ok
1785347676.668761000,87,ok
1785347676.670063000,84,ok
1785347676.669005000,83,ok
1785347676.681220000,87,ok
1785347676.683917000,78,ok
1785347676.707501000,80,ok
1785347676.708184000,78,ok
1785347676.716510000,81,ok
1785347676.721530000,84,ok
1785347676.718105000,82,ok
1785347676.718969000,79,ok
1785347676.731565000,81,ok
1785347676.733079000,80,ok
1785347676.738981000,79,ok
1785347676.777738000,86,ok
1785347676.776752000,81,ok
1785347676.778312000,87,ok
1785347676.780331000,89,ok
1785347676.782996000,89,ok
1785347676.789888000,82,ok
1785347676.792025000,80,ok
1785347676.824303000,84,ok
1785347676.828835000,89,ok
1785347676.834416000,90,ok
1785347676.832686000,82,ok
1785347676.833817000,83,ok
1785347676.832958000,86,ok
1785347676.848407000,85,ok
1785347676.850657000,84,ok
1785347676.850682000,89,ok
1785347676.897349000,90,ok
1785347676.897311000,85,ok
1785347676.898101000,89,ok
1785347676.896567000,90,ok
1785347676.897770000,87,ok
1785347676.911903000,85,ok
1785347676.912553000,96,ok
1785347676.949630000,85,ok
1785347676.954459000,89,ok
1785347676.958564000,83,ok
1785347676.957546000,89,ok
1785347676.958439000,89,ok
1785347676.966497000,85,ok
1785347676.959528000,89,ok
1785347676.964679000,83,ok
1785347676.971543000,87,ok
1785347677.016616000,87,ok
1785347677.015630000,88,ok
1785347677.017167000,89,ok
1785347677.014900000,88,ok
1785347677.020280000,91,ok
1785347677.022628000,83,ok
1785347677.024876000,84,ok
1785347677.059255000,77,ok
1785347677.064660000,78,ok
1785347677.072191000,84,ok
1785347677.073024000,78,ok
1785347677.072655000,81,ok
1785347677.076219000,83,ok
1785347677.074405000,85,ok
1785347677.081537000,84,ok
1785347677.097157000,86,ok
1785347677.114479000,71,ok
1785347677.116203000,74,ok
1785347677.122342000,76,ok
1785347677.123308000,76,ok
1785347677.123710000,78,ok
1785347677.123857000,76,ok
1785347677.125666000,77,ok
1785347677.158972000,76,ok
1785347677.162785000,75,ok
1785347677.170706000,73,ok
1785347677.175142000,73,ok
1785347677.177444000,81,ok
1785347677.181136000,77,ok
1785347677.181768000,73,ok
1785347677.181120000,77,ok
1785347677.201409000,78,ok
1785347677.217413000,80,ok
1785347677.248913000,101,ok
1785347677.248967000,103,ok
1785347677.244158000,103,ok
1785347677.243846000,100,ok
1785347677.248371000,103,ok
1785347677.245671000,100,ok
1785347677.263059000,81,ok
1785347677.261685000,75,ok
1785347677.286465000,85,ok
1785347677.304085000,97,ok
1785347677.304309000,99,ok
1785347677.307854000,100,ok
1785347677.309487000,97,ok
1785347677.309306000,99,ok
1785347677.333086000,78,ok
1785347677.355480000,81,ok
1785347677.356070000,81,ok
1785347677.353249000,80,ok
1785347677.358320000,82,ok
1785347677.359771000,83,ok
1785347677.360044000,82,ok
1785347677.360749000,83,ok
1785347677.370942000,77,ok
1785347677.368759000,78,ok
1785347677.393630000,84,ok
1785347677.425195000,90,ok
1785347677.425140000,95,ok
1785347677.425322000,94,ok
1785347677.425788000,90,ok
1785347677.426789000,95,ok
1785347677.451859000,86,ok
1785347677.496588000,97,ok
1785347677.485936000,94,ok
1785347677.500008000,85,ok
1785347677.493522000,97,ok
1785347677.476685000,89,ok
1785347677.495105000,99,ok
1785347677.496499000,102,ok
1785347677.501435000,102,ok
1785347677.510114000,88,ok
1785347677.534595000,85,ok
1785347677.557499000,93,ok
1785347677.554715000,93,ok
1785347677.558720000,94,ok
1785347677.558017000,96,ok
1785347677.559342000,96,ok
1785347677.598067000,96,ok
1785347677.640615000,86,ok
1785347677.642201000,94,ok
1785347677.651495000,96,ok
1785347677.653860000,96,ok
1785347677.653361000,94,ok
1785347677.661470000,86,ok
1785347677.670274000,93,ok
1785347677.668842000,98,ok
1785347677.691749000,94,ok
1785347677.691784000,80,ok
1785347677.713322000,90,ok
1785347677.714520000,86,ok
1785347677.718157000,99,ok
1785347677.716248000,98,ok
1785347677.718903000,90,ok
1785347677.731080000,84,ok
1785347677.759872000,84,ok
1785347677.777594000,86,ok
1785347677.777346000,90,ok
1785347677.777110000,96,ok
1785347677.789086000,93,ok
1785347677.803438000,82,ok
1785347677.806864000,89,ok
1785347677.811824000,84,ok
1785347677.832184000,84,ok
1785347677.839689000,86,ok
1785347677.844140000,84,ok
1785347677.842489000,84,ok
1785347677.847845000,88,ok
1785347677.848896000,89,ok
1785347677.851663000,91,ok
1785347677.863936000,87,ok
1785347677.886383000,79,ok
1785347677.885042000,82,ok
1785347677.889440000,79,ok
1785347677.896710000,84,ok
1785347677.903801000,86,ok
1785347677.924439000,89,ok
1785347677.928017000,85,ok
1785347677.929834000,87,ok
1785347677.959528000,80,ok
1785347677.959759000,86,ok
1785347677.981815000,90,ok
1785347677.981483000,86,ok
1785347677.982248000,88,ok
1785347677.984308000,91,ok
1785347677.985666000,92,ok
1785347677.993130000,85,ok
1785347678.022443000,88,ok
1785347678.017756000,80,ok
1785347678.020651000,91,ok
1785347678.022100000,84,ok
1785347678.028805000,82,ok
1785347678.053592000,93,ok
1785347678.054826000,92,ok
1785347678.052589000,88,ok
1785347678.081606000,87,ok
1785347678.081128000,87,ok
1785347678.116728000,94,ok
1785347678.111759000,93,ok
1785347678.115907000,95,ok
1785347678.114999000,101,ok
1785347678.116658000,92,ok
1785347678.129473000,96,ok
1785347678.159877000,89,ok
1785347678.175161000,97,ok
1785347678.172350000,95,ok
1785347678.176922000,97,ok
1785347678.189851000,100,ok
1785347678.205777000,84,ok
1785347678.206258000,86,ok
1785347678.204329000,86,ok
1785347678.225106000,83,ok
1785347678.254137000,92,ok
1785347678.238631000,89,ok
1785347678.249827000,94,ok
1785347678.254098000,93,ok
1785347678.258569000,96,ok
1785347678.255288000,97,ok
1785347678.266605000,98,ok
1785347678.289244000,86,ok
1785347678.306608000,90,ok
1785347678.306479000,90,ok
1785347678.318312000,94,ok
1785347678.309979000,94,ok
1785347678.334303000,85,ok
1785347678.335600000,85,ok
1785347678.334898000,88,ok
1785347678.356420000,83,ok
1785347678.377251000,86,ok
1785347678.374785000,82,ok
1785347678.381353000,81,ok
1785347678.381407000,85,ok
1785347678.381546000,86,ok
1785347678.391615000,89,ok
1785347678.399165000,85,ok
1785347678.422922000,83,ok
1785347678.425413000,81,ok
1785347678.434261000,86,ok
1785347678.444050000,87,ok
1785347678.443900000,85,ok
1785347678.449512000,81,ok
1785347678.460013000,92,ok
1785347678.459278000,89,ok
1785347678.475251000,82,ok
1785347678.494695000,84,ok
1785347678.495946000,87,ok
1785347678.500010000,86,ok
1785347678.501890000,86,ok
1785347678.516351000,89,ok
1785347678.513849000,90,ok
1785347678.520760000,86,ok
1785347678.544628000,82,ok
1785347678.548262000,81,ok
1785347678.559627000,83,ok
1785347678.560053000,79,ok
1785347678.574198000,91,ok
1785347678.577766000,92,ok
1785347678.580616000,83,ok
1785347678.577667000,87,ok
1785347678.594369000,80,ok
1785347678.615873000,82,ok
1785347678.619027000,88,ok
1785347678.621359000,82,ok
1785347678.621813000,88,ok
1785347678.633051000,85,ok
1785347678.638267000,88,ok
1785347678.638633000,83,ok
1785347678.666361000,81,ok
1785347678.671970000,80,ok
1785347678.676965000,81,ok
1785347678.677918000,83,ok
1785347678.690067000,78,ok
1785347678.691345000,80,ok
1785347678.698482000,82,ok
1785347678.697466000,77,ok
1785347678.706769000,79,ok
1785347678.726633000,77,ok
1785347678.731408000,76,ok
1785347678.728095000,78,ok
1785347678.738000000,76,ok
1785347678.736515000,77,ok
1785347678.734990000,81,ok
1785347678.738739000,76,ok
1785347678.767545000,81,ok
1785347678.772864000,77,ok
1785347678.791793000,88,ok
1785347678.791376000,86,ok
1785347678.801385000,77,ok
1785347678.810055000,79,ok
1785347678.813343000,84,ok
1785347678.813554000,83,ok
1785347678.823596000,78,ok
1785347678.847745000,81,ok
1785347678.853494000,86,ok
1785347678.856267000,84,ok
1785347678.855218000,88,ok
1785347678.854776000,81,ok
1785347678.858848000,86,ok
1785347678.858531000,86,ok
1785347678.875381000,76,ok
1785347678.874207000,79,ok
1785347678.893283000,76,ok
1785347678.894847000,81,ok
1785347678.904885000,77,ok
1785347678.915355000,78,ok
1785347678.914450000,79,ok
1785347678.915648000,78,ok
1785347678.924411000,79,ok
1785347678.959572000,78,ok
1785347678.958433000,80,ok
1785347678.961327000,79,ok
1785347678.966802000,83,ok
1785347678.968359000,86,ok
1785347678.967174000,81,ok
1785347678.970422000,80,ok
1785347678.988359000,77,ok
1785347678.989438000,81,ok
1785347679.018880000,90,ok
1785347679.022299000,92,ok
1785347679.020996000,88,ok
1785347679.025358000,83,ok
1785347679.026557000,85,ok
1785347679.025727000,82,ok
1785347679.028871000,81,ok
1785347679.065061000,83,ok
1785347679.080910000,94,ok
1785347679.080596000,85,ok
1785347679.081711000,96,ok
1785347679.082700000,89,ok
1785347679.084231000,88,ok
1785347679.093126000,95,ok
1785347679.114192000,82,ok
1785347679.117461000,80,ok
1785347679.135250000,83,ok
1785347679.145793000,88,ok
1785347679.145316000,90,ok
1785347679.145152000,90,ok
1785347679.148320000,92,ok
1785347679.148428000,84,ok
1785347679.147965000,90,ok
1785347679.179093000,81,ok
1785347679.197574000,90,ok
1785347679.203078000,95,ok
1785347679.207923000,92,ok
1785347679.197724000,87,ok
1785347679.203185000,88,ok
1785347679.216074000,91,ok
1785347679.239468000,89,ok
1785347679.240796000,86,ok
1785347679.260655000,90,ok
1785347679.264503000,85,ok
1785347679.283418000,94,ok
1785347679.283713000,97,ok
1785347679.283279000,100,ok
1785347679.283643000,100,ok
1785347679.286910000,103,ok
1785347679.313105000,85,ok
1785347679.340092000,90,ok
1785347679.341111000,81,ok
1785347679.341686000,94,ok
1785347679.340595000,95,ok
1785347679.342048000,94,ok
1785347679.342569000,90,ok
1785347679.363508000,78,ok
1785347679.367190000,76,ok
1785347679.380836000,82,ok
1785347679.380158000,77,ok
1785347679.397583000,83,ok
1785347679.398789000,84,ok
1785347679.399208000,80,ok
1785347679.397939000,85,ok
1785347679.398979000,84,ok
1785347679.416856000,78,ok
1785347679.457877000,90,ok
1785347679.458206000,88,ok
1785347679.458433000,90,ok
1785347679.459074000,89,ok
1785347679.458432000,89,ok
1785347679.462172000,93,ok
1785347679.479026000,80,ok
1785347679.485774000,82,ok
1785347679.492106000,80,ok
1785347679.492913000,80,ok
1785347679.513872000,83,ok
1785347679.519794000,85,ok
1785347679.519326000,89,ok
1785347679.520009000,78,ok
1785347679.512841000,80,ok
1785347679.520876000,89,ok
1785347679.585170000,99,ok
1785347679.580557000,92,ok
1785347679.585972000,100,ok
1785347679.587074000,94,ok
1785347679.587322000,96,ok
1785347679.587925000,99,ok
1785347679.636676000,117,ok
1785347679.655692000,109,ok
1785347679.669514000,104,ok
1785347679.674722000,110,ok
1785347679.684165000,85,ok
1785347679.690231000,83,ok
1785347679.692398000,84,ok
1785347679.700395000,89,ok
1785347679.712000000,97,ok
1785347679.713478000,95,ok
1785347679.741678000,95,ok
1785347679.742451000,94,ok
1785347679.744214000,91,ok
1785347679.743824000,97,ok
1785347679.743086000,93,ok
1785347679.745078000,91,ok
1785347679.767529000,83,ok
1785347679.780368000,84,ok
1785347679.794684000,88,ok
1785347679.806360000,92,ok
1785347679.817838000,91,ok
1785347679.817111000,90,ok
1785347679.833311000,88,ok
1785347679.829533000,90,ok
1785347679.845869000,87,ok
1785347679.852516000,88,ok
1785347679.873036000,89,ok
1785347679.871894000,89,ok
1785347679.875398000,93,ok
1785347679.880033000,87,ok
1785347679.883225000,94,ok
1785347679.880131000,89,ok
1785347679.900285000,88,ok
1785347679.910356000,87,ok
1785347679.940750000,83,ok
1785347679.941223000,84,ok
1785347679.940946000,89,ok
1785347679.957374000,93,ok
1785347679.958007000,85,ok
1785347679.963990000,83,ok
1785347679.981850000,82,ok
1785347679.986488000,84,ok
1785347679.996517000,77,ok
1785347679.993758000,81,ok
1785347680.004903000,81,ok
1785347680.002454000,84,ok
1785347680.007113000,82,ok
1785347680.004991000,82,ok
1785347680.014078000,77,ok
1785347680.030450000,81,ok
1785347680.048729000,80,ok
1785347680.049497000,85,ok
1785347680.055281000,87,ok
1785347680.064565000,81,ok
1785347680.066047000,76,ok
1785347680.066503000,82,ok
1785347680.098492000,81,ok
1785347680.104074000,82,ok
1785347680.108330000,80,ok
1785347680.113598000,82,ok
1785347680.118335000,81,ok
1785347680.119327000,83,ok
1785347680.120000000,79,ok
1785347680.121583000,79,ok
1785347680.137040000,81,ok
1785347680.147544000,81,ok
1785347680.168280000,86,ok
1785347680.167395000,84,ok
1785347680.168284000,81,ok
1785347680.175041000,82,ok
1785347680.173427000,82,ok
1785347680.174856000,80,ok
1785347680.203514000,76,ok
1785347680.208085000,78,ok
1785347680.218373000,81,ok
1785347680.225777000,80,ok
1785347680.226084000,80,ok
1785347680.226328000,79,ok
1785347680.232976000,79,ok
1785347680.232529000,81,ok
1785347680.259855000,82,ok
1785347680.264608000,79,ok
1785347680.285558000,83,ok
1785347680.282859000,86,ok
1785347680.287518000,88,ok
1785347680.286557000,84,ok
1785347680.286113000,84,ok
1785347680.288156000,87,ok
1785347680.307380000,78,ok
1785347680.308539000,82,ok
1785347680.327067000,84,ok
1785347680.338751000,87,ok
1785347680.357321000,97,ok
1785347680.358967000,101,ok
1785347680.359220000,94,ok
1785347680.362059000,98,ok
1785347680.400037000,90,ok
1785347680.400935000,91,ok
1785347680.418276000,91,ok
1785347680.424379000,84,ok
1785347680.423876000,93,ok
1785347680.423184000,97,ok
1785347680.423904000,94,ok
1785347680.442043000,88,ok
1785347680.455455000,86,ok
1785347680.458240000,88,ok
1785347680.465607000,84,ok
1785347680.483233000,90,ok
1785347680.480702000,93,ok
1785347680.483659000,91,ok
1785347680.487829000,87,ok
1785347680.483640000,91,ok
1785347680.519858000,84,ok
1785347680.520038000,89,ok
1785347680.546568000,91,ok
1785347680.548161000,92,ok
1785347680.543437000,91,ok
1785347680.547235000,88,ok
1785347680.554871000,95,ok
1785347680.576668000,89,ok
1785347680.593196000,93,ok
1785347680.604468000,91,ok
1785347680.608696000,85,ok
1785347680.608163000,83,ok
1785347680.621246000,91,ok
1785347680.623350000,95,ok
1785347680.629598000,93,ok
1785347680.626302000,96,ok
1785347680.654941000,86,ok
1785347680.661343000,84,ok
1785347680.672101000,86,ok
1785347680.668391000,86,ok
1785347680.668260000,86,ok
1785347680.672070000,90,ok
1785347680.675780000,84,ok
1785347680.703239000,87,ok
1785347680.716361000,82,ok
1785347680.719126000,84,ok
1785347680.729126000,85,ok
1785347680.727937000,87,ok
1785347680.747480000,86,ok
1785347680.749141000,86,ok
1785347680.758171000,87,ok
1785347680.762565000,85,ok
1785347680.801715000,86,ok
1785347680.801742000,91,ok
1785347680.806414000,88,ok
1785347680.806665000,98,ok
1785347680.808635000,88,ok
1785347680.808772000,96,ok
1785347680.811084000,94,ok
1785347680.846495000,90,ok
1785347680.845994000,83,ok
1785347680.850109000,82,ok
1785347680.844991000,91,ok
1785347680.853378000,85,ok
1785347680.858586000,78,ok
1785347680.863113000,77,ok
1785347680.862542000,82,ok
1785347680.867639000,75,ok
1785347680.916957000,85,ok
1785347680.918012000,90,ok
1785347680.918329000,86,ok
1785347680.920299000,87,ok
1785347680.925406000,87,ok
1785347680.921028000,92,ok
1785347680.926873000,91,ok
1785347680.978390000,86,ok
1785347680.983468000,90,ok
1785347680.990382000,86,ok
1785347680.991437000,79,ok
1785347680.997565000,99,ok
1785347681.001689000,80,ok
1785347681.008829000,81,ok
1785347681.013225000,86,ok
1785347681.008210000,83,ok
1785347681.043012000,77,ok
1785347681.038381000,82,ok
1785347681.043762000,84,ok
1785347681.042553000,81,ok
1785347681.042452000,79,ok
1785347681.044278000,82,ok
1785347681.044266000,84,ok
1785347681.072014000,75,ok
1785347681.084374000,79,ok
1785347681.097029000,78,ok
1785347681.097975000,79,ok
1785347681.108688000,80,ok
1785347681.110660000,81,ok
1785347681.125045000,82,ok
1785347681.125881000,80,ok
1785347681.127214000,84,ok
1785347681.151114000,80,ok
1785347681.157416000,84,ok
1785347681.158246000,85,ok
1785347681.153160000,82,ok
1785347681.161023000,86,ok
1785347681.162005000,83,ok
1785347681.162443000,90,ok
1785347681.179583000,82,ok
1785347681.192905000,83,ok
1785347681.214911000,92,ok
1785347681.213330000,87,ok
1785347681.216042000,81,ok
1785347681.223237000,85,ok
1785347681.238875000,84,ok
1785347681.244234000,83,ok
1785347681.245465000,85,ok
1785347681.284347000,85,ok
1785347681.276650000,85,ok
1785347681.284803000,90,ok
1785347681.283061000,90,ok
1785347681.283296000,91,ok
1785347681.286463000,91,ok
1785347681.296784000,93,ok
1785347681.302973000,84,ok
1785347681.315189000,86,ok
1785347681.334217000,85,ok
1785347681.331997000,83,ok
1785347681.349233000,89,ok
1785347681.341242000,89,ok
1785347681.356464000,88,ok
1785347681.376540000,93,ok
1785347681.375600000,90,ok
1785347681.406542000,86,ok
1785347681.410622000,88,ok
1785347681.423720000,88,ok
1785347681.428611000,97,ok
1785347681.426129000,92,ok
1785347681.426581000,93,ok
1785347681.441447000,89,ok
1785347681.442359000,87,ok
1785347681.463775000,85,ok
1785347681.474448000,82,ok
1785347681.469390000,83,ok
1785347681.468246000,84,ok
1785347681.478608000,86,ok
1785347681.492289000,92,ok
1785347681.495187000,91,ok
1785347681.496169000,88,ok
1785347681.517391000,88,ok
1785347681.532002000,92,ok
1785347681.549920000,89,ok
1785347681.572550000,80,ok
1785347681.572413000,91,ok
1785347681.579405000,87,ok
1785347681.590373000,86,ok
1785347681.592504000,82,ok
1785347681.611245000,84,ok
1785347681.616122000,82,ok
1785347681.617366000,82,ok
1785347681.619849000,85,ok
1785347681.619796000,85,ok
1785347681.624488000,82,ok
1785347681.629246000,77,ok
1785347681.638626000,81,ok
1785347681.642249000,76,ok
1785347681.642537000,78,ok
1785347681.743267000,145,ok
1785347681.799233000,182,ok
1785347681.777173000,175,ok
1785347681.800713000,203,ok
1785347681.780818000,164,ok
1785347681.800945000,224,ok
1785347681.836837000,165,ok
1785347681.853485000,172,ok
1785347681.893947000,121,ok
1785347681.910575000,161,ok
1785347681.913580000,179,ok
1785347681.917652000,81,ok
1785347681.966090000,91,ok
1785347681.965890000,87,ok
1785347681.987770000,77,ok
1785347681.985907000,91,ok
1785347681.989439000,108,ok
1785347682.000922000,81,ok
1785347682.001956000,83,ok
1785347682.005075000,78,ok
1785347682.012240000,82,ok
1785347682.009745000,80,ok
1785347682.013475000,77,ok
1785347682.028127000,80,ok
1785347682.031023000,78,ok
1785347682.032172000,85,ok
1785347682.033548000,79,ok
1785347682.029266000,78,ok
1785347682.072081000,86,ok
1785347682.069599000,85,ok
1785347682.108089000,88,ok
1785347682.109417000,87,ok
1785347682.111344000,83,ok
1785347682.132745000,90,ok
1785347682.134025000,80,ok
1785347682.134578000,87,ok
1785347682.146113000,83,ok
1785347682.147628000,79,ok
1785347682.150853000,84,ok
1785347682.162480000,87,ok
1785347682.166718000,88,ok
1785347682.174456000,88,ok
1785347682.175304000,90,ok
1785347682.175458000,91,ok
1785347682.192481000,83,ok
1785347682.194509000,86,ok
1785347682.228129000,87,ok
1785347682.224546000,88,ok
1785347682.247974000,101,ok
1785347682.275119000,88,ok
1785347682.274875000,96,ok
1785347682.276269000,86,ok
1785347682.306016000,95,ok
1785347682.306739000,89,ok
1785347682.308280000,88,ok
1785347682.323291000,87,ok
1785347682.322470000,95,ok
1785347682.333934000,90,ok
1785347682.334969000,87,ok
1785347682.339008000,80,ok
1785347682.337834000,89,ok
1785347682.349113000,81,ok
1785347682.357610000,81,ok
1785347682.357986000,87,ok
1785347682.368693000,85,ok
1785347682.394384000,88,ok
1785347682.395971000,87,ok
1785347682.393722000,85,ok
1785347682.502138000,135,ok
1785347682.507565000,158,ok
1785347682.504825000,146,ok
1785347682.505777000,162,ok
1785347682.506197000,139,ok
1785347682.509325000,115,ok
1785347682.507921000,108,ok
1785347682.505442000,131,ok
1785347682.509694000,165,ok
1785347682.508825000,138,ok
1785347682.507892000,113,ok
1785347682.513663000,137,ok
1785347682.509686000,126,ok
1785347682.598349000,86,ok
1785347682.597550000,93,ok
1785347682.597131000,87,ok
1785347682.646567000,89,ok
1785347682.649509000,88,ok
1785347682.649838000,91,ok
1785347682.647540000,96,ok
1785347682.645761000,94,ok
1785347682.645068000,92,ok
1785347682.650930000,95,ok
1785347682.667085000,106,ok
1785347682.668747000,111,ok
1785347682.667315000,109,ok
1785347682.670282000,108,ok
1785347682.667480000,108,ok
1785347682.671567000,113,ok
1785347682.718930000,94,ok
1785347682.716406000,91,ok
1785347682.725209000,100,ok
1785347682.776182000,85,ok
1785347682.777355000,82,ok
1785347682.784559000,84,ok
1785347682.785298000,87,ok
1785347682.793145000,89,ok
1785347682.793475000,92,ok
1785347682.808101000,85,ok
1785347682.815246000,101,ok
1785347682.811448000,95,ok
1785347682.811668000,84,ok
1785347682.815882000,94,ok
1785347682.815891000,88,ok
1785347682.817180000,101,ok
1785347682.844277000,88,ok
1785347682.844259000,87,ok
1785347682.843778000,87,ok
1785347682.906286000,97,ok
1785347682.905921000,89,ok
1785347682.920784000,84,ok
1785347682.927729000,83,ok
1785347682.931665000,78,ok
1785347682.942804000,89,ok
1785347682.968844000,98,ok
1785347682.967714000,95,ok
1785347682.972215000,101,ok
1785347682.967417000,97,ok
1785347682.973736000,97,ok
1785347682.973029000,92,ok
1785347682.983202000,102,ok
1785347682.989009000,98,ok
1785347682.991476000,99,ok
1785347682.990454000,96,ok
1785347683.026423000,92,ok
1785347683.032780000,92,ok
1785347683.058254000,93,ok
1785347683.071158000,86,ok
1785347683.066927000,89,ok
1785347683.085469000,85,ok
1785347683.111213000,84,ok
1785347683.109178000,91,ok
1785347683.116408000,87,ok
1785347683.126148000,90,ok
1785347683.125652000,88,ok
1785347683.127420000,90,ok
1785347683.125741000,97,ok
1785347683.134335000,96,ok
1785347683.139768000,97,ok
1785347683.144601000,92,ok
1785347683.168251000,88,ok
1785347683.170089000,86,ok
1785347683.187510000,89,ok
1785347683.196947000,88,ok
1785347683.198512000,89,ok
1785347683.204972000,88,ok
1785347683.244491000,90,ok
1785347683.246259000,85,ok
1785347683.250959000,91,ok
1785347683.257559000,89,ok
1785347683.257391000,88,ok
1785347683.263416000,93,ok
1785347683.271446000,81,ok
1785347683.269344000,95,ok
1785347683.288930000,87,ok
1785347683.302096000,92,ok
1785347683.313453000,86,ok
1785347683.313541000,91,ok
1785347683.321966000,85,ok
1785347683.335345000,87,ok
1785347683.341818000,87,ok
1785347683.341169000,91,ok
1785347683.369232000,86,ok
1785347683.372804000,85,ok
1785347683.382767000,83,ok
1785347683.383772000,90,ok
1785347683.382873000,80,ok
1785347683.395541000,88,ok
1785347683.402346000,80,ok
1785347683.402872000,90,ok
1785347683.415121000,86,ok
1785347683.422797000,83,ok
1785347683.437369000,84,ok
1785347683.439675000,88,ok
1785347683.450436000,89,ok
1785347683.459604000,83,ok
1785347683.463981000,81,ok
1785347683.465550000,83,ok
1785347683.492279000,81,ok
1785347683.501778000,82,ok
1785347683.520178000,95,ok
1785347683.524487000,97,ok
1785347683.525563000,89,ok
1785347683.508341000,86,ok
1785347683.524752000,86,ok
1785347683.524771000,87,ok
1785347683.548460000,79,ok
1785347683.559646000,88,ok
1785347683.568662000,92,ok
1785347683.541250000,84,ok
1785347683.551249000,88,ok
1785347683.594647000,103,ok
1785347683.587619000,92,ok
1785347683.593854000,99,ok
1785347683.647836000,96,ok
1785347683.666979000,97,ok
1785347683.668367000,106,ok
1785347683.687223000,96,ok
1785347683.680474000,90,ok
1785347683.688015000,96,ok
1785347683.689925000,96,ok
1785347683.686848000,87,ok
1785347683.733495000,89,ok
1785347683.734024000,91,ok
1785347683.739892000,90,ok
1785347683.741417000,94,ok
1785347683.742548000,84,ok
1785347683.741573000,95,ok
1785347683.751006000,83,ok
1785347683.750926000,89,ok
1785347683.779884000,85,ok
1785347683.784483000,82,ok
1785347683.792748000,86,ok
1785347683.808134000,89,ok
1785347683.807424000,85,ok
1785347683.806478000,88,ok
1785347683.807396000,89,ok
1785347683.807464000,85,ok
1785347683.848523000,81,ok
1785347683.850334000,84,ok
1785347683.861165000,85,ok
1785347683.861224000,88,ok
1785347683.860973000,86,ok
1785347683.860780000,87,ok
1785347683.868993000,80,ok
1785347683.868815000,84,ok
1785347683.904832000,82,ok
1785347683.902793000,84,ok
1785347683.909338000,81,ok
1785347683.918991000,79,ok
1785347683.924355000,84,ok
1785347683.925407000,83,ok
1785347683.924654000,83,ok
1785347683.925863000,85,ok
1785347683.962833000,79,ok
1785347683.964710000,85,ok
1785347683.975120000,85,ok
1785347683.981155000,91,ok
1785347683.979661000,90,ok
1785347683.985274000,89,ok
1785347683.983465000,91,ok
1785347683.984705000,89,ok
1785347684.023548000,83,ok
1785347684.025446000,89,ok
1785347684.022075000,90,ok
1785347684.041061000,89,ok
1785347684.043996000,85,ok
1785347684.045508000,89,ok
1785347684.056097000,95,ok
1785347684.055151000,94,ok
1785347684.095869000,87,ok
1785347684.093847000,84,ok
1785347684.099667000,82,ok
1785347684.101101000,84,ok
1785347684.111277000,85,ok
1785347684.119931000,87,ok
1785347684.121566000,89,ok
1785347684.122382000,93,ok
1785347684.160526000,100,ok
1785347684.156963000,95,ok
1785347684.163902000,84,ok
1785347684.162500000,82,ok
1785347684.160243000,95,ok
1785347684.159594000,86,ok
1785347684.163065000,80,ok
1785347684.163006000,77,ok
1785347684.211683000,85,ok
1785347684.209656000,87,ok
1785347684.224435000,90,ok
1785347684.223210000,92,ok
1785347684.247254000,91,ok
1785347684.255425000,85,ok
1785347684.255988000,85,ok
1785347684.269875000,93,ok
1785347684.299178000,79,ok
1785347684.312407000,89,ok
1785347684.312114000,90,ok
1785347684.311908000,89,ok
1785347684.311795000,94,ok
1785347684.315757000,89,ok
1785347684.313074000,91,ok
1785347684.313147000,95,ok
1785347684.327781000,77,ok
1785347684.330191000,75,ok
1785347684.347825000,84,ok
1785347684.348219000,84,ok
1785347684.359865000,82,ok
1785347684.371227000,88,ok
1785347684.371281000,88,ok
1785347684.377945000,85,ok
1785347684.411498000,78,ok
1785347684.424020000,82,ok
1785347684.425621000,82,ok
1785347684.428474000,82,ok
1785347684.431035000,90,ok
1785347684.432716000,88,ok
1785347684.433903000,86,ok
1785347684.436677000,84,ok
1785347684.446695000,86,ok
1785347684.452874000,77,ok
1785347684.469781000,82,ok
1785347684.472335000,79,ok
1785347684.475011000,77,ok
1785347684.473434000,84,ok
1785347684.474720000,77,ok
1785347684.475707000,75,ok
1785347684.505689000,76,ok
1785347684.526601000,77,ok
1785347684.529790000,77,ok
1785347684.532473000,73,ok
1785347684.532996000,76,ok
1785347684.533968000,74,ok
1785347684.566555000,103,ok
1785347684.566757000,88,ok
1785347684.568873000,84,ok
1785347684.565708000,94,ok
1785347684.584107000,83,ok
1785347684.584568000,84,ok
1785347684.588479000,83,ok
1785347684.588484000,86,ok
1785347684.588012000,86,ok
1785347684.588140000,84,ok
1785347684.603760000,78,ok
1785347684.646645000,81,ok
1785347684.646904000,80,ok
1785347684.651829000,81,ok
1785347684.655849000,80,ok
1785347684.657753000,85,ok
1785347684.682255000,80,ok
1785347684.687559000,81,ok
1785347684.688926000,82,ok
1785347684.696553000,85,ok
1785347684.707635000,86,ok
1785347684.708089000,86,ok
1785347684.711394000,79,ok
1785347684.713299000,87,ok
1785347684.711982000,86,ok
1785347684.716108000,89,ok
1785347684.715481000,77,ok
1785347684.751613000,76,ok
1785347684.758208000,85,ok
1785347684.763848000,82,ok
1785347684.762463000,82,ok
1785347684.759416000,87,ok
1785347684.793644000,76,ok
1785347684.817941000,84,ok
1785347684.818166000,93,ok
1785347684.818965000,91,ok
1785347684.826516000,76,ok
1785347684.834438000,82,ok
1785347684.836632000,85,ok
1785347684.839309000,80,ok
1785347684.839539000,84,ok
1785347684.837468000,81,ok
1785347684.839738000,82,ok
1785347684.871831000,89,ok
1785347684.875117000,89,ok
1785347684.876991000,86,ok
1785347684.876563000,87,ok
1785347684.879309000,90,ok
1785347684.906576000,76,ok
1785347684.925666000,80,ok
1785347684.925963000,80,ok
1785347684.926787000,80,ok
1785347684.937997000,74,ok
1785347684.939851000,76,ok
1785347684.952424000,83,ok
1785347684.950377000,81,ok
1785347684.949027000,80,ok
1785347684.952550000,80,ok
1785347684.954001000,86,ok
1785347684.977362000,78,ok
1785347684.987378000,83,ok
1785347684.987491000,85,ok
1785347684.985679000,84,ok
1785347684.984975000,82,ok
1785347685.009949000,81,ok
1785347685.038385000,87,ok
1785347685.038506000,91,ok
1785347685.040105000,89,ok
1785347685.059049000,93,ok
1785347685.047389000,80,ok
1785347685.071361000,86,ok
1785347685.069912000,89,ok
1785347685.068637000,80,ok
1785347685.070426000,87,ok
1785347685.071547000,82,ok
1785347685.092456000,77,ok
1785347685.102993000,83,ok
1785347685.102530000,85,ok
1785347685.103395000,85,ok
1785347685.106383000,86,ok
1785347685.124736000,93,ok
1785347685.160641000,82,ok
1785347685.160276000,81,ok
1785347685.159492000,81,ok
1785347685.174856000,81,ok
1785347685.176099000,83,ok
1785347685.185991000,76,ok
1785347685.189163000,82,ok
1785347685.187532000,76,ok
1785347685.191254000,79,ok
1785347685.194582000,84,ok
1785347685.208907000,77,ok
1785347685.216718000,79,ok
1785347685.219367000,79,ok
1785347685.218319000,82,ok
1785347685.219256000,78,ok
1785347685.226217000,75,ok
1785347685.256088000,76,ok
1785347685.257115000,77,ok
1785347685.256753000,77,ok
1785347685.276495000,77,ok
1785347685.278825000,79,ok
1785347685.292720000,82,ok
1785347685.311940000,93,ok
1785347685.293914000,80,ok
1785347685.321081000,96,ok
1785347685.316174000,95,ok
1785347685.323474000,80,ok
1785347685.326075000,76,ok
1785347685.330963000,80,ok
1785347685.336328000,85,ok
1785347685.333360000,82,ok
1785347685.339639000,84,ok
1785347685.383509000,100,ok
1785347685.383403000,100,ok
1785347685.382402000,97,ok
1785347685.399472000,82,ok
1785347685.402812000,80,ok
1785347685.422805000,79,ok
1785347685.427620000,76,ok
1785347685.432048000,81,ok
1785347685.444286000,85,ok
1785347685.444164000,83,ok
1785347685.450290000,88,ok
1785347685.453279000,81,ok
1785347685.453573000,81,ok
1785347685.446903000,80,ok
1785347685.456612000,81,ok
1785347685.464414000,81,ok
1785347685.478605000,73,ok
1785347685.484345000,75,ok
1785347685.487257000,79,ok
1785347685.502429000,80,ok
1785347685.503713000,78,ok
1785347685.528187000,80,ok
1785347685.529952000,76,ok
1785347685.545478000,79,ok
1785347685.546438000,71,ok
1785347685.565306000,81,ok
1785347685.569505000,78,ok
1785347685.567178000,82,ok
1785347685.565196000,85,ok
1785347685.572851000,81,ok
1785347685.566986000,82,ok
1785347685.577430000,78,ok
1785347685.587067000,75,ok
1785347685.592454000,76,ok
1785347685.593708000,82,ok
1785347685.600288000,76,ok
1785347685.603565000,79,ok
1785347685.634841000,88,ok
1785347685.636722000,88,ok
1785347685.661213000,77,ok
1785347685.663689000,79,ok
1785347685.675517000,80,ok
1785347685.672695000,77,ok
1785347685.677283000,78,ok
1785347685.680113000,79,ok
1785347685.680099000,75,ok
1785347685.678245000,76,ok
1785347685.691416000,81,ok
1785347685.697058000,78,ok
1785347685.708846000,84,ok
1785347685.710987000,80,ok
1785347685.708034000,82,ok
1785347685.709175000,83,ok
1785347685.728040000,73,ok
1785347685.730178000,76,ok
1785347685.763733000,81,ok
1785347685.766485000,79,ok
1785347685.778664000,78,ok
1785347685.787911000,83,ok
1785347685.793017000,79,ok
1785347685.792445000,78,ok
1785347685.791677000,78,ok
1785347685.806206000,88,ok
1785347685.811747000,85,ok
1785347685.825860000,83,ok
1785347685.827171000,80,ok
1785347685.829297000,80,ok
1785347685.831543000,81,ok
1785347685.827568000,81,ok
1785347685.834657000,75,ok
1785347685.835389000,81,ok
1785347685.875082000,90,ok
1785347685.876500000,91,ok
1785347685.898387000,81,ok
1785347685.902983000,76,ok
1785347685.920177000,86,ok
1785347685.921341000,83,ok
1785347685.922502000,78,ok
1785347685.922752000,83,ok
1785347685.936307000,84,ok
1785347685.945664000,80,ok
1785347685.952479000,87,ok
1785347685.955944000,86,ok
1785347685.952133000,86,ok
1785347685.962176000,86,ok
1785347685.961458000,90,ok
1785347685.952277000,83,ok
1785347685.976567000,81,ok
1785347685.975841000,77,ok
1785347685.999560000,78,ok
1785347686.006393000,82,ok
1785347686.035466000,82,ok
1785347686.035891000,85,ok
1785347686.036689000,86,ok
1785347686.045360000,83,ok
1785347686.073296000,85,ok
1785347686.083164000,84,ok
1785347686.085364000,84,ok
1785347686.091423000,79,ok
1785347686.093699000,87,ok
1785347686.097760000,84,ok
1785347686.097534000,88,ok
1785347686.098407000,82,ok
1785347686.100911000,85,ok
1785347686.096227000,93,ok
1785347686.132975000,92,ok
1785347686.132296000,95,ok
1785347686.152591000,78,ok
1785347686.155083000,79,ok
1785347686.156198000,82,ok
1785347686.168144000,76,ok
1785347686.186280000,80,ok
1785347686.192418000,74,ok
1785347686.194261000,74,ok
1785347686.207988000,84,ok
1785347686.212643000,85,ok
1785347686.211825000,82,ok
1785347686.212701000,83,ok
1785347686.213385000,86,ok
1785347686.216494000,85,ok
1785347686.218223000,92,ok
1785347686.237219000,77,ok
1785347686.237973000,80,ok
1785347686.252211000,73,ok
1785347686.250909000,77,ok
1785347686.252367000,74,ok
1785347686.264106000,74,ok
1785347686.281981000,76,ok
1785347686.291663000,78,ok
1785347686.293416000,81,ok
1785347686.320326000,78,ok
1785347686.326978000,80,ok
1785347686.321399000,82,ok
1785347686.324683000,81,ok
1785347686.327854000,80,ok
1785347686.332769000,79,ok
1785347686.329814000,79,ok
1785347686.349157000,77,ok
1785347686.347551000,79,ok
1785347686.356825000,77,ok
1785347686.357862000,77,ok
1785347686.360962000,82,ok
1785347686.388590000,96,ok
1785347686.395618000,79,ok
1785347686.406491000,76,ok
1785347686.412293000,79,ok
1785347686.452790000,91,ok
1785347686.453197000,89,ok
1785347686.452655000,91,ok
1785347686.456384000,87,ok
1785347686.457048000,88,ok
1785347686.457922000,85,ok
1785347686.459926000,86,ok
1785347686.467446000,76,ok
1785347686.478055000,83,ok
1785347686.478722000,75,ok
1785347686.477890000,82,ok
1785347686.478602000,83,ok
1785347686.509772000,76,ok
1785347686.510805000,77,ok
1785347686.508053000,91,ok
1785347686.508610000,87,ok
1785347686.570516000,84,ok
1785347686.568369000,87,ok
1785347686.568734000,85,ok
1785347686.572999000,81,ok
1785347686.569593000,83,ok
1785347686.571187000,83,ok
1785347686.570404000,86,ok
1785347686.577613000,77,ok
1785347686.585449000,75,ok
1785347686.585309000,77,ok
1785347686.582438000,75,ok
1785347686.584645000,74,ok
1785347686.614240000,83,ok
1785347686.613463000,83,ok
1785347686.607076000,76,ok
1785347686.615544000,85,ok
1785347686.669670000,75,ok
1785347686.670345000,75,ok
1785347686.672508000,72,ok
1785347686.674804000,75,ok
1785347686.676794000,79,ok
1785347686.679691000,78,ok
1785347686.683918000,82,ok
1785347686.700847000,77,ok
1785347686.700781000,83,ok
1785347686.698103000,80,ok
1785347686.702726000,83,ok
1785347686.701495000,78,ok
1785347686.716534000,76,ok
1785347686.720181000,78,ok
1785347686.720121000,79,ok
1785347686.725305000,83,ok
1785347686.770197000,78,ok
1785347686.770192000,77,ok
1785347686.775674000,80,ok
1785347686.777104000,72,ok
1785347686.778795000,77,ok
1785347686.776899000,77,ok
1785347686.796488000,80,ok
1785347686.827308000,90,ok
1785347686.828215000,95,ok
1785347686.829915000,77,ok
1785347686.834727000,86,ok
1785347686.828756000,90,ok
1785347686.831261000,82,ok
1785347686.830267000,97,ok
1785347686.831935000,92,ok
1785347686.834379000,81,ok
1785347686.884037000,88,ok
1785347686.889019000,92,ok
1785347686.895788000,95,ok
1785347686.902334000,87,ok
1785347686.914812000,92,ok
1785347686.916759000,98,ok
1785347686.936764000,81,ok
1785347686.951781000,76,ok
1785347686.953659000,76,ok
1785347686.961862000,84,ok
1785347686.960470000,82,ok
1785347686.961231000,84,ok
1785347686.965724000,82,ok
1785347686.964650000,82,ok
1785347686.964684000,87,ok
1785347686.965234000,85,ok
1785347686.984909000,76,ok
1785347687.003327000,82,ok
1785347687.000202000,85,ok
1785347687.004600000,77,ok
1785347687.018125000,76,ok
1785347687.017992000,78,ok
1785347687.035544000,78,ok
1785347687.071839000,85,ok
1785347687.071677000,93,ok
1785347687.080491000,84,ok
1785347687.074166000,83,ok
1785347687.077357000,82,ok
1785347687.081503000,80,ok
1785347687.076845000,84,ok
1785347687.082101000,84,ok
1785347687.080526000,79,ok
1785347687.094934000,78,ok
1785347687.124487000,90,ok
1785347687.125528000,92,ok
1785347687.125482000,93,ok
1785347687.134849000,92,ok
1785347687.136279000,92,ok
1785347687.145910000,80,ok
1785347687.176989000,80,ok
1785347687.178953000,78,ok
1785347687.190428000,82,ok
1785347687.193819000,80,ok
1785347687.192689000,84,ok
1785347687.195580000,84,ok
1785347687.201646000,90,ok
1785347687.200148000,84,ok
1785347687.201677000,90,ok
1785347687.215257000,80,ok
1785347687.235925000,79,ok
1785347687.235151000,82,ok
1785347687.235691000,82,ok
1785347687.237853000,78,ok
1785347687.240617000,78,ok
1785347687.249904000,78,ok
1785347687.285594000,79,ok
1785347687.287049000,82,ok
1785347687.298468000,76,ok
1785347687.317769000,90,ok
1785347687.320476000,95,ok
1785347687.321186000,84,ok
1785347687.323732000,91,ok
1785347687.322132000,84,ok
1785347687.322465000,90,ok
1785347687.340543000,85,ok
1785347687.351732000,83,ok
1785347687.349584000,84,ok
1785347687.352325000,80,ok
1785347687.350695000,75,ok
1785347687.351939000,87,ok
1785347687.360529000,94,ok
1785347687.399421000,82,ok
1785347687.400165000,83,ok
1785347687.421383000,83,ok
1785347687.437533000,80,ok
1785347687.448199000,83,ok
1785347687.449068000,82,ok
1785347687.454277000,84,ok
1785347687.455241000,85,ok
1785347687.455079000,82,ok
1785347687.462851000,77,ok
1785347687.469644000,77,ok
1785347687.479828000,83,ok
1785347687.482910000,86,ok
1785347687.474335000,77,ok
1785347687.481638000,84,ok
1785347687.483121000,86,ok
1785347687.505562000,81,ok
1785347687.508040000,83,ok
1785347687.520717000,80,ok
1785347687.541881000,75,ok
1785347687.574491000,84,ok
1785347687.574437000,88,ok
1785347687.575509000,88,ok
1785347687.577992000,94,ok
1785347687.578116000,86,ok
1785347687.585061000,79,ok
1785347687.582630000,76,ok
1785347687.591273000,75,ok
1785347687.590792000,79,ok
1785347687.593879000,81,ok
1785347687.600690000,80,ok
1785347687.605463000,79,ok
1785347687.603207000,72,ok
1785347687.629955000,91,ok
1785347687.636337000,93,ok
1785347687.655065000,80,ok
1785347687.690736000,79,ok
1785347687.692149000,79,ok
1785347687.693913000,82,ok
1785347687.696787000,78,ok
1785347687.702475000,79,ok
1785347687.718093000,95,ok
1785347687.717153000,87,ok
1785347687.716780000,89,ok
1785347687.720551000,78,ok
1785347687.736629000,87,ok
1785347687.738707000,85,ok
1785347687.735199000,88,ok
1785347687.737153000,84,ok
1785347687.743857000,73,ok
1785347687.743849000,79,ok
1785347687.753257000,73,ok
1785347687.792051000,78,ok
1785347687.797153000,80,ok
1785347687.797385000,79,ok
1785347687.802301000,81,ok
1785347687.821765000,87,ok
1785347687.829126000,82,ok
1785347687.828623000,76,ok
1785347687.839546000,79,ok
1785347687.839042000,78,ok
1785347687.852458000,85,ok
1785347687.855696000,82,ok
1785347687.853547000,85,ok
1785347687.864146000,85,ok
1785347687.855643000,84,ok
1785347687.863419000,86,ok
1785347687.866031000,82,ok
1785347687.923497000,90,ok
1785347687.925863000,87,ok
1785347687.925879000,85,ok
1785347687.939397000,89,ok
1785347687.950680000,81,ok
1785347687.950559000,83,ok
1785347687.956295000,82,ok
1785347687.963166000,80,ok
1785347687.963019000,78,ok
1785347687.983601000,86,ok
1785347687.988901000,91,ok
1785347687.984937000,85,ok
1785347687.993821000,92,ok
1785347687.993848000,89,ok
1785347687.992024000,87,ok
1785347687.994355000,95,ok
1785347688.031237000,81,ok
1785347688.031122000,83,ok
1785347688.032882000,81,ok
1785347688.075793000,102,ok
1785347688.078036000,97,ok
1785347688.088460000,89,ok
1785347688.086616000,100,ok
1785347688.090337000,89,ok
1785347688.082973000,92,ok
1785347688.109531000,86,ok
1785347688.111610000,82,ok
1785347688.150260000,111,ok
1785347688.150465000,113,ok
1785347688.151221000,115,ok
1785347688.151338000,114,ok
1785347688.150604000,109,ok
1785347688.170500000,78,ok
1785347688.169096000,81,ok
1785347688.182657000,84,ok
1785347688.192754000,81,ok
1785347688.211995000,82,ok
1785347688.212211000,87,ok
1785347688.212192000,83,ok
1785347688.212418000,90,ok
1785347688.213549000,86,ok
1785347688.233867000,83,ok
1785347688.234812000,83,ok
1785347688.262558000,82,ok
1785347688.270364000,84,ok
1785347688.269710000,86,ok
1785347688.271419000,85,ok
1785347688.270976000,85,ok
1785347688.279991000,79,ok
1785347688.284245000,78,ok
1785347688.297831000,80,ok
1785347688.301837000,79,ok
1785347688.328328000,81,ok
1785347688.326940000,80,ok
1785347688.326670000,83,ok
1785347688.327708000,84,ok
1785347688.330003000,83,ok
1785347688.338730000,77,ok
1785347688.338940000,80,ok
1785347688.369474000,82,ok
1785347688.391007000,95,ok
1785347688.388921000,92,ok
1785347688.392494000,96,ok
1785347688.394229000,97,ok
1785347688.400765000,80,ok
1785347688.412733000,84,ok
1785347688.422584000,77,ok
1785347688.427138000,78,ok
1785347688.450606000,84,ok
1785347688.446160000,85,ok
1785347688.448597000,84,ok
1785347688.450590000,83,ok
1785347688.451356000,80,ok
1785347688.454866000,82,ok
1785347688.456578000,82,ok
1785347688.480999000,83,ok
1785347688.495335000,79,ok
1785347688.511531000,89,ok
1785347688.511336000,89,ok
1785347688.511613000,89,ok
1785347688.514122000,84,ok
1785347688.539689000,79,ok
1785347688.535754000,82,ok
1785347688.545893000,79,ok
1785347688.587634000,100,ok
1785347688.586456000,97,ok
1785347688.587600000,98,ok
1785347688.591323000,101,ok
1785347688.588465000,103,ok
1785347688.589986000,99,ok
1785347688.591080000,106,ok
1785347688.600964000,83,ok
1785347688.605589000,79,ok
1785347688.650854000,111,ok
1785347688.650519000,110,ok
1785347688.654204000,110,ok
1785347688.650228000,110,ok
1785347688.676453000,80,ok
1785347688.675940000,79,ok
1785347688.683920000,83,ok
1785347688.711258000,90,ok
1785347688.714178000,89,ok
1785347688.717894000,88,ok
1785347688.717259000,92,ok
1785347688.717007000,91,ok
1785347688.721594000,93,ok
1785347688.722570000,87,ok
1785347688.726209000,91,ok
1785347688.734628000,79,ok
1785347688.784679000,94,ok
1785347688.783885000,97,ok
1785347688.785832000,99,ok
1785347688.785314000,98,ok
1785347688.793029000,81,ok
1785347688.797179000,83,ok
1785347688.819900000,86,ok
1785347688.842687000,85,ok
1785347688.846710000,88,ok
1785347688.846886000,87,ok
1785347688.850362000,93,ok
1785347688.855704000,92,ok
1785347688.854073000,92,ok
1785347688.853629000,92,ok
1785347688.856083000,94,ok
1785347688.851983000,92,ok
1785347688.897483000,82,ok
1785347688.900717000,87,ok
1785347688.906982000,94,ok
1785347688.909777000,93,ok
1785347688.906310000,82,ok
1785347688.911547000,91,ok
1785347688.934422000,84,ok
1785347688.961503000,83,ok
1785347688.961686000,87,ok
1785347688.966995000,83,ok
1785347688.969728000,86,ok
1785347688.978436000,88,ok
1785347688.979555000,90,ok
1785347688.980043000,91,ok
1785347688.985608000,94,ok
1785347688.989230000,92,ok
1785347689.033071000,90,ok
1785347689.034575000,94,ok
1785347689.033875000,95,ok
1785347689.033193000,95,ok
1785347689.036483000,101,ok
1785347689.033380000,98,ok
1785347689.052062000,84,ok
1785347689.080407000,85,ok
1785347689.092689000,93,ok
1785347689.096099000,88,ok
1785347689.110759000,80,ok
1785347689.109411000,101,ok
1785347689.114415000,86,ok
1785347689.111584000,86,ok
1785347689.118624000,82,ok
1785347689.128522000,81,ok
1785347689.158577000,83,ok
1785347689.158068000,88,ok
1785347689.160423000,81,ok
1785347689.161615000,84,ok
1785347689.162056000,87,ok
1785347689.160208000,87,ok
1785347689.169154000,84,ok
1785347689.194807000,79,ok
1785347689.211171000,87,ok
1785347689.210238000,87,ok
1785347689.218341000,80,ok
1785347689.225740000,80,ok
1785347689.224243000,83,ok
1785347689.226567000,81,ok
1785347689.238803000,79,ok
1785347689.239145000,83,ok
1785347689.279362000,89,ok
1785347689.283851000,85,ok
1785347689.283434000,88,ok
1785347689.283761000,87,ok
1785347689.283643000,90,ok
1785347689.284445000,89,ok
1785347689.295949000,86,ok
1785347689.319817000,86,ok
1785347689.327783000,83,ok
1785347689.332343000,86,ok
1785347689.336600000,85,ok
1785347689.339775000,81,ok
1785347689.343912000,80,ok
1785347689.342699000,82,ok
1785347689.354278000,84,ok
1785347689.358868000,89,ok
1785347689.384775000,79,ok
1785347689.402550000,87,ok
1785347689.401432000,87,ok
1785347689.405288000,91,ok
1785347689.402665000,90,ok
1785347689.408468000,95,ok
1785347689.411925000,87,ok
1785347689.433881000,79,ok
1785347689.446481000,81,ok
1785347689.447913000,85,ok
1785347689.462287000,93,ok
1785347689.463587000,87,ok
1785347689.463295000,93,ok
1785347689.466152000,91,ok
1785347689.471650000,77,ok
1785347689.469354000,82,ok
1785347689.501590000,82,ok
1785347689.513356000,79,ok
1785347689.513220000,81,ok
1785347689.519316000,82,ok
1785347689.515596000,83,ok
1785347689.519665000,85,ok
1785347689.519284000,76,ok
1785347689.544120000,78,ok
1785347689.551221000,74,ok
1785347689.552173000,77,ok
1785347689.560125000,75,ok
1785347689.565537000,78,ok
1785347689.566840000,80,ok
1785347689.576353000,82,ok
1785347689.573931000,79,ok
1785347689.576260000,81,ok
1785347689.600771000,74,ok
1785347689.626515000,86,ok
1785347689.626825000,83,ok
1785347689.627932000,84,ok
1785347689.626504000,84,ok
1785347689.627974000,82,ok
1785347689.631313000,85,ok
1785347689.665989000,84,ok
1785347689.668804000,79,ok
1785347689.679824000,84,ok
1785347689.677240000,86,ok
1785347689.682439000,77,ok
1785347689.686883000,77,ok
1785347689.683227000,81,ok
1785347689.690283000,77,ok
1785347689.687459000,81,ok
1785347689.711904000,80,ok
1785347689.729491000,78,ok
1785347689.734650000,78,ok
1785347689.740888000,87,ok
1785347689.739408000,85,ok
1785347689.741411000,87,ok
1785347689.740450000,86,ok
1785347689.777930000,83,ok
1785347689.778103000,79,ok
1785347689.791431000,76,ok
1785347689.791274000,83,ok
1785347689.790210000,82,ok
1785347689.791923000,78,ok
1785347689.796177000,75,ok
1785347689.798787000,83,ok
1785347689.798138000,80,ok
1785347689.814851000,79,ok
1785347689.836177000,78,ok
1785347689.830005000,79,ok
1785347689.850215000,84,ok
1785347689.856043000,89,ok
1785347689.857719000,90,ok
1785347689.859041000,91,ok
1785347689.898824000,82,ok
1785347689.900752000,84,ok
1785347689.901526000,81,ok
1785347689.902777000,80,ok
1785347689.908066000,84,ok
1785347689.903288000,83,ok
1785347689.914734000,85,ok
1785347689.918170000,86,ok
1785347689.915355000,87,ok
1785347689.936477000,78,ok
1785347689.948902000,81,ok
1785347689.959005000,79,ok
1785347689.947421000,79,ok
1785347689.961531000,78,ok
1785347689.955785000,80,ok
1785347689.962146000,81,ok
1785347690.014437000,78,ok
1785347690.013478000,78,ok
1785347690.021075000,75,ok
1785347690.023726000,82,ok
1785347690.030492000,80,ok
1785347690.034496000,85,ok
1785347690.038402000,80,ok
1785347690.043986000,77,ok
1785347690.045027000,81,ok
1785347690.070791000,91,ok
1785347690.077608000,85,ok
1785347690.072945000,84,ok
1785347690.077245000,80,ok
1785347690.072871000,77,ok
1785347690.073007000,82,ok
1785347690.077944000,82,ok
1785347690.118981000,79,ok
1785347690.124359000,80,ok
1785347690.144134000,87,ok
1785347690.157368000,82,ok
1785347690.155637000,80,ok
1785347690.161487000,78,ok
1785347690.163676000,82,ok
1785347690.178022000,84,ok
1785347690.179072000,83,ok
1785347690.210300000,89,ok
1785347690.210177000,93,ok
1785347690.208063000,90,ok
1785347690.209678000,91,ok
1785347690.211156000,93,ok
1785347690.212197000,92,ok
1785347690.213026000,85,ok
1785347690.232185000,80,ok
1785347690.237021000,81,ok
1785347690.250009000,83,ok
1785347690.272469000,85,ok
1785347690.276854000,83,ok
1785347690.276849000,90,ok
1785347690.284041000,85,ok
1785347690.290316000,79,ok
1785347690.309323000,84,ok
1785347690.331779000,81,ok
1785347690.332634000,85,ok
1785347690.331898000,80,ok
1785347690.332015000,82,ok
1785347690.341596000,84,ok
1785347690.341473000,82,ok
1785347690.342695000,86,ok
1785347690.349994000,79,ok
1785347690.354961000,73,ok
1785347690.355182000,78,ok
1785347690.385325000,81,ok
1785347690.380598000,80,ok
1785347690.392972000,84,ok
1785347690.387885000,84,ok
1785347690.396574000,80,ok
1785347690.409375000,80,ok
1785347690.448855000,88,ok
1785347690.451659000,85,ok
1785347690.451452000,90,ok
1785347690.452624000,82,ok
1785347690.468134000,90,ok
1785347690.469131000,86,ok
1785347690.469386000,83,ok
1785347690.487381000,90,ok
1785347690.486836000,80,ok
1785347690.485806000,84,ok
1785347690.510919000,84,ok
1785347690.510239000,83,ok
1785347690.524360000,94,ok
1785347690.520517000,91,ok
1785347690.524376000,91,ok
1785347690.533659000,84,ok
1785347690.561853000,82,ok
1785347690.566456000,85,ok
1785347690.567580000,82,ok
1785347690.569829000,83,ok
1785347690.581672000,84,ok
1785347690.589535000,86,ok
1785347690.584016000,84,ok
1785347690.597483000,79,ok
1785347690.610886000,88,ok
1785347690.609929000,84,ok
1785347690.628637000,81,ok
1785347690.628968000,80,ok
1785347690.635982000,79,ok
1785347690.642568000,84,ok
1785347690.645945000,86,ok
1785347690.648458000,82,ok
1785347690.677174000,80,ok
1785347690.677260000,80,ok
1785347690.685709000,82,ok
1785347690.686420000,84,ok
1785347690.692360000,78,ok
1785347690.696739000,80,ok
1785347690.698645000,82,ok
1785347690.710931000,80,ok
1785347690.729160000,85,ok
1785347690.728807000,88,ok
1785347690.742321000,80,ok
1785347690.742569000,81,ok
1785347690.744438000,76,ok
1785347690.750520000,80,ok
1785347690.758460000,81,ok
1785347690.759342000,82,ok
1785347690.787675000,86,ok
1785347690.787920000,86,ok
1785347690.805992000,90,ok
1785347690.807901000,82,ok
1785347690.808286000,80,ok
1785347690.818820000,83,ok
1785347690.820932000,76,ok
1785347690.822658000,87,ok
1785347690.841256000,84,ok
1785347690.844833000,82,ok
1785347690.861073000,85,ok
1785347690.859965000,86,ok
1785347690.860843000,79,ok
1785347690.860047000,84,ok
1785347690.869667000,82,ok
1785347690.868177000,80,ok
1785347690.899641000,84,ok
1785347690.900325000,85,ok
1785347690.917391000,84,ok
1785347690.919526000,78,ok
1785347690.919979000,78,ok
1785347690.932759000,80,ok
1785347690.936701000,76,ok
1785347690.936807000,77,ok
1785347690.960695000,80,ok
1785347690.965221000,81,ok
1785347690.982303000,82,ok
1785347690.983760000,90,ok
1785347690.980268000,84,ok
1785347690.983967000,85,ok
1785347690.983576000,88,ok
1785347690.980644000,85,ok
1785347691.008473000,80,ok
1785347691.010404000,77,ok
1785347691.021668000,81,ok
1785347691.022173000,75,ok
1785347691.021193000,76,ok
1785347691.045495000,85,ok
1785347691.045208000,80,ok
1785347691.046730000,83,ok
1785347691.072302000,79,ok
1785347691.081771000,79,ok
1785347691.095293000,78,ok
1785347691.106202000,84,ok
1785347691.108683000,87,ok
1785347691.107566000,87,ok
1785347691.114351000,88,ok
1785347691.114708000,88,ok
1785347691.129630000,85,ok
1785347691.137627000,85,ok
1785347691.144680000,84,ok
1785347691.153174000,85,ok
1785347691.151269000,83,ok
1785347691.173914000,90,ok
1785347691.164931000,86,ok
1785347691.169581000,86,ok
1785347691.200844000,87,ok
1785347691.197468000,95,ok
1785347691.223940000,93,ok
1785347691.240207000,97,ok
1785347691.261918000,101,ok
1785347691.261792000,98,ok
1785347691.262063000,110,ok
1785347691.261405000,110,ok
1785347691.288543000,94,ok
1785347691.297136000,94,ok
1785347691.316345000,97,ok
1785347691.315904000,88,ok
1785347691.330859000,98,ok
1785347691.340923000,88,ok
1785347691.339858000,92,ok
1785347691.340688000,91,ok
1785347691.360334000,84,ok
1785347691.364583000,93,ok
1785347691.373381000,88,ok
1785347691.374554000,84,ok
1785347691.393978000,91,ok
1785347691.394832000,94,ok
1785347691.394244000,92,ok
1785347691.394538000,92,ok
1785347691.410613000,80,ok
1785347691.423720000,81,ok
1785347691.441820000,92,ok
1785347691.445613000,92,ok
1785347691.449603000,87,ok
1785347691.469789000,91,ok
1785347691.472238000,90,ok
1785347691.471912000,89,ok
1785347691.492442000,84,ok
1785347691.514458000,99,ok
1785347691.511066000,92,ok
1785347691.512077000,93,ok
1785347691.517115000,86,ok
1785347691.518653000,83,ok
1785347691.526749000,84,ok
1785347691.528919000,88,ok
1785347691.539424000,88,ok
1785347691.566590000,87,ok
1785347691.569980000,86,ok
1785347691.567997000,92,ok
1785347691.584568000,97,ok
1785347691.605107000,84,ok
1785347691.611249000,80,ok
1785347691.612567000,78,ok
1785347691.629213000,85,ok
1785347691.646512000,92,ok
1785347691.651311000,96,ok
1785347691.652228000,89,ok
1785347691.652665000,89,ok
1785347691.663154000,83,ok
1785347691.663525000,85,ok
1785347691.663031000,87,ok
1785347691.679397000,81,ok
1785347691.690591000,81,ok
1785347691.711297000,95,ok
1785347691.707724000,88,ok
1785347691.715389000,90,ok
1785347691.735639000,89,ok
1785347691.742700000,90,ok
1785347691.755435000,88,ok
1785347691.761788000,89,ok
1785347691.783033000,92,ok
1785347691.786430000,91,ok
1785347691.880741000,167,ok
1785347691.864519000,153,ok
1785347691.788031000,91,ok
1785347691.882028000,150,ok
1785347691.881907000,134,ok
1785347691.880687000,171,ok
1785347691.880992000,122,ok
1785347691.880581000,130,ok
1785347691.880755000,179,ok
1785347691.882479000,139,ok
1785347691.896844000,119,ok
1785347691.966033000,91,ok
1785347691.963764000,83,ok
1785347691.985752000,98,ok
1785347692.015587000,85,ok
1785347692.016193000,85,ok
1785347692.018019000,91,ok
1785347692.035513000,91,ok
1785347692.030245000,85,ok
1785347692.034750000,87,ok
1785347692.033330000,89,ok
1785347692.030422000,87,ok
1785347692.032938000,88,ok
1785347692.044644000,90,ok
1785347692.047893000,90,ok
1785347692.046683000,89,ok
1785347692.047707000,101,ok
1785347692.083240000,85,ok
1785347692.079894000,82,ok
1785347692.095524000,79,ok
1785347692.151764000,89,ok
1785347692.152422000,86,ok
1785347692.155336000,85,ok
1785347692.179206000,93,ok
1785347692.181912000,81,ok
1785347692.181143000,89,ok
1785347692.184154000,100,ok
1785347692.180230000,96,ok
1785347692.197579000,86,ok
1785347692.184780000,92,ok
1785347692.182764000,91,ok
1785347692.198355000,91,ok
1785347692.210134000,85,ok
1785347692.215661000,85,ok
1785347692.208144000,92,ok
1785347692.223548000,83,ok
1785347692.279967000,95,ok
1785347692.275564000,97,ok
1785347692.289796000,109,ok
1785347692.351705000,100,ok
1785347692.354436000,91,ok
1785347692.351532000,93,ok
1785347692.351555000,95,ok
1785347692.344647000,98,ok
1785347692.380319000,116,ok
1785347692.366778000,106,ok
1785347692.377378000,115,ok
1785347692.383725000,108,ok
1785347692.396609000,106,ok
1785347692.385319000,106,ok
1785347692.407745000,110,ok
1785347692.408518000,113,ok
1785347692.446115000,94,ok
1785347692.460004000,98,ok
1785347692.457246000,96,ok
1785347692.501993000,87,ok
1785347692.504549000,91,ok
1785347692.510080000,86,ok
1785347692.510086000,93,ok
1785347692.524253000,95,ok
1785347692.531292000,85,ok
1785347692.533616000,85,ok
1785347692.544049000,80,ok
1785347692.542238000,85,ok
1785347692.547121000,83,ok
1785347692.560286000,93,ok
1785347692.573520000,97,ok
1785347692.586636000,88,ok
1785347692.580620000,88,ok
1785347692.592372000,91,ok
1785347692.576829000,95,ok
1785347692.617316000,82,ok
1785347692.633761000,91,ok
1785347692.650570000,102,ok
1785347692.633767000,94,ok
1785347692.676840000,84,ok
1785347692.678281000,81,ok
1785347692.695081000,87,ok
1785347692.695401000,90,ok
1785347692.708809000,90,ok
1785347692.714826000,84,ok
1785347692.714722000,88,ok
1785347692.727768000,93,ok
1785347692.735884000,90,ok
1785347692.734577000,88,ok
1785347692.737121000,89,ok
1785347692.736817000,92,ok
1785347692.760991000,83,ok
1785347692.764085000,80,ok
1785347692.772890000,86,ok
1785347692.776888000,91,ok
1785347692.794570000,86,ok
1785347692.797994000,87,ok
1785347692.810224000,81,ok
1785347692.815586000,88,ok
1785347692.831284000,84,ok
1785347692.850605000,89,ok
1785347692.852359000,91,ok
1785347692.863509000,86,ok
1785347692.862111000,86,ok
1785347692.873063000,93,ok
1785347692.874265000,91,ok
1785347692.874215000,87,ok
1785347692.894676000,80,ok
1785347692.902183000,83,ok
1785347692.910283000,86,ok
1785347692.910895000,88,ok
1785347692.923255000,87,ok
1785347692.925263000,82,ok
1785347692.934035000,84,ok
1785347692.939914000,84,ok
1785347692.950423000,80,ok
1785347692.965399000,81,ok
1785347692.976033000,85,ok
1785347692.977373000,82,ok
1785347692.989875000,87,ok
1785347692.992705000,91,ok
1785347692.982997000,84,ok
1785347692.987848000,79,ok
1785347693.021077000,78,ok
1785347693.023272000,83,ok
1785347693.019631000,84,ok
1785347693.025440000,78,ok
1785347693.034519000,81,ok
1785347693.035383000,79,ok
1785347693.116196000,100,ok
1785347693.118426000,106,ok
1785347693.119076000,154,ok
1785347693.116757000,100,ok
1785347693.118870000,114,ok
1785347693.119359000,103,ok
1785347693.120408000,150,ok
1785347693.119436000,105,ok
1785347693.123598000,142,ok
1785347693.121890000,104,ok
1785347693.206871000,87,ok
1785347693.211572000,88,ok
1785347693.211044000,83,ok
1785347693.217310000,83,ok
1785347693.230761000,82,ok
1785347693.238416000,87,ok
1785347693.255875000,85,ok
1785347693.259226000,89,ok
1785347693.272687000,92,ok
1785347693.273757000,97,ok
1785347693.269990000,94,ok
1785347693.270461000,96,ok
1785347693.275255000,95,ok
1785347693.267260000,95,ok
1785347693.267042000,92,ok
1785347693.278063000,92,ok
1785347693.324442000,85,ok
1785347693.325590000,84,ok
1785347693.338180000,90,ok
1785347693.338073000,94,ok
1785347693.372219000,84,ok
1785347693.371007000,83,ok
1785347693.397980000,83,ok
1785347693.398180000,89,ok
1785347693.398033000,87,ok
1785347693.398201000,89,ok
1785347693.399303000,85,ok
1785347693.415498000,96,ok
1785347693.414364000,96,ok
1785347693.415608000,91,ok
1785347693.415190000,97,ok
1785347693.416967000,94,ok
1785347693.462025000,91,ok
1785347693.463026000,95,ok
1785347693.470671000,96,ok
1785347693.474318000,100,ok
1785347693.500593000,85,ok
1785347693.505388000,86,ok
1785347693.527181000,83,ok
1785347693.528393000,84,ok
1785347693.531677000,87,ok
1785347693.545385000,95,ok
1785347693.548474000,92,ok
1785347693.549445000,87,ok
1785347693.562090000,84,ok
1785347693.568812000,89,ok
1785347693.571530000,83,ok
1785347693.572361000,88,ok
1785347693.587653000,84,ok
1785347693.586873000,81,ok
1785347693.599648000,82,ok
1785347693.598865000,83,ok
1785347693.621308000,85,ok
1785347693.619858000,80,ok
1785347693.644154000,85,ok
1785347693.644140000,87,ok
1785347693.656107000,95,ok
1785347693.673211000,83,ok
1785347693.676955000,84,ok
1785347693.678913000,85,ok
1785347693.693136000,84,ok
1785347693.704038000,84,ok
1785347693.704248000,85,ok
1785347693.705529000,80,ok
1785347693.710424000,81,ok
1785347693.717931000,80,ok
1785347693.729325000,86,ok
1785347693.732691000,78,ok
1785347693.739499000,80,ok
1785347693.740091000,78,ok
1785347693.762314000,86,ok
1785347693.761242000,85,ok
1785347693.765299000,81,ok
1785347693.787738000,88,ok
1785347693.789253000,79,ok
1785347693.788339000,82,ok
1785347693.803376000,76,ok
1785347693.818401000,86,ok
1785347693.823437000,88,ok
1785347693.818332000,79,ok
1785347693.826054000,79,ok
1785347693.847478000,82,ok
1785347693.847618000,87,ok
1785347693.852704000,81,ok
1785347693.853005000,85,ok
1785347693.860570000,84,ok
1785347693.891168000,90,ok
1785347693.894681000,95,ok
1785347693.895242000,96,ok
1785347693.906791000,82,ok
1785347693.908859000,90,ok
1785347693.908385000,92,ok
1785347693.931196000,86,ok
1785347693.952933000,94,ok
1785347693.953600000,90,ok
1785347693.955189000,93,ok
1785347693.973360000,97,ok
1785347693.995141000,91,ok
1785347694.002928000,91,ok
1785347694.007779000,91,ok
1785347694.001811000,92,ok
1785347694.005477000,91,ok
1785347694.031285000,88,ok
1785347694.043039000,90,ok
1785347694.044275000,93,ok
1785347694.060256000,89,ok
1785347694.059361000,98,ok
1785347694.059710000,97,ok
1785347694.069902000,86,ok
1785347694.098506000,90,ok
1785347694.102820000,100,ok
1785347694.122252000,84,ok
1785347694.117964000,92,ok
1785347694.154741000,92,ok
1785347694.160048000,92,ok
1785347694.160604000,90,ok
1785347694.167857000,92,ok
1785347694.161857000,92,ok
1785347694.196170000,86,ok
1785347694.204050000,83,ok
1785347694.196771000,86,ok
1785347694.196734000,96,ok
1785347694.196612000,95,ok
1785347694.194618000,93,ok
1785347694.211008000,83,ok
1785347694.236794000,96,ok
1785347694.240426000,95,ok
1785347694.250577000,94,ok
1785347694.252533000,96,ok
1785347694.287880000,85,ok
1785347694.295236000,84,ok
1785347694.297449000,87,ok
1785347694.295360000,85,ok
1785347694.305705000,91,ok
1785347694.349132000,98,ok
1785347694.355298000,101,ok
1785347694.351375000,102,ok
1785347694.355886000,106,ok
1785347694.354004000,100,ok
1785347694.350602000,96,ok
1785347694.360019000,89,ok
1785347694.379175000,79,ok
1785347694.370779000,84,ok
1785347694.376621000,84,ok
1785347694.384174000,84,ok
1785347694.409345000,86,ok
1785347694.415671000,86,ok
1785347694.421248000,92,ok
1785347694.417909000,90,ok
1785347694.427896000,93,ok
1785347694.468616000,79,ok
1785347694.501531000,106,ok
1785347694.502794000,107,ok
1785347694.501223000,101,ok
1785347694.503360000,83,ok
1785347694.499714000,105,ok
1785347694.498665000,99,ok
1785347694.501314000,101,ok
1785347694.523131000,91,ok
1785347694.523073000,85,ok
1785347694.520873000,88,ok
1785347694.562782000,96,ok
1785347694.563181000,92,ok
1785347694.564934000,98,ok
1785347694.561874000,99,ok
1785347694.565590000,94,ok
1785347694.619568000,87,ok
1785347694.633476000,91,ok
1785347694.635820000,83,ok
1785347694.635799000,81,ok
1785347694.636386000,83,ok
1785347694.643847000,80,ok
1785347694.648984000,89,ok
1785347694.651034000,88,ok
1785347694.670700000,80,ok
1785347694.671680000,79,ok
1785347694.670744000,84,ok
1785347694.693313000,90,ok
1785347694.687713000,84,ok
1785347694.690694000,82,ok
1785347694.693028000,85,ok
1785347694.693017000,84,ok
1785347694.725305000,77,ok
1785347694.745006000,77,ok
1785347694.749100000,80,ok
1785347694.748293000,81,ok
1785347694.750087000,79,ok
1785347694.761907000,86,ok
1785347694.769848000,78,ok
1785347694.769828000,81,ok
1785347694.787922000,80,ok
1785347694.792876000,84,ok
1785347694.815956000,92,ok
1785347694.809846000,87,ok
1785347694.811721000,83,ok
1785347694.816162000,90,ok
1785347694.820191000,89,ok
1785347694.819278000,100,ok
1785347694.830169000,81,ok
1785347694.866083000,88,ok
1785347694.879191000,100,ok
1785347694.884587000,98,ok
1785347694.886269000,100,ok
1785347694.912628000,87,ok
1785347694.912443000,87,ok
1785347694.915854000,83,ok
1785347694.943437000,95,ok
1785347694.942962000,82,ok
1785347694.948202000,84,ok
1785347694.952768000,86,ok
1785347694.948476000,83,ok
1785347694.951191000,83,ok
1785347694.953650000,85,ok
1785347694.954656000,86,ok
1785347694.975590000,83,ok
1785347694.994950000,82,ok
1785347695.007617000,90,ok
1785347694.997848000,86,ok
1785347695.012338000,94,ok
1785347695.030030000,81,ok
1785347695.030100000,82,ok
1785347695.042110000,84,ok
1785347695.082994000,90,ok
1785347695.082606000,92,ok
1785347695.082109000,89,ok
1785347695.081192000,93,ok
1785347695.095220000,83,ok
1785347695.099394000,92,ok
1785347695.097425000,91,ok
1785347695.100100000,82,ok
1785347695.105498000,82,ok
1785347695.145320000,93,ok
1785347695.144557000,95,ok
1785347695.155787000,96,ok
1785347695.152147000,98,ok
1785347695.162856000,88,ok
1785347695.169482000,97,ok
1785347695.180631000,84,ok
1785347695.212524000,87,ok
1785347695.215776000,91,ok
1785347695.217836000,88,ok
1785347695.221909000,89,ok
1785347695.232065000,92,ok
1785347695.245027000,96,ok
1785347695.248680000,105,ok
1785347695.252657000,101,ok
1785347695.252205000,100,ok
1785347695.276846000,77,ok
1785347695.288518000,86,ok
1785347695.290868000,85,ok
1785347695.291509000,87,ok
1785347695.293237000,85,ok
1785347695.308059000,89,ok
1785347695.309445000,90,ok
1785347695.335476000,84,ok
1785347695.340759000,85,ok
1785347695.342940000,86,ok
1785347695.345537000,83,ok
1785347695.358652000,82,ok
1785347695.366268000,81,ok
1785347695.369535000,85,ok
1785347695.367514000,78,ok
1785347695.370941000,76,ok
1785347695.402377000,86,ok
1785347695.402822000,81,ok
1785347695.402300000,82,ok
1785347695.408577000,81,ok
1785347695.406640000,83,ok
1785347695.420681000,78,ok
1785347695.424294000,80,ok
1785347695.451887000,82,ok
1785347695.458862000,90,ok
1785347695.461693000,87,ok
1785347695.461446000,86,ok
1785347695.472158000,79,ok
1785347695.481328000,81,ok
1785347695.484874000,80,ok
1785347695.485933000,79,ok
1785347695.485350000,85,ok
1785347695.521638000,87,ok
1785347695.522822000,88,ok
1785347695.525208000,93,ok
1785347695.526727000,92,ok
1785347695.525844000,87,ok
1785347695.545063000,88,ok
1785347695.543261000,92,ok
1785347695.588606000,92,ok
1785347695.589235000,97,ok
1785347695.588542000,90,ok
1785347695.612930000,89,ok
1785347695.591596000,91,ok
1785347695.610815000,85,ok
1785347695.620862000,93,ok
1785347695.620078000,95,ok
1785347695.628759000,91,ok
1785347695.657494000,96,ok
1785347695.673707000,105,ok
1785347695.678405000,99,ok
1785347695.678834000,102,ok
1785347695.682088000,107,ok
1785347695.697490000,105,ok
1785347695.702444000,91,ok
1785347695.736731000,92,ok
1785347695.742520000,87,ok
1785347695.741946000,92,ok
1785347695.756404000,91,ok
1785347695.756449000,93,ok
1785347695.758689000,89,ok
1785347695.762178000,84,ok
1785347695.771783000,90,ok
1785347695.775781000,84,ok
1785347695.798704000,87,ok
1785347695.813070000,88,ok
1785347695.801552000,84,ok
1785347695.812446000,83,ok
1785347695.808353000,88,ok
1785347695.811031000,90,ok
1785347695.820104000,80,ok
1785347695.856639000,90,ok
1785347695.864090000,88,ok
1785347695.864399000,90,ok
1785347695.884344000,91,ok
1785347695.889384000,83,ok
1785347695.888187000,91,ok
1785347695.893793000,88,ok
1785347695.909014000,84,ok
1785347695.909297000,83,ok
1785347695.937961000,88,ok
1785347695.942687000,85,ok
1785347695.940930000,85,ok
1785347695.945527000,87,ok
1785347695.945253000,86,ok
1785347695.956160000,89,ok
1785347695.961489000,84,ok
1785347695.986537000,79,ok
1785347695.997785000,94,ok
1785347696.001874000,84,ok
1785347696.002071000,94,ok
1785347696.006224000,83,ok
1785347696.008414000,90,ok
1785347696.009227000,88,ok
1785347696.018270000,80,ok
1785347696.021403000,83,ok
1785347696.068500000,92,ok
1785347696.060951000,90,ok
1785347696.074469000,95,ok
1785347696.076658000,100,ok
1785347696.074920000,99,ok
1785347696.083098000,81,ok
1785347696.090462000,81,ok
1785347696.119883000,85,ok
1785347696.129118000,87,ok
1785347696.139110000,99,ok
1785347696.141389000,94,ok
1785347696.141865000,94,ok
1785347696.145305000,90,ok
1785347696.142980000,90,ok
1785347696.148025000,87,ok
1785347696.150936000,79,ok
1785347696.192369000,87,ok
1785347696.193571000,85,ok
1785347696.193672000,91,ok
1785347696.193175000,87,ok
1785347696.192888000,90,ok
1785347696.204925000,85,ok
1785347696.204599000,89,ok
1785347696.235810000,81,ok
1785347696.250836000,82,ok
1785347696.250614000,83,ok
1785347696.253509000,83,ok
1785347696.258462000,87,ok
1785347696.257929000,86,ok
1785347696.257630000,82,ok
1785347696.256321000,83,ok
1785347696.268258000,82,ok
1785347696.298690000,82,ok
1785347696.293634000,75,ok
1785347696.300912000,80,ok
1785347696.303882000,82,ok
1785347696.299048000,79,ok
1785347696.304814000,78,ok
1785347696.304973000,77,ok
1785347696.339246000,77,ok
1785347696.356657000,79,ok
1785347696.357826000,81,ok
1785347696.362219000,79,ok
1785347696.363963000,79,ok
1785347696.364345000,82,ok
1785347696.366597000,81,ok
1785347696.368208000,83,ok
1785347696.386277000,86,ok
1785347696.416100000,84,ok
1785347696.415972000,83,ok
1785347696.417444000,88,ok
1785347696.417024000,85,ok
1785347696.420345000,86,ok
1785347696.421550000,89,ok
1785347696.422572000,92,ok
1785347696.441398000,80,ok
1785347696.468982000,84,ok
1785347696.471358000,81,ok
1785347696.473892000,80,ok
1785347696.478974000,84,ok
1785347696.479137000,84,ok
1785347696.478938000,83,ok
1785347696.482918000,83,ok
1785347696.494230000,78,ok
1785347696.525138000,81,ok
1785347696.526864000,82,ok
1785347696.528527000,83,ok
1785347696.532375000,86,ok
1785347696.537648000,92,ok
1785347696.538529000,88,ok
1785347696.538991000,90,ok
1785347696.553857000,80,ok
1785347696.579159000,81,ok
1785347696.582387000,81,ok
1785347696.593303000,85,ok
1785347696.594005000,88,ok
1785347696.596350000,80,ok
1785347696.594415000,84,ok
1785347696.593499000,86,ok
1785347696.603510000,81,ok
1785347696.638320000,76,ok
1785347696.632646000,77,ok
1785347696.636746000,76,ok
1785347696.650296000,86,ok
1785347696.649741000,87,ok
1785347696.654777000,89,ok
1785347696.654748000,91,ok
1785347696.659424000,80,ok
1785347696.688715000,80,ok
1785347696.689521000,77,ok
1785347696.698604000,76,ok
1785347696.710978000,86,ok
1785347696.709771000,84,ok
1785347696.710210000,84,ok
1785347696.716345000,86,ok
1785347696.715563000,89,ok
1785347696.756100000,78,ok
1785347696.755495000,77,ok
1785347696.758100000,76,ok
1785347696.765626000,79,ok
1785347696.768420000,80,ok
1785347696.765487000,79,ok
1785347696.770826000,82,ok
1785347696.771255000,79,ok
1785347696.801587000,79,ok
1785347696.806033000,75,ok
1785347696.805853000,79,ok
1785347696.816334000,77,ok
1785347696.814876000,75,ok
1785347696.817651000,75,ok
1785347696.824223000,78,ok
1785347696.822335000,76,ok
1785347696.858696000,80,ok
1785347696.858378000,80,ok
1785347696.860325000,75,ok
1785347696.873571000,79,ok
1785347696.877863000,83,ok
1785347696.877531000,82,ok
1785347696.880211000,79,ok
1785347696.878462000,82,ok
1785347696.905569000,76,ok
1785347696.907675000,79,ok
1785347696.908102000,80,ok
1785347696.920412000,76,ok
1785347696.920071000,78,ok
1785347696.921605000,77,ok
1785347696.926528000,76,ok
1785347696.927369000,76,ok
1785347696.958797000,77,ok
1785347696.962159000,78,ok
1785347696.960576000,77,ok
1785347696.978418000,77,ok
1785347696.986337000,77,ok
1785347696.984549000,78,ok
1785347696.988602000,83,ok
1785347696.987720000,81,ok
1785347697.015602000,76,ok
1785347697.016982000,79,ok
1785347697.019655000,78,ok
1785347697.037295000,77,ok
1785347697.031141000,79,ok
1785347697.034025000,84,ok
1785347697.031729000,82,ok
1785347697.040570000,80,ok
1785347697.070198000,84,ok
1785347697.073592000,87,ok
1785347697.064761000,85,ok
1785347697.101359000,85,ok
1785347697.101401000,82,ok
1785347697.104491000,78,ok
1785347697.103163000,81,ok
1785347697.102795000,80,ok
1785347697.132787000,81,ok
1785347697.136895000,79,ok
1785347697.153726000,85,ok
1785347697.155208000,83,ok
1785347697.157271000,79,ok
1785347697.156224000,81,ok
1785347697.162973000,81,ok
1785347697.166432000,81,ok
1785347697.190287000,82,ok
1785347697.192085000,83,ok
1785347697.193924000,79,ok
1785347697.210507000,79,ok
1785347697.216822000,82,ok
1785347697.216983000,79,ok
1785347697.219426000,86,ok
1785347697.219510000,84,ok
1785347697.244209000,82,ok
1785347697.243387000,82,ok
1785347697.274395000,86,ok
1785347697.275081000,87,ok
1785347697.279236000,86,ok
1785347697.279943000,88,ok
1785347697.280327000,85,ok
1785347697.282677000,88,ok
1785347697.304330000,79,ok
1785347697.307335000,78,ok
1785347697.310457000,79,ok
1785347697.328687000,84,ok
1785347697.337763000,86,ok
1785347697.336760000,86,ok
1785347697.337648000,86,ok
1785347697.337860000,86,ok
1785347697.355272000,80,ok
1785347697.356851000,82,ok
1785347697.378423000,77,ok
1785347697.382416000,79,ok
1785347697.390043000,84,ok
1785347697.389291000,81,ok
1785347697.392685000,85,ok
1785347697.392428000,87,ok
1785347697.412520000,79,ok
1785347697.415131000,81,ok
1785347697.415000000,74,ok
1785347697.438796000,79,ok
1785347697.449451000,83,ok
1785347697.444034000,79,ok
1785347697.453575000,87,ok
1785347697.454068000,87,ok
1785347697.461486000,79,ok
1785347697.469051000,84,ok
1785347697.496853000,78,ok
1785347697.500137000,79,ok
1785347697.499253000,82,ok
1785347697.499492000,90,ok
1785347697.506381000,84,ok
1785347697.506020000,82,ok
1785347697.524936000,82,ok
1785347697.531067000,85,ok
1785347697.530247000,84,ok
1785347697.553953000,76,ok
1785347697.560555000,78,ok
1785347697.559282000,78,ok
1785347697.561259000,75,ok
1785347697.561026000,75,ok
1785347697.572914000,82,ok
1785347697.581344000,81,ok
1785347697.602261000,79,ok
1785347697.609850000,78,ok
1785347697.608769000,77,ok
1785347697.610822000,79,ok
1785347697.614708000,81,ok
1785347697.615707000,76,ok
1785347697.626926000,73,ok
1785347697.631326000,73,ok
1785347697.632736000,73,ok
1785347697.664466000,79,ok
1785347697.666986000,75,ok
1785347697.668014000,81,ok
1785347697.667628000,80,ok
1785347697.670210000,78,ok
1785347697.674746000,71,ok
1785347697.680341000,73,ok
1785347697.702259000,77,ok
1785347697.708889000,76,ok
1785347697.711878000,79,ok
1785347697.714730000,76,ok
1785347697.714754000,80,ok
1785347697.716571000,76,ok
1785347697.773592000,118,ok
1785347697.775046000,83,ok
1785347697.774634000,82,ok
1785347697.774640000,123,ok
1785347697.776831000,83,ok
1785347697.775558000,121,ok
1785347697.773667000,83,ok
1785347697.775242000,76,ok
1785347697.837182000,129,ok
1785347697.833294000,131,ok
1785347697.868197000,82,ok
1785347697.943673000,104,ok
1785347697.940736000,136,ok
1785347697.944714000,137,ok
1785347697.947883000,115,ok
1785347697.942873000,132,ok
1785347697.943958000,114,ok
1785347697.947972000,147,ok
1785347697.947793000,126,ok
1785347697.943567000,125,ok
1785347697.944013000,114,ok
1785347697.943800000,114,ok
1785347697.944143000,114,ok
1785347697.950723000,142,ok
1785347698.025771000,147,ok
1785347698.026947000,148,ok
1785347698.054336000,81,ok
1785347698.078263000,90,ok
1785347698.078010000,87,ok
1785347698.085625000,89,ok
1785347698.087525000,87,ok
1785347698.102515000,98,ok
1785347698.107335000,96,ok
1785347698.107296000,102,ok
1785347698.112029000,103,ok
1785347698.112437000,95,ok
1785347698.112636000,104,ok
1785347698.109636000,101,ok
1785347698.109785000,103,ok
1785347698.117912000,88,ok
1785347698.138673000,80,ok
1785347698.143479000,82,ok
1785347698.165750000,87,ok
1785347698.202159000,81,ok
1785347698.201362000,82,ok
1785347698.227040000,89,ok
1785347698.226560000,92,ok
1785347698.246731000,93,ok
1785347698.259399000,98,ok
1785347698.254490000,95,ok
1785347698.258719000,97,ok
1785347698.255985000,91,ok
1785347698.256433000,103,ok
1785347698.259980000,101,ok
1785347698.268518000,100,ok
1785347698.272083000,93,ok
1785347698.286861000,85,ok
1785347698.292225000,93,ok
1785347698.306706000,90,ok
1785347698.334136000,88,ok
1785347698.339277000,93,ok
1785347698.355962000,86,ok
1785347698.368935000,93,ok
1785347698.388578000,80,ok
1785347698.388621000,81,ok
1785347698.401741000,87,ok
1785347698.405246000,92,ok
1785347698.405711000,90,ok
1785347698.405467000,94,ok
1785347698.408782000,93,ok
1785347698.408925000,88,ok
1785347698.418197000,88,ok
1785347698.425590000,84,ok
1785347698.438545000,84,ok
1785347698.435744000,87,ok
1785347698.458375000,85,ok
1785347698.458971000,83,ok
1785347698.481105000,92,ok
1785347698.484423000,87,ok
1785347698.518218000,86,ok
1785347698.520535000,84,ok
1785347698.542233000,91,ok
1785347698.543183000,88,ok
1785347698.545640000,86,ok
1785347698.543484000,85,ok
1785347698.545413000,85,ok
1785347698.545010000,86,ok
1785347698.566029000,89,ok
1785347698.565327000,84,ok
1785347698.572172000,83,ok
1785347698.578126000,77,ok
1785347698.586751000,78,ok
1785347698.597849000,84,ok
1785347698.596837000,79,ok
1785347698.594089000,85,ok
1785347698.628749000,83,ok
1785347698.628774000,87,ok
1785347698.673000000,96,ok
1785347698.673492000,99,ok
1785347698.674484000,96,ok
1785347698.674578000,98,ok
1785347698.672178000,97,ok
1785347698.675617000,94,ok
1785347698.694166000,96,ok
1785347698.692513000,86,ok
1785347698.701796000,87,ok
1785347698.711273000,83,ok
1785347698.728715000,93,ok
1785347698.736790000,97,ok
1785347698.735419000,94,ok
1785347698.738299000,96,ok
1785347698.776909000,98,ok
1785347698.775699000,92,ok
1785347698.822186000,95,ok
1785347698.817464000,93,ok
1785347698.834360000,101,ok
1785347698.833950000,108,ok
1785347698.835741000,106,ok
1785347698.851280000,97,ok
1785347698.848585000,113,ok
1785347698.851567000,114,ok
1785347698.859479000,86,ok
1785347698.873566000,89,ok
1785347698.890835000,91,ok
1785347698.908845000,106,ok
1785347698.910797000,106,ok
1785347698.912949000,104,ok
1785347698.920595000,91,ok
1785347698.928421000,85,ok
1785347698.962669000,89,ok
1785347698.966162000,82,ok
1785347698.965071000,89,ok
1785347698.970461000,81,ok
1785347698.979220000,91,ok
1785347698.986358000,81,ok
1785347698.988067000,84,ok
1785347698.984959000,81,ok
1785347699.008580000,87,ok
1785347699.020093000,81,ok
1785347699.027074000,75,ok
1785347699.020989000,90,ok
1785347699.024004000,82,ok
1785347699.028535000,81,ok
1785347699.026702000,85,ok
1785347699.039416000,83,ok
1785347699.069337000,81,ok
1785347699.076804000,85,ok
1785347699.078311000,84,ok
1785347699.091756000,90,ok
1785347699.113895000,88,ok
1785347699.124733000,87,ok
1785347699.126067000,89,ok
1785347699.125615000,85,ok
1785347699.154168000,85,ok
1785347699.159287000,81,ok
1785347699.161724000,86,ok
1785347699.170442000,93,ok
1785347699.174247000,92,ok
1785347699.177532000,93,ok
1785347699.178785000,101,ok
1785347699.178245000,87,ok
1785347699.198925000,80,ok
1785347699.203956000,81,ok
1785347699.221478000,92,ok
1785347699.221499000,93,ok
1785347699.234673000,91,ok
1785347699.242263000,88,ok
1785347699.242111000,88,ok
1785347699.245029000,90,ok
1785347699.283483000,91,ok
1785347699.288981000,89,ok
1785347699.299200000,94,ok
1785347699.298795000,90,ok
1785347699.301003000,95,ok
1785347699.315600000,93,ok
1785347699.316509000,92,ok
1785347699.317887000,94,ok
1785347699.343582000,88,ok
1785347699.344367000,87,ok
1785347699.346035000,86,ok
1785347699.354972000,87,ok
1785347699.375357000,93,ok
1785347699.376092000,99,ok
1785347699.375830000,91,ok
1785347699.376752000,88,ok
1785347699.406857000,79,ok
1785347699.411696000,78,ok
1785347699.412128000,81,ok
1785347699.417081000,82,ok
1785347699.423970000,86,ok
1785347699.424398000,81,ok
1785347699.437251000,85,ok
1785347699.439442000,85,ok
1785347699.457051000,79,ok
1785347699.459713000,77,ok
1785347699.461630000,77,ok
1785347699.467243000,78,ok
1785347699.481919000,79,ok
1785347699.488824000,80,ok
1785347699.484166000,83,ok
1785347699.489971000,83,ok
1785347699.519829000,83,ok
1785347699.523594000,81,ok
1785347699.524507000,83,ok
1785347699.535074000,83,ok
1785347699.540552000,79,ok
1785347699.544139000,85,ok
1785347699.549558000,77,ok
1785347699.558105000,83,ok
1785347699.578174000,80,ok
1785347699.580983000,89,ok
1785347699.580182000,90,ok
1785347699.599360000,89,ok
1785347699.591063000,86,ok
1785347699.601953000,83,ok
1785347699.600800000,82,ok
1785347699.608964000,85,ok
1785347699.645621000,92,ok
1785347699.644341000,95,ok
1785347699.645699000,89,ok
1785347699.648661000,84,ok
1785347699.663019000,86,ok
1785347699.663502000,86,ok
1785347699.677518000,88,ok
1785347699.679485000,88,ok
1785347699.714396000,93,ok
1785347699.716614000,92,ok
1785347699.714057000,90,ok
1785347699.730912000,87,ok
1785347699.741499000,85,ok
1785347699.741916000,96,ok
1785347699.744849000,84,ok
1785347699.743086000,84,ok
1785347699.773814000,83,ok
1785347699.779249000,83,ok
1785347699.793045000,88,ok
1785347699.791883000,91,ok
1785347699.792664000,85,ok
1785347699.791461000,83,ok
1785347699.802723000,84,ok
1785347699.804880000,83,ok
1785347699.830947000,88,ok
1785347699.843356000,91,ok
1785347699.841900000,91,ok
1785347699.847513000,86,ok
1785347699.858306000,85,ok
1785347699.869396000,90,ok
1785347699.871201000,93,ok
1785347699.867081000,88,ok
1785347699.903039000,89,ok
1785347699.904622000,85,ok
1785347699.918453000,84,ok
1785347699.921093000,89,ok
1785347699.920446000,92,ok
1785347699.921572000,86,ok
1785347699.927973000,80,ok
1785347699.936821000,86,ok
1785347699.956902000,80,ok
1785347699.959065000,74,ok
1785347699.966001000,77,ok
1785347699.968715000,80,ok
1785347699.970279000,79,ok
1785347699.985229000,78,ok
1785347699.982395000,80,ok
1785347699.984702000,82,ok
1785347700.010803000,74,ok
1785347700.011631000,76,ok
1785347700.025612000,80,ok
1785347700.024703000,81,ok
1785347700.022431000,79,ok
1785347700.024865000,74,ok
1785347700.026275000,82,ok
1785347700.035354000,75,ok
1785347700.059974000,77,ok
1785347700.059812000,75,ok
1785347700.071248000,75,ok
1785347700.070535000,78,ok
1785347700.074227000,80,ok
1785347700.082180000,77,ok
1785347700.084320000,77,ok
1785347700.084168000,76,ok
1785347700.114749000,81,ok
1785347700.115849000,82,ok
1785347700.122288000,74,ok
1785347700.133000000,78,ok
1785347700.135584000,80,ok
1785347700.137300000,79,ok
1785347700.138286000,77,ok
1785347700.137408000,82,ok
1785347700.167615000,77,ok
1785347700.171618000,77,ok
1785347700.176652000,77,ok
1785347700.170322000,81,ok
1785347700.178071000,74,ok
1785347700.180193000,77,ok
1785347700.185546000,77,ok
1785347700.189174000,81,ok
1785347700.213912000,79,ok
1785347700.214575000,79,ok
1785347700.216963000,76,ok
1785347700.233962000,75,ok
1785347700.236856000,77,ok
1785347700.236403000,79,ok
1785347700.237453000,79,ok
1785347700.243596000,83,ok
1785347700.272036000,73,ok
1785347700.279443000,77,ok
1785347700.282440000,75,ok
1785347700.284452000,76,ok
1785347700.283520000,82,ok
1785347700.282036000,81,ok
1785347700.293154000,78,ok
1785347700.293080000,80,ok
1785347700.320584000,83,ok
1785347700.320275000,81,ok
1785347700.319979000,78,ok
1785347700.332721000,75,ok
1785347700.333172000,73,ok
1785347700.336400000,75,ok
1785347700.338654000,79,ok
1785347700.342864000,76,ok
1785347700.371828000,79,ok
1785347700.381998000,75,ok
1785347700.384860000,80,ok
1785347700.386905000,78,ok
1785347700.389162000,80,ok
1785347700.388464000,78,ok
1785347700.406167000,80,ok
1785347700.406326000,78,ok
1785347700.426169000,77,ok
1785347700.426216000,80,ok
1785347700.425727000,76,ok
1785347700.442826000,76,ok
1785347700.443834000,81,ok
1785347700.443869000,78,ok
1785347700.446016000,80,ok
1785347700.445530000,77,ok
1785347700.468604000,78,ok
1785347700.483785000,78,ok
1785347700.482581000,77,ok
1785347700.488838000,78,ok
1785347700.484510000,79,ok
1785347700.490392000,80,ok
1785347700.510237000,82,ok
1785347700.509655000,81,ok
1785347700.531367000,79,ok
1785347700.531840000,79,ok
1785347700.530768000,81,ok
1785347700.552379000,80,ok
1785347700.552319000,81,ok
1785347700.551295000,79,ok
1785347700.553328000,81,ok
1785347700.552922000,79,ok
1785347700.571989000,78,ok
1785347700.585194000,75,ok
1785347700.593770000,79,ok
1785347700.595690000,76,ok
1785347700.589620000,78,ok
1785347700.596078000,81,ok
1785347700.615471000,77,ok
1785347700.615455000,78,ok
1785347700.626793000,75,ok
1785347700.632417000,75,ok
1785347700.630310000,77,ok
1785347700.659461000,81,ok
1785347700.659483000,81,ok
1785347700.660289000,83,ok
1785347700.659828000,77,ok
1785347700.660436000,82,ok
1785347700.671971000,77,ok
1785347700.681504000,74,ok
1785347700.701588000,83,ok
1785347700.704223000,86,ok
1785347700.704782000,86,ok
1785347700.704275000,84,ok
1785347700.716079000,75,ok
1785347700.719531000,78,ok
1785347700.728644000,76,ok
1785347700.728788000,79,ok
1785347700.728331000,76,ok
1785347700.759980000,77,ok
1785347700.763132000,79,ok
1785347700.764103000,80,ok
1785347700.766411000,81,ok
1785347700.766759000,80,ok
1785347700.779610000,84,ok
1785347700.787103000,77,ok
1785347700.809577000,75,ok
1785347700.810118000,76,ok
1785347700.811188000,75,ok
1785347700.814867000,75,ok
1785347700.816459000,73,ok
1785347700.834026000,80,ok
1785347700.834930000,79,ok
1785347700.836107000,81,ok
1785347700.836330000,82,ok
1785347700.860873000,77,ok
1785347700.859401000,72,ok
1785347700.858503000,72,ok
1785347700.863007000,79,ok
1785347700.859994000,74,ok
1785347700.873580000,72,ok
1785347700.876213000,72,ok
1785347700.905422000,74,ok
1785347700.908208000,79,ok
1785347700.909120000,74,ok
1785347700.913313000,73,ok
1785347700.910856000,77,ok
1785347700.936577000,77,ok
1785347700.938789000,76,ok
1785347700.937427000,77,ok
1785347700.941863000,79,ok
1785347700.961714000,78,ok
1785347700.965698000,80,ok
1785347700.966933000,81,ok
1785347700.965707000,81,ok
1785347700.974844000,73,ok
1785347700.975679000,91,ok
1785347700.977330000,84,ok
1785347701.006650000,76,ok
1785347701.003997000,73,ok
1785347701.001702000,77,ok
1785347701.004124000,76,ok
1785347701.004700000,77,ok
1785347701.034624000,77,ok
1785347701.037468000,78,ok
1785347701.039054000,81,ok
1785347701.045601000,84,ok
1785347701.070657000,72,ok
1785347701.072230000,73,ok
1785347701.074672000,73,ok
1785347701.076130000,73,ok
1785347701.087509000,79,ok
1785347701.091100000,78,ok
1785347701.091050000,79,ok
1785347701.109976000,80,ok
1785347701.109047000,77,ok
1785347701.111877000,77,ok
1785347701.115869000,83,ok
1785347701.117655000,85,ok
1785347701.128767000,71,ok
1785347701.131773000,75,ok
1785347701.132184000,70,ok
1785347701.133456000,69,ok
1785347701.161579000,70,ok
1785347701.168809000,76,ok
1785347701.169691000,77,ok
1785347701.173200000,78,ok
1785347701.185179000,75,ok
1785347701.185755000,71,ok
1785347701.189615000,73,ok
1785347701.206851000,72,ok
1785347701.209138000,71,ok
1785347701.213759000,71,ok
1785347701.212357000,72,ok
1785347701.219409000,72,ok
1785347701.225135000,72,ok
1785347701.231620000,76,ok
1785347701.235856000,81,ok
1785347701.235264000,79,ok
1785347701.260408000,79,ok
1785347701.260613000,69,ok
1785347701.260110000,73,ok
1785347701.260444000,71,ok
1785347701.280131000,76,ok
1785347701.281941000,75,ok
1785347701.283361000,79,ok
1785347701.307797000,80,ok
1785347701.312034000,76,ok
1785347701.314662000,75,ok
1785347701.311516000,80,ok
1785347701.318167000,77,ok
1785347701.333382000,73,ok
1785347701.336354000,76,ok
1785347701.339487000,75,ok
1785347701.340718000,73,ok
1785347701.356250000,73,ok
1785347701.362589000,76,ok
1785347701.367161000,80,ok
1785347701.367142000,76,ok
1785347701.376211000,72,ok
1785347701.378124000,73,ok
1785347701.377970000,72,ok
1785347701.397720000,70,ok
1785347701.401056000,70,ok
1785347701.403072000,70,ok
1785347701.404883000,73,ok
1785347701.407530000,70,ok
1785347701.424855000,71,ok
1785347701.425561000,70,ok
1785347701.430854000,74,ok
1785347701.432607000,73,ok
1785347701.447224000,72,ok
1785347701.456214000,70,ok
1785347701.459638000,72,ok
1785347701.458250000,73,ok
1785347701.471196000,72,ok
1785347701.472347000,75,ok
1785347701.470449000,73,ok
1785347701.497594000,77,ok
1785347701.495497000,79,ok
1785347701.501711000,80,ok
1785347701.502017000,76,ok
1785347701.504092000,80,ok
1785347701.525413000,80,ok
1785347701.524824000,79,ok
1785347701.526118000,75,ok
1785347701.526765000,78,ok
1785347701.545566000,79,ok
1785347701.555388000,73,ok
1785347701.555896000,78,ok
1785347701.561337000,80,ok
1785347701.577847000,75,ok
1785347701.581099000,75,ok
1785347701.580197000,73,ok
1785347701.597075000,71,ok
1785347701.604308000,74,ok
1785347701.604417000,74,ok
1785347701.607142000,72,ok
1785347701.609019000,79,ok
1785347701.625350000,75,ok
1785347701.626774000,76,ok
1785347701.626155000,72,ok
1785347701.627406000,77,ok
1785347701.642430000,75,ok
1785347701.647272000,72,ok
1785347701.649737000,73,ok
1785347701.653921000,70,ok
1785347701.671551000,74,ok
1785347701.672875000,74,ok
1785347701.674310000,76,ok
1785347701.687545000,71,ok
1785347701.694174000,70,ok
1785347701.695825000,70,ok
1785347701.704408000,74,ok
1785347701.704615000,73,ok
1785347701.720839000,72,ok
1785347701.723791000,75,ok
1785347701.726329000,74,ok
1785347701.727358000,76,ok
1785347701.738784000,72,ok
1785347701.738721000,73,ok
1785347701.742063000,70,ok
1785347701.739821000,70,ok
1785347701.764820000,76,ok
1785347701.768572000,79,ok
1785347701.768819000,79,ok
1785347701.787836000,79,ok
1785347701.790930000,75,ok
1785347701.791306000,73,ok
1785347701.794823000,71,ok
1785347701.797337000,71,ok
1785347701.820561000,73,ok
1785347701.824741000,74,ok
1785347701.827527000,74,ok
1785347701.827043000,75,ok
1785347701.833714000,73,ok
1785347701.842130000,77,ok
1785347701.842369000,76,ok
1785347701.848113000,78,ok
1785347701.863264000,74,ok
1785347701.863906000,72,ok
1785347701.865294000,71,ok
1785347701.880085000,71,ok
1785347701.884154000,73,ok
1785347701.885840000,70,ok
1785347701.884410000,73,ok
1785347701.889352000,74,ok
1785347701.915334000,74,ok
1785347701.919611000,73,ok
1785347701.921398000,74,ok
1785347701.922936000,76,ok
1785347701.924509000,69,ok
1785347701.935778000,72,ok
1785347701.937080000,73,ok
1785347701.941034000,72,ok
1785347701.957601000,73,ok
1785347701.957880000,75,ok
1785347701.957738000,75,ok
1785347701.969191000,68,ok
1785347701.975951000,71,ok
1785347701.977670000,72,ok
1785347701.979924000,74,ok
1785347701.981017000,72,ok
1785347702.002940000,70,ok
1785347702.010108000,71,ok
1785347702.013031000,72,ok
1785347702.015491000,72,ok
1785347702.017299000,76,ok
1785347702.034808000,77,ok
1785347702.034818000,77,ok
1785347702.034755000,74,ok
1785347702.056465000,75,ok
1785347702.057335000,76,ok
1785347702.067969000,75,ok
1785347702.065851000,86,ok
1785347702.072391000,72,ok
1785347702.073013000,74,ok
1785347702.077319000,77,ok
1785347702.078894000,78,ok
1785347702.105346000,76,ok
1785347702.100669000,76,ok
1785347702.109914000,75,ok
1785347702.115505000,78,ok
1785347702.120745000,81,ok
1785347702.138873000,75,ok
1785347702.140345000,74,ok
1785347702.140619000,75,ok
1785347702.161014000,72,ok
1785347702.164079000,74,ok
1785347702.164652000,72,ok
1785347702.168444000,75,ok
1785347702.179324000,79,ok
1785347702.182089000,81,ok
1785347702.183172000,83,ok
1785347702.182140000,74,ok
1785347702.202415000,74,ok
1785347702.204005000,70,ok
1785347702.203928000,76,ok
1785347702.204973000,73,ok
1785347702.208808000,70,ok
1785347702.225679000,70,ok
1785347702.227807000,70,ok
1785347702.228505000,71,ok
1785347702.251245000,71,ok
1785347702.253410000,70,ok
1785347702.257839000,71,ok
1785347702.263024000,72,ok
1785347702.273992000,74,ok
1785347702.276950000,73,ok
1785347702.278011000,73,ok
1785347702.277620000,74,ok
1785347702.297182000,73,ok
1785347702.303135000,75,ok
1785347702.302518000,78,ok
1785347702.302530000,76,ok
1785347702.304438000,75,ok
1785347702.317717000,72,ok
1785347702.322305000,73,ok
1785347702.324584000,73,ok
1785347702.341110000,72,ok
1785347702.343150000,72,ok
1785347702.349307000,73,ok
1785347702.350636000,69,ok
1785347702.368974000,74,ok
1785347702.374138000,78,ok
1785347702.376805000,80,ok
1785347702.377367000,78,ok
1785347702.402080000,75,ok
1785347702.404811000,74,ok
1785347702.405434000,77,ok
1785347702.405304000,74,ok
1785347702.408480000,70,ok
1785347702.407406000,77,ok
1785347702.417348000,71,ok
1785347702.420995000,72,ok
1785347702.435865000,73,ok
1785347702.435771000,75,ok
1785347702.439306000,72,ok
1785347702.440050000,73,ok
1785347702.456008000,69,ok
1785347702.460816000,69,ok
1785347702.462247000,70,ok
1785347702.462892000,69,ok
1785347702.494762000,72,ok
1785347702.501954000,74,ok
1785347702.501965000,76,ok
1785347702.501638000,75,ok
1785347702.503889000,77,ok
1785347702.504841000,76,ok
1785347702.519662000,76,ok
1785347702.521706000,72,ok
1785347702.538324000,76,ok
1785347702.539016000,79,ok
1785347702.539423000,79,ok
1785347702.539202000,79,ok
1785347702.550823000,73,ok
1785347702.555674000,74,ok
1785347702.554582000,76,ok
1785347702.555793000,75,ok
1785347702.590582000,75,ok
1785347702.593639000,72,ok
1785347702.595412000,73,ok
1785347702.596333000,74,ok
1785347702.596121000,73,ok
1785347702.596720000,69,ok
1785347702.613598000,72,ok
1785347702.615071000,71,ok
1785347702.638602000,77,ok
1785347702.636145000,75,ok
1785347702.637631000,76,ok
1785347702.637736000,76,ok
1785347702.648449000,73,ok
1785347702.652196000,76,ok
1785347702.652191000,73,ok
1785347702.651298000,75,ok
1785347702.680210000,71,ok
1785347702.680790000,69,ok
1785347702.683804000,70,ok
1785347702.688243000,73,ok
1785347702.690630000,75,ok
1785347702.690466000,75,ok
1785347702.706462000,71,ok
1785347702.707226000,74,ok
1785347702.728652000,70,ok
1785347702.730306000,71,ok
1785347702.730823000,71,ok
1785347702.732560000,70,ok
1785347702.740365000,70,ok
1785347702.747184000,75,ok
1785347702.746977000,74,ok
1785347702.749234000,77,ok
1785347702.773258000,73,ok
1785347702.772926000,73,ok
1785347702.774584000,72,ok
1785347702.781975000,73,ok
1785347702.783339000,74,ok
1785347702.784688000,76,ok
1785347702.799268000,74,ok
1785347702.799088000,73,ok
1785347702.821943000,72,ok
1785347702.822420000,74,ok
1785347702.823587000,73,ok
1785347702.824124000,69,ok
1785347702.832648000,72,ok
1785347702.838216000,71,ok
1785347702.840415000,71,ok
1785347702.841771000,72,ok
1785347702.864081000,72,ok
1785347702.864900000,69,ok
1785347702.865060000,71,ok
1785347702.869010000,69,ok
1785347702.872479000,69,ok
1785347702.874303000,72,ok
1785347702.889326000,72,ok
1785347702.888815000,71,ok
1785347702.911523000,68,ok
1785347702.915559000,71,ok
1785347702.917998000,76,ok
1785347702.919340000,74,ok
1785347702.927146000,70,ok
1785347702.932488000,72,ok
1785347702.934061000,72,ok
1785347702.935674000,71,ok
1785347702.958196000,71,ok
1785347702.962130000,73,ok
1785347702.964660000,79,ok
1785347702.961703000,77,ok
1785347702.966161000,76,ok
1785347702.967083000,72,ok
1785347702.981386000,73,ok
1785347702.983256000,75,ok
1785347703.003752000,73,ok
1785347703.005438000,72,ok
1785347703.006522000,71,ok
1785347703.008684000,69,ok
1785347703.017702000,70,ok
1785347703.024452000,72,ok
1785347703.028970000,74,ok
1785347703.029214000,74,ok
1785347703.051837000,74,ok
1785347703.054257000,69,ok
1785347703.062019000,73,ok
1785347703.062303000,74,ok
1785347703.062369000,74,ok
1785347703.062030000,72,ok
1785347703.069754000,70,ok
1785347703.073798000,69,ok
1785347703.092979000,71,ok
1785347703.099950000,72,ok
1785347703.095958000,73,ok
1785347703.101986000,77,ok
1785347703.111458000,71,ok
1785347703.116871000,72,ok
1785347703.123870000,74,ok
1785347703.123960000,76,ok
1785347703.143530000,73,ok
1785347703.144305000,72,ok
1785347703.160386000,76,ok
1785347703.165183000,80,ok
1785347703.165905000,82,ok
1785347703.165222000,82,ok
1785347703.166837000,76,ok
1785347703.181474000,82,ok
1785347703.196204000,72,ok
1785347703.201679000,73,ok
1785347703.204652000,74,ok
1785347703.204336000,74,ok
1785347703.214102000,70,ok
1785347703.220897000,72,ok
1785347703.223434000,76,ok
1785347703.223924000,77,ok
1785347703.241047000,76,ok
1785347703.242057000,77,ok
1785347703.253615000,69,ok
1785347703.259931000,71,ok
1785347703.262490000,73,ok
1785347703.262056000,74,ok
1785347703.262886000,73,ok
1785347703.268699000,70,ok
1785347703.290279000,75,ok
1785347703.290893000,71,ok
1785347703.297879000,74,ok
1785347703.300161000,76,ok
1785347703.303559000,71,ok
1785347703.311019000,70,ok
1785347703.314722000,71,ok
1785347703.315536000,71,ok
1785347703.334202000,73,ok
1785347703.334717000,74,ok
1785347703.343127000,69,ok
1785347703.350471000,70,ok
1785347703.354611000,72,ok
1785347703.355990000,74,ok
1785347703.358337000,70,ok
1785347703.356861000,73,ok
1785347703.386973000,75,ok
1785347703.387943000,77,ok
1785347703.387870000,71,ok
1785347703.391526000,72,ok
1785347703.392835000,70,ok
1785347703.403993000,70,ok
1785347703.404623000,72,ok
1785347703.404965000,70,ok
1785347703.426409000,74,ok
1785347703.427479000,75,ok
1785347703.434314000,70,ok
1785347703.441433000,70,ok
1785347703.447358000,72,ok
1785347703.450939000,74,ok
1785347703.450554000,74,ok
1785347703.449898000,72,ok
1785347703.480902000,75,ok
1785347703.480680000,72,ok
1785347703.483447000,70,ok
1785347703.484858000,73,ok
1785347703.482746000,75,ok
1785347703.493337000,70,ok
1785347703.495964000,72,ok
1785347703.497097000,73,ok
1785347703.518977000,74,ok
1785347703.520305000,75,ok
1785347703.522389000,70,ok
1785347703.529480000,68,ok
1785347703.533760000,67,ok
1785347703.538918000,70,ok
1785347703.542208000,74,ok
1785347703.542806000,74,ok
1785347703.574731000,72,ok
1785347703.575557000,72,ok
1785347703.578912000,74,ok
1785347703.581459000,75,ok
1785347703.582273000,76,ok
1785347703.584011000,69,ok
1785347703.595378000,73,ok
1785347703.598776000,75,ok
1785347703.611698000,73,ok
1785347703.615495000,73,ok
1785347703.616164000,75,ok
1785347703.619749000,70,ok
1785347703.623368000,67,ok
1785347703.625306000,66,ok
1785347703.634083000,73,ok
1785347703.635526000,74,ok
1785347703.669562000,75,ok
1785347703.669259000,74,ok
1785347703.674844000,74,ok
1785347703.674663000,75,ok
1785347703.675386000,71,ok
1785347703.676703000,75,ok
1785347703.695939000,77,ok
1785347703.695915000,75,ok
1785347703.712702000,75,ok
1785347703.713430000,74,ok
1785347703.713082000,73,ok
1785347703.714904000,71,ok
1785347703.720184000,69,ok
1785347703.721990000,69,ok
1785347703.726416000,70,ok
1785347703.727180000,70,ok
1785347703.763935000,76,ok
1785347703.763846000,76,ok
1785347703.765434000,71,ok
1785347703.766771000,74,ok
1785347703.766129000,73,ok
1785347703.768716000,73,ok
1785347703.792686000,76,ok
1785347703.793018000,75,ok
1785347703.810362000,73,ok
1785347703.810893000,74,ok
1785347703.812834000,75,ok
1785347703.817592000,73,ok
1785347703.819207000,69,ok
1785347703.815924000,73,ok
1785347703.817997000,73,ok
1785347703.822540000,71,ok
1785347703.858460000,76,ok
1785347703.861375000,77,ok
1785347703.865059000,80,ok
1785347703.861058000,77,ok
1785347703.861925000,75,ok
1785347703.863063000,80,ok
1785347703.886437000,76,ok
1785347703.885339000,75,ok
1785347703.915428000,79,ok
1785347703.920218000,81,ok
1785347703.916434000,81,ok
1785347703.920694000,82,ok
1785347703.925364000,84,ok
1785347703.927780000,84,ok
1785347703.929303000,88,ok
1785347703.925036000,79,ok
1785347703.956938000,74,ok
1785347703.961371000,74,ok
1785347703.965485000,78,ok
1785347703.965458000,78,ok
1785347703.968028000,78,ok
1785347703.970527000,83,ok
1785347703.983920000,77,ok
1785347703.983769000,75,ok
1785347704.012140000,73,ok
1785347704.012538000,69,ok
1785347704.020135000,74,ok
1785347704.021732000,74,ok
1785347704.020761000,72,ok
1785347704.027281000,76,ok
1785347704.026862000,75,ok
1785347704.027006000,76,ok
1785347704.063934000,76,ok
1785347704.063147000,79,ok
1785347704.065624000,73,ok
1785347704.061541000,77,ok
1785347704.062615000,75,ok
1785347704.066486000,74,ok
1785347704.078177000,73,ok
1785347704.078285000,73,ok
1785347704.105162000,74,ok
1785347704.105301000,74,ok
1785347704.113547000,72,ok
1785347704.116390000,72,ok
1785347704.114710000,71,ok
1785347704.121579000,72,ok
1785347704.123822000,74,ok
1785347704.123531000,73,ok
1785347704.158810000,75,ok
1785347704.158951000,75,ok
1785347704.159466000,76,ok
1785347704.162417000,78,ok
1785347704.162054000,78,ok
1785347704.163827000,77,ok
1785347704.179568000,76,ok
1785347704.178534000,75,ok
1785347704.258419000,117,ok
1785347704.252604000,110,ok
1785347704.253499000,109,ok
1785347704.251152000,122,ok
1785347704.258279000,131,ok
1785347704.252034000,112,ok
1785347704.253246000,108,ok
1785347704.271814000,134,ok
1785347704.344340000,163,ok
1785347704.333386000,148,ok
1785347704.336062000,154,ok
1785347704.344012000,159,ok
1785347704.333978000,149,ok
1785347704.333679000,148,ok
1785347704.404782000,123,ok
1785347704.424133000,90,ok
1785347704.439698000,75,ok
1785347704.448625000,80,ok
1785347704.453678000,89,ok
1785347704.450320000,85,ok
1785347704.457588000,92,ok
1785347704.457675000,85,ok
1785347704.473561000,85,ok
1785347704.479637000,81,ok
1785347704.481757000,81,ok
1785347704.491430000,86,ok
1785347704.476553000,83,ok
1785347704.493621000,90,ok
1785347704.492638000,90,ok
1785347704.492018000,80,ok
1785347704.512147000,78,ok
1785347704.518121000,77,ok
1785347704.544669000,83,ok
1785347704.562854000,86,ok
1785347704.563274000,78,ok
1785347704.570935000,81,ok
1785347704.570926000,79,ok
1785347704.589921000,79,ok
1785347704.595670000,76,ok
1785347704.609986000,77,ok
1785347704.615494000,82,ok
1785347704.616771000,79,ok
1785347704.620909000,87,ok
1785347704.620994000,80,ok
1785347704.621729000,83,ok
1785347704.628343000,84,ok
1785347704.630700000,77,ok
1785347704.635171000,82,ok
1785347704.650574000,77,ok
1785347704.660594000,76,ok
1785347704.665687000,82,ok
1785347704.666632000,75,ok
1785347704.670246000,78,ok
1785347704.682607000,75,ok
1785347704.690465000,76,ok
1785347704.717873000,82,ok
1785347704.729596000,80,ok
1785347704.731750000,80,ok
1785347704.735239000,81,ok
1785347704.736137000,81,ok
1785347704.746475000,80,ok
1785347704.745278000,83,ok
1785347704.751412000,79,ok
1785347704.754185000,77,ok
1785347704.764334000,75,ok
1785347704.778262000,79,ok
1785347704.778278000,79,ok
1785347704.784506000,75,ok
1785347704.779939000,80,ok
1785347704.780367000,77,ok
1785347704.784366000,72,ok
1785347704.811175000,76,ok
1785347704.835328000,83,ok
1785347704.836542000,77,ok
1785347704.837157000,80,ok
1785347704.841683000,79,ok
1785347704.860978000,82,ok
1785347704.863698000,87,ok
1785347704.864119000,84,ok
1785347704.865470000,77,ok
1785347704.884196000,78,ok
1785347704.884667000,74,ok
1785347704.892703000,77,ok
1785347704.900036000,83,ok
1785347704.903224000,86,ok
1785347704.899092000,82,ok
1785347704.900787000,83,ok
1785347704.921328000,78,ok
1785347704.938169000,73,ok
1785347704.943865000,77,ok
1785347704.946400000,76,ok
1785347704.945472000,74,ok
1785347704.965204000,77,ok
1785347704.965781000,77,ok
1785347704.977617000,77,ok
1785347704.977287000,83,ok
1785347704.989930000,74,ok
1785347704.988933000,76,ok
1785347704.994510000,72,ok
1785347705.004548000,77,ok
1785347705.001906000,74,ok
1785347705.008025000,77,ok
1785347705.012465000,81,ok
1785347705.017294000,72,ok
1785347705.035301000,76,ok
1785347705.039306000,73,ok
1785347705.040948000,75,ok
1785347705.043634000,75,ok
1785347705.064045000,73,ok
1785347705.065179000,70,ok
1785347705.083046000,78,ok
1785347705.083630000,80,ok
