ts,ms,status
1785347546.137319000,68,ok
1785347546.137564000,83,ok
1785347546.137952000,58,ok
1785347546.138318000,80,ok
1785347546.141094000,94,ok
1785347546.137622000,83,ok
1785347546.136937000,84,ok
1785347546.138653000,83,ok
1785347546.140027000,89,ok
1785347546.136199000,88,ok
1785347546.137616000,88,ok
1785347546.157703000,110,ok
1785347546.155547000,102,ok
1785347546.158030000,107,ok
1785347546.157861000,104,ok
1785347546.162711000,107,ok
1785347546.222902000,44,ok
1785347546.223805000,39,ok
1785347546.229080000,44,ok
1785347546.233078000,40,ok
1785347546.236952000,44,ok
1785347546.236987000,51,ok
1785347546.229758000,43,ok
1785347546.233028000,43,ok
1785347546.233597000,43,ok
1785347546.233763000,36,ok
1785347546.233042000,45,ok
1785347546.235637000,48,ok
1785347546.263058000,33,ok
1785347546.252848000,34,ok
1785347546.259794000,47,ok
1785347546.272622000,43,ok
1785347546.312141000,40,ok
1785347546.323234000,42,ok
1785347546.309883000,37,ok
1785347546.322421000,36,ok
1785347546.314675000,36,ok
1785347546.321992000,45,ok
1785347546.319463000,40,ok
1785347546.323755000,42,ok
1785347546.321038000,37,ok
1785347546.321169000,37,ok
1785347546.334950000,47,ok
1785347546.336883000,43,ok
1785347546.344124000,31,ok
1785347546.344497000,37,ok
1785347546.344691000,35,ok
1785347546.334675000,40,ok
1785347546.403846000,49,ok
1785347546.389992000,32,ok
1785347546.411574000,50,ok
1785347546.413171000,39,ok
1785347546.414249000,33,ok
1785347546.410870000,56,ok
1785347546.416784000,57,ok
1785347546.414840000,34,ok
1785347546.414598000,46,ok
1785347546.408366000,35,ok
1785347546.418773000,32,ok
1785347546.413690000,51,ok
1785347546.408631000,47,ok
1785347546.417451000,41,ok
1785347546.420471000,32,ok
1785347546.430550000,39,ok
1785347546.481394000,39,ok
1785347546.497778000,43,ok
1785347546.493759000,41,ok
1785347546.492758000,43,ok
1785347546.483326000,40,ok
1785347546.488750000,39,ok
1785347546.510691000,45,ok
1785347546.499549000,43,ok
1785347546.493618000,39,ok
1785347546.505829000,44,ok
1785347546.505585000,41,ok
1785347546.506318000,42,ok
1785347546.509801000,42,ok
1785347546.505704000,38,ok
1785347546.512932000,52,ok
1785347546.542014000,41,ok
1785347546.580609000,40,ok
1785347546.583201000,40,ok
1785347546.576695000,39,ok
1785347546.582328000,41,ok
1785347546.568325000,44,ok
1785347546.586756000,41,ok
1785347546.591576000,34,ok
1785347546.577848000,37,ok
1785347546.594127000,39,ok
1785347546.584962000,39,ok
1785347546.588202000,41,ok
1785347546.592885000,41,ok
1785347546.601162000,43,ok
1785347546.597885000,40,ok
1785347546.617062000,30,ok
1785347546.608897000,32,ok
1785347546.667044000,40,ok
1785347546.667954000,41,ok
1785347546.662025000,33,ok
1785347546.667593000,35,ok
1785347546.668017000,39,ok
1785347546.679514000,40,ok
1785347546.673311000,40,ok
1785347546.679591000,37,ok
1785347546.680846000,45,ok
1785347546.680460000,40,ok
1785347546.662425000,39,ok
1785347546.691289000,38,ok
1785347546.694148000,29,ok
1785347546.682149000,38,ok
1785347546.695963000,32,ok
1785347546.719678000,37,ok
1785347546.751208000,42,ok
1785347546.770312000,48,ok
1785347546.760982000,47,ok
1785347546.768741000,46,ok
1785347546.778033000,39,ok
1785347546.775031000,53,ok
1785347546.768725000,39,ok
1785347546.776651000,58,ok
1785347546.772844000,44,ok
1785347546.773756000,39,ok
1785347546.772235000,54,ok
1785347546.772352000,51,ok
1785347546.770740000,42,ok
1785347546.778925000,28,ok
1785347546.789728000,36,ok
1785347546.860170000,44,ok
1785347546.856884000,45,ok
1785347546.829662000,37,ok
1785347546.852201000,37,ok
1785347546.842218000,39,ok
1785347546.861819000,49,ok
1785347546.859804000,40,ok
1785347546.856268000,46,ok
1785347546.860993000,48,ok
1785347546.866304000,54,ok
1785347546.856917000,40,ok
1785347546.862108000,47,ok
1785347546.875745000,58,ok
1785347546.877967000,57,ok
1785347546.891868000,50,ok
1785347546.884334000,58,ok
1785347546.941355000,39,ok
1785347546.946169000,34,ok
1785347546.946052000,44,ok
1785347546.945511000,41,ok
1785347546.946914000,44,ok
1785347546.938572000,37,ok
1785347546.946017000,41,ok
1785347546.962799000,44,ok
1785347546.964735000,45,ok
1785347546.970190000,48,ok
1785347546.978276000,43,ok
1785347546.970214000,56,ok
1785347546.986547000,38,ok
1785347546.972366000,35,ok
1785347546.991645000,31,ok
1785347546.981267000,54,ok
1785347547.037278000,41,ok
1785347547.039727000,42,ok
1785347547.049732000,35,ok
1785347547.046065000,36,ok
1785347547.041617000,33,ok
1785347547.051308000,43,ok
1785347547.055805000,39,ok
1785347547.046993000,40,ok
1785347547.052064000,38,ok
1785347547.054618000,31,ok
1785347547.056253000,47,ok
1785347547.049121000,32,ok
1785347547.060598000,37,ok
1785347547.063166000,38,ok
1785347547.084863000,44,ok
1785347547.086738000,32,ok
1785347547.118645000,44,ok
1785347547.123625000,30,ok
1785347547.129535000,42,ok
1785347547.132240000,37,ok
1785347547.136518000,38,ok
1785347547.129519000,41,ok
1785347547.132109000,37,ok
1785347547.133303000,37,ok
1785347547.146278000,43,ok
1785347547.147883000,29,ok
1785347547.144904000,40,ok
1785347547.147183000,42,ok
1785347547.136854000,38,ok
1785347547.149059000,41,ok
1785347547.187269000,39,ok
1785347547.183140000,37,ok
1785347547.213571000,45,ok
1785347547.226465000,43,ok
1785347547.230644000,42,ok
1785347547.219782000,49,ok
1785347547.229253000,45,ok
1785347547.228623000,36,ok
1785347547.237219000,40,ok
1785347547.225359000,41,ok
1785347547.236468000,40,ok
1785347547.233922000,38,ok
1785347547.226480000,41,ok
1785347547.231138000,47,ok
1785347547.236332000,36,ok
1785347547.264751000,44,ok
1785347547.277646000,38,ok
1785347547.309573000,39,ok
1785347547.306314000,37,ok
1785347547.308557000,36,ok
1785347547.298404000,40,ok
1785347547.320595000,42,ok
1785347547.326885000,46,ok
1785347547.331290000,44,ok
1785347547.320266000,56,ok
1785347547.334482000,35,ok
1785347547.323745000,46,ok
1785347547.321063000,46,ok
1785347547.340844000,50,ok
1785347547.348028000,55,ok
1785347547.365770000,57,ok
1785347547.369418000,34,ok
1785347547.396198000,31,ok
1785347547.404775000,35,ok
1785347547.406319000,46,ok
1785347547.427452000,44,ok
1785347547.421482000,35,ok
1785347547.407118000,35,ok
1785347547.426398000,34,ok
1785347547.403243000,46,ok
1785347547.426693000,49,ok
1785347547.429390000,42,ok
1785347547.424305000,44,ok
1785347547.429660000,29,ok
1785347547.430967000,53,ok
1785347547.430260000,51,ok
1785347547.465438000,36,ok
1785347547.482608000,44,ok
1785347547.507700000,37,ok
1785347547.516029000,52,ok
1785347547.512513000,42,ok
1785347547.512100000,43,ok
1785347547.516533000,46,ok
1785347547.518472000,41,ok
1785347547.507550000,37,ok
1785347547.516186000,42,ok
1785347547.515439000,39,ok
1785347547.524420000,37,ok
1785347547.516215000,45,ok
1785347547.528882000,47,ok
1785347547.528730000,39,ok
1785347547.553375000,30,ok
1785347547.546857000,59,ok
1785347547.583228000,32,ok
1785347547.588695000,34,ok
1785347547.591805000,34,ok
1785347547.596309000,34,ok
1785347547.593941000,36,ok
1785347547.598717000,37,ok
1785347547.600871000,30,ok
1785347547.595151000,41,ok
1785347547.606085000,31,ok
1785347547.600684000,35,ok
1785347547.607993000,33,ok
1785347547.601686000,34,ok
1785347547.621857000,37,ok
1785347547.629790000,30,ok
1785347547.643017000,35,ok
1785347547.646816000,35,ok
1785347547.654042000,33,ok
1785347547.663199000,37,ok
1785347547.674032000,33,ok
1785347547.671400000,29,ok
1785347547.677185000,37,ok
1785347547.677150000,30,ok
1785347547.684463000,32,ok
1785347547.680881000,34,ok
1785347547.687659000,33,ok
1785347547.683535000,37,ok
1785347547.678652000,36,ok
1785347547.698024000,42,ok
1785347547.710349000,35,ok
1785347547.713472000,31,ok
1785347547.735884000,41,ok
1785347547.733542000,35,ok
1785347547.747868000,34,ok
1785347547.753896000,35,ok
1785347547.755300000,30,ok
1785347547.752714000,33,ok
1785347547.766540000,35,ok
1785347547.758756000,31,ok
1785347547.756617000,41,ok
1785347547.763530000,35,ok
1785347547.762298000,33,ok
1785347547.778459000,34,ok
1785347547.784265000,39,ok
1785347547.780667000,36,ok
1785347547.800186000,35,ok
1785347547.796970000,31,ok
1785347547.819330000,29,ok
1785347547.820254000,34,ok
1785347547.839601000,40,ok
1785347547.842709000,41,ok
1785347547.841117000,44,ok
1785347547.840980000,29,ok
1785347547.839485000,38,ok
1785347547.849726000,38,ok
1785347547.845251000,31,ok
1785347547.844570000,30,ok
1785347547.846513000,47,ok
1785347547.863089000,36,ok
1785347547.872406000,42,ok
1785347547.861623000,30,ok
1785347547.875900000,33,ok
1785347547.892426000,29,ok
1785347547.891436000,41,ok
1785347547.906694000,39,ok
1785347547.925148000,33,ok
1785347547.931915000,44,ok
1785347547.933660000,38,ok
1785347547.937950000,41,ok
1785347547.931691000,34,ok
1785347547.928180000,41,ok
1785347547.933097000,33,ok
1785347547.924200000,35,ok
1785347547.932086000,40,ok
1785347547.954184000,31,ok
1785347547.986745000,81,ok
1785347547.980900000,47,ok
1785347548.022562000,66,ok
1785347547.996945000,52,ok
1785347548.002721000,64,ok
1785347548.052716000,40,ok
1785347548.047602000,48,ok
1785347548.054034000,45,ok
1785347548.057228000,43,ok
1785347548.051676000,52,ok
1785347548.058307000,50,ok
1785347548.048887000,48,ok
1785347548.055274000,39,ok
1785347548.062743000,50,ok
1785347548.058794000,50,ok
1785347548.097935000,61,ok
1785347548.109032000,56,ok
1785347548.109885000,46,ok
1785347548.133064000,35,ok
1785347548.130104000,38,ok
1785347548.141045000,35,ok
1785347548.161488000,41,ok
1785347548.162698000,43,ok
1785347548.163979000,35,ok
1785347548.172677000,42,ok
1785347548.170211000,39,ok
1785347548.171383000,35,ok
1785347548.172892000,39,ok
1785347548.175216000,42,ok
1785347548.176432000,38,ok
1785347548.176087000,39,ok
1785347548.215088000,55,ok
1785347548.218213000,45,ok
1785347548.219676000,37,ok
1785347548.221385000,53,ok
1785347548.217805000,33,ok
1785347548.228683000,38,ok
1785347548.256467000,35,ok
1785347548.253005000,35,ok
1785347548.257063000,34,ok
1785347548.271638000,36,ok
1785347548.278611000,31,ok
1785347548.277823000,36,ok
1785347548.272006000,37,ok
1785347548.285844000,34,ok
1785347548.278676000,37,ok
1785347548.291519000,28,ok
1785347548.288869000,35,ok
1785347548.297859000,35,ok
1785347548.318132000,40,ok
1785347548.319952000,42,ok
1785347548.330897000,33,ok
1785347548.345211000,32,ok
1785347548.333669000,39,ok
1785347548.327291000,38,ok
1785347548.350562000,28,ok
1785347548.347920000,38,ok
1785347548.340388000,35,ok
1785347548.365416000,43,ok
1785347548.383512000,33,ok
1785347548.418175000,76,ok
1785347548.415912000,74,ok
1785347548.385085000,54,ok
1785347548.396691000,59,ok
1785347548.380849000,37,ok
1785347548.453390000,69,ok
1785347548.464905000,44,ok
1785347548.486092000,53,ok
1785347548.511054000,51,ok
1785347548.510695000,49,ok
1785347548.508861000,53,ok
1785347548.503598000,65,ok
1785347548.528562000,61,ok
1785347548.548145000,43,ok
1785347548.546901000,46,ok
1785347548.547431000,67,ok
1785347548.554503000,49,ok
1785347548.562410000,56,ok
1785347548.566425000,56,ok
1785347548.576414000,69,ok
1785347548.571062000,54,ok
1785347548.603905000,40,ok
1785347548.600751000,47,ok
1785347548.607273000,42,ok
1785347548.614162000,36,ok
1785347548.620156000,33,ok
1785347548.644907000,47,ok
1785347548.619738000,39,ok
1785347548.656743000,52,ok
1785347548.664336000,59,ok
1785347548.667041000,49,ok
1785347548.662505000,54,ok
1785347548.659945000,64,ok
1785347548.667487000,45,ok
1785347548.693523000,74,ok
1785347548.719829000,47,ok
1785347548.698454000,53,ok
1785347548.706734000,48,ok
1785347548.733390000,49,ok
1785347548.731408000,33,ok
1785347548.738674000,39,ok
1785347548.751183000,34,ok
1785347548.769171000,41,ok
1785347548.776524000,41,ok
1785347548.759974000,56,ok
1785347548.770097000,34,ok
1785347548.769009000,41,ok
1785347548.767113000,37,ok
1785347548.774465000,40,ok
1785347548.784351000,41,ok
1785347548.797200000,39,ok
1785347548.801675000,38,ok
1785347548.816476000,35,ok
1785347548.827892000,31,ok
1785347548.827033000,40,ok
1785347548.827781000,33,ok
1785347548.844202000,35,ok
1785347548.861452000,36,ok
1785347548.853694000,40,ok
1785347548.846515000,42,ok
1785347548.866807000,38,ok
1785347548.873492000,42,ok
1785347548.876424000,35,ok
1785347548.870800000,38,ok
1785347548.880216000,45,ok
1785347548.870253000,37,ok
1785347548.895681000,39,ok
1785347548.915473000,42,ok
1785347548.894089000,35,ok
1785347548.913631000,47,ok
1785347548.920470000,30,ok
1785347548.919871000,37,ok
1785347548.955337000,42,ok
1785347548.954742000,35,ok
1785347548.958101000,38,ok
1785347548.959235000,40,ok
1785347548.973544000,46,ok
1785347548.964988000,35,ok
1785347548.975012000,41,ok
1785347548.976977000,42,ok
1785347548.995166000,44,ok
1785347548.994419000,44,ok
1785347549.005425000,38,ok
1785347549.014859000,34,ok
1785347549.012162000,35,ok
1785347549.011374000,34,ok
1785347549.012899000,31,ok
1785347549.021183000,33,ok
1785347549.039832000,26,ok
1785347549.041004000,25,ok
1785347549.052524000,26,ok
1785347549.044728000,36,ok
1785347549.051392000,32,ok
1785347549.049662000,31,ok
1785347549.074390000,35,ok
1785347549.072014000,30,ok
1785347549.083266000,28,ok
1785347549.080260000,34,ok
1785347549.071591000,37,ok
1785347549.088531000,37,ok
1785347549.104244000,38,ok
1785347549.096013000,36,ok
1785347549.118703000,30,ok
1785347549.102618000,38,ok
1785347549.107261000,31,ok
1785347549.113834000,36,ok
1785347549.134793000,32,ok
1785347549.151784000,30,ok
1785347549.157005000,32,ok
1785347549.146336000,38,ok
1785347549.147173000,44,ok
1785347549.151400000,43,ok
1785347549.151623000,29,ok
1785347549.169334000,40,ok
1785347549.157183000,31,ok
1785347549.164301000,34,ok
1785347549.181059000,29,ok
1785347549.202593000,35,ok
1785347549.202204000,42,ok
1785347549.203923000,33,ok
1785347549.205709000,31,ok
1785347549.203611000,29,ok
1785347549.232649000,40,ok
1785347549.235247000,42,ok
1785347549.246698000,33,ok
1785347549.249410000,40,ok
1785347549.256957000,41,ok
1785347549.250096000,37,ok
1785347549.254354000,32,ok
1785347549.245199000,36,ok
1785347549.249711000,39,ok
1785347549.258343000,31,ok
1785347549.268726000,34,ok
1785347549.283937000,29,ok
1785347549.284575000,34,ok
1785347549.302238000,38,ok
1785347549.295069000,35,ok
1785347549.297038000,37,ok
1785347549.306379000,31,ok
1785347549.310666000,31,ok
1785347549.343987000,39,ok
1785347549.341771000,37,ok
1785347549.345119000,32,ok
1785347549.335392000,34,ok
1785347549.346982000,45,ok
1785347549.344116000,34,ok
1785347549.346874000,40,ok
1785347549.344501000,29,ok
1785347549.341054000,40,ok
1785347549.383993000,32,ok
1785347549.379569000,31,ok
1785347549.383287000,38,ok
1785347549.378880000,27,ok
1785347549.387648000,31,ok
1785347549.391542000,29,ok
1785347549.392790000,29,ok
1785347549.419846000,33,ok
1785347549.410288000,30,ok
1785347549.424405000,37,ok
1785347549.420168000,24,ok
1785347549.424042000,40,ok
1785347549.425246000,41,ok
1785347549.431429000,35,ok
1785347549.421570000,31,ok
1785347549.425850000,37,ok
1785347549.453196000,32,ok
1785347549.455030000,29,ok
1785347549.467484000,41,ok
1785347549.465761000,30,ok
1785347549.466342000,30,ok
1785347549.459286000,38,ok
1785347549.480166000,34,ok
1785347549.505297000,40,ok
1785347549.493227000,30,ok
1785347549.513808000,45,ok
1785347549.510992000,34,ok
1785347549.506583000,33,ok
1785347549.506798000,37,ok
1785347549.514242000,34,ok
1785347549.506974000,33,ok
1785347549.520378000,39,ok
1785347549.521339000,27,ok
1785347549.528376000,28,ok
1785347549.540472000,32,ok
1785347549.538004000,36,ok
1785347549.540846000,37,ok
1785347549.539540000,35,ok
1785347549.548182000,27,ok
1785347549.577504000,34,ok
1785347549.572547000,24,ok
1785347549.583763000,34,ok
1785347549.588796000,25,ok
1785347549.584881000,29,ok
1785347549.578888000,29,ok
1785347549.593216000,37,ok
1785347549.609039000,35,ok
1785347549.601711000,36,ok
1785347549.608511000,27,ok
1785347549.609322000,31,ok
1785347549.615549000,31,ok
1785347549.605414000,41,ok
1785347549.612796000,35,ok
1785347549.620761000,29,ok
1785347549.621937000,35,ok
1785347549.650232000,29,ok
1785347549.662754000,40,ok
1785347549.654453000,29,ok
1785347549.650948000,30,ok
1785347549.675740000,43,ok
1785347549.682787000,34,ok
1785347549.670037000,33,ok
1785347549.681206000,37,ok
1785347549.674322000,34,ok
1785347549.682289000,35,ok
1785347549.693745000,29,ok
1785347549.699576000,45,ok
1785347549.702545000,32,ok
1785347549.699511000,52,ok
1785347549.703352000,31,ok
1785347549.716431000,35,ok
1785347549.741189000,32,ok
1785347549.746221000,33,ok
1785347549.748974000,40,ok
1785347549.753241000,39,ok
1785347549.758938000,31,ok
1785347549.761738000,36,ok
1785347549.750762000,32,ok
1785347549.753349000,36,ok
1785347549.752779000,32,ok
1785347549.752110000,32,ok
1785347549.775335000,31,ok
1785347549.776360000,39,ok
1785347549.771904000,28,ok
1785347549.785638000,32,ok
1785347549.784227000,31,ok
1785347549.786747000,37,ok
1785347549.820718000,37,ok
1785347549.817729000,36,ok
1785347549.833612000,33,ok
1785347549.828131000,34,ok
1785347549.830810000,33,ok
1785347549.836301000,32,ok
1785347549.839227000,39,ok
1785347549.840298000,38,ok
1785347549.862337000,32,ok
1785347549.853178000,33,ok
1785347549.838101000,30,ok
1785347549.844673000,33,ok
1785347549.864271000,34,ok
1785347549.868811000,39,ok
1785347549.870465000,33,ok
1785347549.875821000,33,ok
1785347549.899885000,33,ok
1785347549.910740000,39,ok
1785347549.900239000,31,ok
1785347549.917658000,35,ok
1785347549.926665000,38,ok
1785347549.919907000,36,ok
1785347549.928321000,36,ok
1785347549.934583000,35,ok
1785347549.921107000,40,ok
1785347549.938959000,32,ok
1785347549.951413000,35,ok
1785347549.950427000,37,ok
1785347549.955928000,37,ok
1785347549.962362000,43,ok
1785347549.961871000,31,ok
1785347549.990455000,30,ok
1785347550.004232000,25,ok
1785347549.993453000,36,ok
1785347550.007139000,35,ok
1785347549.983930000,37,ok
1785347549.991075000,31,ok
1785347549.989017000,27,ok
1785347550.002318000,29,ok
1785347550.004331000,30,ok
1785347550.013932000,35,ok
1785347550.019235000,38,ok
1785347550.031680000,35,ok
1785347550.033184000,29,ok
1785347550.043688000,28,ok
1785347550.040940000,31,ok
1785347550.044272000,32,ok
1785347550.061369000,32,ok
1785347550.071904000,29,ok
1785347550.065626000,24,ok
1785347550.079088000,31,ok
1785347550.076127000,31,ok
1785347550.079155000,29,ok
1785347550.086309000,31,ok
1785347550.076871000,30,ok
1785347550.069042000,26,ok
1785347550.089083000,32,ok
1785347550.091899000,22,ok
1785347550.111137000,33,ok
1785347550.119649000,38,ok
1785347550.132171000,30,ok
1785347550.135207000,33,ok
1785347550.136463000,44,ok
1785347550.146047000,34,ok
1785347550.133409000,35,ok
1785347550.150953000,33,ok
1785347550.158297000,31,ok
1785347550.156974000,29,ok
1785347550.158229000,35,ok
1785347550.158238000,29,ok
1785347550.166793000,38,ok
1785347550.168949000,26,ok
1785347550.173468000,29,ok
1785347550.166845000,33,ok
1785347550.188090000,32,ok
1785347550.210517000,31,ok
1785347550.197607000,34,ok
1785347550.211035000,26,ok
1785347550.229130000,49,ok
1785347550.216086000,36,ok
1785347550.223331000,41,ok
1785347550.227312000,30,ok
1785347550.237776000,31,ok
1785347550.250816000,31,ok
1785347550.251115000,45,ok
1785347550.250035000,28,ok
1785347550.250856000,45,ok
1785347550.255300000,43,ok
1785347550.270080000,35,ok
1785347550.270040000,33,ok
1785347550.276779000,34,ok
1785347550.293824000,37,ok
1785347550.295254000,35,ok
1785347550.301107000,34,ok
1785347550.301816000,30,ok
1785347550.302611000,40,ok
1785347550.303525000,29,ok
1785347550.303677000,31,ok
1785347550.323060000,36,ok
1785347550.324868000,34,ok
1785347550.330566000,29,ok
1785347550.331281000,31,ok
1785347550.334345000,38,ok
1785347550.336488000,32,ok
1785347550.343714000,29,ok
1785347550.359774000,31,ok
1785347550.361888000,28,ok
1785347550.379551000,30,ok
1785347550.369132000,28,ok
1785347550.379301000,32,ok
1785347550.378029000,29,ok
1785347550.387939000,31,ok
1785347550.390647000,34,ok
1785347550.395441000,34,ok
1785347550.408929000,28,ok
1785347550.398852000,29,ok
1785347550.403400000,38,ok
1785347550.403660000,25,ok
1785347550.418109000,32,ok
1785347550.412691000,35,ok
1785347550.414858000,31,ok
1785347550.441276000,41,ok
1785347550.450251000,29,ok
1785347550.436862000,27,ok
1785347550.462019000,31,ok
1785347550.461028000,35,ok
1785347550.462866000,40,ok
1785347550.464781000,31,ok
1785347550.492706000,28,ok
1785347550.492268000,43,ok
1785347550.489404000,31,ok
1785347550.483767000,34,ok
1785347550.491506000,41,ok
1785347550.497730000,29,ok
1785347550.496769000,27,ok
1785347550.497315000,34,ok
1785347550.498488000,33,ok
1785347550.532799000,40,ok
1785347550.523733000,29,ok
1785347550.539483000,42,ok
1785347550.538336000,32,ok
1785347550.548323000,30,ok
1785347550.544876000,39,ok
1785347550.566173000,41,ok
1785347550.575281000,38,ok
1785347550.582413000,37,ok
1785347550.577114000,33,ok
1785347550.576372000,32,ok
1785347550.582575000,32,ok
1785347550.585707000,36,ok
1785347550.585404000,39,ok
1785347550.592635000,42,ok
1785347550.596132000,44,ok
1785347550.607266000,36,ok
1785347550.633597000,44,ok
1785347550.626575000,45,ok
1785347550.636180000,39,ok
1785347550.650319000,37,ok
1785347550.667696000,46,ok
1785347550.670257000,36,ok
1785347550.673748000,40,ok
1785347550.669027000,28,ok
1785347550.669606000,32,ok
1785347550.673164000,37,ok
1785347550.679843000,32,ok
1785347550.677768000,31,ok
1785347550.680982000,32,ok
1785347550.678580000,29,ok
1785347550.682831000,36,ok
1785347550.698058000,39,ok
1785347550.713656000,33,ok
1785347550.715430000,35,ok
1785347550.732685000,33,ok
1785347550.744099000,41,ok
1785347550.744870000,35,ok
1785347550.758940000,41,ok
1785347550.762906000,42,ok
1785347550.765611000,37,ok
1785347550.750313000,38,ok
1785347550.767302000,44,ok
1785347550.766266000,41,ok
1785347550.773333000,42,ok
1785347550.768856000,52,ok
1785347550.766831000,46,ok
1785347550.772515000,38,ok
1785347550.773754000,32,ok
1785347550.788948000,32,ok
1785347550.801826000,31,ok
1785347550.812499000,36,ok
1785347550.826667000,32,ok
1785347550.823972000,33,ok
1785347550.830487000,32,ok
1785347550.833716000,28,ok
1785347550.844484000,37,ok
1785347550.835745000,34,ok
1785347550.837902000,34,ok
1785347550.847789000,27,ok
1785347550.852543000,23,ok
1785347550.848219000,33,ok
1785347550.854076000,33,ok
1785347550.864654000,28,ok
1785347550.855009000,36,ok
1785347550.860256000,24,ok
1785347550.889856000,37,ok
1785347550.906693000,42,ok
1785347550.898467000,33,ok
1785347550.904401000,35,ok
1785347550.928074000,39,ok
1785347550.909928000,37,ok
1785347550.940661000,42,ok
1785347550.912654000,33,ok
1785347550.933517000,49,ok
1785347550.913923000,43,ok
1785347550.948892000,47,ok
1785347550.951988000,47,ok
1785347550.957808000,44,ok
1785347550.951977000,57,ok
1785347550.966394000,50,ok
1785347550.966792000,35,ok
1785347551.008194000,38,ok
1785347551.005621000,29,ok
1785347551.014423000,32,ok
1785347551.029462000,39,ok
1785347551.022464000,36,ok
1785347551.020755000,40,ok
1785347551.059434000,48,ok
1785347551.037196000,42,ok
1785347551.023558000,32,ok
1785347551.024948000,27,ok
1785347551.025430000,33,ok
1785347551.055849000,35,ok
1785347551.037731000,30,ok
1785347551.056137000,42,ok
1785347551.068033000,38,ok
1785347551.068868000,40,ok
1785347551.117265000,50,ok
1785347551.129648000,51,ok
1785347551.124666000,45,ok
1785347551.127966000,43,ok
1785347551.130075000,48,ok
1785347551.148499000,43,ok
1785347551.155730000,53,ok
1785347551.137894000,36,ok
1785347551.146507000,49,ok
1785347551.148793000,47,ok
1785347551.149768000,47,ok
1785347551.167384000,34,ok
1785347551.171326000,52,ok
1785347551.173966000,37,ok
1785347551.203887000,57,ok
1785347551.204023000,56,ok
1785347551.235633000,36,ok
1785347551.239706000,51,ok
1785347551.238837000,39,ok
1785347551.242397000,45,ok
1785347551.253367000,53,ok
1785347551.264762000,54,ok
1785347551.267338000,55,ok
1785347551.272716000,48,ok
1785347551.274581000,59,ok
1785347551.273429000,51,ok
1785347551.292480000,40,ok
1785347551.270206000,57,ok
1785347551.297040000,42,ok
1785347551.327275000,48,ok
1785347551.324182000,48,ok
1785347551.330208000,48,ok
1785347551.362011000,48,ok
1785347551.394639000,60,ok
1785347551.377392000,49,ok
1785347551.364305000,40,ok
1785347551.379437000,45,ok
1785347551.404486000,42,ok
1785347551.398858000,60,ok
1785347551.406743000,48,ok
1785347551.394222000,59,ok
1785347551.420634000,41,ok
1785347551.431616000,60,ok
1785347551.488835000,69,ok
1785347551.473993000,79,ok
1785347551.474454000,88,ok
1785347551.473082000,73,ok
1785347551.483552000,71,ok
1785347551.530568000,59,ok
1785347551.537992000,40,ok
1785347551.553471000,46,ok
1785347551.539636000,41,ok
1785347551.561649000,59,ok
1785347551.579600000,80,ok
1785347551.581115000,63,ok
1785347551.580853000,70,ok
1785347551.588870000,50,ok
1785347551.623413000,63,ok
1785347551.630984000,38,ok
1785347551.626968000,30,ok
1785347551.634229000,34,ok
1785347551.640426000,48,ok
1785347551.630595000,35,ok
1785347551.629060000,45,ok
1785347551.656429000,35,ok
1785347551.682929000,42,ok
1785347551.681782000,49,ok
1785347551.686434000,52,ok
1785347551.681958000,50,ok
1785347551.697651000,61,ok
1785347551.714469000,56,ok
1785347551.715550000,54,ok
1785347551.721377000,39,ok
1785347551.763115000,36,ok
1785347551.751355000,49,ok
1785347551.762546000,40,ok
1785347551.768105000,48,ok
1785347551.769835000,44,ok
1785347551.811444000,49,ok
1785347551.816956000,58,ok
1785347551.770562000,43,ok
1785347551.806902000,63,ok
1785347551.819492000,59,ok
1785347551.830623000,48,ok
1785347551.812992000,63,ok
1785347551.838527000,56,ok
1785347551.850145000,41,ok
1785347551.854105000,38,ok
1785347551.875166000,43,ok
1785347551.880338000,34,ok
1785347551.881570000,34,ok
1785347551.898888000,46,ok
1785347551.902768000,57,ok
1785347551.916746000,46,ok
1785347551.914480000,40,ok
1785347551.917346000,39,ok
1785347551.916895000,42,ok
1785347551.957142000,35,ok
1785347551.938617000,46,ok
1785347551.952294000,39,ok
1785347551.954046000,52,ok
1785347551.979489000,38,ok
1785347552.009405000,44,ok
1785347552.033759000,62,ok
1785347552.032106000,116,ok
1785347552.033045000,39,ok
1785347552.006455000,39,ok
1785347552.046469000,48,ok
1785347552.047321000,48,ok
1785347552.054334000,70,ok
1785347551.978762000,37,ok
1785347552.047967000,37,ok
1785347552.066308000,63,ok
1785347552.072651000,98,ok
1785347552.064111000,42,ok
1785347552.077525000,44,ok
1785347552.065816000,40,ok
1785347552.095116000,42,ok
1785347552.132716000,31,ok
1785347552.132019000,42,ok
1785347552.123283000,46,ok
1785347552.137738000,45,ok
1785347552.138574000,42,ok
1785347552.157643000,51,ok
1785347552.178781000,39,ok
1785347552.168487000,44,ok
1785347552.173101000,45,ok
1785347552.173510000,51,ok
1785347552.181015000,33,ok
1785347552.181823000,44,ok
1785347552.182457000,39,ok
1785347552.193678000,42,ok
1785347552.232502000,44,ok
1785347552.215089000,46,ok
1785347552.235193000,37,ok
1785347552.243012000,39,ok
1785347552.244646000,37,ok
1785347552.222755000,55,ok
1785347552.254896000,46,ok
1785347552.280739000,41,ok
1785347552.291445000,49,ok
1785347552.308852000,52,ok
1785347552.284961000,46,ok
1785347552.314791000,57,ok
1785347552.311374000,60,ok
1785347552.316398000,57,ok
1785347552.291392000,45,ok
1785347552.364272000,53,ok
1785347552.387405000,46,ok
1785347552.380317000,62,ok
1785347552.370992000,49,ok
1785347552.369470000,54,ok
1785347552.380764000,59,ok
1785347552.386866000,54,ok
1785347552.398088000,45,ok
1785347552.447474000,48,ok
1785347552.447998000,44,ok
1785347552.446521000,53,ok
1785347552.441210000,47,ok
1785347552.441867000,55,ok
1785347552.446009000,44,ok
1785347552.457575000,50,ok
1785347552.460969000,51,ok
1785347552.512084000,48,ok
1785347552.531668000,65,ok
1785347552.530496000,72,ok
1785347552.535949000,67,ok
1785347552.536235000,69,ok
1785347552.523539000,68,ok
1785347552.555838000,85,ok
1785347552.547855000,74,ok
1785347552.612494000,59,ok
1785347552.644461000,75,ok
1785347552.634234000,73,ok
1785347552.639321000,77,ok
1785347552.614990000,69,ok
1785347552.662613000,58,ok
1785347552.660585000,65,ok
1785347552.633381000,79,ok
1785347552.697862000,59,ok
1785347552.735639000,73,ok
1785347552.745634000,76,ok
1785347552.737505000,71,ok
1785347552.756243000,69,ok
1785347552.759004000,50,ok
1785347552.787313000,67,ok
1785347552.809816000,49,ok
1785347552.813571000,49,ok
1785347552.773057000,72,ok
1785347552.803238000,54,ok
1785347552.813697000,48,ok
1785347552.808827000,48,ok
1785347552.822587000,45,ok
1785347552.841032000,67,ok
1785347552.855805000,35,ok
1785347552.851052000,45,ok
1785347552.856242000,48,ok
1785347552.861262000,34,ok
1785347552.876929000,49,ok
1785347552.884423000,39,ok
1785347552.879238000,39,ok
1785347552.905884000,43,ok
1785347552.905356000,43,ok
1785347552.908994000,45,ok
1785347552.906070000,46,ok
1785347552.931457000,52,ok
1785347552.933298000,54,ok
1785347552.949382000,52,ok
1785347552.950634000,41,ok
1785347552.954823000,29,ok
1785347552.942763000,44,ok
1785347552.982260000,58,ok
1785347552.978944000,35,ok
1785347553.000372000,53,ok
1785347553.018805000,57,ok
1785347553.008227000,59,ok
1785347553.043220000,49,ok
1785347553.046969000,64,ok
1785347553.045612000,49,ok
1785347553.048900000,35,ok
1785347553.048081000,55,ok
1785347553.048467000,47,ok
1785347553.079611000,58,ok
1785347553.078142000,38,ok
1785347553.074835000,42,ok
1785347553.083891000,44,ok
1785347553.079024000,37,ok
1785347553.098431000,36,ok
1785347553.105352000,42,ok
1785347553.132377000,42,ok
1785347553.135814000,49,ok
1785347553.133485000,42,ok
1785347553.161414000,40,ok
1785347553.183879000,35,ok
1785347553.170980000,40,ok
1785347553.167466000,46,ok
1785347553.170481000,43,ok
1785347553.169721000,54,ok
1785347553.210777000,45,ok
1785347553.197761000,53,ok
1785347553.186932000,43,ok
1785347553.209120000,63,ok
1785347553.220865000,51,ok
1785347553.229425000,56,ok
1785347553.266122000,54,ok
1785347553.260132000,47,ok
1785347553.270205000,45,ok
1785347553.272597000,42,ok
1785347553.286362000,42,ok
1785347553.308731000,57,ok
1785347553.314433000,50,ok
1785347553.313288000,48,ok
1785347553.313713000,48,ok
1785347553.340187000,65,ok
1785347553.347515000,39,ok
1785347553.349745000,40,ok
1785347553.347179000,44,ok
1785347553.354267000,46,ok
1785347553.387318000,51,ok
1785347553.361000000,48,ok
1785347553.387590000,65,ok
1785347553.414452000,44,ok
1785347553.408791000,53,ok
1785347553.403795000,48,ok
1785347553.414468000,54,ok
1785347553.464305000,61,ok
1785347553.483636000,71,ok
1785347553.448963000,50,ok
1785347553.464133000,50,ok
1785347553.467547000,50,ok
1785347553.446316000,49,ok
1785347553.459884000,69,ok
1785347553.475921000,59,ok
1785347553.506293000,40,ok
1785347553.510629000,64,ok
1785347553.537161000,66,ok
1785347553.548915000,45,ok
1785347553.545732000,43,ok
1785347553.568774000,48,ok
1785347553.613106000,70,ok
1785347553.603582000,62,ok
1785347553.613603000,62,ok
1785347553.584048000,59,ok
1785347553.623292000,53,ok
1785347553.614493000,66,ok
1785347553.612408000,65,ok
1785347553.616173000,57,ok
1785347553.629953000,66,ok
1785347553.622158000,67,ok
1785347553.665451000,49,ok
1785347553.656765000,62,ok
1785347553.684381000,54,ok
1785347553.688676000,41,ok
1785347553.700798000,45,ok
1785347553.699037000,60,ok
1785347553.722427000,46,ok
1785347553.726741000,55,ok
1785347553.732329000,43,ok
1785347553.730071000,53,ok
1785347553.728350000,46,ok
1785347553.747877000,49,ok
1785347553.744009000,45,ok
1785347553.752250000,42,ok
1785347553.766065000,47,ok
1785347553.769639000,47,ok
1785347553.793028000,43,ok
1785347553.802225000,53,ok
1785347553.825071000,48,ok
1785347553.820523000,40,ok
1785347553.837009000,53,ok
1785347553.820594000,44,ok
1785347553.825049000,43,ok
1785347553.856986000,54,ok
1785347553.866630000,52,ok
1785347553.858466000,47,ok
1785347553.867832000,49,ok
1785347553.866688000,45,ok
1785347553.884881000,42,ok
1785347553.881864000,39,ok
1785347553.889780000,43,ok
1785347553.910986000,47,ok
1785347553.909525000,40,ok
1785347553.924138000,46,ok
1785347553.944187000,40,ok
1785347553.943928000,45,ok
1785347553.943008000,44,ok
1785347553.945414000,43,ok
1785347553.969287000,51,ok
1785347553.977070000,44,ok
1785347553.972390000,45,ok
1785347554.020423000,53,ok
1785347554.006923000,60,ok
1785347553.985127000,51,ok
1785347554.018030000,55,ok
1785347554.042757000,65,ok
1785347554.029245000,48,ok
1785347554.043012000,46,ok
1785347554.062006000,45,ok
1785347554.073772000,55,ok
1785347554.070678000,46,ok
1785347554.074193000,47,ok
1785347554.075768000,42,ok
1785347554.108006000,57,ok
1785347554.099847000,51,ok
1785347554.120982000,37,ok
1785347554.126823000,40,ok
1785347554.117221000,36,ok
1785347554.114679000,46,ok
1785347554.112474000,51,ok
1785347554.146841000,52,ok
1785347554.156076000,48,ok
1785347554.152122000,40,ok
1785347554.163153000,40,ok
1785347554.186739000,37,ok
1785347554.189081000,38,ok
1785347554.188599000,55,ok
1785347554.188607000,44,ok
1785347554.196383000,41,ok
1785347554.213623000,46,ok
1785347554.217352000,53,ok
1785347554.223252000,34,ok
1785347554.236221000,39,ok
1785347554.224695000,38,ok
1785347554.235928000,44,ok
1785347554.247058000,51,ok
1785347554.247963000,38,ok
1785347554.278165000,44,ok
1785347554.295240000,41,ok
1785347554.293660000,44,ok
1785347554.284167000,43,ok
1785347554.296131000,36,ok
1785347554.302270000,42,ok
1785347554.286159000,48,ok
1785347554.342674000,47,ok
1785347554.323779000,34,ok
1785347554.353090000,37,ok
1785347554.343163000,52,ok
1785347554.352494000,30,ok
1785347554.352548000,55,ok
1785347554.354029000,47,ok
1785347554.349349000,58,ok
1785347554.384732000,59,ok
1785347554.419627000,46,ok
1785347554.420633000,56,ok
1785347554.419967000,41,ok
1785347554.421416000,42,ok
1785347554.417512000,45,ok
1785347554.421415000,40,ok
1785347554.439528000,43,ok
1785347554.459933000,35,ok
1785347554.452184000,41,ok
1785347554.486514000,39,ok
1785347554.488786000,61,ok
1785347554.481249000,55,ok
1785347554.489171000,62,ok
1785347554.484085000,58,ok
1785347554.486886000,52,ok
1785347554.542033000,50,ok
1785347554.534318000,49,ok
1785347554.545846000,46,ok
1785347554.543973000,46,ok
1785347554.556773000,42,ok
1785347554.547454000,45,ok
1785347554.550810000,59,ok
1785347554.569603000,60,ok
1785347554.605439000,49,ok
1785347554.619395000,60,ok
1785347554.625519000,49,ok
1785347554.623800000,57,ok
1785347554.603643000,52,ok
1785347554.612454000,58,ok
1785347554.621158000,70,ok
1785347554.625262000,39,ok
1785347554.673383000,45,ok
1785347554.681081000,45,ok
1785347554.683185000,47,ok
1785347554.683065000,53,ok
1785347554.709845000,51,ok
1785347554.717382000,51,ok
1785347554.709609000,55,ok
1785347554.719173000,42,ok
1785347554.755975000,68,ok
1785347554.760897000,74,ok
1785347554.778655000,73,ok
1785347554.774974000,84,ok
1785347554.761811000,67,ok
1785347554.778697000,62,ok
1785347554.781706000,74,ok
1785347554.790940000,77,ok
1785347554.873541000,65,ok
1785347554.867067000,68,ok
1785347554.877779000,79,ok
1785347554.865559000,52,ok
1785347554.881183000,63,ok
1785347554.890438000,54,ok
1785347554.890137000,72,ok
1785347554.931334000,52,ok
1785347554.963683000,69,ok
1785347554.951408000,63,ok
1785347554.938762000,57,ok
1785347554.953125000,58,ok
1785347554.934470000,54,ok
1785347554.971721000,84,ok
1785347554.959702000,70,ok
1785347555.026643000,70,ok
1785347555.024052000,41,ok
1785347555.026109000,54,ok
1785347555.047910000,53,ok
1785347555.042958000,52,ok
1785347555.031483000,49,ok
1785347555.056506000,49,ok
1785347555.064339000,43,ok
1785347555.064747000,44,ok
1785347555.060773000,46,ok
1785347555.080107000,49,ok
1785347555.099830000,56,ok
1785347555.085021000,42,ok
1785347555.102220000,46,ok
1785347555.103563000,45,ok
1785347555.101797000,48,ok
1785347555.162688000,58,ok
1785347555.175412000,56,ok
1785347555.167985000,55,ok
1785347555.170962000,48,ok
1785347555.170262000,52,ok
1785347555.173241000,49,ok
1785347555.178977000,53,ok
1785347555.202607000,59,ok
1785347555.192627000,52,ok
1785347555.197063000,37,ok
1785347555.226951000,45,ok
1785347555.224315000,47,ok
1785347555.223749000,43,ok
1785347555.237865000,43,ok
1785347555.236319000,37,ok
1785347555.229949000,43,ok
1785347555.282482000,46,ok
1785347555.297526000,39,ok
1785347555.301871000,48,ok
1785347555.290009000,43,ok
1785347555.302823000,54,ok
1785347555.296535000,44,ok
1785347555.325435000,62,ok
1785347555.330059000,44,ok
1785347555.340609000,50,ok
1785347555.329902000,56,ok
1785347555.343748000,51,ok
1785347555.355407000,45,ok
1785347555.354222000,45,ok
1785347555.351577000,53,ok
1785347555.361775000,44,ok
1785347555.387460000,56,ok
1785347555.419471000,43,ok
1785347555.409578000,36,ok
1785347555.429700000,44,ok
1785347555.421335000,55,ok
1785347555.437075000,39,ok
1785347555.437682000,48,ok
1785347555.476791000,47,ok
1785347555.467663000,46,ok
1785347555.464955000,51,ok
1785347555.474803000,47,ok
1785347555.482667000,55,ok
1785347555.465218000,37,ok
1785347555.471806000,52,ok
1785347555.492892000,44,ok
1785347555.481897000,46,ok
1785347555.548129000,53,ok
1785347555.537284000,56,ok
1785347555.551734000,47,ok
1785347555.565720000,47,ok
1785347555.547613000,50,ok
1785347555.563093000,50,ok
1785347555.569341000,46,ok
1785347555.597836000,43,ok
1785347555.610036000,50,ok
1785347555.627858000,49,ok
1785347555.619279000,53,ok
1785347555.616921000,54,ok
1785347555.629989000,56,ok
1785347555.628635000,57,ok
1785347555.631676000,60,ok
1785347555.644086000,63,ok
1785347555.684839000,49,ok
1785347555.677542000,41,ok
1785347555.682497000,43,ok
1785347555.678352000,41,ok
1785347555.695014000,51,ok
1785347555.729253000,41,ok
1785347555.721802000,63,ok
1785347555.712524000,57,ok
1785347555.756214000,60,ok
1785347555.764744000,51,ok
1785347555.762087000,36,ok
1785347555.763106000,41,ok
1785347555.766303000,47,ok
1785347555.766980000,44,ok
1785347555.767304000,37,ok
1785347555.788089000,46,ok
1785347555.810089000,42,ok
1785347555.811063000,44,ok
1785347555.812646000,43,ok
1785347555.820281000,41,ok
1785347555.827243000,50,ok
1785347555.840051000,46,ok
1785347555.839542000,45,ok
1785347555.868295000,57,ok
1785347555.866293000,39,ok
1785347555.868747000,40,ok
1785347555.887113000,52,ok
1785347555.887813000,61,ok
1785347555.896124000,44,ok
1785347555.888462000,36,ok
1785347555.893297000,47,ok
1785347555.912582000,26,ok
1785347555.917047000,33,ok
1785347555.915842000,46,ok
1785347555.932112000,35,ok
1785347555.929882000,46,ok
1785347555.952884000,42,ok
1785347555.979941000,54,ok
1785347555.981275000,40,ok
1785347556.000574000,63,ok
1785347556.000619000,70,ok
1785347556.007987000,61,ok
1785347556.023477000,56,ok
1785347556.019886000,59,ok
1785347556.048507000,41,ok
1785347556.044063000,63,ok
1785347556.066148000,43,ok
1785347556.052568000,51,ok
1785347556.061641000,42,ok
1785347556.071997000,45,ok
1785347556.073107000,42,ok
1785347556.097876000,48,ok
1785347556.111979000,43,ok
1785347556.114200000,44,ok
1785347556.120357000,44,ok
1785347556.115262000,42,ok
1785347556.121110000,43,ok
1785347556.116898000,35,ok
1785347556.137660000,55,ok
1785347556.129163000,47,ok
1785347556.173089000,45,ok
1785347556.162136000,34,ok
1785347556.178467000,43,ok
1785347556.174961000,40,ok
1785347556.179491000,39,ok
1785347556.170514000,46,ok
1785347556.177985000,37,ok
1785347556.206180000,39,ok
1785347556.211758000,33,ok
1785347556.221371000,41,ok
1785347556.234626000,47,ok
1785347556.239426000,40,ok
1785347556.240524000,40,ok
1785347556.238255000,39,ok
1785347556.239388000,47,ok
1785347556.236621000,43,ok
1785347556.275753000,42,ok
1785347556.268216000,44,ok
1785347556.280953000,38,ok
1785347556.280070000,37,ok
1785347556.279953000,38,ok
1785347556.279036000,42,ok
1785347556.280461000,38,ok
1785347556.302717000,39,ok
1785347556.315268000,39,ok
1785347556.334767000,44,ok
1785347556.336954000,45,ok
1785347556.335302000,35,ok
1785347556.340250000,35,ok
1785347556.341627000,41,ok
1785347556.355158000,41,ok
1785347556.344390000,41,ok
1785347556.375631000,43,ok
1785347556.386846000,36,ok
1785347556.387014000,43,ok
1785347556.383024000,37,ok
1785347556.384616000,43,ok
1785347556.399798000,46,ok
1785347556.400681000,50,ok
1785347556.415031000,42,ok
1785347556.417415000,45,ok
1785347556.426355000,33,ok
1785347556.441275000,33,ok
1785347556.438320000,35,ok
1785347556.445591000,43,ok
1785347556.456887000,44,ok
1785347556.462706000,39,ok
1785347556.462963000,47,ok
1785347556.477701000,41,ok
1785347556.495639000,48,ok
1785347556.500578000,41,ok
1785347556.498144000,37,ok
1785347556.506844000,38,ok
1785347556.499939000,41,ok
1785347556.499162000,38,ok
1785347556.541075000,46,ok
1785347556.542654000,37,ok
1785347556.544747000,30,ok
1785347556.545307000,43,ok
1785347556.557742000,46,ok
1785347556.569436000,31,ok
1785347556.567402000,33,ok
1785347556.548135000,34,ok
1785347556.569196000,46,ok
1785347556.592453000,43,ok
1785347556.609523000,40,ok
1785347556.602725000,36,ok
1785347556.617249000,44,ok
1785347556.614243000,51,ok
1785347556.614485000,41,ok
1785347556.618570000,41,ok
1785347556.637906000,43,ok
1785347556.658184000,45,ok
1785347556.663271000,44,ok
1785347556.670389000,38,ok
1785347556.655777000,40,ok
1785347556.661749000,42,ok
1785347556.664018000,38,ok
1785347556.670018000,45,ok
1785347556.688740000,42,ok
1785347556.714994000,40,ok
1785347556.717920000,39,ok
1785347556.703079000,37,ok
1785347556.726591000,40,ok
1785347556.721053000,32,ok
1785347556.721342000,46,ok
1785347556.724919000,42,ok
1785347556.754569000,47,ok
1785347556.768303000,45,ok
1785347556.776285000,46,ok
1785347556.777719000,45,ok
1785347556.776020000,53,ok
1785347556.775485000,46,ok
1785347556.781322000,47,ok
1785347556.801057000,51,ok
1785347556.834945000,43,ok
1785347556.837772000,48,ok
1785347556.842748000,45,ok
1785347556.850237000,51,ok
1785347556.868824000,41,ok
1785347556.866090000,51,ok
1785347556.821298000,37,ok
1785347556.872095000,48,ok
1785347556.880575000,32,ok
1785347556.879984000,36,ok
1785347556.883785000,39,ok
1785347556.890897000,32,ok
1785347556.887950000,25,ok
1785347556.891773000,26,ok
1785347556.899792000,39,ok
1785347556.890721000,35,ok
1785347556.925010000,43,ok
1785347556.926080000,34,ok
1785347556.947130000,34,ok
1785347556.952452000,27,ok
1785347556.956384000,53,ok
1785347556.947662000,49,ok
1785347556.977263000,47,ok
1785347556.982278000,43,ok
1785347556.961143000,47,ok
1785347556.977819000,51,ok
1785347556.987632000,51,ok
1785347556.996714000,51,ok
1785347556.992132000,63,ok
1785347557.021659000,42,ok
1785347557.025584000,42,ok
1785347557.043979000,34,ok
1785347557.032562000,46,ok
1785347557.049196000,35,ok
1785347557.049407000,31,ok
1785347557.056339000,34,ok
1785347557.058640000,43,ok
1785347557.062165000,35,ok
1785347557.058730000,33,ok
1785347557.081486000,37,ok
1785347557.091527000,43,ok
1785347557.084106000,41,ok
1785347557.089426000,37,ok
1785347557.089811000,37,ok
1785347557.103185000,48,ok
1785347557.124489000,36,ok
1785347557.136921000,38,ok
1785347557.119213000,37,ok
1785347557.144294000,31,ok
1785347557.149703000,33,ok
1785347557.145768000,44,ok
1785347557.170656000,42,ok
1785347557.176911000,43,ok
1785347557.180420000,45,ok
1785347557.177775000,36,ok
1785347557.183243000,42,ok
1785347557.187562000,45,ok
1785347557.201199000,51,ok
1785347557.213424000,44,ok
1785347557.217987000,58,ok
1785347557.223128000,34,ok
1785347557.247416000,45,ok
1785347557.243034000,39,ok
1785347557.250343000,40,ok
1785347557.270744000,51,ok
1785347557.277179000,50,ok
1785347557.289525000,43,ok
1785347557.289165000,40,ok
1785347557.289699000,52,ok
1785347557.311497000,43,ok
1785347557.308574000,44,ok
1785347557.315997000,38,ok
1785347557.315908000,38,ok
1785347557.312579000,33,ok
1785347557.337974000,43,ok
1785347557.336476000,38,ok
1785347557.345309000,42,ok
1785347557.396057000,75,ok
1785347557.395723000,72,ok
1785347557.378806000,64,ok
1785347557.410733000,78,ok
1785347557.437450000,88,ok
1785347557.446917000,41,ok
1785347557.449620000,40,ok
1785347557.475842000,70,ok
1785347557.499615000,83,ok
1785347557.499196000,40,ok
1785347557.503335000,84,ok
1785347557.500910000,74,ok
1785347557.504488000,82,ok
1785347557.499722000,68,ok
1785347557.514108000,49,ok
1785347557.546827000,55,ok
1785347557.541418000,61,ok
1785347557.559654000,54,ok
1785347557.567744000,45,ok
1785347557.564508000,52,ok
1785347557.566449000,54,ok
1785347557.577729000,39,ok
1785347557.604285000,50,ok
1785347557.614669000,42,ok
1785347557.620345000,49,ok
1785347557.615068000,39,ok
1785347557.622729000,41,ok
1785347557.632712000,46,ok
1785347557.657199000,51,ok
1785347557.651980000,35,ok
1785347557.656158000,63,ok
1785347557.658388000,42,ok
1785347557.658994000,38,ok
1785347557.696039000,42,ok
1785347557.702165000,47,ok
1785347557.692701000,44,ok
1785347557.682247000,35,ok
1785347557.697405000,44,ok
1785347557.737269000,48,ok
1785347557.739212000,36,ok
1785347557.743739000,48,ok
1785347557.736947000,45,ok
1785347557.760468000,52,ok
1785347557.761432000,44,ok
1785347557.762783000,40,ok
1785347557.761741000,35,ok
1785347557.756110000,35,ok
1785347557.768082000,35,ok
1785347557.784916000,44,ok
1785347557.808994000,43,ok
1785347557.811254000,37,ok
1785347557.821623000,42,ok
1785347557.812584000,41,ok
1785347557.818207000,38,ok
1785347557.845790000,43,ok
1785347557.867973000,42,ok
1785347557.864855000,55,ok
1785347557.852786000,51,ok
1785347557.876634000,33,ok
1785347557.868750000,46,ok
1785347557.883330000,48,ok
1785347557.880565000,41,ok
1785347557.884078000,48,ok
1785347557.888269000,46,ok
1785347557.921093000,54,ok
1785347557.926422000,44,ok
1785347557.931699000,50,ok
1785347557.932245000,42,ok
1785347557.939019000,48,ok
1785347557.957426000,53,ok
1785347557.992281000,43,ok
1785347558.001291000,52,ok
1785347557.993087000,47,ok
1785347558.001808000,45,ok
1785347557.998827000,56,ok
1785347558.016523000,43,ok
1785347558.009326000,45,ok
1785347558.012519000,46,ok
1785347558.014598000,53,ok
1785347558.014723000,42,ok
1785347558.047073000,25,ok
1785347558.058169000,36,ok
1785347558.045301000,40,ok
1785347558.043081000,30,ok
1785347558.065264000,37,ok
1785347558.072465000,38,ok
1785347558.096221000,37,ok
1785347558.102365000,39,ok
1785347558.106588000,41,ok
1785347558.093327000,41,ok
1785347558.112116000,39,ok
1785347558.108564000,36,ok
1785347558.107690000,53,ok
1785347558.121439000,47,ok
1785347558.114944000,42,ok
1785347558.125010000,44,ok
1785347558.158133000,38,ok
1785347558.152663000,34,ok
1785347558.157828000,36,ok
1785347558.169050000,42,ok
1785347558.174338000,36,ok
1785347558.175239000,40,ok
1785347558.209596000,45,ok
1785347558.210710000,40,ok
1785347558.206434000,51,ok
1785347558.214598000,45,ok
1785347558.214906000,47,ok
1785347558.210754000,47,ok
1785347558.217196000,39,ok
1785347558.221568000,51,ok
1785347558.223094000,47,ok
1785347558.233060000,49,ok
1785347558.264694000,40,ok
1785347558.268870000,42,ok
1785347558.272611000,39,ok
1785347558.272592000,35,ok
1785347558.297760000,40,ok
1785347558.292958000,37,ok
1785347558.299426000,35,ok
1785347558.326412000,42,ok
1785347558.329472000,41,ok
1785347558.323819000,50,ok
1785347558.325329000,45,ok
1785347558.325589000,45,ok
1785347558.330965000,45,ok
1785347558.340029000,47,ok
1785347558.334026000,56,ok
1785347558.355228000,38,ok
1785347558.376761000,35,ok
1785347558.381407000,34,ok
1785347558.382284000,38,ok
1785347558.395014000,38,ok
1785347558.407787000,44,ok
1785347558.398732000,40,ok
1785347558.403530000,35,ok
1785347558.431591000,49,ok
1785347558.439903000,49,ok
1785347558.435888000,42,ok
1785347558.427376000,44,ok
1785347558.432306000,38,ok
1785347558.448453000,41,ok
1785347558.442316000,53,ok
1785347558.456258000,34,ok
1785347558.462779000,36,ok
1785347558.488504000,38,ok
1785347558.482097000,41,ok
1785347558.506997000,43,ok
1785347558.495754000,40,ok
1785347558.506729000,44,ok
1785347558.502711000,43,ok
1785347558.500916000,37,ok
1785347558.540924000,40,ok
1785347558.537050000,37,ok
1785347558.539757000,37,ok
1785347558.549133000,48,ok
1785347558.554706000,41,ok
1785347558.553499000,35,ok
1785347558.555325000,55,ok
1785347558.556690000,37,ok
1785347558.583599000,34,ok
1785347558.602408000,39,ok
1785347558.602117000,36,ok
1785347558.608545000,32,ok
1785347558.605672000,37,ok
1785347558.611701000,39,ok
1785347558.609320000,40,ok
1785347558.627629000,50,ok
1785347558.644416000,42,ok
1785347558.640606000,48,ok
1785347558.660486000,41,ok
1785347558.655106000,40,ok
1785347558.644396000,31,ok
1785347558.657072000,45,ok
1785347558.667341000,42,ok
1785347558.673589000,39,ok
1785347558.693857000,40,ok
1785347558.704366000,29,ok
1785347558.710112000,35,ok
1785347558.702575000,38,ok
1785347558.715266000,36,ok
1785347558.711333000,41,ok
1785347558.715299000,40,ok
1785347558.737543000,49,ok
1785347558.761878000,46,ok
1785347558.758206000,40,ok
1785347558.761049000,47,ok
1785347558.756861000,44,ok
1785347558.764502000,43,ok
1785347558.778284000,45,ok
1785347558.779096000,48,ok
1785347558.785241000,41,ok
1785347558.812791000,34,ok
1785347558.828592000,42,ok
1785347558.815667000,46,ok
1785347558.810701000,35,ok
1785347558.825755000,39,ok
1785347558.825523000,42,ok
1785347558.841499000,51,ok
1785347558.854238000,43,ok
1785347558.880797000,49,ok
1785347558.878031000,42,ok
1785347558.885661000,37,ok
1785347558.892781000,58,ok
1785347558.886662000,45,ok
1785347558.916787000,53,ok
1785347558.908594000,56,ok
1785347558.927977000,46,ok
1785347558.961250000,45,ok
1785347558.958499000,47,ok
1785347558.945291000,47,ok
1785347558.959008000,55,ok
1785347558.970173000,47,ok
1785347558.975220000,55,ok
1785347558.984825000,55,ok
1785347559.016132000,50,ok
1785347559.019782000,47,ok
1785347559.020683000,39,ok
1785347559.036565000,51,ok
1785347559.040056000,50,ok
1785347559.040736000,40,ok
1785347559.036296000,50,ok
1785347559.078385000,52,ok
1785347559.077172000,61,ok
1785347559.085341000,42,ok
1785347559.092750000,49,ok
1785347559.094727000,45,ok
1785347559.095252000,45,ok
1785347559.102357000,44,ok
1785347559.119299000,51,ok
1785347559.137046000,39,ok
1785347559.116973000,34,ok
1785347559.122734000,45,ok
1785347559.142227000,40,ok
1785347559.152154000,44,ok
1785347559.149051000,36,ok
1785347559.155740000,39,ok
1785347559.152488000,39,ok
1785347559.187850000,38,ok
1785347559.188087000,43,ok
1785347559.192786000,41,ok
1785347559.193583000,41,ok
1785347559.200115000,43,ok
1785347559.201873000,42,ok
1785347559.223887000,37,ok
1785347559.231033000,40,ok
1785347559.253666000,41,ok
1785347559.237016000,39,ok
1785347559.246747000,45,ok
1785347559.247968000,41,ok
1785347559.252530000,38,ok
1785347559.254770000,44,ok
1785347559.263779000,50,ok
1785347559.260798000,44,ok
1785347559.304920000,41,ok
1785347559.315826000,36,ok
1785347559.310251000,42,ok
1785347559.313045000,41,ok
1785347559.316256000,40,ok
1785347559.319852000,36,ok
1785347559.332351000,45,ok
1785347559.349676000,31,ok
1785347559.352162000,34,ok
1785347559.351993000,41,ok
1785347559.354798000,43,ok
1785347559.369968000,39,ok
1785347559.364082000,37,ok
1785347559.366213000,44,ok
1785347559.376992000,42,ok
1785347559.374651000,37,ok
1785347559.401205000,31,ok
1785347559.411764000,39,ok
1785347559.418000000,37,ok
1785347559.425618000,38,ok
1785347559.418274000,40,ok
1785347559.426058000,41,ok
1785347559.455836000,41,ok
1785347559.458338000,42,ok
1785347559.457791000,44,ok
1785347559.454144000,37,ok
1785347559.469776000,45,ok
1785347559.465239000,43,ok
1785347559.476259000,46,ok
1785347559.485067000,38,ok
1785347559.474789000,42,ok
1785347559.494732000,31,ok
1785347559.527779000,52,ok
1785347559.524576000,42,ok
1785347559.536997000,35,ok
1785347559.532498000,50,ok
1785347559.537642000,42,ok
1785347559.533616000,43,ok
1785347559.558824000,37,ok
1785347559.558132000,42,ok
1785347559.571758000,41,ok
1785347559.559449000,33,ok
1785347559.589548000,33,ok
1785347559.593008000,57,ok
1785347559.588080000,48,ok
1785347559.602438000,39,ok
1785347559.597778000,47,ok
1785347559.619857000,47,ok
1785347559.647427000,41,ok
1785347559.624912000,39,ok
1785347559.653912000,39,ok
1785347559.641765000,44,ok
1785347559.646197000,38,ok
1785347559.642990000,35,ok
1785347559.680907000,35,ok
1785347559.675790000,41,ok
1785347559.683445000,34,ok
1785347559.693037000,28,ok
1785347559.689262000,43,ok
1785347559.685699000,30,ok
1785347559.715140000,43,ok
1785347559.712830000,43,ok
1785347559.715801000,36,ok
1785347559.731899000,34,ok
1785347559.744910000,32,ok
1785347559.733353000,35,ok
1785347559.745791000,37,ok
1785347559.747713000,43,ok
1785347559.755909000,45,ok
1785347559.763939000,44,ok
1785347559.771787000,31,ok
1785347559.786296000,31,ok
1785347559.783818000,34,ok
1785347559.779965000,39,ok
1785347559.792632000,39,ok
1785347559.803546000,37,ok
1785347559.815970000,35,ok
1785347559.824547000,39,ok
1785347559.825432000,31,ok
1785347559.819692000,38,ok
1785347559.816838000,34,ok
1785347559.831832000,41,ok
1785347559.840189000,35,ok
1785347559.832909000,37,ok
1785347559.854501000,41,ok
1785347559.851703000,45,ok
1785347559.877919000,37,ok
1785347559.883073000,37,ok
1785347559.891644000,38,ok
1785347559.911343000,42,ok
1785347559.896999000,45,ok
1785347559.918927000,59,ok
1785347559.932338000,36,ok
1785347559.932963000,43,ok
1785347559.936433000,35,ok
1785347559.933826000,45,ok
1785347559.937409000,39,ok
1785347559.935886000,37,ok
1785347559.954984000,46,ok
1785347559.966132000,43,ok
1785347559.983148000,49,ok
1785347559.979726000,49,ok
1785347559.980479000,49,ok
1785347559.999140000,49,ok
1785347560.021411000,45,ok
1785347560.019539000,43,ok
1785347560.020515000,44,ok
1785347560.043666000,50,ok
1785347560.056780000,43,ok
1785347560.062618000,44,ok
1785347560.059409000,43,ok
1785347560.057869000,38,ok
1785347560.066270000,47,ok
1785347560.093380000,41,ok
1785347560.087312000,62,ok
1785347560.096777000,44,ok
1785347560.098118000,40,ok
1785347560.120333000,38,ok
1785347560.120587000,39,ok
1785347560.124721000,32,ok
1785347560.135299000,34,ok
1785347560.132234000,33,ok
1785347560.157505000,40,ok
1785347560.160252000,34,ok
1785347560.158539000,48,ok
1785347560.164573000,34,ok
1785347560.164947000,29,ok
1785347560.173348000,37,ok
1785347560.170986000,35,ok
1785347560.210950000,41,ok
1785347560.199638000,33,ok
1785347560.199201000,39,ok
1785347560.194097000,47,ok
1785347560.221828000,34,ok
1785347560.228104000,41,ok
1785347560.245486000,45,ok
1785347560.256319000,47,ok
1785347560.243615000,37,ok
1785347560.248905000,50,ok
1785347560.274539000,35,ok
1785347560.266691000,44,ok
1785347560.280524000,46,ok
1785347560.278514000,41,ok
1785347560.279553000,39,ok
1785347560.267599000,46,ok
1785347560.311008000,39,ok
1785347560.320062000,40,ok
1785347560.328328000,43,ok
1785347560.322292000,38,ok
1785347560.350171000,32,ok
1785347560.348674000,36,ok
1785347560.346522000,43,ok
1785347560.363886000,36,ok
1785347560.371715000,42,ok
1785347560.364381000,51,ok
1785347560.390667000,40,ok
1785347560.383484000,36,ok
1785347560.388243000,36,ok
1785347560.391460000,43,ok
1785347560.385024000,39,ok
1785347560.388758000,36,ok
1785347560.426076000,37,ok
1785347560.420303000,35,ok
1785347560.422338000,34,ok
1785347560.428319000,42,ok
1785347560.455301000,41,ok
1785347560.458518000,32,ok
1785347560.455706000,37,ok
1785347560.453603000,45,ok
1785347560.461881000,37,ok
1785347560.465037000,41,ok
1785347560.505291000,34,ok
1785347560.509502000,44,ok
1785347560.502707000,39,ok
1785347560.503002000,41,ok
1785347560.517791000,50,ok
1785347560.505997000,40,ok
1785347560.535129000,35,ok
1785347560.537964000,46,ok
1785347560.529711000,38,ok
1785347560.542185000,39,ok
1785347560.571618000,43,ok
1785347560.563894000,39,ok
1785347560.575635000,43,ok
1785347560.590097000,47,ok
1785347560.589604000,51,ok
1785347560.607240000,35,ok
1785347560.590400000,42,ok
1785347560.629113000,39,ok
1785347560.625019000,45,ok
1785347560.628119000,40,ok
1785347560.624591000,41,ok
1785347560.640980000,36,ok
1785347560.633472000,38,ok
1785347560.635862000,39,ok
1785347560.660072000,43,ok
1785347560.673950000,39,ok
1785347560.665808000,38,ok
1785347560.681901000,39,ok
1785347560.680506000,41,ok
1785347560.688390000,32,ok
1785347560.690904000,35,ok
1785347560.721844000,33,ok
1785347560.706670000,35,ok
1785347560.716557000,47,ok
1785347560.724769000,35,ok
1785347560.721658000,38,ok
1785347560.716487000,36,ok
1785347560.747466000,36,ok
1785347560.744689000,40,ok
1785347560.750631000,38,ok
1785347560.770981000,40,ok
1785347560.772609000,40,ok
1785347560.772620000,28,ok
1785347560.775071000,37,ok
1785347560.784031000,37,ok
1785347560.798483000,42,ok
1785347560.789879000,35,ok
1785347560.814973000,31,ok
1785347560.818451000,40,ok
1785347560.817160000,40,ok
1785347560.824857000,38,ok
1785347560.824920000,39,ok
1785347560.840470000,44,ok
1785347560.863290000,42,ok
1785347560.862611000,43,ok
1785347560.881186000,56,ok
1785347560.863382000,39,ok
1785347560.863021000,49,ok
1785347560.879726000,51,ok
1785347560.877592000,45,ok
1785347560.911575000,62,ok
1785347560.928578000,45,ok
1785347560.923524000,41,ok
1785347560.942553000,39,ok
1785347560.940703000,48,ok
1785347560.942972000,42,ok
1785347560.946988000,47,ok
1785347560.939453000,36,ok
1785347560.958521000,47,ok
1785347560.999462000,39,ok
1785347560.976886000,42,ok
1785347560.997312000,44,ok
1785347560.996814000,46,ok
1785347560.998305000,56,ok
1785347561.001881000,41,ok
1785347560.995682000,46,ok
1785347561.059052000,35,ok
1785347561.056404000,54,ok
1785347561.054926000,37,ok
1785347561.063507000,33,ok
1785347561.066286000,35,ok
1785347561.062084000,40,ok
1785347561.068848000,40,ok
1785347561.082459000,48,ok
1785347561.109865000,43,ok
1785347561.113944000,41,ok
1785347561.112247000,41,ok
1785347561.111583000,46,ok
1785347561.112295000,60,ok
1785347561.112917000,50,ok
1785347561.120201000,46,ok
1785347561.115800000,45,ok
1785347561.183188000,45,ok
1785347561.173614000,45,ok
1785347561.165489000,33,ok
1785347561.195958000,47,ok
1785347561.181626000,44,ok
1785347561.187339000,39,ok
1785347561.206986000,44,ok
1785347561.227636000,33,ok
1785347561.215006000,37,ok
1785347561.227718000,49,ok
1785347561.231372000,38,ok
1785347561.231304000,42,ok
1785347561.229645000,45,ok
1785347561.225522000,34,ok
1785347561.223564000,42,ok
1785347561.247886000,42,ok
1785347561.282478000,34,ok
1785347561.290518000,47,ok
1785347561.307617000,50,ok
1785347561.300959000,50,ok
1785347561.312646000,48,ok
1785347561.312674000,42,ok
1785347561.346006000,57,ok
1785347561.343404000,49,ok
1785347561.342875000,48,ok
1785347561.342957000,49,ok
1785347561.350274000,47,ok
1785347561.348790000,45,ok
1785347561.349657000,48,ok
1785347561.346824000,43,ok
1785347561.352120000,46,ok
1785347561.365831000,52,ok
1785347561.378303000,32,ok
1785347561.418622000,42,ok
1785347561.414640000,35,ok
1785347561.412828000,41,ok
1785347561.442426000,51,ok
1785347561.451634000,46,ok
1785347561.468098000,57,ok
1785347561.463053000,56,ok
1785347561.463792000,60,ok
1785347561.465643000,53,ok
1785347561.447949000,63,ok
1785347561.467649000,52,ok
1785347561.471043000,62,ok
1785347561.458274000,59,ok
1785347561.486806000,66,ok
1785347561.505472000,37,ok
1785347561.512061000,36,ok
1785347561.532983000,34,ok
1785347561.553754000,45,ok
1785347561.541928000,38,ok
1785347561.546135000,46,ok
1785347561.560774000,45,ok
1785347561.564814000,41,ok
1785347561.567918000,36,ok
1785347561.571638000,41,ok
1785347561.562897000,35,ok
1785347561.566242000,39,ok
1785347561.568641000,36,ok
1785347561.571709000,41,ok
1785347561.571989000,42,ok
1785347561.594371000,35,ok
1785347561.606864000,38,ok
1785347561.633003000,41,ok
1785347561.620733000,37,ok
1785347561.644185000,41,ok
1785347561.655180000,51,ok
1785347561.666503000,52,ok
1785347561.680895000,55,ok
1785347561.693940000,48,ok
1785347561.681853000,43,ok
1785347561.694328000,53,ok
1785347561.692457000,60,ok
1785347561.698276000,50,ok
1785347561.681706000,52,ok
1785347561.692674000,59,ok
1785347561.697741000,60,ok
1785347561.717206000,35,ok
1785347561.756950000,49,ok
1785347561.746833000,44,ok
1785347561.765750000,47,ok
1785347561.764381000,41,ok
1785347561.784011000,49,ok
1785347561.802570000,38,ok
1785347561.810796000,38,ok
1785347561.792416000,51,ok
1785347561.813265000,43,ok
1785347561.819069000,41,ok
1785347561.810822000,51,ok
1785347561.815041000,47,ok
1785347561.840842000,44,ok
1785347561.832758000,57,ok
1785347561.847706000,43,ok
1785347561.839750000,53,ok
1785347561.880561000,43,ok
1785347561.870322000,46,ok
1785347561.878001000,40,ok
1785347561.885942000,37,ok
1785347561.923856000,37,ok
1785347561.924697000,41,ok
1785347561.924254000,45,ok
1785347561.917837000,53,ok
1785347561.923344000,43,ok
1785347561.930580000,34,ok
1785347561.928416000,41,ok
1785347561.932339000,45,ok
1785347561.968223000,36,ok
1785347561.968550000,41,ok
1785347561.972544000,43,ok
1785347561.969281000,45,ok
1785347561.996916000,48,ok
1785347562.003772000,35,ok
1785347562.020558000,50,ok
1785347562.001566000,53,ok
1785347562.039998000,40,ok
1785347562.028878000,46,ok
1785347562.045805000,46,ok
1785347562.030959000,45,ok
1785347562.046786000,41,ok
1785347562.043603000,40,ok
1785347562.050193000,50,ok
1785347562.088107000,40,ok
1785347562.079517000,50,ok
1785347562.078425000,60,ok
1785347562.103434000,47,ok
1785347562.094903000,40,ok
1785347562.108855000,43,ok
1785347562.119792000,35,ok
1785347562.121973000,38,ok
1785347562.131022000,39,ok
1785347562.124729000,41,ok
1785347562.146898000,42,ok
1785347562.144062000,39,ok
1785347562.142970000,34,ok
1785347562.144370000,48,ok
1785347562.156976000,34,ok
1785347562.166299000,32,ok
1785347562.196427000,46,ok
1785347562.197521000,47,ok
1785347562.203669000,43,ok
1785347562.196272000,41,ok
1785347562.256241000,76,ok
1785347562.256288000,77,ok
1785347562.200997000,40,ok
1785347562.251035000,85,ok
1785347562.291187000,46,ok
1785347562.291710000,95,ok
1785347562.266364000,72,ok
1785347562.296328000,43,ok
1785347562.294619000,43,ok
1785347562.294328000,42,ok
1785347562.326120000,36,ok
1785347562.342559000,42,ok
1785347562.355153000,34,ok
1785347562.356422000,48,ok
1785347562.355173000,31,ok
1785347562.361133000,43,ok
1785347562.372008000,38,ok
1785347562.373006000,45,ok
1785347562.378721000,29,ok
1785347562.379906000,30,ok
1785347562.377421000,39,ok
1785347562.384508000,35,ok
1785347562.406047000,36,ok
1785347562.408041000,41,ok
1785347562.410364000,38,ok
1785347562.412217000,46,ok
1785347562.420354000,36,ok
1785347562.433882000,34,ok
1785347562.438485000,34,ok
1785347562.444831000,39,ok
1785347562.450217000,39,ok
1785347562.459681000,40,ok
1785347562.468105000,37,ok
1785347562.470156000,46,ok
1785347562.470266000,35,ok
1785347562.473520000,41,ok
1785347562.470983000,41,ok
1785347562.493778000,46,ok
1785347562.500612000,33,ok
1785347562.516113000,35,ok
1785347562.516995000,38,ok
1785347562.515687000,33,ok
1785347562.515521000,36,ok
1785347562.533401000,43,ok
1785347562.543894000,40,ok
1785347562.541126000,40,ok
1785347562.545858000,37,ok
1785347562.569396000,47,ok
1785347562.573871000,41,ok
1785347562.576079000,45,ok
1785347562.575986000,40,ok
1785347562.576105000,40,ok
1785347562.578166000,38,ok
1785347562.613746000,41,ok
1785347562.613475000,43,ok
1785347562.620834000,39,ok
1785347562.635348000,41,ok
1785347562.633571000,37,ok
1785347562.628245000,39,ok
1785347562.628168000,39,ok
1785347562.632736000,37,ok
1785347562.645161000,41,ok
1785347562.682027000,37,ok
1785347562.672263000,44,ok
1785347562.674367000,40,ok
1785347562.675725000,33,ok
1785347562.685276000,37,ok
1785347562.681578000,37,ok
1785347562.688185000,43,ok
1785347562.719332000,39,ok
1785347562.731926000,38,ok
1785347562.736668000,40,ok
1785347562.723315000,35,ok
1785347562.743271000,45,ok
1785347562.749128000,43,ok
1785347562.743656000,46,ok
1785347562.746992000,41,ok
1785347562.763881000,39,ok
1785347562.771848000,35,ok
1785347562.772677000,34,ok
1785347562.780618000,30,ok
1785347562.784627000,36,ok
1785347562.780390000,35,ok
1785347562.786541000,28,ok
1785347562.782945000,42,ok
1785347562.808266000,33,ok
1785347562.815572000,37,ok
1785347562.830959000,39,ok
1785347562.831739000,39,ok
1785347562.831004000,38,ok
1785347562.830497000,34,ok
1785347562.837180000,37,ok
1785347562.853347000,42,ok
1785347562.867521000,36,ok
1785347562.858255000,33,ok
1785347562.886283000,51,ok
1785347562.878730000,40,ok
1785347562.880571000,39,ok
1785347562.889809000,43,ok
1785347562.894448000,47,ok
1785347562.887589000,54,ok
1785347562.932636000,58,ok
1785347562.941394000,36,ok
1785347562.933083000,43,ok
1785347562.940474000,41,ok
1785347562.939974000,40,ok
1785347562.944097000,42,ok
1785347562.937681000,39,ok
1785347562.958454000,44,ok
1785347563.018895000,61,ok
1785347563.030257000,68,ok
1785347563.031543000,80,ok
1785347563.005367000,62,ok
1785347563.015101000,70,ok
1785347563.033459000,71,ok
1785347563.029622000,74,ok
1785347563.046766000,72,ok
1785347563.086224000,48,ok
1785347563.094699000,56,ok
1785347563.096929000,52,ok
1785347563.086342000,42,ok
1785347563.099127000,48,ok
1785347563.109662000,48,ok
1785347563.119930000,57,ok
1785347563.113717000,53,ok
1785347563.137263000,33,ok
1785347563.148033000,38,ok
1785347563.148463000,41,ok
1785347563.159346000,40,ok
1785347563.150480000,48,ok
1785347563.148996000,43,ok
1785347563.154828000,42,ok
1785347563.196244000,43,ok
1785347563.189708000,45,ok
1785347563.200891000,46,ok
1785347563.199328000,34,ok
1785347563.202390000,40,ok
1785347563.220625000,41,ok
1785347563.209974000,42,ok
1785347563.220956000,44,ok
1785347563.238408000,40,ok
1785347563.239728000,42,ok
1785347563.258585000,42,ok
1785347563.264279000,38,ok
1785347563.266312000,39,ok
1785347563.266206000,34,ok
1785347563.266740000,34,ok
1785347563.269595000,44,ok
1785347563.307523000,37,ok
1785347563.304681000,33,ok
1785347563.307109000,41,ok
1785347563.308258000,41,ok
1785347563.322035000,38,ok
1785347563.339072000,48,ok
1785347563.327344000,44,ok
1785347563.337515000,43,ok
1785347563.357550000,52,ok
1785347563.367459000,45,ok
1785347563.372556000,35,ok
1785347563.363378000,34,ok
1785347563.392943000,42,ok
1785347563.386531000,43,ok
1785347563.392525000,42,ok
1785347563.391747000,42,ok
1785347563.424530000,36,ok
1785347563.408722000,40,ok
1785347563.425278000,43,ok
1785347563.423987000,41,ok
1785347563.442009000,47,ok
1785347563.449076000,47,ok
1785347563.463709000,46,ok
1785347563.459698000,42,ok
1785347563.458440000,44,ok
1785347563.475486000,38,ok
1785347563.487807000,39,ok
1785347563.488025000,47,ok
1785347563.494107000,38,ok
1785347563.488064000,41,ok
1785347563.496408000,43,ok
1785347563.515230000,39,ok
1785347563.539445000,49,ok
1785347563.537468000,45,ok
1785347563.536529000,40,ok
1785347563.539888000,50,ok
1785347563.546928000,36,ok
1785347563.551563000,46,ok
1785347563.577120000,43,ok
1785347563.583612000,41,ok
1785347563.585384000,38,ok
1785347563.580182000,41,ok
1785347563.581734000,40,ok
1785347563.588376000,38,ok
1785347563.597498000,38,ok
1785347563.596294000,40,ok
1785347563.606952000,37,ok
1785347563.598907000,41,ok
1785347563.638238000,32,ok
1785347563.648326000,45,ok
1785347563.634710000,40,ok
1785347563.649305000,41,ok
1785347563.651696000,39,ok
1785347563.677113000,42,ok
1785347563.687068000,47,ok
1785347563.676193000,50,ok
1785347563.684685000,43,ok
1785347563.687108000,45,ok
1785347563.701090000,44,ok
1785347563.697697000,43,ok
1785347563.698350000,44,ok
1785347563.720646000,50,ok
1785347563.715489000,51,ok
1785347563.733050000,47,ok
1785347563.765227000,38,ok
1785347563.770617000,40,ok
1785347563.773647000,44,ok
1785347563.783970000,54,ok
1785347563.788272000,43,ok
1785347563.787015000,39,ok
1785347563.796982000,41,ok
1785347563.787298000,44,ok
1785347563.788259000,52,ok
1785347563.797034000,35,ok
1785347563.821017000,34,ok
1785347563.806235000,36,ok
1785347563.840467000,35,ok
1785347563.832945000,46,ok
1785347563.845478000,44,ok
1785347563.845531000,39,ok
1785347563.862417000,32,ok
1785347563.886531000,47,ok
1785347563.916022000,78,ok
1785347563.883716000,36,ok
1785347563.915750000,52,ok
1785347563.921619000,48,ok
1785347563.921457000,32,ok
1785347563.923917000,47,ok
1785347563.922319000,58,ok
1785347563.925485000,51,ok
1785347563.896470000,47,ok
1785347563.947943000,51,ok
1785347563.965706000,73,ok
1785347563.997917000,53,ok
1785347563.978006000,55,ok
1785347564.020944000,74,ok
1785347564.003294000,71,ok
1785347564.047324000,54,ok
1785347564.055077000,57,ok
1785347564.060265000,73,ok
1785347564.093128000,51,ok
1785347564.084179000,67,ok
1785347564.065962000,61,ok
1785347564.084155000,46,ok
1785347564.096877000,49,ok
1785347564.111411000,61,ok
1785347564.118733000,73,ok
1785347564.134354000,44,ok
1785347564.137704000,52,ok
1785347564.150814000,32,ok
1785347564.152392000,49,ok
1785347564.156431000,56,ok
1785347564.173418000,56,ok
1785347564.192748000,42,ok
1785347564.193896000,56,ok
1785347564.199121000,40,ok
1785347564.215198000,37,ok
1785347564.203516000,40,ok
1785347564.206697000,49,ok
1785347564.223942000,44,ok
1785347564.238735000,49,ok
1785347564.242013000,52,ok
1785347564.252292000,49,ok
1785347564.255649000,36,ok
1785347564.276308000,48,ok
1785347564.278439000,47,ok
1785347564.285987000,39,ok
1785347564.279365000,44,ok
1785347564.318787000,57,ok
1785347564.332076000,53,ok
1785347564.309050000,39,ok
1785347564.317029000,49,ok
1785347564.335242000,45,ok
1785347564.336834000,53,ok
1785347564.345879000,49,ok
1785347564.338626000,40,ok
1785347564.373311000,43,ok
1785347564.380351000,42,ok
1785347564.379098000,56,ok
1785347564.393855000,39,ok
1785347564.396443000,49,ok
1785347564.408446000,45,ok
1785347564.407850000,44,ok
1785347564.400292000,62,ok
1785347564.445412000,45,ok
1785347564.444154000,46,ok
1785347564.446675000,46,ok
1785347564.452873000,48,ok
1785347564.451883000,42,ok
1785347564.457848000,44,ok
1785347564.485955000,37,ok
1785347564.488352000,47,ok
1785347564.482859000,56,ok
1785347564.498642000,43,ok
1785347564.504412000,39,ok
1785347564.509322000,38,ok
1785347564.526005000,37,ok
1785347564.521864000,38,ok
1785347564.526353000,41,ok
1785347564.523962000,41,ok
1785347564.545046000,33,ok
1785347564.568503000,42,ok
1785347564.581586000,57,ok
1785347564.570400000,47,ok
1785347564.567813000,52,ok
1785347564.595649000,66,ok
1785347564.603123000,43,ok
1785347564.602277000,38,ok
1785347564.608442000,41,ok
1785347564.635347000,38,ok
1785347564.636269000,44,ok
1785347564.643527000,42,ok
1785347564.648604000,37,ok
1785347564.647331000,41,ok
1785347564.641684000,37,ok
1785347564.675661000,39,ok
1785347564.675297000,45,ok
1785347564.679505000,35,ok
1785347564.686036000,38,ok
1785347564.670731000,41,ok
1785347564.679255000,41,ok
1785347564.731643000,64,ok
1785347564.725928000,49,ok
1785347564.771158000,77,ok
1785347564.781039000,34,ok
1785347564.775350000,50,ok
1785347564.778561000,44,ok
1785347564.774091000,88,ok
1785347564.792872000,50,ok
1785347564.800585000,49,ok
1785347564.785527000,44,ok
1785347564.815864000,33,ok
1785347564.814033000,37,ok
1785347564.812963000,40,ok
1785347564.818543000,36,ok
1785347564.814442000,39,ok
1785347564.842986000,44,ok
1785347564.847839000,37,ok
1785347564.854504000,41,ok
1785347564.875930000,39,ok
1785347564.884565000,40,ok
1785347564.879284000,37,ok
1785347564.893624000,47,ok
1785347564.880003000,39,ok
1785347564.895320000,42,ok
1785347564.893694000,43,ok
1785347564.922064000,45,ok
1785347564.895564000,42,ok
1785347564.922225000,45,ok
1785347564.919713000,35,ok
1785347564.934742000,40,ok
1785347564.929674000,37,ok
1785347564.961255000,38,ok
1785347564.958564000,37,ok
1785347564.971899000,46,ok
1785347564.992829000,37,ok
1785347565.010841000,45,ok
1785347565.007580000,40,ok
1785347564.996783000,59,ok
1785347565.003757000,42,ok
1785347565.014461000,40,ok
1785347565.012810000,50,ok
1785347565.015684000,43,ok
1785347565.012974000,47,ok
1785347565.037984000,49,ok
1785347565.035817000,51,ok
1785347565.058846000,37,ok
1785347565.055001000,32,ok
1785347565.072947000,39,ok
1785347565.073717000,40,ok
1785347565.092335000,39,ok
1785347565.101231000,37,ok
1785347565.093580000,48,ok
1785347565.109039000,40,ok
1785347565.112592000,42,ok
1785347565.104353000,41,ok
1785347565.109767000,39,ok
1785347565.122061000,44,ok
1785347565.114191000,44,ok
1785347565.123758000,43,ok
1785347565.146918000,41,ok
1785347565.142851000,37,ok
1785347565.174318000,45,ok
1785347565.169482000,37,ok
1785347565.199594000,45,ok
1785347565.200770000,33,ok
1785347565.196143000,46,ok
1785347565.203235000,43,ok
1785347565.214583000,51,ok
1785347565.199580000,35,ok
1785347565.197571000,40,ok
1785347565.227209000,45,ok
1785347565.230316000,37,ok
1785347565.230494000,43,ok
1785347565.233166000,37,ok
1785347565.250803000,41,ok
1785347565.261801000,40,ok
1785347565.260576000,31,ok
1785347565.277466000,35,ok
1785347565.295234000,41,ok
1785347565.290863000,34,ok
1785347565.302422000,38,ok
1785347565.301191000,33,ok
1785347565.305746000,42,ok
1785347565.301480000,35,ok
1785347565.303565000,41,ok
1785347565.316845000,38,ok
1785347565.324304000,32,ok
1785347565.324181000,41,ok
1785347565.330930000,37,ok
1785347565.343725000,37,ok
1785347565.357851000,37,ok
1785347565.360489000,36,ok
1785347565.361856000,33,ok
1785347565.386549000,36,ok
1785347565.394486000,34,ok
1785347565.389018000,40,ok
1785347565.397206000,37,ok
1785347565.396348000,37,ok
1785347565.398512000,32,ok
1785347565.405937000,38,ok
1785347565.396855000,40,ok
1785347565.420346000,39,ok
1785347565.427801000,47,ok
1785347565.438632000,32,ok
1785347565.423367000,42,ok
1785347565.443021000,40,ok
1785347565.462239000,40,ok
1785347565.458231000,39,ok
1785347565.464701000,38,ok
1785347565.488254000,38,ok
1785347565.492705000,35,ok
1785347565.499781000,40,ok
1785347565.511867000,47,ok
1785347565.514583000,45,ok
1785347565.514187000,38,ok
1785347565.506589000,44,ok
1785347565.517347000,46,ok
1785347565.537271000,49,ok
1785347565.548045000,42,ok
1785347565.553395000,38,ok
1785347565.577589000,41,ok
1785347565.553746000,43,ok
1785347565.578466000,41,ok
1785347565.596686000,51,ok
1785347565.577617000,41,ok
1785347565.603510000,42,ok
1785347565.608506000,43,ok
1785347565.623956000,40,ok
1785347565.618092000,39,ok
1785347565.619699000,34,ok
1785347565.621099000,46,ok
1785347565.619832000,35,ok
1785347565.637046000,40,ok
1785347565.643274000,31,ok
1785347565.675914000,45,ok
1785347565.675523000,48,ok
1785347565.665427000,40,ok
1785347565.680516000,54,ok
1785347565.689863000,46,ok
1785347565.723468000,56,ok
1785347565.718755000,54,ok
1785347565.723446000,36,ok
1785347565.730477000,45,ok
1785347565.744922000,25,ok
1785347565.742587000,29,ok
1785347565.750616000,21,ok
1785347565.749541000,33,ok
1785347565.750211000,32,ok
1785347565.748503000,42,ok
1785347565.766840000,27,ok
1785347565.751829000,27,ok
1785347565.784665000,35,ok
1785347565.788194000,33,ok
1785347565.788864000,31,ok
1785347565.809225000,30,ok
1785347565.786635000,41,ok
1785347565.815320000,37,ok
1785347565.818204000,32,ok
1785347565.810282000,31,ok
1785347565.824538000,37,ok
1785347565.829633000,29,ok
1785347565.839313000,36,ok
1785347565.835908000,36,ok
1785347565.836326000,32,ok
1785347565.852050000,41,ok
1785347565.851826000,35,ok
1785347565.854890000,42,ok
1785347565.885666000,36,ok
1785347565.881199000,43,ok
1785347565.884418000,38,ok
1785347565.894437000,37,ok
1785347565.887515000,32,ok
1785347565.897321000,36,ok
1785347565.905676000,32,ok
1785347565.907907000,43,ok
1785347565.922572000,40,ok
1785347565.925664000,39,ok
1785347565.930745000,29,ok
1785347565.927518000,25,ok
1785347565.930729000,38,ok
1785347565.947107000,41,ok
1785347565.931682000,35,ok
1785347565.965226000,34,ok
1785347565.970364000,47,ok
1785347565.982845000,46,ok
1785347565.969635000,35,ok
1785347565.992957000,46,ok
1785347565.995646000,44,ok
1785347566.019212000,34,ok
1785347566.021904000,44,ok
1785347566.008423000,53,ok
1785347566.013881000,43,ok
1785347566.025225000,43,ok
1785347566.019879000,37,ok
1785347566.033972000,35,ok
1785347566.038253000,40,ok
1785347566.033187000,38,ok
1785347566.054295000,36,ok
1785347566.057918000,32,ok
1785347566.088609000,43,ok
1785347566.093996000,35,ok
1785347566.080796000,42,ok
1785347566.094802000,40,ok
1785347566.115207000,39,ok
1785347566.136979000,42,ok
1785347566.128275000,40,ok
1785347566.127289000,54,ok
1785347566.133060000,38,ok
1785347566.122963000,35,ok
1785347566.131052000,36,ok
1785347566.133693000,39,ok
1785347566.158036000,31,ok
1785347566.153538000,50,ok
1785347566.147165000,46,ok
1785347566.166844000,36,ok
1785347566.190756000,37,ok
1785347566.198774000,40,ok
1785347566.191121000,32,ok
1785347566.201949000,39,ok
1785347566.219032000,40,ok
1785347566.233117000,39,ok
1785347566.235643000,43,ok
1785347566.235162000,49,ok
1785347566.232409000,43,ok
1785347566.233980000,39,ok
1785347566.238825000,40,ok
1785347566.243261000,44,ok
1785347566.252208000,44,ok
1785347566.253099000,45,ok
1785347566.252624000,45,ok
1785347566.270877000,36,ok
1785347566.296424000,33,ok
1785347566.301280000,39,ok
1785347566.299935000,39,ok
1785347566.299951000,33,ok
1785347566.346033000,42,ok
1785347566.336372000,34,ok
1785347566.323675000,40,ok
1785347566.330219000,31,ok
1785347566.342161000,37,ok
1785347566.344689000,42,ok
1785347566.346091000,48,ok
1785347566.355328000,42,ok
1785347566.353545000,42,ok
1785347566.356370000,46,ok
1785347566.353742000,45,ok
1785347566.382916000,42,ok
1785347566.407263000,33,ok
1785347566.416675000,47,ok
1785347566.408659000,45,ok
1785347566.407789000,43,ok
1785347566.439588000,40,ok
1785347566.438872000,44,ok
1785347566.437158000,36,ok
1785347566.441983000,46,ok
1785347566.447063000,38,ok
1785347566.443879000,41,ok
1785347566.442229000,41,ok
1785347566.450096000,45,ok
1785347566.462634000,39,ok
1785347566.467776000,43,ok
1785347566.468260000,37,ok
1785347566.492368000,45,ok
1785347566.517527000,42,ok
1785347566.519762000,43,ok
1785347566.521080000,39,ok
1785347566.522801000,41,ok
1785347566.547521000,44,ok
1785347566.546340000,45,ok
1785347566.546101000,36,ok
1785347566.548688000,42,ok
1785347566.545808000,49,ok
1785347566.551314000,42,ok
1785347566.553212000,34,ok
1785347566.559029000,42,ok
1785347566.564394000,34,ok
1785347566.574716000,34,ok
1785347566.562533000,35,ok
1785347566.599023000,37,ok
1785347566.621180000,37,ok
1785347566.622500000,42,ok
1785347566.623930000,41,ok
1785347566.632934000,45,ok
1785347566.649665000,40,ok
1785347566.661055000,39,ok
1785347566.657247000,49,ok
1785347566.655366000,53,ok
1785347566.652796000,34,ok
1785347566.661245000,40,ok
1785347566.663986000,42,ok
1785347566.655607000,37,ok
1785347566.681299000,38,ok
1785347566.680755000,36,ok
1785347566.680339000,51,ok
1785347566.714254000,37,ok
1785347566.742554000,36,ok
1785347566.746245000,36,ok
1785347566.738610000,44,ok
1785347566.742288000,42,ok
1785347566.736134000,32,ok
1785347566.766168000,37,ok
1785347566.740980000,46,ok
1785347566.761361000,42,ok
1785347566.757567000,44,ok
1785347566.753679000,39,ok
1785347566.764089000,44,ok
1785347566.757173000,45,ok
1785347566.773998000,32,ok
1785347566.782693000,29,ok
1785347566.783153000,38,ok
1785347566.830327000,38,ok
1785347566.831088000,35,ok
1785347566.825438000,39,ok
1785347566.846255000,37,ok
1785347566.843799000,42,ok
1785347566.844950000,48,ok
1785347566.856828000,41,ok
1785347566.842842000,40,ok
1785347566.861119000,40,ok
1785347566.868552000,34,ok
1785347566.860045000,41,ok
1785347566.858857000,40,ok
1785347566.860676000,44,ok
1785347566.869584000,40,ok
1785347566.870893000,34,ok
1785347566.884469000,29,ok
1785347566.929299000,42,ok
1785347566.925063000,36,ok
1785347566.928063000,42,ok
1785347566.948142000,49,ok
1785347566.955169000,51,ok
1785347566.963657000,49,ok
1785347566.949678000,46,ok
1785347566.975386000,54,ok
1785347566.962774000,47,ok
1785347566.978412000,53,ok
1785347566.961193000,50,ok
1785347566.979062000,51,ok
1785347566.982408000,50,ok
1785347566.985751000,47,ok
1785347567.001095000,53,ok
1785347567.009638000,44,ok
1785347567.046686000,32,ok
1785347567.052938000,38,ok
1785347567.051598000,37,ok
1785347567.065668000,36,ok
1785347567.070333000,39,ok
1785347567.066756000,28,ok
1785347567.063212000,34,ok
1785347567.066415000,39,ok
1785347567.075942000,40,ok
1785347567.078755000,38,ok
1785347567.079773000,40,ok
1785347567.097003000,37,ok
1785347567.106433000,41,ok
1785347567.101627000,46,ok
1785347567.111780000,44,ok
1785347567.144913000,45,ok
1785347567.134355000,43,ok
1785347567.155767000,46,ok
1785347567.157497000,45,ok
1785347567.167757000,38,ok
1785347567.162224000,38,ok
1785347567.169964000,41,ok
1785347567.164847000,37,ok
1785347567.178210000,48,ok
1785347567.193144000,51,ok
1785347567.190392000,52,ok
1785347567.190461000,38,ok
1785347567.207324000,34,ok
1785347567.214572000,39,ok
1785347567.216629000,32,ok
1785347567.216302000,34,ok
1785347567.246420000,39,ok
1785347567.245083000,35,ok
1785347567.242363000,31,ok
1785347567.265144000,39,ok
1785347567.265276000,31,ok
1785347567.260591000,37,ok
1785347567.263344000,35,ok
1785347567.262960000,41,ok
1785347567.284448000,47,ok
1785347567.283990000,38,ok
1785347567.298501000,40,ok
1785347567.305482000,38,ok
1785347567.306153000,41,ok
1785347567.312765000,38,ok
1785347567.315504000,36,ok
1785347567.311034000,33,ok
1785347567.346429000,41,ok
1785347567.356224000,44,ok
1785347567.366576000,51,ok
1785347567.369594000,44,ok
1785347567.374131000,55,ok
1785347567.376346000,44,ok
1785347567.374395000,49,ok
1785347567.400955000,36,ok
1785347567.383062000,44,ok
1785347567.402262000,40,ok
1785347567.423927000,38,ok
1785347567.418076000,43,ok
1785347567.430817000,35,ok
1785347567.433305000,42,ok
1785347567.434088000,38,ok
1785347567.434824000,43,ok
1785347567.464915000,41,ok
1785347567.464633000,39,ok
1785347567.471472000,47,ok
1785347567.465450000,37,ok
1785347567.473365000,33,ok
1785347567.475721000,31,ok
1785347567.481794000,34,ok
1785347567.491345000,34,ok
1785347567.492668000,32,ok
1785347567.494532000,40,ok
1785347567.520669000,34,ok
1785347567.525893000,34,ok
1785347567.529057000,43,ok
1785347567.527288000,39,ok
1785347567.529825000,34,ok
1785347567.556870000,28,ok
1785347567.550018000,40,ok
1785347567.567257000,31,ok
1785347567.557103000,33,ok
1785347567.562305000,37,ok
1785347567.576748000,38,ok
1785347567.578768000,39,ok
1785347567.591806000,43,ok
1785347567.579491000,46,ok
1785347567.583760000,40,ok
1785347567.599105000,39,ok
1785347567.634978000,43,ok
1785347567.632416000,44,ok
1785347567.612980000,39,ok
1785347567.629343000,34,ok
1785347567.635405000,38,ok
1785347567.662374000,41,ok
1785347567.661077000,44,ok
1785347567.666016000,34,ok
1785347567.665890000,35,ok
1785347567.675619000,39,ok
1785347567.684993000,38,ok
1785347567.682905000,41,ok
1785347567.684640000,34,ok
1785347567.695230000,45,ok
1785347567.699111000,39,ok
1785347567.719275000,40,ok
1785347567.729671000,38,ok
1785347567.749132000,53,ok
1785347567.745014000,48,ok
1785347567.752314000,55,ok
1785347567.769196000,44,ok
1785347567.770411000,38,ok
1785347567.777666000,40,ok
1785347567.781778000,41,ok
1785347567.781341000,35,ok
1785347567.815009000,46,ok
1785347567.795951000,36,ok
1785347567.798689000,38,ok
1785347567.825778000,47,ok
1785347567.825797000,32,ok
1785347567.828331000,48,ok
1785347567.822930000,40,ok
1785347567.853330000,44,ok
1785347567.850024000,34,ok
1785347567.850113000,33,ok
1785347567.877453000,32,ok
1785347567.855809000,36,ok
1785347567.875817000,37,ok
1785347567.883495000,37,ok
1785347567.887621000,40,ok
1785347567.885659000,39,ok
1785347567.914688000,47,ok
1785347567.930427000,47,ok
1785347567.924950000,54,ok
1785347567.927300000,60,ok
1785347567.934838000,31,ok
1785347567.942517000,46,ok
1785347567.966132000,57,ok
1785347567.974045000,41,ok
1785347567.967425000,58,ok
1785347567.977174000,46,ok
1785347567.991374000,45,ok
1785347567.996154000,41,ok
1785347568.013575000,44,ok
1785347568.009208000,41,ok
1785347568.016083000,35,ok
1785347568.010501000,54,ok
1785347568.045669000,40,ok
1785347568.046250000,42,ok
1785347568.057383000,43,ok
1785347568.055736000,37,ok
1785347568.060002000,50,ok
1785347568.075966000,40,ok
1785347568.065337000,42,ok
1785347568.092404000,43,ok
1785347568.093139000,41,ok
1785347568.110921000,49,ok
1785347568.114586000,42,ok
1785347568.113748000,55,ok
1785347568.107482000,42,ok
1785347568.126205000,44,ok
1785347568.124096000,44,ok
1785347568.158216000,39,ok
1785347568.154356000,47,ok
1785347568.170151000,39,ok
1785347568.172924000,33,ok
1785347568.176473000,40,ok
1785347568.166961000,37,ok
1785347568.166428000,36,ok
1785347568.187999000,42,ok
1785347568.210354000,35,ok
1785347568.214846000,44,ok
1785347568.220371000,37,ok
1785347568.218202000,34,ok
1785347568.229596000,43,ok
1785347568.233393000,45,ok
1785347568.222245000,36,ok
1785347568.235611000,38,ok
1785347568.259107000,30,ok
1785347568.259156000,34,ok
1785347568.262084000,38,ok
1785347568.268847000,36,ok
1785347568.269021000,38,ok
1785347568.266107000,33,ok
1785347568.272380000,37,ok
1785347568.307549000,45,ok
1785347568.305950000,34,ok
1785347568.307445000,39,ok
1785347568.310453000,41,ok
1785347568.310832000,33,ok
1785347568.309575000,33,ok
1785347568.320904000,38,ok
1785347568.330978000,36,ok
1785347568.334343000,43,ok
1785347568.346774000,32,ok
1785347568.352915000,36,ok
1785347568.353671000,42,ok
1785347568.361819000,39,ok
1785347568.372074000,39,ok
1785347568.367572000,34,ok
1785347568.372294000,40,ok
1785347568.409523000,39,ok
1785347568.413378000,43,ok
1785347568.419050000,41,ok
1785347568.424289000,48,ok
1785347568.436284000,48,ok
1785347568.438294000,46,ok
1785347568.437133000,48,ok
1785347568.432556000,51,ok
1785347568.434777000,44,ok
1785347568.459357000,57,ok
1785347568.478398000,32,ok
1785347568.474633000,45,ok
1785347568.478236000,43,ok
1785347568.481134000,40,ok
1785347568.477752000,40,ok
1785347568.490164000,42,ok
1785347568.510836000,29,ok
1785347568.520035000,37,ok
1785347568.520943000,35,ok
1785347568.542115000,37,ok
1785347568.546303000,46,ok
1785347568.546349000,35,ok
1785347568.545097000,45,ok
1785347568.540366000,46,ok
1785347568.573816000,42,ok
1785347568.573799000,46,ok
1785347568.554242000,44,ok
1785347568.599175000,57,ok
1785347568.608101000,67,ok
1785347568.615673000,70,ok
1785347568.610128000,66,ok
1785347568.646592000,38,ok
1785347568.644393000,39,ok
1785347568.635631000,69,ok
1785347568.664520000,48,ok
1785347568.677750000,39,ok
1785347568.681044000,45,ok
1785347568.685118000,42,ok
1785347568.687326000,53,ok
1785347568.690831000,46,ok
1785347568.695880000,36,ok
1785347568.698912000,46,ok
1785347568.722595000,34,ok
1785347568.725881000,36,ok
1785347568.736772000,37,ok
1785347568.725259000,50,ok
1785347568.741993000,47,ok
1785347568.772880000,45,ok
1785347568.765399000,39,ok
1785347568.773360000,41,ok
1785347568.785349000,39,ok
1785347568.793125000,51,ok
1785347568.800336000,45,ok
1785347568.777342000,41,ok
1785347568.812682000,51,ok
1785347568.810545000,47,ok
1785347568.810652000,36,ok
1785347568.827527000,45,ok
1785347568.831084000,45,ok
1785347568.846423000,53,ok
1785347568.842827000,36,ok
1785347568.877228000,44,ok
1785347568.869553000,46,ok
1785347568.865400000,37,ok
1785347568.886800000,44,ok
1785347568.898354000,46,ok
1785347568.893738000,39,ok
1785347568.899108000,34,ok
1785347568.898854000,42,ok
1785347568.904207000,33,ok
1785347568.931829000,40,ok
1785347568.922317000,36,ok
1785347568.932152000,35,ok
1785347568.952974000,42,ok
1785347568.958319000,36,ok
1785347568.956483000,54,ok
1785347568.953030000,48,ok
1785347569.002939000,43,ok
1785347568.978071000,41,ok
1785347569.009593000,49,ok
1785347569.010857000,45,ok
1785347569.014451000,45,ok
1785347569.014859000,36,ok
1785347569.016095000,46,ok
1785347569.019790000,39,ok
1785347569.056233000,41,ok
1785347569.057998000,41,ok
1785347569.066946000,43,ok
1785347569.062732000,42,ok
1785347569.066930000,41,ok
1785347569.061398000,36,ok
1785347569.073464000,43,ok
1785347569.077504000,131,ok
1785347569.104383000,45,ok
1785347569.103918000,35,ok
1785347569.104832000,35,ok
1785347569.109979000,34,ok
1785347569.106909000,33,ok
1785347569.114990000,46,ok
1785347569.120534000,38,ok
1785347569.135638000,49,ok
1785347569.158903000,40,ok
1785347569.171258000,41,ok
1785347569.158701000,39,ok
1785347569.174990000,35,ok
1785347569.160141000,40,ok
1785347569.169834000,45,ok
1785347569.171801000,44,ok
1785347569.204026000,62,ok
1785347569.224291000,44,ok
1785347569.222917000,44,ok
1785347569.217369000,38,ok
1785347569.217689000,33,ok
1785347569.228394000,54,ok
1785347569.237345000,50,ok
1785347569.246276000,40,ok
1785347569.240981000,43,ok
1785347569.245435000,45,ok
1785347569.282287000,40,ok
1785347569.286102000,37,ok
1785347569.281584000,39,ok
1785347569.291521000,43,ok
1785347569.294030000,44,ok
1785347569.303440000,44,ok
1785347569.333486000,45,ok
1785347569.325544000,48,ok
1785347569.327902000,46,ok
1785347569.344133000,46,ok
1785347569.345585000,44,ok
1785347569.347172000,46,ok
1785347569.352731000,42,ok
1785347569.351302000,54,ok
1785347569.360870000,48,ok
1785347569.365343000,56,ok
1785347569.407514000,46,ok
1785347569.420864000,43,ok
1785347569.407391000,39,ok
1785347569.414849000,47,ok
1785347569.419245000,52,ok
1785347569.434237000,46,ok
1785347569.456420000,41,ok
1785347569.463248000,58,ok
1785347569.471217000,46,ok
1785347569.480820000,47,ok
1785347569.473248000,65,ok
1785347569.472278000,50,ok
1785347569.476826000,52,ok
1785347569.492980000,45,ok
1785347569.495510000,55,ok
1785347569.540787000,43,ok
1785347569.559006000,56,ok
1785347569.534926000,46,ok
1785347569.532826000,57,ok
1785347569.562684000,47,ok
1785347569.571380000,51,ok
1785347569.582952000,44,ok
1785347569.613519000,49,ok
1785347569.602337000,59,ok
1785347569.595967000,45,ok
1785347569.624517000,64,ok
1785347569.630688000,41,ok
1785347569.622100000,51,ok
1785347569.624928000,51,ok
1785347569.649752000,72,ok
1785347569.655469000,51,ok
1785347569.663020000,34,ok
1785347569.690967000,42,ok
1785347569.688749000,44,ok
1785347569.702348000,47,ok
1785347569.694737000,43,ok
1785347569.714814000,45,ok
1785347569.708375000,38,ok
1785347569.729795000,35,ok
1785347569.708680000,40,ok
1785347569.740115000,44,ok
1785347569.744370000,39,ok
1785347569.765725000,45,ok
1785347569.768562000,48,ok
1785347569.762811000,49,ok
1785347569.753847000,44,ok
1785347569.772493000,43,ok
1785347569.781555000,42,ok
1785347569.801582000,35,ok
1785347569.816082000,36,ok
1785347569.816489000,33,ok
1785347569.829724000,31,ok
1785347569.814554000,35,ok
1785347569.821536000,41,ok
1785347569.815483000,41,ok
1785347569.848805000,43,ok
1785347569.867262000,37,ok
1785347569.847942000,38,ok
1785347569.875904000,36,ok
1785347569.863692000,40,ok
1785347569.875750000,37,ok
1785347569.871573000,36,ok
1785347569.879475000,37,ok
1785347569.906249000,42,ok
1785347569.901364000,28,ok
1785347569.923582000,36,ok
1785347569.922578000,40,ok
1785347569.927273000,44,ok
1785347569.926250000,39,ok
1785347569.923400000,43,ok
1785347569.925934000,45,ok
1785347569.968485000,34,ok
1785347569.968157000,49,ok
1785347569.973131000,44,ok
1785347569.991608000,47,ok
1785347569.994821000,48,ok
1785347569.994474000,50,ok
1785347570.018749000,41,ok
1785347569.995687000,48,ok
1785347570.018233000,54,ok
1785347570.038077000,49,ok
1785347570.054320000,49,ok
1785347570.037888000,45,ok
1785347570.055717000,55,ok
1785347570.062229000,50,ok
1785347570.041635000,50,ok
1785347570.070920000,51,ok
1785347570.097772000,40,ok
1785347570.103175000,38,ok
1785347570.100940000,37,ok
1785347570.092105000,40,ok
1785347570.122937000,43,ok
1785347570.117501000,42,ok
1785347570.124664000,36,ok
1785347570.128581000,37,ok
1785347570.161992000,57,ok
1785347570.162318000,50,ok
1785347570.162383000,34,ok
1785347570.165637000,40,ok
1785347570.166010000,42,ok
1785347570.165946000,48,ok
1785347570.167432000,36,ok
1785347570.167494000,41,ok
1785347570.216393000,37,ok
1785347570.209074000,36,ok
1785347570.222213000,44,ok
1785347570.223529000,40,ok
1785347570.240195000,50,ok
1785347570.245149000,45,ok
1785347570.250898000,46,ok
1785347570.247679000,42,ok
1785347570.282019000,45,ok
1785347570.278957000,67,ok
1785347570.257441000,38,ok
1785347570.274871000,46,ok
1785347570.283407000,39,ok
1785347570.282364000,45,ok
1785347570.286069000,42,ok
1785347570.291093000,44,ok
1785347570.329436000,39,ok
1785347570.332859000,45,ok
1785347570.357576000,43,ok
1785347570.361847000,47,ok
1785347570.356687000,55,ok
1785347570.367088000,56,ok
1785347570.381935000,47,ok
1785347570.382740000,48,ok
1785347570.373114000,49,ok
1785347570.382895000,40,ok
1785347570.379765000,49,ok
1785347570.407040000,38,ok
1785347570.407603000,33,ok
1785347570.410096000,48,ok
1785347570.413089000,42,ok
1785347570.412014000,35,ok
1785347570.444644000,42,ok
1785347570.452651000,29,ok
1785347570.450111000,34,ok
1785347570.474082000,37,ok
1785347570.477246000,46,ok
1785347570.478772000,48,ok
1785347570.480648000,42,ok
1785347570.497566000,44,ok
1785347570.497357000,51,ok
1785347570.499375000,35,ok
1785347570.498507000,43,ok
1785347570.524534000,39,ok
1785347570.529106000,36,ok
1785347570.534579000,33,ok
1785347570.531781000,34,ok
1785347570.529895000,50,ok
1785347570.557663000,33,ok
1785347570.563933000,32,ok
1785347570.579137000,39,ok
1785347570.584031000,40,ok
1785347570.593114000,41,ok
1785347570.588056000,36,ok
1785347570.599657000,44,ok
1785347570.598254000,40,ok
1785347570.606201000,31,ok
1785347570.616514000,34,ok
1785347570.614643000,40,ok
1785347570.646262000,39,ok
1785347570.640345000,42,ok
1785347570.643071000,33,ok
1785347570.647277000,47,ok
1785347570.658691000,43,ok
1785347570.660776000,38,ok
1785347570.706186000,46,ok
1785347570.702527000,47,ok
1785347570.693117000,53,ok
1785347570.697264000,55,ok
1785347570.716939000,51,ok
1785347570.717181000,57,ok
1785347570.716976000,44,ok
1785347570.744314000,42,ok
1785347570.750410000,52,ok
1785347570.747033000,41,ok
1785347570.770188000,40,ok
1785347570.769392000,36,ok
1785347570.770115000,38,ok
1785347570.769328000,34,ok
1785347570.766078000,45,ok
1785347570.778485000,44,ok
1785347570.819804000,43,ok
1785347570.823522000,38,ok
1785347570.815874000,39,ok
1785347570.828388000,43,ok
1785347570.811065000,44,ok
1785347570.824668000,44,ok
1785347570.835143000,51,ok
1785347570.850295000,32,ok
1785347570.866860000,38,ok
1785347570.853894000,48,ok
1785347570.877435000,40,ok
1785347570.870660000,33,ok
1785347570.866682000,37,ok
1785347570.886329000,43,ok
1785347570.876208000,35,ok
1785347570.899143000,45,ok
1785347570.925917000,40,ok
1785347570.920873000,34,ok
1785347570.940347000,47,ok
1785347570.929658000,47,ok
1785347570.938828000,42,ok
1785347570.954330000,50,ok
1785347570.960164000,50,ok
1785347570.975139000,43,ok
1785347570.973148000,44,ok
1785347570.980946000,53,ok
1785347571.005325000,47,ok
1785347571.003532000,41,ok
1785347571.029551000,57,ok
1785347571.002137000,60,ok
1785347571.019928000,50,ok
1785347571.035876000,48,ok
1785347571.068413000,50,ok
1785347571.061270000,35,ok
1785347571.060186000,47,ok
1785347571.086537000,44,ok
1785347571.075428000,45,ok
1785347571.095446000,49,ok
1785347571.092117000,44,ok
1785347571.094349000,39,ok
1785347571.101030000,41,ok
1785347571.122895000,34,ok
1785347571.125130000,52,ok
1785347571.132039000,38,ok
1785347571.141865000,41,ok
1785347571.139747000,37,ok
1785347571.141844000,37,ok
1785347571.156166000,48,ok
1785347571.172977000,40,ok
1785347571.179615000,39,ok
1785347571.175074000,38,ok
1785347571.174225000,42,ok
1785347571.194548000,36,ok
1785347571.198059000,43,ok
1785347571.211924000,40,ok
1785347571.205178000,41,ok
1785347571.209028000,35,ok
1785347571.242729000,53,ok
1785347571.251668000,42,ok
1785347571.253385000,45,ok
1785347571.246947000,41,ok
1785347571.270676000,47,ok
1785347571.266866000,51,ok
1785347571.261763000,52,ok
1785347571.284362000,24,ok
1785347571.291520000,28,ok
1785347571.297259000,40,ok
1785347571.292954000,41,ok
1785347571.301776000,29,ok
1785347571.317220000,29,ok
1785347571.316687000,28,ok
1785347571.322345000,37,ok
1785347571.320187000,30,ok
1785347571.339318000,37,ok
1785347571.333952000,32,ok
1785347571.336516000,27,ok
1785347571.351269000,31,ok
1785347571.356552000,30,ok
1785347571.355477000,32,ok
1785347571.363212000,35,ok
1785347571.348947000,34,ok
1785347571.384822000,41,ok
1785347571.387312000,35,ok
1785347571.398936000,37,ok
1785347571.389107000,33,ok
1785347571.393895000,38,ok
1785347571.423020000,36,ok
1785347571.411474000,36,ok
1785347571.420175000,40,ok
1785347571.426162000,35,ok
1785347571.426558000,34,ok
1785347571.434769000,42,ok
1785347571.454571000,38,ok
1785347571.467971000,46,ok
1785347571.468502000,50,ok
1785347571.466180000,56,ok
1785347571.481365000,51,ok
1785347571.505614000,35,ok
1785347571.505327000,32,ok
1785347571.504349000,33,ok
1785347571.497660000,46,ok
1785347571.550205000,44,ok
1785347571.550001000,48,ok
1785347571.542941000,48,ok
1785347571.545506000,43,ok
1785347571.551710000,46,ok
1785347571.550881000,47,ok
1785347571.558804000,40,ok
1785347571.586420000,34,ok
1785347571.583710000,48,ok
1785347571.586619000,45,ok
1785347571.596082000,48,ok
1785347571.593903000,44,ok
1785347571.608196000,45,ok
1785347571.644852000,40,ok
1785347571.630018000,48,ok
1785347571.637540000,32,ok
1785347571.633583000,41,ok
1785347571.637352000,42,ok
1785347571.655670000,42,ok
1785347571.654947000,42,ok
1785347571.642609000,39,ok
1785347571.665852000,36,ok
1785347571.664406000,38,ok
1785347571.679425000,29,ok
1785347571.687114000,31,ok
1785347571.691702000,35,ok
1785347571.715791000,42,ok
1785347571.716722000,43,ok
1785347571.715815000,39,ok
1785347571.730166000,37,ok
1785347571.737428000,46,ok
1785347571.743713000,37,ok
1785347571.740054000,41,ok
1785347571.756566000,43,ok
1785347571.751884000,39,ok
1785347571.756687000,36,ok
1785347571.758889000,42,ok
1785347571.779657000,45,ok
1785347571.779255000,44,ok
1785347571.796301000,37,ok
1785347571.798420000,37,ok
1785347571.795557000,42,ok
1785347571.813254000,38,ok
1785347571.815449000,38,ok
1785347571.821811000,39,ok
1785347571.823628000,37,ok
1785347571.839520000,35,ok
1785347571.839519000,39,ok
1785347571.854386000,39,ok
1785347571.865493000,43,ok
1785347571.854896000,39,ok
1785347571.872084000,42,ok
1785347571.874660000,36,ok
1785347571.866869000,36,ok
1785347571.879124000,37,ok
1785347571.905663000,36,ok
1785347571.910080000,39,ok
1785347571.912627000,39,ok
1785347571.924336000,35,ok
1785347571.925666000,41,ok
1785347571.926200000,38,ok
1785347571.947729000,41,ok
1785347571.946350000,51,ok
1785347571.949733000,41,ok
1785347571.975018000,41,ok
1785347571.961255000,48,ok
1785347571.966174000,45,ok
1785347571.984113000,43,ok
1785347571.986956000,52,ok
1785347571.996122000,44,ok
1785347571.994780000,48,ok
1785347572.025599000,44,ok
1785347572.023140000,38,ok
1785347572.028338000,34,ok
1785347572.024896000,41,ok
1785347572.040571000,40,ok
1785347572.045836000,42,ok
1785347572.048344000,33,ok
1785347572.048295000,32,ok
1785347572.076415000,44,ok
1785347572.083176000,43,ok
1785347572.079604000,45,ok
1785347572.095113000,47,ok
1785347572.095174000,42,ok
1785347572.092665000,46,ok
1785347572.102599000,46,ok
1785347572.103537000,41,ok
1785347572.143584000,44,ok
1785347572.138945000,38,ok
1785347572.150559000,42,ok
1785347572.145143000,44,ok
1785347572.152847000,46,ok
1785347572.148542000,50,ok
1785347572.158241000,38,ok
1785347572.159946000,41,ok
1785347572.187513000,34,ok
1785347572.189166000,29,ok
1785347572.197111000,33,ok
1785347572.206523000,36,ok
1785347572.201139000,35,ok
1785347572.203641000,39,ok
1785347572.217777000,42,ok
1785347572.216482000,37,ok
1785347572.246372000,43,ok
1785347572.242382000,38,ok
1785347572.254175000,36,ok
1785347572.251517000,41,ok
1785347572.254752000,46,ok
1785347572.268660000,31,ok
1785347572.254764000,39,ok
1785347572.266021000,38,ok
1785347572.278566000,29,ok
1785347572.283700000,32,ok
1785347572.304301000,49,ok
1785347572.303508000,40,ok
1785347572.305335000,36,ok
1785347572.306518000,40,ok
1785347572.314986000,36,ok
1785347572.336003000,38,ok
1785347572.340169000,39,ok
1785347572.345621000,34,ok
1785347572.346205000,33,ok
1785347572.353204000,34,ok
1785347572.363966000,42,ok
1785347572.374642000,33,ok
1785347572.365577000,38,ok
1785347572.375047000,37,ok
1785347572.379100000,48,ok
1785347572.405259000,42,ok
1785347572.407348000,51,ok
1785347572.413053000,41,ok
1785347572.413334000,45,ok
1785347572.409355000,43,ok
1785347572.447885000,53,ok
1785347572.457959000,36,ok
1785347572.470092000,52,ok
1785347572.457479000,35,ok
1785347572.476107000,39,ok
1785347572.475008000,43,ok
1785347572.471145000,44,ok
1785347572.483403000,47,ok
1785347572.486945000,39,ok
1785347572.505497000,38,ok
1785347572.507240000,43,ok
1785347572.517203000,40,ok
1785347572.519646000,38,ok
1785347572.528119000,39,ok
1785347572.529595000,43,ok
1785347572.535285000,43,ok
1785347572.582325000,40,ok
1785347572.576183000,47,ok
1785347572.588501000,49,ok
1785347572.577437000,47,ok
1785347572.590678000,45,ok
1785347572.588775000,35,ok
1785347572.582564000,37,ok
1785347572.592659000,43,ok
1785347572.595468000,44,ok
1785347572.608826000,42,ok
1785347572.612252000,36,ok
1785347572.620953000,35,ok
1785347572.616347000,44,ok
1785347572.637174000,41,ok
1785347572.636465000,40,ok
1785347572.647905000,40,ok
1785347572.693289000,46,ok
1785347572.696244000,45,ok
1785347572.698898000,51,ok
1785347572.703283000,55,ok
1785347572.692733000,47,ok
1785347572.699911000,50,ok
1785347572.700437000,58,ok
1785347572.728138000,62,ok
1785347572.726248000,67,ok
1785347572.725205000,36,ok
1785347572.732173000,38,ok
1785347572.730280000,46,ok
1785347572.770454000,38,ok
1785347572.773411000,45,ok
1785347572.751385000,56,ok
1785347572.770587000,45,ok
1785347572.807501000,45,ok
1785347572.815832000,40,ok
1785347572.822127000,51,ok
1785347572.802237000,36,ok
1785347572.830867000,37,ok
1785347572.837528000,35,ok
1785347572.836702000,49,ok
1785347572.827367000,46,ok
1785347572.817327000,41,ok
1785347572.827740000,46,ok
1785347572.829061000,41,ok
1785347572.853909000,54,ok
1785347572.880696000,43,ok
1785347572.885421000,45,ok
1785347572.892008000,49,ok
1785347572.885432000,41,ok
1785347572.952714000,66,ok
1785347572.954370000,52,ok
1785347572.921657000,40,ok
1785347572.958222000,65,ok
1785347572.941181000,49,ok
1785347572.965208000,53,ok
1785347572.960864000,59,ok
1785347572.959741000,58,ok
1785347572.960557000,57,ok
1785347572.958932000,60,ok
1785347572.972927000,71,ok
1785347572.990086000,55,ok
1785347573.019214000,33,ok
1785347573.025141000,53,ok
1785347573.028480000,36,ok
1785347573.029798000,46,ok
1785347573.055533000,39,ok
1785347573.068751000,37,ok
1785347573.084559000,49,ok
1785347573.077032000,49,ok
1785347573.092776000,59,ok
1785347573.084631000,59,ok
1785347573.093752000,62,ok
1785347573.093106000,61,ok
1785347573.089856000,44,ok
1785347573.128078000,77,ok
1785347573.120545000,75,ok
1785347573.153461000,42,ok
1785347573.159452000,57,ok
1785347573.182616000,49,ok
1785347573.185154000,56,ok
1785347573.247553000,73,ok
1785347573.249982000,54,ok
1785347573.237886000,85,ok
1785347573.244723000,55,ok
1785347573.245810000,58,ok
1785347573.237512000,63,ok
1785347573.285857000,75,ok
1785347573.276480000,70,ok
1785347573.252922000,55,ok
1785347573.264936000,69,ok
1785347573.265062000,71,ok
1785347573.260901000,72,ok
1785347573.335762000,37,ok
1785347573.346183000,46,ok
1785347573.341433000,66,ok
1785347573.377808000,32,ok
1785347573.386437000,39,ok
1785347573.392745000,46,ok
1785347573.377953000,56,ok
1785347573.382864000,36,ok
1785347573.386010000,40,ok
1785347573.392587000,40,ok
1785347573.393119000,41,ok
1785347573.384336000,41,ok
1785347573.405065000,56,ok
1785347573.408974000,56,ok
1785347573.412209000,59,ok
1785347573.407470000,50,ok
1785347573.441835000,33,ok
1785347573.466632000,47,ok
1785347573.457332000,35,ok
1785347573.500211000,48,ok
1785347573.495496000,43,ok
1785347573.500229000,49,ok
1785347573.508799000,49,ok
1785347573.495754000,61,ok
1785347573.500241000,47,ok
1785347573.495920000,47,ok
1785347573.518475000,60,ok
1785347573.528690000,63,ok
1785347573.529934000,58,ok
1785347573.531886000,41,ok
1785347573.530591000,61,ok
1785347573.529680000,64,ok
1785347573.568278000,33,ok
1785347573.604569000,43,ok
1785347573.597649000,44,ok
1785347573.616749000,39,ok
1785347573.611847000,43,ok
1785347573.620658000,45,ok
1785347573.602382000,33,ok
1785347573.625608000,50,ok
1785347573.619455000,54,ok
1785347573.626454000,50,ok
1785347573.631700000,44,ok
1785347573.652702000,38,ok
1785347573.653978000,39,ok
1785347573.657226000,45,ok
1785347573.664857000,45,ok
1785347573.661814000,44,ok
1785347573.699428000,46,ok
1785347573.728042000,55,ok
1785347573.731335000,52,ok
1785347573.735392000,56,ok
1785347573.747230000,59,ok
1785347573.746849000,57,ok
1785347573.746918000,52,ok
1785347573.754418000,51,ok
1785347573.738745000,49,ok
1785347573.745649000,67,ok
1785347573.760252000,34,ok
1785347573.759844000,35,ok
1785347573.787100000,40,ok
1785347573.779266000,37,ok
1785347573.779825000,34,ok
1785347573.826217000,38,ok
1785347573.814808000,48,ok
1785347573.834726000,41,ok
1785347573.838101000,42,ok
1785347573.856627000,43,ok
1785347573.844765000,33,ok
1785347573.849083000,36,ok
1785347573.861727000,35,ok
1785347573.876566000,53,ok
1785347573.857567000,52,ok
1785347573.860633000,42,ok
1785347573.875832000,52,ok
1785347573.886258000,52,ok
1785347573.896885000,41,ok
1785347573.913502000,45,ok
1785347573.894877000,41,ok
1785347573.948709000,39,ok
1785347573.944656000,38,ok
1785347573.953703000,44,ok
1785347573.962331000,51,ok
1785347573.994636000,57,ok
1785347573.996692000,52,ok
1785347573.979842000,51,ok
1785347573.996180000,56,ok
1785347573.997996000,55,ok
1785347574.004597000,52,ok
1785347573.998736000,44,ok
1785347574.012765000,50,ok
1785347574.026638000,43,ok
1785347574.019628000,51,ok
1785347574.049044000,48,ok
1785347574.054188000,54,ok
1785347574.088245000,54,ok
1785347574.088534000,50,ok
1785347574.085554000,55,ok
1785347574.114763000,36,ok
1785347574.100025000,52,ok
1785347574.124364000,43,ok
1785347574.128016000,37,ok
1785347574.126696000,38,ok
1785347574.130218000,43,ok
1785347574.125636000,48,ok
1785347574.134231000,41,ok
1785347574.154691000,45,ok
1785347574.155311000,50,ok
1785347574.171175000,43,ok
1785347574.171836000,36,ok
1785347574.195515000,50,ok
1785347574.204497000,43,ok
1785347574.203929000,43,ok
1785347574.220803000,42,ok
1785347574.218457000,53,ok
1785347574.239736000,42,ok
1785347574.236267000,38,ok
1785347574.234961000,35,ok
1785347574.224725000,43,ok
1785347574.244106000,44,ok
1785347574.256553000,43,ok
1785347574.259713000,31,ok
1785347574.257899000,49,ok
1785347574.277174000,34,ok
1785347574.275213000,34,ok
1785347574.302085000,39,ok
1785347574.287557000,40,ok
1785347574.308224000,45,ok
1785347574.317285000,40,ok
1785347574.326358000,42,ok
1785347574.330246000,38,ok
1785347574.347880000,44,ok
1785347574.347814000,46,ok
1785347574.351424000,47,ok
1785347574.350746000,52,ok
1785347574.347422000,41,ok
1785347574.374084000,39,ok
1785347574.378032000,37,ok
1785347574.383978000,35,ok
1785347574.381368000,44,ok
1785347574.410545000,42,ok
1785347574.391933000,43,ok
1785347574.407165000,43,ok
1785347574.432999000,39,ok
1785347574.432901000,43,ok
1785347574.432787000,48,ok
1785347574.445743000,39,ok
1785347574.458440000,47,ok
1785347574.466639000,41,ok
1785347574.467565000,40,ok
1785347574.465713000,43,ok
1785347574.469774000,39,ok
1785347574.485935000,40,ok
1785347574.491665000,35,ok
1785347574.491354000,33,ok
1785347574.486754000,37,ok
1785347574.517945000,41,ok
1785347574.514381000,36,ok
1785347574.524535000,44,ok
1785347574.546084000,37,ok
1785347574.540003000,40,ok
1785347574.546378000,39,ok
1785347574.547070000,43,ok
1785347574.568305000,36,ok
1785347574.566402000,40,ok
1785347574.570000000,34,ok
1785347574.575948000,33,ok
1785347574.580266000,44,ok
1785347574.599553000,46,ok
1785347574.576958000,39,ok
1785347574.610218000,41,ok
1785347574.614713000,48,ok
1785347574.632259000,49,ok
1785347574.643101000,42,ok
1785347574.635570000,49,ok
1785347574.659841000,32,ok
1785347574.663517000,47,ok
1785347574.663297000,51,ok
1785347574.664970000,43,ok
1785347574.688622000,44,ok
1785347574.692044000,49,ok
1785347574.695868000,51,ok
1785347574.706559000,40,ok
1785347574.695632000,47,ok
1785347574.709754000,48,ok
1785347574.701984000,44,ok
1785347574.716551000,46,ok
1785347574.726552000,39,ok
1785347574.756150000,43,ok
1785347574.759254000,36,ok
1785347574.765814000,40,ok
1785347574.784778000,43,ok
1785347574.770452000,38,ok
1785347574.774728000,40,ok
1785347574.790064000,39,ok
1785347574.812375000,48,ok
1785347574.809220000,42,ok
1785347574.804637000,48,ok
1785347574.818138000,44,ok
1785347574.829663000,46,ok
1785347574.829838000,38,ok
1785347574.832904000,49,ok
1785347574.833502000,45,ok
1785347574.833056000,39,ok
1785347574.858418000,37,ok
1785347574.876693000,39,ok
1785347574.872185000,43,ok
1785347574.882688000,40,ok
1785347574.885645000,40,ok
1785347574.886898000,33,ok
1785347574.897531000,35,ok
1785347574.906181000,40,ok
1785347574.926079000,49,ok
1785347574.944262000,40,ok
1785347574.935154000,45,ok
1785347574.929087000,50,ok
1785347574.934400000,39,ok
1785347574.931909000,42,ok
1785347574.948497000,49,ok
1785347574.953095000,41,ok
1785347574.962317000,51,ok
1785347574.984258000,41,ok
1785347574.989764000,47,ok
1785347575.004865000,45,ok
1785347575.006708000,43,ok
1785347575.010805000,44,ok
1785347575.003592000,44,ok
1785347575.022393000,46,ok
1785347575.050401000,39,ok
1785347575.056415000,48,ok
1785347575.061523000,39,ok
1785347575.054082000,40,ok
1785347575.052209000,40,ok
1785347575.064171000,40,ok
1785347575.061403000,38,ok
1785347575.073836000,39,ok
1785347575.073838000,49,ok
1785347575.094348000,26,ok
1785347575.101758000,38,ok
1785347575.121250000,41,ok
1785347575.120883000,40,ok
1785347575.118529000,37,ok
1785347575.117850000,38,ok
1785347575.122698000,39,ok
1785347575.161348000,41,ok
1785347575.156152000,45,ok
1785347575.159371000,38,ok
1785347575.154745000,42,ok
1785347575.156492000,37,ok
1785347575.172646000,45,ok
1785347575.160194000,40,ok
1785347575.181510000,42,ok
1785347575.183319000,42,ok
1785347575.192253000,35,ok
1785347575.234379000,50,ok
1785347575.230372000,56,ok
1785347575.239551000,56,ok
1785347575.239886000,52,ok
1785347575.247740000,51,ok
1785347575.246618000,55,ok
1785347575.277902000,47,ok
1785347575.271693000,50,ok
1785347575.275198000,60,ok
1785347575.279083000,39,ok
1785347575.280561000,36,ok
1785347575.293582000,49,ok
1785347575.301687000,40,ok
1785347575.294919000,52,ok
1785347575.308739000,38,ok
1785347575.317820000,35,ok
1785347575.354319000,48,ok
1785347575.354941000,42,ok
1785347575.356779000,42,ok
1785347575.362159000,37,ok
1785347575.365139000,39,ok
1785347575.358504000,42,ok
1785347575.384439000,49,ok
1785347575.386417000,38,ok
1785347575.381657000,48,ok
1785347575.386284000,36,ok
1785347575.383674000,52,ok
1785347575.413093000,37,ok
1785347575.412960000,42,ok
1785347575.420453000,37,ok
1785347575.449901000,45,ok
1785347575.421534000,37,ok
1785347575.457473000,40,ok
1785347575.462955000,44,ok
1785347575.462190000,44,ok
1785347575.474536000,44,ok
1785347575.477853000,41,ok
1785347575.505943000,44,ok
1785347575.503013000,39,ok
1785347575.481216000,44,ok
1785347575.505246000,47,ok
1785347575.504320000,44,ok
1785347575.525069000,55,ok
1785347575.528173000,42,ok
1785347575.545511000,44,ok
1785347575.562449000,45,ok
1785347575.558225000,36,ok
1785347575.557712000,49,ok
1785347575.565666000,37,ok
1785347575.576647000,43,ok
1785347575.590540000,39,ok
1785347575.604234000,43,ok
1785347575.612186000,47,ok
1785347575.604184000,39,ok
1785347575.603979000,43,ok
1785347575.611778000,36,ok
1785347575.611758000,41,ok
1785347575.628111000,57,ok
1785347575.643857000,43,ok
1785347575.650504000,31,ok
1785347575.650132000,36,ok
1785347575.672001000,41,ok
1785347575.677070000,44,ok
1785347575.683892000,36,ok
1785347575.676720000,41,ok
1785347575.712939000,56,ok
1785347575.710587000,48,ok
1785347575.720647000,37,ok
1785347575.716439000,39,ok
1785347575.716582000,42,ok
1785347575.720058000,45,ok
1785347575.720123000,42,ok
1785347575.716953000,49,ok
1785347575.722536000,40,ok
1785347575.767753000,40,ok
1785347575.759245000,38,ok
1785347575.789161000,42,ok
1785347575.799682000,37,ok
1785347575.784625000,53,ok
1785347575.798867000,35,ok
1785347575.839042000,39,ok
1785347575.831115000,41,ok
1785347575.832031000,41,ok
1785347575.833748000,63,ok
1785347575.836187000,70,ok
1785347575.833910000,59,ok
1785347575.847501000,49,ok
1785347575.838466000,34,ok
1785347575.845927000,49,ok
1785347575.840074000,42,ok
1785347575.878608000,40,ok
1785347575.889303000,44,ok
1785347575.900502000,34,ok
1785347575.903509000,33,ok
1785347575.914687000,44,ok
1785347575.949201000,55,ok
1785347575.936954000,37,ok
1785347575.943604000,39,ok
1785347575.945672000,47,ok
1785347575.949622000,63,ok
1785347575.946783000,45,ok
1785347575.967978000,52,ok
1785347575.949390000,42,ok
1785347575.964183000,52,ok
1785347575.960308000,55,ok
1785347575.971048000,57,ok
1785347576.015333000,42,ok
1785347576.011253000,50,ok
1785347576.020155000,39,ok
1785347576.029010000,42,ok
1785347576.050920000,35,ok
1785347576.053810000,53,ok
1785347576.061597000,41,ok
1785347576.062524000,38,ok
1785347576.053987000,42,ok
1785347576.061280000,39,ok
1785347576.064643000,40,ok
1785347576.077803000,48,ok
1785347576.062743000,36,ok
1785347576.094011000,31,ok
1785347576.064575000,42,ok
1785347576.098227000,45,ok
1785347576.144199000,50,ok
1785347576.144460000,46,ok
1785347576.151101000,56,ok
1785347576.183994000,48,ok
1785347576.162194000,41,ok
1785347576.179679000,44,ok
1785347576.187813000,52,ok
1785347576.184046000,53,ok
1785347576.186883000,50,ok
1785347576.194225000,48,ok
1785347576.211452000,34,ok
1785347576.218219000,42,ok
1785347576.213856000,43,ok
1785347576.207244000,38,ok
1785347576.219021000,35,ok
1785347576.230146000,45,ok
1785347576.263801000,38,ok
1785347576.275159000,35,ok
1785347576.269579000,44,ok
1785347576.278927000,34,ok
1785347576.270230000,49,ok
1785347576.272406000,48,ok
1785347576.281270000,48,ok
1785347576.316745000,41,ok
1785347576.292942000,42,ok
1785347576.323900000,38,ok
1785347576.318156000,56,ok
1785347576.322548000,44,ok
1785347576.319249000,59,ok
1785347576.318914000,42,ok
1785347576.321701000,41,ok
1785347576.331969000,43,ok
1785347576.383070000,43,ok
1785347576.383697000,39,ok
1785347576.383279000,43,ok
1785347576.386531000,39,ok
1785347576.385528000,41,ok
1785347576.404800000,45,ok
1785347576.406568000,47,ok
1785347576.408059000,42,ok
1785347576.427638000,47,ok
1785347576.430177000,49,ok
1785347576.433925000,39,ok
1785347576.426341000,38,ok
1785347576.430758000,44,ok
1785347576.441941000,42,ok
1785347576.441322000,39,ok
1785347576.458315000,44,ok
1785347576.494300000,37,ok
1785347576.496959000,45,ok
1785347576.493593000,28,ok
1785347576.500117000,37,ok
1785347576.508464000,38,ok
1785347576.494696000,43,ok
1785347576.518237000,31,ok
1785347576.511414000,42,ok
1785347576.514998000,39,ok
1785347576.518498000,51,ok
1785347576.534981000,44,ok
1785347576.541510000,42,ok
1785347576.526743000,40,ok
1785347576.543827000,40,ok
1785347576.562742000,44,ok
1785347576.577304000,35,ok
1785347576.613267000,39,ok
1785347576.612528000,41,ok
1785347576.616659000,42,ok
1785347576.628202000,39,ok
1785347576.619417000,42,ok
1785347576.623965000,38,ok
1785347576.616169000,48,ok
1785347576.624475000,43,ok
1785347576.623890000,32,ok
1785347576.643721000,37,ok
1785347576.644031000,49,ok
1785347576.649333000,36,ok
1785347576.655198000,39,ok
1785347576.662741000,36,ok
1785347576.673570000,36,ok
1785347576.716053000,33,ok
1785347576.712705000,38,ok
1785347576.704313000,44,ok
1785347576.733327000,46,ok
1785347576.708130000,45,ok
1785347576.714477000,43,ok
1785347576.730183000,46,ok
1785347576.733733000,42,ok
1785347576.733048000,38,ok
1785347576.720915000,38,ok
1785347576.753545000,52,ok
1785347576.744915000,39,ok
1785347576.748605000,42,ok
1785347576.766806000,33,ok
1785347576.763973000,41,ok
1785347576.781457000,38,ok
1785347576.815211000,41,ok
1785347576.821688000,34,ok
1785347576.824867000,33,ok
1785347576.824307000,42,ok
1785347576.821381000,40,ok
1785347576.819440000,41,ok
1785347576.844221000,43,ok
1785347576.820523000,41,ok
1785347576.824260000,47,ok
1785347576.840897000,44,ok
1785347576.837119000,49,ok
1785347576.844592000,52,ok
1785347576.855096000,40,ok
1785347576.868824000,40,ok
1785347576.868178000,39,ok
1785347576.883864000,37,ok
1785347576.929823000,43,ok
1785347576.928580000,40,ok
1785347576.931317000,49,ok
1785347576.925971000,42,ok
1785347576.926468000,43,ok
1785347576.942013000,46,ok
1785347576.940325000,47,ok
1785347576.942098000,48,ok
1785347576.933115000,41,ok
1785347576.958521000,47,ok
1785347576.961418000,45,ok
1785347576.972882000,58,ok
1785347576.995824000,48,ok
1785347577.002402000,45,ok
1785347576.989000000,50,ok
1785347576.996480000,44,ok
1785347577.034671000,38,ok
1785347577.045621000,44,ok
1785347577.058233000,52,ok
1785347577.046729000,45,ok
1785347577.059015000,36,ok
1785347577.057151000,42,ok
1785347577.066515000,40,ok
1785347577.062380000,51,ok
1785347577.067229000,41,ok
1785347577.080218000,43,ok
1785347577.081188000,51,ok
1785347577.083623000,45,ok
1785347577.086199000,32,ok
1785347577.097523000,35,ok
1785347577.104061000,39,ok
1785347577.105488000,31,ok
1785347577.143415000,34,ok
1785347577.149756000,37,ok
1785347577.150456000,32,ok
1785347577.145806000,37,ok
1785347577.158266000,35,ok
1785347577.169044000,42,ok
1785347577.168433000,34,ok
1785347577.169911000,46,ok
1785347577.169783000,45,ok
1785347577.182164000,41,ok
1785347577.182554000,38,ok
1785347577.178943000,47,ok
1785347577.197474000,34,ok
1785347577.195532000,47,ok
1785347577.206070000,35,ok
1785347577.218179000,38,ok
1785347577.238078000,37,ok
1785347577.250615000,38,ok
1785347577.260837000,48,ok
1785347577.273593000,42,ok
1785347577.270966000,29,ok
1785347577.259020000,40,ok
1785347577.284438000,41,ok
1785347577.262160000,33,ok
1785347577.283983000,37,ok
1785347577.287200000,39,ok
1785347577.295443000,51,ok
1785347577.299263000,49,ok
1785347577.302722000,41,ok
1785347577.308323000,34,ok
1785347577.302071000,38,ok
1785347577.333907000,37,ok
1785347577.361043000,35,ok
1785347577.355241000,32,ok
1785347577.372532000,46,ok
1785347577.360322000,40,ok
1785347577.387186000,53,ok
1785347577.380972000,47,ok
1785347577.382732000,39,ok
1785347577.360508000,45,ok
1785347577.391616000,46,ok
1785347577.392263000,41,ok
1785347577.396379000,41,ok
1785347577.395529000,39,ok
1785347577.417197000,44,ok
1785347577.422467000,46,ok
1785347577.427253000,51,ok
1785347577.439613000,37,ok
1785347577.470449000,55,ok
1785347577.476400000,46,ok
1785347577.475446000,44,ok
1785347577.474623000,37,ok
1785347577.486613000,38,ok
1785347577.487011000,44,ok
1785347577.514035000,45,ok
1785347577.486469000,46,ok
1785347577.482257000,49,ok
1785347577.498789000,40,ok
1785347577.512380000,61,ok
1785347577.526718000,47,ok
1785347577.536918000,33,ok
1785347577.554180000,56,ok
1785347577.557504000,40,ok
1785347577.567749000,38,ok
1785347577.577864000,40,ok
1785347577.594279000,40,ok
1785347577.599128000,48,ok
1785347577.601534000,34,ok
1785347577.613755000,53,ok
1785347577.618857000,41,ok
1785347577.611564000,59,ok
1785347577.619787000,33,ok
1785347577.626675000,56,ok
1785347577.625353000,50,ok
1785347577.651740000,33,ok
1785347577.654007000,41,ok
1785347577.654349000,36,ok
1785347577.679180000,106,ok
1785347577.661409000,36,ok
1785347577.687741000,39,ok
1785347577.710326000,43,ok
1785347577.690622000,62,ok
1785347577.681984000,30,ok
1785347577.720821000,44,ok
1785347577.717190000,43,ok
1785347577.726732000,41,ok
1785347577.737632000,45,ok
1785347577.736441000,40,ok
1785347577.741204000,35,ok
1785347577.742246000,55,ok
1785347577.762674000,40,ok
1785347577.769440000,34,ok
1785347577.764561000,37,ok
1785347577.764836000,36,ok
1785347577.773123000,38,ok
1785347577.786258000,35,ok
1785347577.809960000,36,ok
1785347577.819848000,28,ok
1785347577.815459000,30,ok
1785347577.825862000,31,ok
1785347577.828840000,60,ok
1785347577.829045000,64,ok
1785347577.819829000,31,ok
1785347577.833667000,35,ok
1785347577.838528000,37,ok
1785347577.844155000,39,ok
1785347577.843367000,34,ok
1785347577.869566000,42,ok
1785347577.869741000,40,ok
1785347577.871815000,42,ok
1785347577.882535000,37,ok
1785347577.875593000,35,ok
1785347577.905407000,38,ok
1785347577.928571000,42,ok
1785347577.917019000,39,ok
1785347577.931013000,43,ok
1785347577.934186000,39,ok
1785347577.931919000,46,ok
1785347577.926609000,35,ok
1785347577.935011000,43,ok
1785347577.936588000,52,ok
1785347577.941409000,45,ok
1785347577.944486000,48,ok
1785347577.982040000,43,ok
1785347577.977318000,45,ok
1785347577.985127000,39,ok
1785347577.991743000,37,ok
1785347577.991426000,43,ok
1785347578.024139000,45,ok
1785347578.031953000,33,ok
1785347578.043209000,35,ok
1785347578.038260000,49,ok
1785347578.047727000,49,ok
1785347578.043812000,40,ok
1785347578.046327000,48,ok
1785347578.042880000,44,ok
1785347578.054054000,45,ok
1785347578.057029000,47,ok
1785347578.064604000,44,ok
1785347578.090828000,38,ok
1785347578.082886000,32,ok
1785347578.097237000,46,ok
1785347578.116915000,42,ok
1785347578.112181000,44,ok
1785347578.150441000,51,ok
1785347578.171341000,44,ok
1785347578.157476000,51,ok
1785347578.153753000,54,ok
1785347578.165592000,53,ok
1785347578.161585000,48,ok
1785347578.169026000,55,ok
1785347578.168801000,51,ok
1785347578.170652000,58,ok
1785347578.193749000,60,ok
1785347578.188932000,57,ok
1785347578.200959000,41,ok
1785347578.201781000,46,ok
1785347578.233315000,38,ok
1785347578.225246000,37,ok
1785347578.243142000,37,ok
1785347578.247760000,42,ok
1785347578.266312000,37,ok
1785347578.256359000,33,ok
1785347578.262365000,42,ok
1785347578.262343000,35,ok
1785347578.266764000,34,ok
1785347578.281189000,40,ok
1785347578.275771000,47,ok
1785347578.281167000,40,ok
1785347578.304233000,36,ok
1785347578.304069000,37,ok
1785347578.304919000,39,ok
1785347578.308235000,37,ok
1785347578.336510000,39,ok
1785347578.337558000,34,ok
1785347578.336889000,35,ok
1785347578.358559000,43,ok
1785347578.363412000,34,ok
1785347578.375268000,47,ok
1785347578.363934000,35,ok
1785347578.367710000,42,ok
1785347578.351239000,39,ok
1785347578.384599000,39,ok
1785347578.401193000,41,ok
1785347578.391609000,36,ok
1785347578.405567000,39,ok
1785347578.418041000,39,ok
1785347578.409113000,37,ok
1785347578.448453000,37,ok
1785347578.425473000,45,ok
1785347578.451895000,39,ok
1785347578.476309000,38,ok
1785347578.469046000,34,ok
1785347578.469989000,48,ok
1785347578.459105000,38,ok
1785347578.484473000,49,ok
1785347578.473557000,42,ok
1785347578.478734000,45,ok
1785347578.498283000,35,ok
1785347578.508584000,35,ok
1785347578.506236000,31,ok
1785347578.532013000,35,ok
1785347578.527899000,40,ok
1785347578.528254000,34,ok
1785347578.536305000,37,ok
1785347578.540509000,35,ok
1785347578.556433000,28,ok
1785347578.558155000,40,ok
1785347578.560842000,37,ok
1785347578.577541000,40,ok
1785347578.566640000,39,ok
1785347578.575223000,35,ok
1785347578.572661000,42,ok
1785347578.583482000,44,ok
1785347578.598023000,41,ok
1785347578.625510000,37,ok
1785347578.625255000,43,ok
1785347578.638433000,43,ok
1785347578.637667000,51,ok
1785347578.623958000,53,ok
1785347578.652454000,49,ok
1785347578.649293000,58,ok
1785347578.645364000,43,ok
1785347578.668867000,51,ok
1785347578.681463000,35,ok
1785347578.682576000,40,ok
1785347578.694904000,34,ok
1785347578.694051000,45,ok
1785347578.696606000,40,ok
1785347578.693567000,38,ok
1785347578.712399000,42,ok
1785347578.732532000,39,ok
1785347578.746741000,43,ok
1785347578.750737000,49,ok
1785347578.739552000,41,ok
1785347578.749038000,47,ok
1785347578.761363000,41,ok
1785347578.769072000,44,ok
1785347578.763949000,49,ok
1785347578.790201000,30,ok
1785347578.791200000,43,ok
1785347578.792212000,39,ok
1785347578.791733000,48,ok
1785347578.805854000,36,ok
1785347578.812711000,37,ok
1785347578.809862000,33,ok
1785347578.849022000,36,ok
1785347578.846323000,29,ok
1785347578.853245000,35,ok
1785347578.850684000,38,ok
1785347578.846117000,36,ok
1785347578.846554000,40,ok
1785347578.873107000,41,ok
1785347578.870070000,40,ok
1785347578.883056000,34,ok
1785347578.881781000,41,ok
1785347578.889286000,40,ok
1785347578.896100000,44,ok
1785347578.893751000,40,ok
1785347578.907726000,40,ok
1785347578.911068000,30,ok
1785347578.927421000,44,ok
1785347578.952417000,39,ok
1785347578.951215000,36,ok
1785347578.960350000,37,ok
1785347578.959530000,39,ok
1785347578.954696000,39,ok
1785347578.954506000,37,ok
1785347578.974742000,53,ok
1785347578.982641000,42,ok
1785347578.991105000,40,ok
1785347578.993341000,42,ok
1785347578.999849000,42,ok
1785347579.017255000,51,ok
1785347579.011589000,42,ok
1785347579.017381000,45,ok
1785347579.024279000,28,ok
1785347579.061985000,35,ok
1785347579.052899000,45,ok
1785347579.060840000,37,ok
1785347579.086541000,59,ok
1785347579.080256000,43,ok
1785347579.081470000,38,ok
1785347579.081777000,45,ok
1785347579.099959000,49,ok
1785347579.104066000,39,ok
1785347579.100059000,36,ok
1785347579.131895000,54,ok
1785347579.143411000,50,ok
1785347579.137505000,51,ok
1785347579.132386000,47,ok
1785347579.131504000,48,ok
1785347579.194245000,51,ok
1785347579.222634000,59,ok
1785347579.209000000,60,ok
1785347579.207881000,59,ok
1785347579.209705000,60,ok
1785347579.230244000,60,ok
1785347579.248417000,57,ok
1785347579.265976000,52,ok
1785347579.254143000,53,ok
1785347579.250202000,75,ok
1785347579.288881000,45,ok
1785347579.266421000,43,ok
1785347579.292560000,48,ok
1785347579.291139000,53,ok
1785347579.297144000,39,ok
1785347579.299039000,40,ok
1785347579.325606000,47,ok
1785347579.335675000,36,ok
1785347579.330970000,35,ok
1785347579.343091000,40,ok
1785347579.346591000,49,ok
1785347579.362862000,47,ok
1785347579.348446000,41,ok
1785347579.386584000,42,ok
1785347579.394723000,43,ok
1785347579.388959000,45,ok
1785347579.379557000,42,ok
1785347579.380881000,44,ok
1785347579.402189000,49,ok
1785347579.403928000,43,ok
1785347579.418496000,41,ok
1785347579.419737000,43,ok
1785347579.456956000,41,ok
1785347579.460402000,39,ok
1785347579.457609000,53,ok
1785347579.463660000,37,ok
1785347579.463771000,34,ok
1785347579.462143000,40,ok
1785347579.465594000,35,ok
1785347579.498412000,35,ok
1785347579.499306000,46,ok
1785347579.501164000,40,ok
1785347579.502482000,42,ok
1785347579.504273000,46,ok
1785347579.503532000,49,ok
1785347579.512128000,38,ok
1785347579.509039000,42,ok
1785347579.523822000,38,ok
1785347579.547337000,36,ok
1785347579.560477000,40,ok
1785347579.559726000,38,ok
1785347579.562018000,39,ok
1785347579.573899000,44,ok
1785347579.581292000,49,ok
1785347579.605431000,44,ok
1785347579.598577000,52,ok
1785347579.609305000,38,ok
1785347579.605807000,39,ok
1785347579.607587000,42,ok
1785347579.614047000,38,ok
1785347579.616194000,41,ok
1785347579.619018000,48,ok
1785347579.625576000,45,ok
1785347579.641015000,40,ok
1785347579.658221000,35,ok
1785347579.657848000,38,ok
1785347579.662986000,32,ok
1785347579.662559000,34,ok
1785347579.677845000,35,ok
1785347579.699333000,46,ok
1785347579.717583000,44,ok
1785347579.717150000,46,ok
1785347579.700646000,40,ok
1785347579.714335000,48,ok
1785347579.722263000,51,ok
1785347579.721823000,49,ok
1785347579.703877000,41,ok
1785347579.737428000,46,ok
1785347579.732601000,44,ok
1785347579.769162000,40,ok
1785347579.776773000,39,ok
1785347579.774353000,35,ok
1785347579.792581000,44,ok
1785347579.798854000,42,ok
1785347579.800464000,53,ok
1785347579.821771000,41,ok
1785347579.831904000,47,ok
1785347579.834940000,44,ok
1785347579.831749000,44,ok
1785347579.842240000,54,ok
1785347579.839417000,48,ok
1785347579.836384000,42,ok
1785347579.853144000,38,ok
1785347579.851285000,52,ok
1785347579.853832000,34,ok
1785347579.899580000,40,ok
1785347579.898879000,39,ok
1785347579.894986000,45,ok
1785347579.905785000,42,ok
1785347579.911165000,37,ok
1785347579.919630000,35,ok
1785347579.926450000,42,ok
1785347579.938397000,44,ok
1785347579.946247000,45,ok
1785347579.952660000,46,ok
1785347579.950351000,34,ok
1785347579.957568000,32,ok
1785347579.941871000,42,ok
1785347579.951263000,39,ok
1785347579.955235000,33,ok
1785347579.953382000,42,ok
1785347580.014229000,46,ok
1785347579.997850000,37,ok
1785347580.014442000,40,ok
1785347580.017565000,49,ok
1785347580.026432000,43,ok
1785347580.018103000,42,ok
1785347580.030893000,44,ok
1785347580.064114000,48,ok
1785347580.059549000,41,ok
1785347580.065689000,41,ok
1785347580.054525000,44,ok
1785347580.070331000,45,ok
1785347580.076894000,44,ok
1785347580.066835000,44,ok
1785347580.072901000,44,ok
1785347580.070224000,39,ok
1785347580.131204000,49,ok
1785347580.122775000,36,ok
1785347580.127331000,48,ok
1785347580.124656000,41,ok
1785347580.129449000,33,ok
1785347580.140685000,45,ok
1785347580.143307000,46,ok
1785347580.152990000,33,ok
1785347580.158212000,48,ok
1785347580.162183000,45,ok
1785347580.154919000,49,ok
1785347580.167255000,41,ok
1785347580.181413000,39,ok
1785347580.178441000,42,ok
1785347580.172994000,40,ok
1785347580.181143000,43,ok
1785347580.230018000,35,ok
1785347580.232989000,43,ok
1785347580.236160000,46,ok
1785347580.229754000,37,ok
1785347580.239397000,43,ok
1785347580.259658000,50,ok
1785347580.240966000,41,ok
1785347580.262862000,42,ok
1785347580.267851000,36,ok
1785347580.267025000,45,ok
1785347580.270480000,46,ok
1785347580.276763000,40,ok
1785347580.286885000,36,ok
1785347580.287567000,33,ok
1785347580.292745000,42,ok
1785347580.301971000,50,ok
1785347580.334231000,37,ok
1785347580.337654000,41,ok
1785347580.340677000,37,ok
1785347580.345684000,38,ok
1785347580.353611000,46,ok
1785347580.360289000,39,ok
1785347580.381894000,49,ok
1785347580.376836000,47,ok
1785347580.380988000,40,ok
1785347580.372193000,48,ok
1785347580.394879000,44,ok
1785347580.385924000,38,ok
1785347580.399289000,51,ok
1785347580.412404000,41,ok
1785347580.412922000,48,ok
1785347580.411782000,42,ok
1785347580.445675000,30,ok
1785347580.449351000,28,ok
1785347580.447493000,35,ok
1785347580.469248000,46,ok
1785347580.482056000,36,ok
1785347580.464408000,42,ok
1785347580.486168000,42,ok
1785347580.494505000,40,ok
1785347580.473800000,40,ok
1785347580.489189000,53,ok
1785347580.474656000,44,ok
1785347580.488278000,42,ok
1785347580.506738000,44,ok
1785347580.522702000,40,ok
1785347580.528733000,41,ok
1785347580.544887000,38,ok
1785347580.528019000,37,ok
1785347580.556493000,41,ok
1785347580.559238000,37,ok
1785347580.562476000,35,ok
1785347580.590091000,37,ok
1785347580.586427000,42,ok
1785347580.588745000,45,ok
1785347580.584631000,36,ok
1785347580.587550000,40,ok
1785347580.597442000,39,ok
1785347580.590264000,48,ok
1785347580.597154000,44,ok
1785347580.614273000,36,ok
1785347580.611177000,28,ok
1785347580.645336000,36,ok
1785347580.644272000,36,ok
1785347580.653417000,38,ok
1785347580.644250000,38,ok
1785347580.678655000,37,ok
1785347580.676397000,52,ok
1785347580.679200000,33,ok
1785347580.691434000,41,ok
1785347580.665661000,30,ok
1785347580.684196000,36,ok
1785347580.683433000,36,ok
1785347580.684888000,39,ok
1785347580.700704000,44,ok
1785347580.714810000,31,ok
1785347580.708874000,44,ok
1785347580.718049000,42,ok
1785347580.735102000,31,ok
1785347580.749455000,32,ok
1785347580.752707000,32,ok
1785347580.753752000,37,ok
1785347580.768202000,31,ok
1785347580.779500000,43,ok
1785347580.792243000,47,ok
1785347580.799369000,50,ok
1785347580.783120000,36,ok
1785347580.782687000,41,ok
1785347580.783185000,45,ok
1785347580.788284000,39,ok
1785347580.808998000,37,ok
1785347580.813729000,38,ok
1785347580.818880000,35,ok
1785347580.823302000,34,ok
1785347580.848361000,38,ok
1785347580.876258000,36,ok
1785347580.854781000,36,ok
1785347580.881629000,48,ok
1785347580.875379000,51,ok
1785347580.892042000,44,ok
1785347580.884003000,51,ok
1785347580.889172000,38,ok
1785347580.896206000,47,ok
1785347580.882014000,30,ok
1785347580.888738000,46,ok
1785347580.900634000,37,ok
1785347580.910385000,39,ok
1785347580.921041000,31,ok
1785347580.923671000,38,ok
1785347580.940644000,38,ok
1785347580.983949000,54,ok
1785347580.973208000,37,ok
1785347580.970402000,38,ok
1785347580.990301000,42,ok
1785347580.996002000,49,ok
1785347581.008576000,49,ok
1785347581.005812000,44,ok
1785347581.001886000,50,ok
1785347581.002137000,38,ok
1785347580.982922000,32,ok
1785347581.007327000,44,ok
1785347581.018547000,42,ok
1785347581.011919000,61,ok
1785347581.029920000,46,ok
1785347581.029556000,33,ok
1785347581.078403000,38,ok
1785347581.072304000,37,ok
1785347581.079462000,32,ok
1785347581.072453000,34,ok
1785347581.060137000,35,ok
1785347581.102942000,37,ok
1785347581.111131000,41,ok
1785347581.108319000,52,ok
1785347581.113075000,38,ok
1785347581.107381000,41,ok
1785347581.110328000,38,ok
1785347581.113506000,34,ok
1785347581.110493000,40,ok
1785347581.126789000,52,ok
1785347581.131361000,34,ok
1785347581.127037000,38,ok
1785347581.175481000,35,ok
1785347581.177797000,36,ok
1785347581.178289000,37,ok
1785347581.175794000,40,ok
1785347581.175945000,40,ok
1785347581.217289000,40,ok
1785347581.208304000,33,ok
1785347581.211250000,47,ok
1785347581.216484000,45,ok
1785347581.207519000,36,ok
1785347581.220751000,39,ok
1785347581.220287000,43,ok
1785347581.226913000,35,ok
1785347581.230168000,49,ok
1785347581.236792000,37,ok
1785347581.246727000,38,ok
1785347581.279559000,37,ok
1785347581.292342000,45,ok
1785347581.281883000,38,ok
1785347581.295631000,45,ok
1785347581.289646000,41,ok
1785347581.312648000,29,ok
1785347581.312395000,32,ok
1785347581.313916000,37,ok
1785347581.309955000,39,ok
1785347581.322434000,33,ok
1785347581.329789000,43,ok
1785347581.330148000,38,ok
1785347581.334171000,30,ok
1785347581.335148000,38,ok
1785347581.365723000,44,ok
1785347581.356143000,38,ok
1785347581.397626000,41,ok
1785347581.400030000,51,ok
1785347581.398044000,35,ok
1785347581.419180000,43,ok
1785347581.401780000,40,ok
1785347581.409432000,43,ok
1785347581.407329000,40,ok
1785347581.428899000,47,ok
1785347581.429057000,52,ok
1785347581.426926000,40,ok
1785347581.449608000,49,ok
1785347581.450176000,46,ok
1785347581.449584000,52,ok
1785347581.456941000,47,ok
1785347581.477448000,44,ok
1785347581.482778000,58,ok
1785347581.518720000,37,ok
1785347581.528363000,47,ok
1785347581.531825000,42,ok
1785347581.523227000,43,ok
1785347581.538697000,44,ok
1785347581.536156000,46,ok
1785347581.541820000,36,ok
1785347581.551707000,45,ok
1785347581.539707000,41,ok
1785347581.545924000,41,ok
1785347581.576090000,28,ok
1785347581.558064000,41,ok
1785347581.560058000,44,ok
1785347581.559943000,42,ok
1785347581.579451000,39,ok
1785347581.584140000,31,ok
1785347581.625427000,34,ok
1785347581.621536000,39,ok
1785347581.624029000,34,ok
1785347581.642944000,36,ok
1785347581.626963000,34,ok
1785347581.632387000,30,ok
1785347581.641489000,33,ok
1785347581.645916000,39,ok
1785347581.654080000,30,ok
1785347581.652419000,38,ok
1785347581.654259000,39,ok
1785347581.653576000,39,ok
1785347581.650706000,40,ok
1785347581.664611000,45,ok
1785347581.663190000,34,ok
1785347581.690620000,39,ok
1785347581.704933000,32,ok
1785347581.720711000,36,ok
1785347581.731093000,33,ok
1785347581.725440000,46,ok
1785347581.748444000,44,ok
1785347581.735954000,38,ok
1785347581.745895000,49,ok
1785347581.733837000,38,ok
1785347581.751752000,41,ok
1785347581.751813000,36,ok
1785347581.755026000,37,ok
1785347581.756540000,41,ok
1785347581.762819000,43,ok
1785347581.769071000,37,ok
1785347581.787671000,40,ok
1785347581.797259000,40,ok
1785347581.808525000,30,ok
1785347581.811054000,35,ok
1785347581.833557000,37,ok
1785347581.835234000,43,ok
1785347581.839802000,44,ok
1785347581.846392000,39,ok
1785347581.850081000,42,ok
1785347581.845404000,41,ok
1785347581.861651000,49,ok
1785347581.848005000,40,ok
1785347581.862808000,49,ok
1785347581.863555000,55,ok
1785347581.877550000,38,ok
1785347581.881425000,36,ok
1785347581.897960000,41,ok
1785347581.900389000,33,ok
1785347581.906996000,32,ok
1785347581.917714000,42,ok
1785347581.931773000,44,ok
1785347581.956139000,42,ok
1785347581.958283000,38,ok
1785347581.948106000,49,ok
1785347581.949884000,36,ok
1785347581.955462000,49,ok
1785347581.951904000,42,ok
1785347581.963964000,41,ok
1785347581.965820000,45,ok
1785347581.990867000,43,ok
1785347581.994506000,45,ok
1785347582.012444000,47,ok
1785347582.015326000,43,ok
1785347582.022798000,43,ok
1785347582.023194000,41,ok
1785347582.030139000,47,ok
1785347582.058785000,41,ok
1785347582.054947000,45,ok
1785347582.073826000,44,ok
1785347582.067467000,39,ok
1785347582.063615000,39,ok
1785347582.075205000,44,ok
1785347582.077325000,42,ok
1785347582.079899000,51,ok
1785347582.085802000,39,ok
1785347582.127387000,46,ok
1785347582.128969000,41,ok
1785347582.123799000,45,ok
1785347582.133199000,44,ok
1785347582.130861000,45,ok
1785347582.152022000,51,ok
1785347582.164524000,35,ok
1785347582.161865000,40,ok
1785347582.173487000,36,ok
1785347582.176066000,36,ok
1785347582.180104000,38,ok
1785347582.182234000,36,ok
1785347582.175579000,44,ok
1785347582.187497000,43,ok
1785347582.185314000,36,ok
1785347582.223322000,54,ok
1785347582.257753000,61,ok
1785347582.246571000,58,ok
1785347582.242004000,49,ok
1785347582.248664000,53,ok
1785347582.262696000,34,ok
1785347582.280166000,49,ok
1785347582.279754000,45,ok
1785347582.283337000,47,ok
1785347582.256056000,57,ok
1785347582.283312000,29,ok
1785347582.286406000,40,ok
1785347582.286588000,29,ok
1785347582.279834000,33,ok
1785347582.283231000,35,ok
1785347582.298811000,49,ok
1785347582.317680000,28,ok
1785347582.341533000,32,ok
1785347582.341905000,29,ok
1785347582.341484000,34,ok
1785347582.344929000,24,ok
1785347582.344393000,41,ok
1785347582.349365000,39,ok
1785347582.358165000,36,ok
1785347582.376279000,42,ok
1785347582.370823000,45,ok
1785347582.377735000,34,ok
1785347582.375226000,47,ok
1785347582.375704000,33,ok
1785347582.377802000,35,ok
1785347582.389091000,24,ok
1785347582.365892000,25,ok
1785347582.387353000,37,ok
1785347582.417452000,33,ok
1785347582.419891000,25,ok
1785347582.417487000,28,ok
1785347582.429398000,32,ok
1785347582.437250000,37,ok
1785347582.453322000,45,ok
1785347582.465169000,41,ok
1785347582.457296000,41,ok
1785347582.470423000,46,ok
1785347582.462439000,37,ok
1785347582.475191000,44,ok
1785347582.475224000,43,ok
1785347582.468037000,41,ok
1785347582.460848000,35,ok
1785347582.469362000,33,ok
1785347582.473365000,41,ok
1785347582.525490000,44,ok
1785347582.526120000,42,ok
1785347582.528518000,43,ok
1785347582.547307000,45,ok
1785347582.559617000,48,ok
1785347582.574904000,58,ok
1785347582.573132000,50,ok
1785347582.595225000,54,ok
1785347582.595995000,58,ok
1785347582.593303000,62,ok
1785347582.590097000,57,ok
1785347582.601424000,60,ok
1785347582.595989000,64,ok
1785347582.605904000,60,ok
1785347582.591745000,57,ok
1785347582.611953000,62,ok
1785347582.659052000,35,ok
1785347582.666463000,42,ok
1785347582.661309000,40,ok
1785347582.674594000,40,ok
1785347582.701603000,43,ok
1785347582.702470000,39,ok
1785347582.702665000,70,ok
1785347582.718421000,61,ok
1785347582.727949000,50,ok
1785347582.722101000,43,ok
1785347582.714058000,60,ok
1785347582.727133000,53,ok
1785347582.727668000,37,ok
1785347582.726592000,49,ok
1785347582.730553000,50,ok
1785347582.730541000,63,ok
1785347582.780835000,35,ok
1785347582.775480000,39,ok
1785347582.795536000,47,ok
1785347582.801761000,39,ok
1785347582.807140000,51,ok
1785347582.796831000,40,ok
1785347582.816677000,42,ok
1785347582.825055000,41,ok
1785347582.823733000,35,ok
1785347582.840861000,46,ok
1785347582.840202000,37,ok
1785347582.846161000,48,ok
1785347582.845780000,51,ok
1785347582.841774000,41,ok
1785347582.848930000,50,ok
1785347582.845272000,53,ok
1785347582.909453000,39,ok
1785347582.911671000,43,ok
1785347582.886182000,33,ok
1785347582.907612000,52,ok
1785347582.918195000,37,ok
1785347582.923425000,48,ok
1785347582.961260000,48,ok
1785347582.923073000,57,ok
1785347582.958925000,63,ok
1785347582.971739000,53,ok
1785347582.959716000,51,ok
1785347582.970166000,55,ok
1785347582.971798000,50,ok
1785347582.979257000,49,ok
1785347582.987051000,50,ok
1785347582.996332000,63,ok
1785347583.041581000,61,ok
1785347583.031247000,46,ok
1785347583.055982000,42,ok
1785347583.078498000,82,ok
1785347583.100978000,62,ok
1785347583.126545000,67,ok
1785347583.139704000,76,ok
1785347583.089404000,64,ok
1785347583.113941000,91,ok
1785347583.124463000,68,ok
1785347583.144773000,63,ok
1785347583.150254000,71,ok
1785347583.126365000,77,ok
1785347583.173857000,75,ok
1785347583.170483000,54,ok
1785347583.163130000,61,ok
1785347583.223742000,47,ok
1785347583.244953000,41,ok
1785347583.222284000,27,ok
1785347583.227263000,40,ok
1785347583.221060000,42,ok
1785347583.229016000,35,ok
1785347583.240367000,36,ok
1785347583.247799000,43,ok
1785347583.258018000,44,ok
1785347583.261419000,34,ok
1785347583.258093000,50,ok
1785347583.264017000,33,ok
1785347583.287571000,47,ok
1785347583.296257000,41,ok
1785347583.291474000,53,ok
1785347583.296835000,43,ok
1785347583.343011000,44,ok
1785347583.338890000,38,ok
1785347583.357548000,39,ok
1785347583.341853000,56,ok
1785347583.349981000,52,ok
1785347583.357216000,44,ok
1785347583.374947000,47,ok
1785347583.372519000,44,ok
1785347583.378793000,47,ok
1785347583.389691000,50,ok
1785347583.373214000,51,ok
1785347583.390544000,39,ok
1785347583.395561000,36,ok
1785347583.413954000,42,ok
1785347583.411874000,49,ok
1785347583.419778000,44,ok
1785347583.467607000,47,ok
1785347583.466001000,45,ok
1785347583.476146000,43,ok
1785347583.471491000,42,ok
1785347583.476065000,43,ok
1785347583.489640000,58,ok
1785347583.500323000,58,ok
1785347583.502221000,41,ok
1785347583.504533000,39,ok
1785347583.502575000,52,ok
1785347583.520610000,59,ok
1785347583.520996000,59,ok
1785347583.538791000,47,ok
1785347583.539748000,39,ok
1785347583.534351000,44,ok
1785347583.550555000,38,ok
1785347583.586448000,41,ok
1785347583.594610000,49,ok
1785347583.585659000,38,ok
1785347583.601596000,44,ok
1785347583.589321000,42,ok
1785347583.601475000,45,ok
1785347583.590224000,44,ok
1785347583.607901000,33,ok
1785347583.615929000,45,ok
1785347583.636725000,40,ok
1785347583.631741000,48,ok
1785347583.658284000,52,ok
1785347583.651320000,40,ok
1785347583.667964000,40,ok
1785347583.666442000,42,ok
1785347583.667992000,48,ok
1785347583.715789000,51,ok
1785347583.719217000,43,ok
1785347583.712976000,43,ok
1785347583.714191000,45,ok
1785347583.721434000,54,ok
1785347583.733455000,51,ok
1785347583.729257000,45,ok
1785347583.725390000,54,ok
1785347583.746792000,39,ok
1785347583.765750000,32,ok
1785347583.776249000,46,ok
1785347583.776119000,38,ok
1785347583.777298000,37,ok
1785347583.778433000,45,ok
1785347583.788111000,35,ok
1785347583.794256000,48,ok
1785347583.817544000,35,ok
1785347583.813948000,36,ok
1785347583.818301000,38,ok
1785347583.831906000,45,ok
1785347583.830274000,47,ok
1785347583.827611000,38,ok
1785347583.843229000,38,ok
1785347583.836095000,42,ok
1785347583.860047000,29,ok
1785347583.867917000,34,ok
1785347583.885826000,38,ok
1785347583.906776000,45,ok
1785347583.883636000,37,ok
1785347583.904354000,46,ok
1785347583.890443000,40,ok
1785347583.913429000,35,ok
1785347583.897096000,40,ok
1785347583.917114000,36,ok
1785347583.944299000,47,ok
1785347583.953010000,32,ok
1785347583.947667000,48,ok
1785347583.947046000,47,ok
1785347583.946657000,41,ok
1785347583.965939000,43,ok
1785347583.977042000,31,ok
1785347583.995900000,44,ok
1785347583.981242000,46,ok
1785347584.005217000,40,ok
1785347584.000188000,34,ok
1785347584.006230000,36,ok
1785347583.998459000,44,ok
1785347584.004474000,38,ok
1785347583.999494000,42,ok
1785347584.034646000,42,ok
1785347584.059173000,41,ok
1785347584.060668000,41,ok
1785347584.066764000,38,ok
1785347584.063317000,39,ok
1785347584.067789000,39,ok
1785347584.099680000,50,ok
1785347584.102061000,35,ok
1785347584.100643000,45,ok
1785347584.110279000,37,ok
1785347584.114749000,47,ok
1785347584.114076000,43,ok
1785347584.113788000,39,ok
1785347584.115271000,42,ok
1785347584.111722000,38,ok
1785347584.112312000,40,ok
1785347584.164360000,37,ok
1785347584.161592000,42,ok
1785347584.167751000,40,ok
1785347584.173349000,42,ok
1785347584.182515000,37,ok
1785347584.185980000,48,ok
1785347584.208602000,38,ok
1785347584.211915000,38,ok
1785347584.227564000,52,ok
1785347584.233122000,60,ok
1785347584.241948000,55,ok
1785347584.236675000,46,ok
1785347584.238376000,42,ok
1785347584.241609000,58,ok
1785347584.247053000,53,ok
1785347584.245417000,52,ok
1785347584.301300000,43,ok
1785347584.296591000,44,ok
1785347584.299088000,41,ok
1785347584.302761000,44,ok
1785347584.308067000,40,ok
1785347584.306369000,29,ok
1785347584.348944000,46,ok
1785347584.346998000,40,ok
1785347584.357740000,37,ok
1785347584.357532000,55,ok
1785347584.360341000,50,ok
1785347584.350590000,36,ok
1785347584.361184000,42,ok
1785347584.348927000,41,ok
1785347584.357361000,38,ok
1785347584.359704000,40,ok
1785347584.414767000,34,ok
1785347584.429497000,48,ok
1785347584.414380000,46,ok
1785347584.431792000,49,ok
1785347584.425376000,42,ok
1785347584.413473000,42,ok
1785347584.464966000,54,ok
1785347584.468931000,50,ok
1785347584.461142000,46,ok
1785347584.468433000,56,ok
1785347584.466538000,66,ok
1785347584.487578000,53,ok
1785347584.484646000,71,ok
1785347584.487050000,60,ok
1785347584.489101000,60,ok
1785347584.495932000,53,ok
1785347584.562417000,38,ok
1785347584.567661000,33,ok
1785347584.568081000,35,ok
1785347584.567397000,67,ok
1785347584.564580000,34,ok
1785347584.563762000,43,ok
1785347584.563653000,38,ok
1785347584.600299000,42,ok
1785347584.609467000,43,ok
1785347584.596830000,36,ok
1785347584.594065000,39,ok
1785347584.597449000,36,ok
1785347584.617948000,41,ok
1785347584.623825000,43,ok
1785347584.628102000,43,ok
1785347584.657177000,35,ok
1785347584.652170000,45,ok
1785347584.669086000,39,ok
1785347584.682981000,40,ok
1785347584.681253000,40,ok
1785347584.689487000,53,ok
1785347584.696391000,49,ok
1785347584.680222000,49,ok
1785347584.721913000,33,ok
1785347584.722223000,43,ok
1785347584.724509000,44,ok
1785347584.722885000,41,ok
1785347584.724235000,41,ok
1785347584.732155000,45,ok
1785347584.715949000,47,ok
1785347584.759675000,43,ok
1785347584.774451000,44,ok
1785347584.766528000,36,ok
1785347584.782398000,41,ok
1785347584.811339000,45,ok
1785347584.815170000,38,ok
1785347584.811125000,50,ok
1785347584.823795000,41,ok
1785347584.818882000,45,ok
1785347584.873723000,87,ok
1785347584.853277000,78,ok
1785347584.884417000,79,ok
1785347584.880141000,76,ok
1785347584.880656000,83,ok
1785347584.882165000,70,ok
1785347584.889590000,82,ok
1785347584.913263000,40,ok
1785347584.944175000,40,ok
1785347584.941953000,45,ok
1785347584.941139000,38,ok
1785347584.979126000,48,ok
1785347584.974169000,51,ok
1785347584.971512000,50,ok
1785347585.003426000,51,ok
1785347584.990975000,60,ok
1785347584.993044000,47,ok
1785347584.986941000,40,ok
1785347584.986341000,48,ok
1785347584.976352000,55,ok
1785347585.000796000,56,ok
1785347585.021699000,62,ok
1785347585.068999000,91,ok
1785347585.132177000,61,ok
1785347585.116379000,67,ok
1785347585.138165000,73,ok
1785347585.155472000,64,ok
1785347585.172767000,55,ok
1785347585.180306000,51,ok
1785347585.180527000,83,ok
1785347585.185576000,52,ok
1785347585.188400000,60,ok
1785347585.187164000,59,ok
1785347585.194102000,47,ok
1785347585.195268000,52,ok
1785347585.183874000,49,ok
1785347585.207151000,73,ok
1785347585.232723000,37,ok
1785347585.249949000,43,ok
1785347585.234097000,75,ok
1785347585.254267000,46,ok
1785347585.275707000,45,ok
1785347585.297976000,77,ok
1785347585.303656000,50,ok
1785347585.316851000,60,ok
1785347585.316277000,60,ok
1785347585.300292000,48,ok
1785347585.302523000,54,ok
1785347585.303491000,54,ok
1785347585.347989000,80,ok
1785347585.334706000,71,ok
1785347585.347728000,69,ok
1785347585.375243000,52,ok
1785347585.438357000,72,ok
1785347585.422604000,51,ok
1785347585.451577000,49,ok
1785347585.462479000,62,ok
1785347585.445678000,58,ok
1785347585.454366000,47,ok
1785347585.451087000,47,ok
1785347585.405506000,47,ok
1785347585.461312000,75,ok
1785347585.462375000,62,ok
1785347585.445180000,47,ok
1785347585.466752000,52,ok
1785347585.479922000,48,ok
1785347585.513494000,41,ok
1785347585.513442000,46,ok
1785347585.531192000,48,ok
1785347585.574808000,28,ok
1785347585.573537000,55,ok
1785347585.551212000,40,ok
1785347585.572694000,42,ok
1785347585.574772000,55,ok
1785347585.580203000,53,ok
1785347585.581274000,44,ok
1785347585.576800000,51,ok
1785347585.586375000,55,ok
1785347585.593621000,54,ok
1785347585.591775000,47,ok
1785347585.597613000,50,ok
1785347585.596691000,49,ok
1785347585.651048000,47,ok
1785347585.659472000,43,ok
1785347585.665050000,52,ok
1785347585.681479000,41,ok
1785347585.687494000,49,ok
1785347585.693820000,52,ok
1785347585.683500000,55,ok
1785347585.688234000,49,ok
1785347585.698313000,49,ok
1785347585.724587000,63,ok
1785347585.702764000,39,ok
1785347585.720337000,49,ok
1785347585.714362000,59,ok
1785347585.731718000,37,ok
1785347585.728882000,53,ok
1785347585.731224000,38,ok
1785347585.777889000,30,ok
1785347585.796959000,41,ok
1785347585.784983000,47,ok
1785347585.804269000,44,ok
1785347585.817967000,51,ok
1785347585.811890000,44,ok
1785347585.814114000,49,ok
1785347585.833050000,60,ok
1785347585.815576000,52,ok
1785347585.832677000,60,ok
1785347585.837109000,45,ok
1785347585.837637000,54,ok
1785347585.840549000,58,ok
1785347585.839949000,59,ok
1785347585.853433000,42,ok
1785347585.854697000,39,ok
1785347585.890704000,30,ok
1785347585.897264000,43,ok
1785347585.911703000,46,ok
1785347585.916072000,41,ok
1785347585.915105000,36,ok
1785347585.949679000,52,ok
1785347585.927247000,48,ok
1785347585.946846000,54,ok
1785347585.929045000,47,ok
1785347585.956284000,52,ok
1785347585.953079000,61,ok
1785347585.958712000,67,ok
1785347585.973101000,52,ok
1785347585.959139000,54,ok
1785347585.978948000,56,ok
1785347585.971905000,50,ok
1785347586.034039000,66,ok
1785347586.062494000,36,ok
