ts,ms,status
1785385486.921657000,96,ok
1785385486.922775000,115,ok
1785385486.926997000,113,ok
1785385486.922452000,102,ok
1785385486.926396000,114,ok
1785385486.927670000,100,ok
1785385486.929064000,114,ok
1785385486.934444000,115,ok
1785385486.944949000,141,ok
1785385486.962873000,154,ok
1785385486.961112000,154,ok
1785385486.954111000,151,ok
1785385486.958603000,145,ok
1785385486.961394000,146,ok
1785385486.967908000,160,ok
1785385486.962484000,155,ok
1785385487.060143000,95,ok
1785385487.056680000,99,ok
1785385487.064436000,100,ok
1785385487.062781000,100,ok
1785385487.067400000,97,ok
1785385487.069816000,91,ok
1785385487.078903000,90,ok
1785385487.076861000,87,ok
1785385487.098969000,95,ok
1785385487.122203000,103,ok
1785385487.121925000,100,ok
1785385487.125272000,99,ok
1785385487.125286000,106,ok
1785385487.126483000,100,ok
1785385487.128457000,101,ok
1785385487.134464000,99,ok
1785385487.172045000,83,ok
1785385487.175693000,87,ok
1785385487.182469000,82,ok
1785385487.189287000,84,ok
1785385487.187956000,91,ok
1785385487.189598000,84,ok
1785385487.194692000,92,ok
1785385487.192821000,90,ok
1785385487.211795000,78,ok
1785385487.239418000,84,ok
1785385487.235682000,82,ok
1785385487.237091000,85,ok
1785385487.236614000,87,ok
1785385487.237357000,90,ok
1785385487.241040000,88,ok
1785385487.239491000,80,ok
1785385487.280307000,81,ok
1785385487.287569000,86,ok
1785385487.288848000,80,ok
1785385487.303658000,86,ok
1785385487.301627000,88,ok
1785385487.316899000,90,ok
1785385487.316357000,89,ok
1785385487.319686000,83,ok
1785385487.341184000,86,ok
1785385487.350036000,81,ok
1785385487.364453000,91,ok
1785385487.368915000,91,ok
1785385487.367807000,96,ok
1785385487.369219000,96,ok
1785385487.369526000,90,ok
1785385487.370214000,96,ok
1785385487.396141000,86,ok
1785385487.398422000,84,ok
1785385487.403686000,85,ok
1785385487.419110000,88,ok
1785385487.416432000,88,ok
1785385487.428388000,83,ok
1785385487.428092000,79,ok
1785385487.435262000,83,ok
1785385487.455845000,79,ok
1785385487.466027000,79,ok
1785385487.478720000,80,ok
1785385487.478510000,80,ok
1785385487.477175000,81,ok
1785385487.482427000,81,ok
1785385487.484281000,84,ok
1785385487.486942000,80,ok
1785385487.505530000,79,ok
1785385487.511264000,76,ok
1785385487.511940000,82,ok
1785385487.521644000,80,ok
1785385487.523196000,83,ok
1785385487.534971000,82,ok
1785385487.537248000,80,ok
1785385487.537795000,83,ok
1785385487.555256000,79,ok
1785385487.570259000,83,ok
1785385487.595351000,85,ok
1785385487.597978000,85,ok
1785385487.595102000,89,ok
1785385487.594608000,89,ok
1785385487.597029000,87,ok
1785385487.596717000,90,ok
1785385487.617835000,82,ok
1785385487.622248000,80,ok
1785385487.642886000,95,ok
1785385487.646194000,91,ok
1785385487.647243000,95,ok
1785385487.647878000,81,ok
1785385487.648247000,85,ok
1785385487.655616000,85,ok
1785385487.677132000,80,ok
1785385487.672814000,82,ok
1785385487.703361000,82,ok
1785385487.705474000,84,ok
1785385487.708062000,85,ok
1785385487.705468000,83,ok
1785385487.707560000,81,ok
1785385487.708361000,86,ok
1785385487.729870000,81,ok
1785385487.733384000,79,ok
1785385487.755363000,82,ok
1785385487.756173000,80,ok
1785385487.762664000,84,ok
1785385487.754571000,80,ok
1785385487.761518000,77,ok
1785385487.761990000,84,ok
1785385487.783045000,83,ok
1785385487.781185000,82,ok
1785385487.810698000,82,ok
1785385487.810468000,82,ok
1785385487.817015000,83,ok
1785385487.816435000,82,ok
1785385487.818613000,86,ok
1785385487.818425000,79,ok
1785385487.841641000,81,ok
1785385487.844236000,84,ok
1785385487.866772000,82,ok
1785385487.870871000,83,ok
1785385487.869580000,78,ok
1785385487.866795000,78,ok
1785385487.871819000,77,ok
1785385487.870994000,81,ok
1785385487.887646000,80,ok
1785385487.894246000,78,ok
1785385487.915041000,79,ok
1785385487.920499000,79,ok
1785385487.921633000,77,ok
1785385487.922272000,80,ok
1785385487.922261000,77,ok
1785385487.927254000,85,ok
1785385487.939681000,77,ok
1785385487.943830000,79,ok
1785385487.980681000,84,ok
1785385487.981515000,85,ok
1785385487.980842000,83,ok
1785385487.984528000,88,ok
1785385487.982817000,87,ok
1785385487.984084000,83,ok
1785385487.993213000,81,ok
1785385488.009328000,83,ok
1785385488.028380000,82,ok
1785385488.032845000,84,ok
1785385488.035462000,80,ok
1785385488.036547000,86,ok
1785385488.036633000,84,ok
1785385488.036091000,83,ok
1785385488.042530000,77,ok
1785385488.044074000,75,ok
1785385488.086441000,80,ok
1785385488.088400000,83,ok
1785385488.090245000,86,ok
1785385488.091459000,84,ok
1785385488.094864000,87,ok
1785385488.094781000,86,ok
1785385488.099713000,81,ok
1785385488.122863000,79,ok
1785385488.143117000,78,ok
1785385488.143163000,85,ok
1785385488.146823000,78,ok
1785385488.145685000,82,ok
1785385488.147880000,85,ok
1785385488.150315000,81,ok
1785385488.150757000,88,ok
1785385488.147866000,80,ok
1785385488.200539000,86,ok
1785385488.201682000,93,ok
1785385488.200614000,84,ok
1785385488.203915000,85,ok
1785385488.202809000,89,ok
1785385488.203193000,92,ok
1785385488.211278000,85,ok
1785385488.235700000,89,ok
1785385488.254515000,83,ok
1785385488.260626000,87,ok
1785385488.261709000,88,ok
1785385488.267384000,89,ok
1785385488.268487000,86,ok
1785385488.262345000,85,ok
1785385488.269885000,88,ok
1785385488.269248000,88,ok
1785385488.318361000,83,ok
1785385488.322479000,79,ok
1785385488.325926000,80,ok
1785385488.320423000,85,ok
1785385488.322017000,85,ok
1785385488.324577000,85,ok
1785385488.324987000,89,ok
1785385488.356332000,83,ok
1785385488.365874000,78,ok
1785385488.368266000,76,ok
1785385488.373323000,80,ok
1785385488.376153000,80,ok
1785385488.368431000,78,ok
1785385488.376765000,79,ok
1785385488.375620000,79,ok
1785385488.377676000,81,ok
1785385488.421126000,77,ok
1785385488.423782000,79,ok
1785385488.423951000,78,ok
1785385488.431931000,84,ok
1785385488.430859000,82,ok
1785385488.436449000,85,ok
1785385488.439481000,92,ok
1785385488.467777000,81,ok
1785385488.472371000,76,ok
1785385488.473195000,79,ok
1785385488.478650000,78,ok
1785385488.477884000,78,ok
1785385488.481098000,77,ok
1785385488.481966000,81,ok
1785385488.486144000,81,ok
1785385488.488114000,82,ok
1785385488.525490000,76,ok
1785385488.525520000,81,ok
1785385488.526204000,77,ok
1785385488.531837000,75,ok
1785385488.534913000,78,ok
1785385488.536735000,75,ok
1785385488.541749000,75,ok
1785385488.576543000,78,ok
1785385488.575971000,73,ok
1785385488.582927000,81,ok
1785385488.582500000,79,ok
1785385488.585947000,79,ok
1785385488.582951000,78,ok
1785385488.588197000,77,ok
1785385488.588188000,76,ok
1785385488.588622000,76,ok
1785385488.636581000,79,ok
1785385488.636063000,90,ok
1785385488.637010000,83,ok
1785385488.636458000,85,ok
1785385488.642724000,79,ok
1785385488.639485000,91,ok
1785385488.639347000,84,ok
1785385488.692416000,84,ok
1785385488.697086000,86,ok
1785385488.695732000,84,ok
1785385488.695437000,83,ok
1785385488.702039000,88,ok
1785385488.718390000,101,ok
1785385488.717430000,101,ok
1785385488.717809000,92,ok
1785385488.718748000,98,ok
1785385488.752242000,82,ok
1785385488.755958000,88,ok
1785385488.753598000,86,ok
1785385488.754937000,79,ok
1785385488.751954000,78,ok
1785385488.758217000,88,ok
1785385488.753446000,81,ok
1785385488.806711000,88,ok
1785385488.800031000,79,ok
1785385488.818465000,88,ok
1785385488.800165000,78,ok
1785385488.803976000,86,ok
1785385488.840182000,94,ok
1785385488.836727000,91,ok
1785385488.836297000,87,ok
1785385488.846389000,84,ok
1785385488.867613000,82,ok
1785385488.872565000,80,ok
1785385488.882319000,91,ok
1785385488.883495000,91,ok
1785385488.881088000,84,ok
1785385488.892714000,91,ok
1785385488.893710000,92,ok
1785385488.921158000,81,ok
1785385488.927098000,81,ok
1785385488.935861000,85,ok
1785385488.935554000,89,ok
1785385488.935815000,84,ok
1785385488.943500000,76,ok
1785385488.946603000,75,ok
1785385488.948658000,80,ok
1785385488.953194000,77,ok
1785385488.976628000,77,ok
1785385488.976223000,83,ok
1785385488.992483000,85,ok
1785385488.995077000,90,ok
1785385488.997109000,90,ok
1785385488.996696000,82,ok
1785385488.996944000,83,ok
1785385489.022718000,82,ok
1785385489.029493000,79,ok
1785385489.042373000,81,ok
1785385489.041494000,80,ok
1785385489.044455000,83,ok
1785385489.053645000,83,ok
1785385489.056794000,81,ok
1785385489.057550000,80,ok
1785385489.059842000,78,ok
1785385489.079774000,78,ok
1785385489.085917000,81,ok
1785385489.097685000,79,ok
1785385489.100381000,84,ok
1785385489.102318000,83,ok
1785385489.100630000,83,ok
1785385489.099438000,80,ok
1785385489.119716000,78,ok
1785385489.135553000,83,ok
1785385489.142315000,78,ok
1785385489.143278000,76,ok
1785385489.148940000,81,ok
1785385489.155993000,76,ok
1785385489.159709000,79,ok
1785385489.162508000,83,ok
1785385489.162031000,77,ok
1785385489.192149000,76,ok
1785385489.199624000,90,ok
1785385489.199805000,80,ok
1785385489.205279000,80,ok
1785385489.204154000,80,ok
1785385489.204152000,82,ok
1785385489.205374000,81,ok
1785385489.223675000,80,ok
1785385489.244183000,85,ok
1785385489.250032000,87,ok
1785385489.250132000,80,ok
1785385489.253379000,77,ok
1785385489.263725000,81,ok
1785385489.264596000,79,ok
1785385489.265398000,78,ok
1785385489.268884000,80,ok
1785385489.307550000,79,ok
1785385489.306962000,81,ok
1785385489.302641000,82,ok
1785385489.309891000,79,ok
1785385489.309938000,77,ok
1785385489.321780000,88,ok
1785385489.326638000,78,ok
1785385489.331096000,75,ok
1785385489.351280000,79,ok
1785385489.354596000,74,ok
1785385489.358085000,72,ok
1785385489.357220000,76,ok
1785385489.369425000,78,ok
1785385489.370567000,78,ok
1785385489.370595000,78,ok
1785385489.372710000,77,ok
1785385489.403152000,76,ok
1785385489.405911000,75,ok
1785385489.406463000,77,ok
1785385489.408266000,77,ok
1785385489.410681000,78,ok
1785385489.422584000,76,ok
1785385489.425661000,75,ok
1785385489.432450000,77,ok
1785385489.456893000,72,ok
1785385489.457286000,79,ok
1785385489.455454000,77,ok
1785385489.459559000,74,ok
1785385489.467789000,75,ok
1785385489.472467000,76,ok
1785385489.473513000,75,ok
1785385489.472431000,77,ok
1785385489.510716000,81,ok
1785385489.511046000,83,ok
1785385489.514177000,80,ok
1785385489.511110000,82,ok
1785385489.518234000,83,ok
1785385489.533078000,78,ok
1785385489.533859000,83,ok
1785385489.529630000,84,ok
1785385489.571667000,88,ok
1785385489.567552000,82,ok
1785385489.566616000,83,ok
1785385489.572026000,88,ok
1785385489.581580000,81,ok
1785385489.579662000,82,ok
1785385489.584435000,86,ok
1785385489.588893000,92,ok
1785385489.621493000,77,ok
1785385489.621480000,77,ok
1785385489.627879000,81,ok
1785385489.627666000,82,ok
1785385489.631933000,79,ok
1785385489.642277000,75,ok
1785385489.646979000,87,ok
1785385489.644464000,83,ok
1785385489.674241000,76,ok
1785385489.674025000,76,ok
1785385489.676873000,77,ok
1785385489.681699000,77,ok
1785385489.680973000,79,ok
1785385489.681679000,78,ok
1785385489.689364000,78,ok
1785385489.688159000,78,ok
1785385489.721403000,78,ok
1785385489.723829000,73,ok
1785385489.724782000,79,ok
1785385489.728998000,78,ok
1785385489.733695000,76,ok
1785385489.751010000,80,ok
1785385489.750815000,80,ok
1785385489.753372000,78,ok
1785385489.774726000,74,ok
1785385489.777628000,74,ok
1785385489.778749000,75,ok
1785385489.785701000,78,ok
1785385489.786997000,82,ok
1785385489.782839000,75,ok
1785385489.790296000,76,ok
1785385489.791449000,77,ok
1785385489.815999000,74,ok
1785385489.818168000,78,ok
1785385489.820357000,74,ok
1785385489.825545000,80,ok
1785385489.827748000,76,ok
1785385489.843720000,74,ok
1785385489.849318000,79,ok
1785385489.853090000,82,ok
1785385489.875593000,79,ok
1785385489.879599000,75,ok
1785385489.877497000,76,ok
1785385489.888017000,79,ok
1785385489.889348000,79,ok
1785385489.896085000,85,ok
1785385489.899160000,82,ok
1785385489.899047000,89,ok
1785385489.925737000,81,ok
1785385489.927295000,83,ok
1785385489.930569000,81,ok
1785385489.933463000,84,ok
1785385489.934345000,80,ok
1785385489.947944000,80,ok
1785385489.954670000,79,ok
1785385489.954055000,82,ok
1785385489.979727000,77,ok
1785385489.986491000,79,ok
1785385489.988253000,79,ok
1785385489.989055000,82,ok
1785385490.002658000,79,ok
1785385490.007919000,84,ok
1785385490.008923000,76,ok
1785385490.008026000,80,ok
1785385490.034743000,75,ok
1785385490.044069000,81,ok
1785385490.043292000,85,ok
1785385490.043611000,80,ok
1785385490.036369000,78,ok
1785385490.054908000,78,ok
1785385490.051431000,81,ok
1785385490.054879000,79,ok
1785385490.078616000,80,ok
1785385490.094432000,86,ok
1785385490.085599000,77,ok
1785385490.091838000,83,ok
1785385490.117186000,84,ok
1785385490.121337000,88,ok
1785385490.115805000,88,ok
1785385490.122669000,89,ok
1785385490.162705000,83,ok
1785385490.166193000,80,ok
1785385490.168969000,84,ok
1785385490.173022000,82,ok
1785385490.173332000,89,ok
1785385490.187625000,91,ok
1785385490.188431000,80,ok
1785385490.190701000,80,ok
1785385490.207822000,76,ok
1785385490.212946000,76,ok
1785385490.212107000,78,ok
1785385490.212794000,77,ok
1785385490.226101000,77,ok
1785385490.233300000,87,ok
1785385490.238466000,87,ok
1785385490.236673000,91,ok
1785385490.265405000,76,ok
1785385490.261282000,80,ok
1785385490.263069000,79,ok
1785385490.269730000,78,ok
1785385490.274437000,79,ok
1785385490.292620000,83,ok
1785385490.296599000,87,ok
1785385490.295821000,82,ok
1785385490.319261000,81,ok
1785385490.318999000,85,ok
1785385490.318189000,79,ok
1785385490.325519000,83,ok
1785385490.342034000,79,ok
1785385490.344376000,78,ok
1785385490.344179000,82,ok
1785385490.350144000,86,ok
1785385490.368476000,78,ok
1785385490.368763000,78,ok
1785385490.376407000,78,ok
1785385490.377898000,81,ok
1785385490.376909000,80,ok
1785385490.393870000,76,ok
1785385490.404095000,83,ok
1785385490.403982000,80,ok
1785385490.421482000,76,ok
1785385490.424338000,77,ok
1785385490.424624000,82,ok
1785385490.427349000,74,ok
1785385490.447622000,76,ok
1785385490.447770000,79,ok
1785385490.449574000,81,ok
1785385490.451374000,83,ok
1785385490.469304000,76,ok
1785385490.471770000,77,ok
1785385490.482995000,83,ok
1785385490.481852000,83,ok
1785385490.485376000,86,ok
1785385490.494527000,77,ok
1785385490.503098000,78,ok
1785385490.503084000,76,ok
1785385490.527315000,84,ok
1785385490.526096000,82,ok
1785385490.535119000,85,ok
1785385490.535835000,90,ok
1785385490.559300000,89,ok
1785385490.554703000,83,ok
1785385490.560252000,88,ok
1785385490.560039000,90,ok
1785385490.583785000,86,ok
1785385490.590512000,85,ok
1785385490.589193000,87,ok
1785385490.594294000,83,ok
1785385490.603047000,84,ok
1785385490.601000000,89,ok
1785385490.621420000,85,ok
1785385490.624057000,82,ok
1785385490.643269000,80,ok
1785385490.650620000,81,ok
1785385490.651390000,84,ok
1785385490.657045000,82,ok
1785385490.676434000,82,ok
1785385490.676087000,86,ok
1785385490.677280000,78,ok
1785385490.679368000,78,ok
1785385490.704974000,81,ok
1785385490.700246000,77,ok
1785385490.707260000,81,ok
1785385490.708892000,78,ok
1785385490.707886000,77,ok
1785385490.712430000,76,ok
1785385490.721901000,76,ok
1785385490.723943000,75,ok
1785385490.736841000,76,ok
1785385490.748618000,80,ok
1785385490.747958000,79,ok
1785385490.753848000,78,ok
1785385490.788060000,90,ok
1785385490.788989000,88,ok
1785385490.791889000,91,ok
1785385490.789335000,86,ok
1785385490.811190000,83,ok
1785385490.813653000,78,ok
1785385490.812582000,76,ok
1785385490.813046000,81,ok
1785385490.820320000,77,ok
1785385490.829108000,86,ok
1785385490.840688000,89,ok
1785385490.846550000,90,ok
1785385490.854936000,90,ok
1785385490.868721000,78,ok
1785385490.870924000,79,ok
1785385490.871778000,77,ok
1785385490.892864000,78,ok
1785385490.891680000,78,ok
1785385490.889803000,80,ok
1785385490.898595000,82,ok
1785385490.914864000,79,ok
1785385490.921388000,80,ok
1785385490.921018000,79,ok
1785385490.921362000,80,ok
1785385490.935197000,79,ok
1785385490.934789000,87,ok
1785385490.946382000,78,ok
1785385490.947115000,77,ok
1785385490.961502000,81,ok
1785385490.973594000,77,ok
1785385490.973234000,81,ok
1785385490.974496000,78,ok
1785385490.991907000,73,ok
1785385490.997106000,74,ok
1785385490.998358000,77,ok
1785385490.996416000,75,ok
1785385491.019566000,78,ok
1785385491.019362000,74,ok
1785385491.021492000,76,ok
1785385491.026404000,77,ok
1785385491.036627000,77,ok
1785385491.039932000,77,ok
1785385491.047369000,76,ok
1785385491.048321000,77,ok
1785385491.058783000,77,ok
1785385491.074970000,83,ok
1785385491.074951000,83,ok
1785385491.074551000,80,ok
1785385491.091717000,78,ok
1785385491.093036000,77,ok
1785385491.098275000,79,ok
1785385491.100566000,82,ok
1785385491.119121000,76,ok
1785385491.122641000,79,ok
1785385491.122853000,77,ok
1785385491.130866000,80,ok
1785385491.134667000,76,ok
1785385491.145478000,75,ok
1785385491.142517000,76,ok
1785385491.149391000,74,ok
1785385491.158129000,78,ok
1785385491.177817000,81,ok
1785385491.178524000,80,ok
1785385491.176514000,78,ok
1785385491.190760000,76,ok
1785385491.194366000,79,ok
1785385491.194739000,75,ok
1785385491.194588000,78,ok
1785385491.224570000,82,ok
1785385491.224001000,81,ok
1785385491.225671000,86,ok
1785385491.238253000,77,ok
1785385491.238586000,84,ok
1785385491.245011000,77,ok
1785385491.249863000,82,ok
1785385491.249811000,75,ok
1785385491.260702000,77,ok
1785385491.279748000,80,ok
1785385491.278402000,78,ok
1785385491.280869000,79,ok
1785385491.294995000,81,ok
1785385491.294775000,77,ok
1785385491.301393000,83,ok
1785385491.297908000,80,ok
1785385491.325258000,77,ok
1785385491.328766000,80,ok
1785385491.329127000,82,ok
1785385491.340794000,77,ok
1785385491.343083000,75,ok
1785385491.353003000,77,ok
1785385491.356307000,78,ok
1785385491.356606000,84,ok
1785385491.368914000,81,ok
1785385491.380566000,75,ok
1785385491.385873000,75,ok
1785385491.387646000,78,ok
1785385491.401718000,81,ok
1785385491.403084000,82,ok
1785385491.402793000,79,ok
1785385491.403659000,77,ok
1785385491.425005000,76,ok
1785385491.425075000,79,ok
1785385491.430282000,79,ok
1785385491.442365000,80,ok
1785385491.442854000,76,ok
1785385491.449251000,73,ok
1785385491.458216000,78,ok
1785385491.458991000,76,ok
1785385491.469542000,77,ok
1785385491.482963000,76,ok
1785385491.488843000,76,ok
1785385491.485553000,75,ok
1785385491.500465000,75,ok
1785385491.503995000,77,ok
1785385491.504764000,77,ok
1785385491.506181000,75,ok
1785385491.529877000,79,ok
1785385491.532788000,85,ok
1785385491.532481000,74,ok
1785385491.538868000,76,ok
1785385491.543671000,78,ok
1785385491.548166000,78,ok
1785385491.560830000,81,ok
1785385491.559336000,81,ok
1785385491.570681000,82,ok
1785385491.590906000,82,ok
1785385491.591104000,87,ok
1785385491.592502000,82,ok
1785385491.608349000,84,ok
1785385491.616958000,86,ok
1785385491.617817000,87,ok
1785385491.617393000,86,ok
1785385491.639676000,80,ok
1785385491.649092000,78,ok
1785385491.649981000,77,ok
1785385491.651283000,80,ok
1785385491.658305000,78,ok
1785385491.660045000,83,ok
1785385491.677553000,83,ok
1785385491.677632000,78,ok
1785385491.681579000,76,ok
1785385491.695112000,76,ok
1785385491.695519000,80,ok
1785385491.698309000,76,ok
1785385491.706982000,76,ok
1785385491.718195000,79,ok
1785385491.717557000,76,ok
1785385491.718443000,80,ok
1785385491.738222000,78,ok
1785385491.742470000,74,ok
1785385491.746890000,75,ok
1785385491.747589000,79,ok
1785385491.757657000,75,ok
1785385491.758578000,77,ok
1785385491.774917000,74,ok
1785385491.779388000,75,ok
1785385491.780991000,74,ok
1785385491.793369000,76,ok
1785385491.795551000,76,ok
1785385491.796563000,73,ok
1785385491.805281000,75,ok
1785385491.814204000,75,ok
1785385491.816773000,75,ok
1785385491.817913000,75,ok
1785385491.837487000,75,ok
1785385491.837171000,77,ok
1785385491.848325000,78,ok
1785385491.851247000,75,ok
1785385491.847640000,78,ok
1785385491.854164000,77,ok
1785385491.874284000,76,ok
1785385491.875640000,76,ok
1785385491.874977000,78,ok
1785385491.893291000,80,ok
1785385491.896097000,77,ok
1785385491.896958000,80,ok
1785385491.905265000,78,ok
1785385491.911612000,76,ok
1785385491.918078000,80,ok
1785385491.918773000,77,ok
1785385491.936298000,76,ok
1785385491.941378000,78,ok
1785385491.952938000,81,ok
1785385491.958304000,82,ok
1785385491.959826000,84,ok
1785385491.958341000,80,ok
1785385491.979619000,77,ok
1785385491.978885000,80,ok
1785385491.984206000,79,ok
1785385491.996939000,77,ok
1785385491.998290000,75,ok
1785385492.009931000,78,ok
1785385492.009651000,80,ok
1785385492.016403000,76,ok
1785385492.017343000,78,ok
1785385492.019052000,75,ok
1785385492.039615000,76,ok
1785385492.038313000,77,ok
1785385492.047157000,75,ok
1785385492.050176000,72,ok
1785385492.056201000,76,ok
1785385492.056124000,77,ok
1785385492.081157000,79,ok
1785385492.079186000,77,ok
1785385492.081803000,78,ok
1785385492.098870000,78,ok
1785385492.098444000,78,ok
1785385492.107219000,74,ok
1785385492.112412000,74,ok
1785385492.115753000,76,ok
1785385492.112880000,80,ok
1785385492.115828000,77,ok
1785385492.144114000,74,ok
1785385492.146007000,82,ok
1785385492.143977000,78,ok
1785385492.143120000,79,ok
1785385492.151394000,76,ok
1785385492.151908000,77,ok
1785385492.180710000,81,ok
1785385492.180649000,81,ok
1785385492.181000000,81,ok
1785385492.198940000,74,ok
1785385492.197044000,76,ok
1785385492.210103000,77,ok
1785385492.210350000,75,ok
1785385492.212016000,80,ok
1785385492.214998000,79,ok
1785385492.216477000,82,ok
1785385492.245367000,78,ok
1785385492.241305000,76,ok
1785385492.246532000,75,ok
1785385492.247946000,80,ok
1785385492.248340000,76,ok
1785385492.247478000,79,ok
1785385492.280982000,80,ok
1785385492.280852000,80,ok
1785385492.280948000,80,ok
1785385492.298970000,78,ok
1785385492.300166000,78,ok
1785385492.318273000,81,ok
1785385492.317457000,82,ok
1785385492.321028000,80,ok
1785385492.320262000,82,ok
1785385492.321044000,81,ok
1785385492.352806000,81,ok
1785385492.354176000,84,ok
1785385492.352233000,82,ok
1785385492.353543000,84,ok
1785385492.354391000,83,ok
1785385492.352266000,82,ok
1785385492.375794000,75,ok
1785385492.379294000,77,ok
1785385492.379334000,76,ok
1785385492.401825000,79,ok
1785385492.404031000,80,ok
1785385492.415628000,76,ok
1785385492.416551000,78,ok
1785385492.418763000,76,ok
1785385492.420429000,78,ok
1785385492.421150000,79,ok
1785385492.455320000,79,ok
1785385492.458880000,79,ok
1785385492.459996000,84,ok
1785385492.461406000,84,ok
1785385492.459217000,84,ok
1785385492.461495000,86,ok
1785385492.477369000,75,ok
1785385492.476585000,79,ok
1785385492.478056000,78,ok
1785385492.501360000,80,ok
1785385492.503459000,79,ok
1785385492.517897000,77,ok
1785385492.518136000,77,ok
1785385492.521221000,81,ok
1785385492.522075000,76,ok
1785385492.524000000,80,ok
1785385492.564143000,81,ok
1785385492.564664000,75,ok
1785385492.564806000,78,ok
1785385492.564988000,79,ok
1785385492.568709000,78,ok
1785385492.571325000,80,ok
1785385492.586878000,80,ok
1785385492.586462000,76,ok
1785385492.585942000,80,ok
1785385492.604266000,78,ok
1785385492.605163000,79,ok
1785385492.620384000,79,ok
1785385492.619317000,79,ok
1785385492.621511000,78,ok
1785385492.619255000,75,ok
1785385492.622355000,82,ok
1785385492.670295000,77,ok
1785385492.672781000,80,ok
1785385492.675307000,82,ok
1785385492.674962000,83,ok
1785385492.676532000,82,ok
1785385492.688501000,84,ok
1785385492.701614000,78,ok
1785385492.702056000,83,ok
1785385492.701428000,82,ok
1785385492.711068000,79,ok
1785385492.721768000,75,ok
1785385492.712923000,74,ok
1785385492.722269000,76,ok
1785385492.723066000,73,ok
1785385492.724480000,75,ok
1785385492.727427000,78,ok
1785385492.766199000,76,ok
1785385492.768137000,77,ok
1785385492.774892000,81,ok
1785385492.777974000,83,ok
1785385492.780022000,85,ok
1785385492.794590000,78,ok
1785385492.809030000,78,ok
1785385492.813731000,75,ok
1785385492.817669000,74,ok
1785385492.811706000,81,ok
1785385492.823975000,78,ok
1785385492.839465000,87,ok
1785385492.841519000,86,ok
1785385492.839816000,85,ok
1785385492.838969000,87,ok
1785385492.841698000,88,ok
1785385492.863928000,77,ok
1785385492.864359000,74,ok
1785385492.876777000,78,ok
1785385492.878086000,81,ok
1785385492.877977000,78,ok
1785385492.893532000,75,ok
1785385492.917341000,79,ok
1785385492.916957000,76,ok
1785385492.922386000,84,ok
1785385492.922700000,83,ok
1785385492.924279000,79,ok
1785385492.942865000,78,ok
1785385492.946696000,79,ok
1785385492.951027000,84,ok
1785385492.947834000,80,ok
1785385492.951936000,84,ok
1785385492.962296000,75,ok
1785385492.969760000,76,ok
1785385492.973679000,74,ok
1785385492.978373000,76,ok
1785385492.980082000,77,ok
1785385492.985121000,75,ok
1785385493.012083000,76,ok
1785385493.015427000,77,ok
1785385493.018402000,77,ok
1785385493.030434000,82,ok
1785385493.031982000,84,ok
1785385493.055168000,75,ok
1785385493.062996000,82,ok
1785385493.062655000,83,ok
1785385493.064509000,84,ok
1785385493.064328000,81,ok
1785385493.077932000,77,ok
1785385493.083846000,77,ok
1785385493.082852000,77,ok
1785385493.096884000,84,ok
1785385493.094991000,84,ok
1785385493.098351000,83,ok
1785385493.114041000,75,ok
1785385493.117105000,80,ok
1785385493.118459000,76,ok
1785385493.128597000,79,ok
1785385493.126956000,76,ok
1785385493.154515000,77,ok
1785385493.163762000,78,ok
1785385493.169425000,80,ok
1785385493.169206000,82,ok
1785385493.169213000,80,ok
1785385493.184888000,79,ok
1785385493.194821000,81,ok
1785385493.195264000,80,ok
1785385493.212467000,82,ok
1785385493.214016000,79,ok
1785385493.213300000,79,ok
1785385493.218112000,73,ok
1785385493.225222000,76,ok
1785385493.235088000,80,ok
1785385493.237161000,79,ok
1785385493.237276000,79,ok
1785385493.255366000,79,ok
1785385493.262284000,76,ok
1785385493.268581000,77,ok
1785385493.270588000,80,ok
1785385493.271803000,80,ok
1785385493.281335000,73,ok
1785385493.296602000,78,ok
1785385493.297784000,79,ok
1785385493.315294000,79,ok
1785385493.318094000,81,ok
1785385493.319164000,79,ok
1785385493.319785000,77,ok
1785385493.329125000,76,ok
1785385493.335132000,76,ok
1785385493.341693000,78,ok
1785385493.340972000,79,ok
1785385493.352970000,76,ok
1785385493.363080000,78,ok
1785385493.368091000,78,ok
1785385493.373866000,79,ok
1785385493.375507000,82,ok
1785385493.382275000,79,ok
1785385493.398350000,78,ok
1785385493.398280000,76,ok
1785385493.419818000,77,ok
1785385493.419658000,77,ok
1785385493.430315000,83,ok
1785385493.430299000,83,ok
1785385493.439457000,77,ok
1785385493.438083000,81,ok
1785385493.443522000,77,ok
1785385493.448745000,78,ok
1785385493.461406000,80,ok
1785385493.471036000,80,ok
1785385493.475812000,78,ok
1785385493.470669000,75,ok
1785385493.480365000,75,ok
1785385493.477030000,76,ok
1785385493.499044000,81,ok
1785385493.498786000,82,ok
1785385493.521504000,79,ok
1785385493.523508000,76,ok
1785385493.530368000,79,ok
1785385493.533072000,77,ok
1785385493.539472000,77,ok
1785385493.545127000,80,ok
1785385493.554386000,80,ok
1785385493.556406000,83,ok
1785385493.565847000,79,ok
1785385493.580079000,82,ok
1785385493.577905000,79,ok
1785385493.580060000,77,ok
1785385493.584990000,79,ok
1785385493.585080000,81,ok
1785385493.600898000,79,ok
1785385493.601758000,80,ok
1785385493.620139000,77,ok
1785385493.625151000,79,ok
1785385493.637077000,80,ok
1785385493.638844000,85,ok
1785385493.639678000,77,ok
1785385493.646034000,75,ok
1785385493.662543000,81,ok
1785385493.663162000,76,ok
1785385493.669918000,76,ok
1785385493.683308000,76,ok
1785385493.682126000,73,ok
1785385493.688633000,77,ok
1785385493.689045000,79,ok
1785385493.687476000,76,ok
1785385493.699769000,76,ok
1785385493.701788000,75,ok
1785385493.719987000,73,ok
1785385493.719520000,77,ok
1785385493.732567000,74,ok
1785385493.733798000,75,ok
1785385493.737113000,73,ok
1785385493.736724000,77,ok
1785385493.759885000,77,ok
1785385493.760451000,79,ok
1785385493.764359000,73,ok
1785385493.779542000,74,ok
1785385493.780787000,75,ok
1785385493.789005000,75,ok
1785385493.797334000,74,ok
1785385493.791424000,78,ok
1785385493.794427000,81,ok
1785385493.799062000,76,ok
1785385493.819714000,76,ok
1785385493.819771000,76,ok
1785385493.829852000,74,ok
1785385493.831866000,78,ok
1785385493.831894000,77,ok
1785385493.832875000,80,ok
1785385493.855281000,74,ok
1785385493.856540000,78,ok
1785385493.858157000,79,ok
1785385493.880992000,81,ok
1785385493.879965000,78,ok
1785385493.884422000,75,ok
1785385493.892239000,74,ok
1785385493.896383000,77,ok
1785385493.902054000,83,ok
1785385493.902199000,81,ok
1785385493.933757000,77,ok
1785385493.933807000,78,ok
1785385493.935238000,84,ok
1785385493.938431000,82,ok
1785385493.937111000,78,ok
1785385493.939521000,77,ok
1785385493.957409000,76,ok
1785385493.962299000,77,ok
1785385493.962105000,77,ok
1785385493.980928000,75,ok
1785385493.980702000,76,ok
1785385493.983562000,73,ok
1785385493.991883000,74,ok
1785385493.991858000,74,ok
1785385494.001430000,77,ok
1785385494.002262000,78,ok
1785385494.036409000,79,ok
1785385494.037790000,80,ok
1785385494.038474000,76,ok
1785385494.041541000,82,ok
1785385494.041934000,80,ok
1785385494.042598000,86,ok
1785385494.060390000,76,ok
1785385494.061376000,79,ok
1785385494.060794000,75,ok
1785385494.086684000,82,ok
1785385494.088517000,74,ok
1785385494.087920000,82,ok
1785385494.091837000,75,ok
1785385494.091792000,84,ok
1785385494.102705000,80,ok
1785385494.101572000,79,ok
1785385494.139419000,78,ok
1785385494.143794000,80,ok
1785385494.149843000,83,ok
1785385494.147950000,81,ok
1785385494.148444000,82,ok
1785385494.151806000,85,ok
1785385494.174474000,79,ok
1785385494.174747000,82,ok
1785385494.175369000,84,ok
1785385494.193460000,76,ok
1785385494.197965000,77,ok
1785385494.197979000,79,ok
1785385494.198740000,79,ok
1785385494.201582000,74,ok
1785385494.202972000,83,ok
1785385494.203004000,75,ok
1785385494.242103000,76,ok
1785385494.250291000,80,ok
1785385494.249458000,79,ok
1785385494.252535000,78,ok
1785385494.253587000,78,ok
1785385494.253396000,80,ok
1785385494.285475000,82,ok
1785385494.285156000,80,ok
1785385494.285160000,80,ok
1785385494.300583000,74,ok
1785385494.300006000,76,ok
1785385494.305631000,77,ok
1785385494.304659000,79,ok
1785385494.306446000,78,ok
1785385494.310944000,85,ok
1785385494.309863000,82,ok
1785385494.335798000,73,ok
1785385494.349582000,77,ok
1785385494.348933000,78,ok
1785385494.350229000,81,ok
1785385494.350053000,81,ok
1785385494.348950000,76,ok
1785385494.386976000,82,ok
1785385494.387993000,84,ok
1785385494.389297000,83,ok
1785385494.404309000,78,ok
1785385494.413226000,83,ok
1785385494.410671000,78,ok
1785385494.414849000,78,ok
1785385494.417732000,81,ok
1785385494.416121000,81,ok
1785385494.427750000,88,ok
1785385494.456898000,81,ok
1785385494.463586000,89,ok
1785385494.463822000,86,ok
1785385494.465558000,90,ok
1785385494.466426000,91,ok
1785385494.466785000,90,ok
1785385494.486342000,76,ok
1785385494.490589000,79,ok
1785385494.493230000,80,ok
1785385494.513638000,79,ok
1785385494.519248000,76,ok
1785385494.520562000,76,ok
1785385494.526990000,82,ok
1785385494.526514000,77,ok
1785385494.527888000,81,ok
1785385494.528509000,83,ok
1785385494.558601000,77,ok
1785385494.561788000,76,ok
1785385494.563774000,76,ok
1785385494.565365000,75,ok
1785385494.568740000,76,ok
1785385494.568201000,80,ok
1785385494.589510000,77,ok
1785385494.589478000,73,ok
1785385494.587784000,76,ok
1785385494.613639000,72,ok
1785385494.613061000,75,ok
1785385494.616892000,73,ok
1785385494.625998000,78,ok
1785385494.623323000,76,ok
1785385494.627769000,77,ok
1785385494.633098000,85,ok
1785385494.657858000,79,ok
1785385494.660144000,76,ok
1785385494.669217000,81,ok
1785385494.671949000,83,ok
1785385494.670141000,79,ok
1785385494.670445000,78,ok
1785385494.693398000,79,ok
1785385494.693965000,80,ok
1785385494.693693000,77,ok
1785385494.718104000,78,ok
1785385494.717965000,77,ok
1785385494.720359000,76,ok
1785385494.724186000,73,ok
1785385494.734080000,78,ok
1785385494.734250000,81,ok
1785385494.734229000,76,ok
1785385494.757174000,75,ok
1785385494.759418000,78,ok
1785385494.771794000,79,ok
1785385494.771767000,77,ok
1785385494.774238000,80,ok
1785385494.775747000,82,ok
1785385494.791109000,79,ok
1785385494.792308000,77,ok
1785385494.792285000,76,ok
1785385494.819497000,79,ok
1785385494.820078000,72,ok
1785385494.819620000,77,ok
1785385494.819636000,79,ok
1785385494.827238000,73,ok
1785385494.830312000,76,ok
1785385494.831650000,77,ok
1785385494.854045000,78,ok
1785385494.854693000,77,ok
1785385494.868783000,73,ok
1785385494.868714000,73,ok
1785385494.868296000,74,ok
1785385494.871378000,71,ok
1785385494.889235000,77,ok
1785385494.891219000,79,ok
1785385494.890621000,79,ok
1785385494.916788000,74,ok
1785385494.920135000,78,ok
1785385494.918577000,77,ok
1785385494.925023000,76,ok
1785385494.925985000,82,ok
1785385494.927852000,76,ok
1785385494.930090000,80,ok
1785385494.954413000,80,ok
1785385494.955016000,82,ok
1785385494.970074000,81,ok
1785385494.972658000,83,ok
1785385494.973810000,82,ok
1785385494.972685000,83,ok
1785385494.992939000,80,ok
1785385494.992074000,76,ok
1785385494.993384000,81,ok
1785385495.023454000,74,ok
1785385495.023510000,75,ok
1785385495.027952000,76,ok
1785385495.026945000,74,ok
1785385495.034839000,81,ok
1785385495.034821000,80,ok
1785385495.035395000,79,ok
1785385495.053846000,76,ok
1785385495.056612000,77,ok
1785385495.069316000,78,ok
1785385495.071433000,77,ok
1785385495.072350000,78,ok
1785385495.071848000,75,ok
1785385495.090928000,76,ok
1785385495.093688000,79,ok
1785385495.093655000,78,ok
1785385495.121442000,75,ok
1785385495.121730000,76,ok
1785385495.125964000,76,ok
1785385495.127125000,77,ok
1785385495.133062000,77,ok
1785385495.135790000,78,ok
1785385495.136091000,78,ok
1785385495.159270000,78,ok
1785385495.163121000,80,ok
1785385495.170152000,75,ok
1785385495.171879000,74,ok
1785385495.172848000,79,ok
1785385495.172084000,76,ok
1785385495.195640000,80,ok
1785385495.196984000,81,ok
1785385495.198464000,82,ok
1785385495.218112000,74,ok
1785385495.225392000,76,ok
1785385495.224446000,78,ok
1785385495.229313000,79,ok
1785385495.231377000,77,ok
1785385495.234193000,77,ok
1785385495.232112000,76,ok
1785385495.256152000,76,ok
1785385495.264588000,79,ok
1785385495.280529000,84,ok
1785385495.281224000,85,ok
1785385495.282851000,88,ok
1785385495.284456000,87,ok
1785385495.301093000,80,ok
1785385495.301427000,79,ok
1785385495.301681000,80,ok
1785385495.324723000,75,ok
1785385495.327218000,73,ok
1785385495.334019000,76,ok
1785385495.333013000,77,ok
1785385495.332187000,75,ok
1785385495.341107000,82,ok
1785385495.341365000,81,ok
1785385495.356517000,75,ok
1785385495.358163000,72,ok
1785385495.378239000,76,ok
1785385495.382918000,81,ok
1785385495.382771000,81,ok
1785385495.384167000,79,ok
1785385495.398310000,77,ok
1785385495.400248000,79,ok
1785385495.399856000,79,ok
1785385495.423012000,75,ok
1785385495.423308000,73,ok
1785385495.429382000,74,ok
1785385495.437522000,77,ok
1785385495.437825000,79,ok
1785385495.437311000,81,ok
1785385495.442965000,74,ok
1785385495.457741000,78,ok
1785385495.460788000,78,ok
1785385495.473272000,73,ok
1785385495.483198000,79,ok
1785385495.481575000,78,ok
1785385495.480960000,76,ok
1785385495.492038000,75,ok
1785385495.500029000,78,ok
1785385495.500882000,80,ok
1785385495.521649000,75,ok
1785385495.523431000,77,ok
1785385495.529724000,74,ok
1785385495.542752000,78,ok
1785385495.542698000,78,ok
1785385495.545498000,78,ok
1785385495.542745000,77,ok
1785385495.558729000,78,ok
1785385495.561722000,77,ok
1785385495.571030000,75,ok
1785385495.587158000,80,ok
1785385495.586582000,82,ok
1785385495.587521000,82,ok
1785385495.588440000,74,ok
1785385495.601094000,78,ok
1785385495.596518000,76,ok
1785385495.618791000,78,ok
1785385495.619598000,77,ok
1785385495.628278000,79,ok
1785385495.650139000,81,ok
1785385495.647394000,79,ok
1785385495.649322000,81,ok
1785385495.649914000,78,ok
1785385495.661662000,78,ok
1785385495.674213000,81,ok
1785385495.677689000,75,ok
1785385495.695067000,77,ok
1785385495.695394000,78,ok
1785385495.702083000,81,ok
1785385495.700718000,78,ok
1785385495.704297000,78,ok
1785385495.704516000,77,ok
1785385495.723676000,79,ok
1785385495.725932000,78,ok
1785385495.739057000,82,ok
1785385495.752542000,81,ok
1785385495.755187000,84,ok
1785385495.759989000,76,ok
1785385495.757128000,87,ok
1785385495.759863000,84,ok
1785385495.777575000,81,ok
1785385495.778179000,80,ok
1785385495.805868000,80,ok
1785385495.807703000,81,ok
1785385495.812120000,84,ok
1785385495.815816000,85,ok
1785385495.818317000,81,ok
1785385495.822171000,84,ok
1785385495.836019000,77,ok
1785385495.846962000,81,ok
1785385495.847658000,81,ok
1785385495.865109000,83,ok
1785385495.865135000,82,ok
1785385495.872395000,80,ok
1785385495.877139000,86,ok
1785385495.875444000,81,ok
1785385495.882712000,79,ok
1785385495.889622000,82,ok
1785385495.910681000,78,ok
1785385495.919421000,80,ok
1785385495.922787000,78,ok
1785385495.923991000,81,ok
1785385495.924064000,81,ok
1785385495.931988000,80,ok
1785385495.945699000,80,ok
1785385495.954095000,78,ok
1785385495.959066000,79,ok
1785385495.966247000,77,ok
1785385495.969561000,78,ok
1785385495.976026000,74,ok
1785385495.983981000,76,ok
1785385495.985645000,78,ok
1785385495.989335000,78,ok
1785385495.992728000,78,ok
1785385496.010846000,75,ok
1785385496.016672000,74,ok
1785385496.021083000,80,ok
1785385496.026540000,80,ok
1785385496.027355000,81,ok
1785385496.029495000,78,ok
1785385496.047641000,78,ok
1785385496.052430000,77,ok
1785385496.065903000,80,ok
1785385496.068407000,77,ok
1785385496.070666000,74,ok
1785385496.075981000,74,ok
1785385496.086115000,76,ok
1785385496.085537000,78,ok
1785385496.088937000,78,ok
1785385496.091256000,74,ok
1785385496.109985000,76,ok
1785385496.118368000,76,ok
1785385496.117893000,77,ok
1785385496.126839000,80,ok
1785385496.128014000,79,ok
1785385496.128498000,79,ok
1785385496.147365000,77,ok
1785385496.154203000,78,ok
1785385496.168739000,77,ok
1785385496.171000000,79,ok
1785385496.171111000,80,ok
1785385496.173044000,72,ok
1785385496.191619000,79,ok
1785385496.191381000,82,ok
1785385496.191031000,77,ok
1785385496.191321000,81,ok
1785385496.211951000,80,ok
1785385496.215319000,77,ok
1785385496.220358000,81,ok
1785385496.223958000,74,ok
1785385496.222018000,74,ok
1785385496.226581000,74,ok
1785385496.243224000,76,ok
1785385496.248515000,76,ok
1785385496.269771000,76,ok
1785385496.273338000,78,ok
1785385496.273348000,77,ok
1785385496.274081000,77,ok
1785385496.295118000,78,ok
1785385496.298660000,80,ok
1785385496.299378000,79,ok
1785385496.299789000,79,ok
1785385496.315262000,74,ok
1785385496.320067000,75,ok
1785385496.320648000,74,ok
1785385496.324107000,75,ok
1785385496.327007000,74,ok
1785385496.326926000,77,ok
1785385496.343464000,75,ok
1785385496.341158000,76,ok
1785385496.363837000,76,ok
1785385496.364789000,74,ok
1785385496.370130000,78,ok
1785385496.370141000,80,ok
1785385496.391923000,74,ok
1785385496.395956000,75,ok
1785385496.400118000,78,ok
1785385496.401119000,81,ok
1785385496.412868000,73,ok
1785385496.427072000,80,ok
1785385496.427868000,79,ok
1785385496.431347000,77,ok
1785385496.434775000,83,ok
1785385496.433094000,84,ok
1785385496.444582000,75,ok
1785385496.447086000,77,ok
1785385496.463827000,78,ok
1785385496.466717000,81,ok
1785385496.464990000,76,ok
1785385496.469027000,80,ok
1785385496.487969000,76,ok
1785385496.491819000,76,ok
1785385496.493601000,75,ok
1785385496.493648000,77,ok
1785385496.514685000,82,ok
1785385496.525262000,76,ok
1785385496.529399000,75,ok
1785385496.536649000,80,ok
1785385496.537902000,81,ok
1785385496.535829000,79,ok
1785385496.552261000,79,ok
1785385496.556870000,76,ok
1785385496.570291000,78,ok
1785385496.573051000,79,ok
1785385496.576284000,82,ok
1785385496.578770000,79,ok
1785385496.595460000,77,ok
1785385496.598453000,79,ok
1785385496.598423000,79,ok
1785385496.597285000,76,ok
1785385496.621133000,83,ok
1785385496.623622000,76,ok
1785385496.629449000,73,ok
1785385496.635215000,76,ok
1785385496.638078000,78,ok
1785385496.640322000,78,ok
1785385496.648982000,74,ok
1785385496.651989000,72,ok
1785385496.674299000,83,ok
1785385496.675396000,83,ok
1785385496.675354000,80,ok
1785385496.680709000,83,ok
1785385496.695723000,74,ok
1785385496.697766000,76,ok
1785385496.701150000,76,ok
1785385496.702596000,78,ok
1785385496.722269000,77,ok
1785385496.722336000,74,ok
1785385496.729598000,74,ok
1785385496.737337000,77,ok
1785385496.737291000,78,ok
1785385496.739071000,75,ok
1785385496.742126000,73,ok
1785385496.744293000,73,ok
1785385496.771700000,79,ok
1785385496.773188000,79,ok
1785385496.772853000,78,ok
1785385496.773210000,74,ok
1785385496.789714000,74,ok
1785385496.787114000,73,ok
1785385496.795165000,75,ok
1785385496.795384000,72,ok
1785385496.821113000,78,ok
1785385496.822559000,80,ok
1785385496.829267000,76,ok
1785385496.836174000,75,ok
1785385496.838555000,77,ok
1785385496.840644000,81,ok
1785385496.843973000,81,ok
1785385496.846258000,79,ok
1785385496.875203000,78,ok
1785385496.874631000,81,ok
1785385496.875411000,81,ok
1785385496.876114000,78,ok
1785385496.886022000,72,ok
1785385496.890987000,74,ok
1785385496.892228000,74,ok
1785385496.894254000,72,ok
1785385496.922452000,78,ok
1785385496.921388000,76,ok
1785385496.924370000,74,ok
1785385496.935901000,76,ok
1785385496.937285000,78,ok
1785385496.937380000,75,ok
1785385496.942091000,75,ok
1785385496.940870000,74,ok
1785385496.971223000,76,ok
1785385496.972915000,74,ok
1785385496.976995000,76,ok
1785385496.976354000,78,ok
1785385496.982695000,74,ok
1785385496.989585000,76,ok
1785385496.989693000,73,ok
1785385496.990964000,77,ok
1785385497.019901000,77,ok
1785385497.019128000,77,ok
1785385497.019117000,75,ok
1785385497.032470000,72,ok
1785385497.033241000,74,ok
1785385497.039007000,76,ok
1785385497.039211000,77,ok
1785385497.037788000,76,ok
1785385497.073193000,75,ok
1785385497.070600000,76,ok
1785385497.071934000,77,ok
1785385497.073635000,75,ok
1785385497.079719000,70,ok
1785385497.079455000,74,ok
1785385497.084522000,73,ok
1785385497.083514000,71,ok
1785385497.117068000,77,ok
1785385497.117086000,78,ok
1785385497.117142000,79,ok
1785385497.129839000,73,ok
1785385497.132047000,74,ok
1785385497.135354000,74,ok
1785385497.135364000,75,ok
1785385497.135018000,73,ok
1785385497.169869000,74,ok
1785385497.169279000,75,ok
1785385497.171173000,77,ok
1785385497.171442000,73,ok
1785385497.175099000,72,ok
1785385497.175918000,73,ok
1785385497.178869000,71,ok
1785385497.181498000,74,ok
1785385497.214479000,78,ok
1785385497.217755000,82,ok
1785385497.217463000,79,ok
1785385497.224915000,71,ok
1785385497.225497000,72,ok
1785385497.229447000,73,ok
1785385497.233564000,76,ok
1785385497.235239000,78,ok
1785385497.271516000,77,ok
1785385497.273065000,75,ok
1785385497.275714000,75,ok
1785385497.275210000,71,ok
1785385497.274963000,75,ok
1785385497.280325000,73,ok
1785385497.276720000,80,ok
1785385497.279138000,76,ok
1785385497.315508000,78,ok
1785385497.319458000,81,ok
1785385497.320267000,85,ok
1785385497.324814000,74,ok
1785385497.324955000,77,ok
1785385497.325117000,77,ok
1785385497.328492000,73,ok
1785385497.330108000,74,ok
1785385497.372867000,74,ok
1785385497.379671000,78,ok
1785385497.382504000,82,ok
1785385497.383328000,82,ok
1785385497.385039000,87,ok
1785385497.386267000,84,ok
1785385497.387604000,85,ok
1785385497.386863000,86,ok
1785385497.426456000,76,ok
1785385497.421998000,78,ok
1785385497.419847000,78,ok
1785385497.427462000,74,ok
1785385497.431070000,81,ok
1785385497.431570000,78,ok
1785385497.428739000,82,ok
1785385497.429515000,82,ok
1785385497.471269000,78,ok
1785385497.476431000,72,ok
1785385497.480837000,75,ok
1785385497.482182000,75,ok
1785385497.482956000,74,ok
1785385497.487883000,79,ok
1785385497.491381000,80,ok
1785385497.490839000,79,ok
1785385497.525363000,73,ok
1785385497.526500000,74,ok
1785385497.530460000,74,ok
1785385497.527892000,76,ok
1785385497.532398000,79,ok
1785385497.534972000,79,ok
1785385497.534112000,79,ok
1785385497.536409000,81,ok
1785385497.570718000,79,ok
1785385497.570781000,75,ok
1785385497.576769000,74,ok
1785385497.577759000,72,ok
1785385497.578756000,72,ok
1785385497.581188000,71,ok
1785385497.589614000,76,ok
1785385497.588899000,75,ok
1785385497.625761000,74,ok
1785385497.626477000,74,ok
1785385497.628167000,74,ok
1785385497.636412000,77,ok
1785385497.635012000,79,ok
1785385497.635034000,77,ok
1785385497.634970000,79,ok
1785385497.637487000,78,ok
1785385497.679162000,83,ok
1785385497.677988000,85,ok
1785385497.679020000,79,ok
1785385497.681513000,80,ok
1785385497.684189000,73,ok
1785385497.681284000,81,ok
1785385497.681682000,78,ok
1785385497.683450000,73,ok
1785385497.727206000,78,ok
1785385497.729269000,77,ok
1785385497.728621000,78,ok
1785385497.733460000,76,ok
1785385497.736589000,78,ok
1785385497.738546000,76,ok
1785385497.738282000,79,ok
1785385497.739648000,78,ok
1785385497.775980000,72,ok
1785385497.784603000,78,ok
1785385497.782466000,77,ok
1785385497.781877000,77,ok
1785385497.787037000,79,ok
1785385497.786899000,79,ok
1785385497.786375000,79,ok
1785385497.787301000,75,ok
1785385497.823682000,74,ok
1785385497.828548000,70,ok
1785385497.827458000,73,ok
1785385497.829132000,76,ok
1785385497.837272000,75,ok
1785385497.835343000,74,ok
1785385497.835354000,74,ok
1785385497.835076000,72,ok
1785385497.878112000,73,ok
1785385497.876711000,75,ok
1785385497.881042000,74,ok
1785385497.881220000,74,ok
1785385497.887743000,78,ok
1785385497.889179000,79,ok
1785385497.887409000,78,ok
1785385497.889638000,80,ok
1785385497.924642000,77,ok
1785385497.926169000,75,ok
1785385497.932086000,74,ok
1785385497.931414000,76,ok
1785385497.936977000,77,ok
1785385497.935323000,75,ok
1785385497.939453000,78,ok
1785385497.940683000,78,ok
1785385497.977377000,73,ok
1785385497.975345000,73,ok
1785385497.985365000,77,ok
1785385497.986420000,82,ok
1785385497.987031000,74,ok
1785385497.987641000,75,ok
1785385497.987322000,76,ok
1785385497.989414000,80,ok
1785385498.025904000,80,ok
1785385498.027477000,76,ok
1785385498.031736000,75,ok
1785385498.033321000,74,ok
1785385498.046845000,82,ok
1785385498.048546000,80,ok
1785385498.049693000,83,ok
1785385498.051015000,84,ok
1785385498.081342000,75,ok
1785385498.080868000,73,ok
1785385498.085464000,76,ok
1785385498.091360000,78,ok
1785385498.092584000,81,ok
1785385498.088714000,78,ok
1785385498.099929000,86,ok
1785385498.097798000,84,ok
1785385498.125848000,82,ok
1785385498.127348000,80,ok
1785385498.136691000,82,ok
1785385498.138517000,85,ok
1785385498.150090000,80,ok
1785385498.152228000,82,ok
1785385498.152958000,80,ok
1785385498.152657000,80,ok
1785385498.188279000,78,ok
1785385498.188549000,78,ok
1785385498.194926000,79,ok
1785385498.198603000,78,ok
1785385498.199957000,81,ok
1785385498.209491000,78,ok
1785385498.207403000,80,ok
1785385498.216787000,81,ok
1785385498.239828000,86,ok
1785385498.251154000,87,ok
1785385498.251450000,76,ok
1785385498.241775000,84,ok
1785385498.244354000,77,ok
1785385498.255891000,79,ok
1785385498.253210000,76,ok
1785385498.256816000,83,ok
1785385498.288512000,79,ok
1785385498.296923000,85,ok
1785385498.301910000,80,ok
1785385498.310289000,86,ok
1785385498.318443000,89,ok
1785385498.322659000,77,ok
1785385498.325184000,80,ok
1785385498.338714000,81,ok
1785385498.354647000,78,ok
1785385498.353611000,79,ok
1785385498.357387000,77,ok
1785385498.356925000,74,ok
1785385498.361231000,80,ok
1785385498.360429000,74,ok
1785385498.360839000,76,ok
1785385498.362672000,78,ok
1785385498.384076000,75,ok
1785385498.387371000,74,ok
1785385498.400458000,81,ok
1785385498.403412000,75,ok
1785385498.410375000,73,ok
1785385498.413487000,72,ok
1785385498.415028000,72,ok
1785385498.439224000,79,ok
1785385498.453869000,75,ok
1785385498.456064000,77,ok
1785385498.456110000,75,ok
1785385498.458093000,72,ok
1785385498.466159000,78,ok
1785385498.468242000,80,ok
1785385498.465662000,77,ok
1785385498.470944000,82,ok
1785385498.487546000,76,ok
1785385498.493937000,78,ok
1785385498.498662000,74,ok
1785385498.497304000,75,ok
1785385498.507610000,75,ok
1785385498.509131000,73,ok
1785385498.508414000,75,ok
1785385498.533322000,76,ok
1785385498.552942000,76,ok
1785385498.554057000,74,ok
1785385498.559313000,75,ok
1785385498.559943000,74,ok
1785385498.566681000,78,ok
1785385498.567251000,74,ok
1785385498.581313000,80,ok
1785385498.576704000,79,ok
1785385498.595094000,78,ok
1785385498.604411000,76,ok
1785385498.612024000,80,ok
1785385498.610532000,76,ok
1785385498.602304000,76,ok
1785385498.615939000,78,ok
1785385498.617267000,79,ok
1785385498.630536000,78,ok
1785385498.660079000,87,ok
1785385498.659403000,84,ok
1785385498.663628000,80,ok
1785385498.665110000,84,ok
1785385498.672354000,79,ok
1785385498.675698000,81,ok
1785385498.687851000,84,ok
1785385498.692661000,79,ok
1785385498.714769000,80,ok
1785385498.710384000,80,ok
1785385498.724479000,83,ok
1785385498.729866000,86,ok
1785385498.722820000,82,ok
1785385498.728714000,84,ok
1785385498.734475000,90,ok
1785385498.745892000,78,ok
1785385498.770085000,77,ok
1785385498.771824000,73,ok
1785385498.771687000,80,ok
1785385498.782930000,78,ok
1785385498.784502000,81,ok
1785385498.786543000,75,ok
1785385498.790597000,73,ok
1785385498.798916000,80,ok
1785385498.811873000,75,ok
1785385498.814505000,72,ok
1785385498.825281000,72,ok
1785385498.827132000,76,ok
1785385498.829825000,75,ok
1785385498.829598000,75,ok
1785385498.832600000,71,ok
1785385498.839942000,74,ok
1785385498.861890000,74,ok
1785385498.865903000,74,ok
1785385498.866625000,76,ok
1785385498.881038000,75,ok
1785385498.884697000,73,ok
1785385498.883995000,76,ok
1785385498.884639000,79,ok
1785385498.900685000,81,ok
1785385498.909620000,76,ok
1785385498.910131000,73,ok
1785385498.929607000,79,ok
1785385498.928710000,78,ok
1785385498.934366000,84,ok
1785385498.935178000,83,ok
1785385498.934972000,75,ok
1785385498.936464000,81,ok
1785385498.960759000,79,ok
1785385498.963006000,78,ok
1785385498.963287000,76,ok
1785385498.979810000,75,ok
1785385498.982500000,75,ok
1785385498.985529000,76,ok
1785385498.985475000,76,ok
1785385498.996974000,74,ok
1785385499.008844000,76,ok
1785385499.012571000,77,ok
1785385499.032460000,77,ok
1785385499.035292000,79,ok
1785385499.035208000,79,ok
1785385499.037354000,76,ok
1785385499.040924000,76,ok
1785385499.041760000,81,ok
1785385499.065168000,77,ok
1785385499.067717000,80,ok
1785385499.067896000,81,ok
1785385499.072132000,72,ok
1785385499.080771000,75,ok
1785385499.079230000,75,ok
1785385499.082221000,76,ok
1785385499.087647000,71,ok
1785385499.100950000,74,ok
1785385499.101526000,73,ok
1785385499.128522000,77,ok
1785385499.130053000,75,ok
1785385499.129743000,74,ok
1785385499.131656000,75,ok
1785385499.139523000,80,ok
1785385499.138541000,79,ok
1785385499.170389000,80,ok
1785385499.169918000,76,ok
1785385499.170380000,80,ok
1785385499.178022000,73,ok
1785385499.176974000,72,ok
1785385499.176188000,74,ok
1785385499.186549000,73,ok
1785385499.191246000,74,ok
1785385499.199864000,76,ok
1785385499.200792000,78,ok
1785385499.228976000,76,ok
1785385499.232942000,79,ok
1785385499.232042000,80,ok
1785385499.232089000,82,ok
1785385499.237453000,77,ok
1785385499.237615000,77,ok
1785385499.278134000,79,ok
1785385499.278571000,83,ok
1785385499.283878000,84,ok
1785385499.285588000,75,ok
1785385499.289587000,77,ok
1785385499.291032000,76,ok
1785385499.309122000,78,ok
1785385499.317521000,95,ok
1785385499.317194000,79,ok
1785385499.316163000,78,ok
1785385499.325462000,72,ok
1785385499.336614000,74,ok
1785385499.337084000,76,ok
1785385499.336107000,75,ok
1785385499.338429000,73,ok
1785385499.337836000,73,ok
1785385499.371503000,73,ok
1785385499.370117000,73,ok
1785385499.375498000,73,ok
1785385499.379983000,73,ok
1785385499.382280000,76,ok
1785385499.383287000,74,ok
1785385499.409940000,76,ok
1785385499.412333000,74,ok
1785385499.415013000,76,ok
1785385499.415782000,77,ok
1785385499.426168000,74,ok
1785385499.438289000,75,ok
1785385499.439055000,76,ok
1785385499.436811000,77,ok
1785385499.437871000,78,ok
1785385499.437845000,76,ok
1785385499.468899000,77,ok
1785385499.469034000,77,ok
1785385499.470487000,76,ok
1785385499.471894000,71,ok
1785385499.472104000,74,ok
1785385499.473889000,75,ok
1785385499.502862000,75,ok
1785385499.504593000,75,ok
1785385499.507924000,76,ok
1785385499.509784000,77,ok
1785385499.524227000,75,ok
1785385499.537343000,77,ok
1785385499.538146000,77,ok
1785385499.541618000,79,ok
1785385499.541465000,79,ok
1785385499.542738000,80,ok
1785385499.572918000,77,ok
1785385499.569226000,77,ok
1785385499.569168000,76,ok
1785385499.573850000,76,ok
1785385499.573539000,78,ok
1785385499.573321000,79,ok
1785385499.602714000,76,ok
1785385499.602589000,77,ok
1785385499.603788000,79,ok
1785385499.606501000,82,ok
1785385499.616812000,74,ok
1785385499.629515000,73,ok
1785385499.632419000,75,ok
1785385499.636114000,76,ok
1785385499.635880000,76,ok
1785385499.636526000,75,ok
1785385499.670651000,78,ok
1785385499.671187000,77,ok
1785385499.670929000,80,ok
1785385499.670993000,80,ok
1785385499.671439000,78,ok
1785385499.678112000,87,ok
1785385499.700452000,77,ok
1785385499.704906000,82,ok
1785385499.703754000,80,ok
1785385499.701374000,79,ok
1785385499.713321000,77,ok
1785385499.733858000,81,ok
1785385499.735626000,80,ok
1785385499.737066000,83,ok
1785385499.737584000,84,ok
1785385499.740379000,84,ok
1785385499.771663000,77,ok
1785385499.774571000,77,ok
1785385499.774536000,80,ok
1785385499.774374000,80,ok
1785385499.775446000,81,ok
1785385499.776473000,82,ok
1785385499.802054000,78,ok
1785385499.803242000,78,ok
1785385499.805706000,81,ok
1785385499.807402000,81,ok
1785385499.813777000,76,ok
1785385499.833802000,77,ok
1785385499.832899000,77,ok
1785385499.834334000,75,ok
1785385499.834590000,77,ok
1785385499.835708000,78,ok
1785385499.867312000,73,ok
1785385499.867401000,74,ok
1785385499.872494000,79,ok
1785385499.870242000,79,ok
1785385499.875855000,81,ok
1785385499.875932000,80,ok
1785385499.901575000,76,ok
1785385499.903251000,79,ok
1785385499.903052000,78,ok
1785385499.905099000,84,ok
1785385499.911572000,76,ok
1785385499.933799000,78,ok
1785385499.935905000,81,ok
1785385499.936411000,81,ok
1785385499.934500000,80,ok
1785385499.937082000,83,ok
1785385499.968446000,77,ok
1785385499.968944000,76,ok
1785385499.976262000,82,ok
1785385499.973588000,83,ok
1785385499.975858000,80,ok
1785385499.981883000,82,ok
1785385500.005409000,81,ok
1785385500.012319000,79,ok
1785385500.005792000,79,ok
1785385500.011883000,79,ok
1785385500.012497000,87,ok
1785385500.031888000,76,ok
1785385500.042165000,84,ok
1785385500.043330000,84,ok
1785385500.045780000,87,ok
1785385500.046630000,88,ok
1785385500.072516000,78,ok
1785385500.076244000,81,ok
1785385500.079266000,83,ok
1785385500.083156000,87,ok
1785385500.083419000,86,ok
1785385500.084016000,78,ok
1785385500.109912000,78,ok
1785385500.111118000,77,ok
1785385500.115902000,79,ok
1785385500.115878000,80,ok
1785385500.118252000,81,ok
1785385500.133503000,76,ok
1785385500.145844000,77,ok
1785385500.144365000,78,ok
1785385500.145938000,79,ok
1785385500.145846000,77,ok
1785385500.171858000,73,ok
1785385500.170606000,75,ok
1785385500.179702000,77,ok
1785385500.177764000,78,ok
1785385500.179211000,76,ok
1785385500.180291000,76,ok
1785385500.208572000,78,ok
1785385500.209837000,76,ok
1785385500.214450000,81,ok
1785385500.211512000,75,ok
1785385500.217205000,82,ok
1785385500.227057000,72,ok
1785385500.248084000,82,ok
1785385500.247314000,82,ok
1785385500.246450000,82,ok
1785385500.246460000,82,ok
1785385500.272762000,77,ok
1785385500.273488000,79,ok
1785385500.278248000,79,ok
1785385500.279153000,78,ok
1785385500.279453000,79,ok
1785385500.278122000,79,ok
1785385500.308821000,73,ok
1785385500.305365000,75,ok
1785385500.308180000,77,ok
1785385500.312707000,80,ok
1785385500.312593000,79,ok
1785385500.326851000,76,ok
1785385500.352309000,78,ok
1785385500.353519000,81,ok
1785385500.353550000,81,ok
1785385500.353501000,80,ok
1785385500.371393000,73,ok
1785385500.372042000,73,ok
1785385500.381687000,79,ok
1785385500.387448000,84,ok
1785385500.387275000,85,ok
1785385500.387728000,85,ok
1785385500.410526000,76,ok
1785385500.409145000,76,ok
1785385500.409007000,77,ok
1785385500.411041000,80,ok
1785385500.415973000,84,ok
1785385500.419964000,73,ok
1785385500.443810000,74,ok
1785385500.447568000,76,ok
1785385500.451803000,80,ok
1785385500.453346000,82,ok
1785385500.471178000,75,ok
1785385500.469649000,75,ok
1785385500.478474000,76,ok
1785385500.483239000,74,ok
1785385500.486459000,77,ok
1785385500.489399000,77,ok
1785385500.510618000,74,ok
1785385500.510575000,76,ok
1785385500.515725000,78,ok
1785385500.517859000,80,ok
1785385500.518203000,81,ok
1785385500.519018000,79,ok
1785385500.541191000,75,ok
1785385500.541490000,74,ok
1785385500.547974000,75,ok
1785385500.549285000,77,ok
1785385500.568404000,75,ok
1785385500.567223000,74,ok
1785385500.576178000,75,ok
1785385500.576646000,74,ok
1785385500.579462000,76,ok
1785385500.586546000,76,ok
1785385500.618265000,77,ok
1785385500.610289000,77,ok
1785385500.609554000,77,ok
1785385500.614889000,79,ok
1785385500.618607000,78,ok
1785385500.618762000,78,ok
1785385500.642400000,79,ok
1785385500.644052000,79,ok
1785385500.647366000,78,ok
1785385500.647247000,79,ok
1785385500.673219000,78,ok
1785385500.670683000,78,ok
1785385500.671464000,80,ok
1785385500.676517000,77,ok
1785385500.682245000,79,ok
1785385500.687539000,79,ok
1785385500.721395000,81,ok
1785385500.723058000,83,ok
1785385500.723434000,83,ok
1785385500.727821000,77,ok
1785385500.729352000,78,ok
1785385500.731443000,78,ok
1785385500.752082000,77,ok
1785385500.756200000,80,ok
1785385500.758174000,76,ok
1785385500.764394000,81,ok
1785385500.775854000,74,ok
1785385500.780516000,76,ok
1785385500.777780000,76,ok
1785385500.782500000,73,ok
1785385500.780768000,76,ok
1785385500.787190000,74,ok
1785385500.815989000,74,ok
1785385500.824592000,76,ok
1785385500.819405000,74,ok
1785385500.826248000,79,ok
1785385500.827953000,77,ok
1785385500.830345000,78,ok
1785385500.854940000,78,ok
1785385500.858259000,75,ok
1785385500.864715000,78,ok
1785385500.868552000,75,ok
1785385500.883673000,77,ok
1785385500.884286000,78,ok
1785385500.884420000,77,ok
1785385500.889746000,79,ok
1785385500.886602000,72,ok
1785385500.890333000,78,ok
1785385500.912184000,73,ok
1785385500.919230000,75,ok
1785385500.922050000,76,ok
1785385500.920734000,76,ok
1785385500.926354000,74,ok
1785385500.920770000,73,ok
1785385500.950300000,78,ok
1785385500.952518000,76,ok
1785385500.966138000,78,ok
1785385500.966369000,77,ok
1785385500.986488000,76,ok
1785385500.989983000,78,ok
1785385500.991372000,80,ok
1785385500.992303000,82,ok
1785385500.990024000,79,ok
1785385500.996270000,77,ok
1785385501.016736000,73,ok
1785385501.029649000,82,ok
1785385501.026969000,81,ok
1785385501.030695000,84,ok
1785385501.029778000,84,ok
1785385501.032827000,87,ok
1785385501.047343000,75,ok
1785385501.049350000,79,ok
1785385501.061175000,78,ok
1785385501.062698000,79,ok
1785385501.101263000,82,ok
1785385501.099903000,83,ok
1785385501.100599000,85,ok
1785385501.102534000,85,ok
1785385501.102278000,85,ok
1785385501.106522000,81,ok
1785385501.129535000,81,ok
1785385501.139248000,78,ok
1785385501.142544000,81,ok
1785385501.142312000,83,ok
1785385501.143753000,81,ok
1785385501.144173000,76,ok
1785385501.150367000,74,ok
1785385501.163340000,79,ok
1785385501.164718000,80,ok
1785385501.164326000,76,ok
1785385501.199701000,76,ok
1785385501.200321000,77,ok
1785385501.202823000,80,ok
1785385501.202890000,78,ok
1785385501.202815000,77,ok
1785385501.204243000,77,ok
1785385501.228821000,77,ok
1785385501.236970000,75,ok
1785385501.239379000,73,ok
1785385501.243665000,74,ok
1785385501.244860000,76,ok
1785385501.248854000,71,ok
1785385501.249588000,80,ok
1785385501.259725000,73,ok
1785385501.256912000,72,ok
1785385501.260693000,74,ok
1785385501.292911000,73,ok
1785385501.290794000,72,ok
1785385501.298003000,76,ok
1785385501.300375000,78,ok
1785385501.301066000,79,ok
1785385501.302185000,80,ok
1785385501.324718000,75,ok
1785385501.334867000,75,ok
1785385501.341245000,70,ok
1785385501.340316000,75,ok
1785385501.341654000,72,ok
1785385501.347077000,71,ok
1785385501.351170000,73,ok
1785385501.358031000,75,ok
1785385501.359615000,77,ok
1785385501.361390000,75,ok
1785385501.388160000,70,ok
1785385501.386562000,75,ok
1785385501.392682000,81,ok
1785385501.396944000,77,ok
1785385501.396476000,76,ok
1785385501.396468000,76,ok
1785385501.421284000,76,ok
1785385501.431752000,74,ok
1785385501.447065000,80,ok
1785385501.446099000,79,ok
1785385501.445898000,78,ok
1785385501.447696000,74,ok
1785385501.450558000,72,ok
1785385501.459928000,76,ok
1785385501.462158000,77,ok
1785385501.461260000,80,ok
1785385501.487648000,77,ok
1785385501.490349000,76,ok
1785385501.490439000,74,ok
1785385501.492964000,77,ok
1785385501.484464000,74,ok
1785385501.490240000,75,ok
1785385501.511643000,73,ok
1785385501.523011000,73,ok
1785385501.548414000,77,ok
1785385501.550017000,80,ok
1785385501.549474000,79,ok
1785385501.551803000,77,ok
1785385501.552008000,81,ok
1785385501.567089000,78,ok
1785385501.567540000,79,ok
1785385501.566423000,85,ok
1785385501.592467000,78,ok
1785385501.591475000,76,ok
1785385501.593137000,80,ok
1785385501.596330000,80,ok
1785385501.595924000,80,ok
1785385501.594049000,79,ok
1785385501.606626000,72,ok
1785385501.610773000,71,ok
1785385501.645987000,76,ok
1785385501.646350000,74,ok
1785385501.646296000,76,ok
1785385501.649172000,79,ok
1785385501.648417000,79,ok
1785385501.664409000,77,ok
1785385501.664485000,77,ok
1785385501.666174000,78,ok
1785385501.693156000,74,ok
1785385501.692584000,76,ok
1785385501.692473000,77,ok
1785385501.698413000,82,ok
1785385501.693548000,73,ok
1785385501.698300000,71,ok
1785385501.699218000,80,ok
1785385501.708544000,74,ok
1785385501.749274000,81,ok
1785385501.749465000,81,ok
1785385501.749265000,80,ok
1785385501.749933000,82,ok
1785385501.749234000,81,ok
1785385501.768298000,81,ok
1785385501.768249000,81,ok
1785385501.768609000,81,ok
1785385501.795175000,71,ok
1785385501.794856000,72,ok
1785385501.794761000,73,ok
1785385501.801092000,74,ok
1785385501.802462000,75,ok
1785385501.804062000,78,ok
1785385501.803238000,78,ok
1785385501.805666000,73,ok
1785385501.848201000,77,ok
1785385501.849341000,76,ok
1785385501.850410000,77,ok
1785385501.851528000,79,ok
1785385501.853943000,81,ok
1785385501.868969000,77,ok
1785385501.870814000,79,ok
1785385501.870059000,79,ok
1785385501.895544000,73,ok
1785385501.900345000,74,ok
1785385501.896723000,73,ok
1785385501.907592000,82,ok
1785385501.908324000,82,ok
1785385501.906352000,76,ok
1785385501.908991000,82,ok
1785385501.907704000,78,ok
1785385501.943079000,75,ok
1785385501.949351000,75,ok
1785385501.948985000,77,ok
1785385501.950640000,77,ok
1785385501.950586000,77,ok
1785385501.966041000,75,ok
1785385501.968751000,77,ok
1785385501.969634000,78,ok
1785385501.993866000,73,ok
1785385501.996404000,72,ok
1785385502.000429000,70,ok
1785385501.999166000,71,ok
1785385502.009154000,74,ok
1785385502.009143000,76,ok
1785385502.010254000,76,ok
1785385502.008485000,76,ok
1785385502.038476000,75,ok
1785385502.042125000,74,ok
1785385502.041233000,74,ok
1785385502.045135000,74,ok
1785385502.044018000,74,ok
1785385502.057101000,70,ok
1785385502.062519000,74,ok
1785385502.062461000,73,ok
1785385502.091440000,74,ok
1785385502.096777000,76,ok
1785385502.097245000,76,ok
1785385502.096944000,77,ok
1785385502.105669000,74,ok
1785385502.105898000,75,ok
1785385502.107837000,77,ok
1785385502.110239000,78,ok
1785385502.137601000,75,ok
1785385502.136470000,77,ok
1785385502.138464000,73,ok
1785385502.143897000,79,ok
1785385502.146452000,80,ok
1785385502.150696000,72,ok
1785385502.156186000,74,ok
1785385502.155771000,74,ok
1785385502.186591000,77,ok
1785385502.192210000,76,ok
1785385502.193456000,76,ok
1785385502.194796000,75,ok
1785385502.205626000,77,ok
1785385502.207325000,78,ok
1785385502.208882000,77,ok
1785385502.208094000,79,ok
1785385502.241374000,71,ok
1785385502.241387000,77,ok
1785385502.242272000,75,ok
1785385502.242244000,79,ok
1785385502.249774000,75,ok
1785385502.249821000,76,ok
1785385502.259980000,77,ok
1785385502.260875000,76,ok
1785385502.285821000,75,ok
1785385502.288046000,73,ok
1785385502.293766000,75,ok
1785385502.293170000,76,ok
1785385502.306631000,76,ok
1785385502.307272000,78,ok
1785385502.309415000,78,ok
1785385502.308416000,80,ok
1785385502.342934000,78,ok
1785385502.345025000,80,ok
1785385502.345821000,79,ok
1785385502.346441000,79,ok
1785385502.346345000,74,ok
1785385502.350456000,77,ok
1785385502.359960000,73,ok
1785385502.359663000,75,ok
1785385502.383957000,76,ok
1785385502.384479000,79,ok
1785385502.388855000,75,ok
1785385502.389136000,75,ok
1785385502.405667000,78,ok
1785385502.405025000,76,ok
1785385502.406151000,79,ok
1785385502.406063000,77,ok
1785385502.438380000,74,ok
1785385502.441734000,74,ok
1785385502.447605000,78,ok
1785385502.450324000,75,ok
1785385502.451953000,82,ok
1785385502.452079000,83,ok
1785385502.465135000,79,ok
1785385502.465413000,79,ok
1785385502.486632000,77,ok
1785385502.486985000,74,ok
1785385502.483811000,75,ok
1785385502.487007000,76,ok
1785385502.500911000,74,ok
1785385502.502205000,75,ok
1785385502.501023000,74,ok
1785385502.502605000,76,ok
1785385502.531049000,75,ok
1785385502.535389000,75,ok
1785385502.541428000,72,ok
1785385502.544660000,74,ok
1785385502.545858000,74,ok
1785385502.547217000,74,ok
1785385502.566804000,78,ok
1785385502.567204000,76,ok
1785385502.589992000,78,ok
1785385502.593035000,78,ok
1785385502.593385000,80,ok
1785385502.591964000,70,ok
1785385502.595031000,82,ok
1785385502.598423000,76,ok
1785385502.599589000,75,ok
1785385502.600947000,77,ok
1785385502.626506000,72,ok
1785385502.625306000,74,ok
1785385502.639113000,76,ok
1785385502.640083000,79,ok
1785385502.640929000,76,ok
1785385502.639681000,74,ok
1785385502.661295000,77,ok
1785385502.661304000,77,ok
1785385502.689061000,76,ok
1785385502.691497000,74,ok
1785385502.694719000,76,ok
1785385502.693246000,75,ok
1785385502.695978000,77,ok
1785385502.701361000,80,ok
1785385502.702684000,80,ok
1785385502.702844000,79,ok
1785385502.735276000,82,ok
1785385502.736146000,81,ok
1785385502.737687000,78,ok
1785385502.737853000,76,ok
1785385502.737087000,76,ok
1785385502.737996000,77,ok
1785385502.752502000,72,ok
1785385502.754260000,74,ok
1785385502.787448000,79,ok
1785385502.792445000,77,ok
1785385502.793199000,76,ok
1785385502.796122000,79,ok
1785385502.797315000,73,ok
1785385502.798951000,74,ok
1785385502.796627000,76,ok
1785385502.803650000,79,ok
1785385502.832579000,75,ok
1785385502.842675000,83,ok
1785385502.841071000,80,ok
1785385502.843433000,82,ok
1785385502.845412000,83,ok
1785385502.842601000,81,ok
1785385502.847306000,74,ok
1785385502.858831000,79,ok
1785385502.884258000,73,ok
1785385502.887610000,72,ok
1785385502.888382000,70,ok
1785385502.885231000,72,ok
1785385502.890156000,71,ok
1785385502.893530000,72,ok
1785385502.892695000,71,ok
1785385502.896240000,70,ok
1785385502.928027000,77,ok
1785385502.938066000,73,ok
1785385502.940499000,75,ok
1785385502.941682000,77,ok
1785385502.943024000,73,ok
1785385502.943277000,77,ok
1785385502.944072000,76,ok
1785385502.959774000,76,ok
1785385502.987491000,76,ok
1785385502.987796000,76,ok
1785385502.991404000,78,ok
1785385502.992638000,75,ok
1785385502.988701000,78,ok
1785385502.991183000,80,ok
1785385502.992853000,75,ok
1785385502.996070000,78,ok
1785385503.024320000,76,ok
1785385503.034252000,74,ok
1785385503.036372000,73,ok
1785385503.036729000,78,ok
1785385503.037857000,71,ok
1785385503.037113000,74,ok
1785385503.039793000,74,ok
1785385503.055202000,75,ok
1785385503.083735000,73,ok
1785385503.084473000,75,ok
1785385503.092126000,78,ok
1785385503.094720000,80,ok
1785385503.096161000,81,ok
1785385503.098761000,79,ok
1785385503.095415000,79,ok
1785385503.095922000,81,ok
1785385503.127839000,82,ok
1785385503.135775000,80,ok
1785385503.138929000,80,ok
1785385503.135516000,78,ok
1785385503.139457000,80,ok
1785385503.142168000,83,ok
1785385503.141773000,79,ok
1785385503.149729000,74,ok
1785385503.185916000,77,ok
1785385503.186111000,78,ok
1785385503.193115000,75,ok
1785385503.196148000,76,ok
1785385503.200414000,80,ok
1785385503.202121000,79,ok
1785385503.209170000,84,ok
1785385503.211103000,88,ok
1785385503.235736000,73,ok
1785385503.236200000,76,ok
1785385503.243802000,76,ok
1785385503.243797000,79,ok
1785385503.242987000,77,ok
1785385503.241592000,72,ok
1785385503.246404000,78,ok
1785385503.252693000,76,ok
1785385503.283928000,78,ok
1785385503.284621000,79,ok
1785385503.293500000,75,ok
1785385503.294651000,80,ok
1785385503.302367000,79,ok
1785385503.303635000,75,ok
1785385503.309448000,79,ok
1785385503.321705000,86,ok
1785385503.342919000,75,ok
1785385503.343912000,76,ok
1785385503.346673000,73,ok
1785385503.350219000,77,ok
1785385503.349883000,76,ok
1785385503.355655000,81,ok
1785385503.357392000,74,ok
1785385503.358220000,83,ok
1785385503.386847000,77,ok
1785385503.387074000,79,ok
1785385503.387993000,74,ok
1785385503.391391000,75,ok
1785385503.396730000,74,ok
1785385503.396887000,71,ok
1785385503.398552000,69,ok
1785385503.413057000,74,ok
1785385503.438988000,75,ok
1785385503.441586000,71,ok
1785385503.441511000,75,ok
1785385503.446958000,75,ok
1785385503.449147000,75,ok
1785385503.451217000,75,ok
1785385503.457469000,75,ok
1785385503.457168000,80,ok
1785385503.488602000,73,ok
1785385503.491699000,73,ok
1785385503.490239000,78,ok
1785385503.487103000,77,ok
1785385503.497712000,80,ok
1785385503.499424000,78,ok
1785385503.497191000,76,ok
1785385503.509462000,77,ok
1785385503.541918000,79,ok
1785385503.542723000,75,ok
1785385503.543433000,75,ok
1785385503.549050000,76,ok
1785385503.556603000,79,ok
1785385503.555617000,78,ok
1785385503.556911000,75,ok
1785385503.561631000,78,ok
1785385503.604696000,83,ok
1785385503.604674000,89,ok
1785385503.604715000,92,ok
1785385503.604852000,91,ok
1785385503.604859000,85,ok
1785385503.614129000,82,ok
1785385503.613665000,97,ok
1785385503.614693000,93,ok
1785385503.636923000,75,ok
1785385503.651300000,86,ok
1785385503.658953000,88,ok
1785385503.660145000,92,ok
1785385503.667133000,89,ok
1785385503.668479000,84,ok
1785385503.668457000,85,ok
1785385503.669730000,91,ok
1785385503.710997000,85,ok
1785385503.711255000,82,ok
1785385503.714972000,87,ok
1785385503.714930000,85,ok
1785385503.718730000,92,ok
1785385503.722149000,85,ok
1785385503.721390000,83,ok
1785385503.722108000,85,ok
1785385503.741903000,81,ok
1785385503.761388000,83,ok
1785385503.768030000,81,ok
1785385503.767917000,81,ok
1785385503.778491000,82,ok
1785385503.780028000,85,ok
1785385503.781780000,86,ok
1785385503.790681000,86,ok
1785385503.819250000,76,ok
1785385503.820551000,75,ok
1785385503.822712000,76,ok
1785385503.826788000,76,ok
1785385503.829480000,79,ok
1785385503.830340000,80,ok
1785385503.837491000,81,ok
1785385503.836314000,82,ok
1785385503.855794000,77,ok
1785385503.867659000,76,ok
1785385503.869698000,74,ok
1785385503.872133000,71,ok
1785385503.876396000,72,ok
1785385503.876470000,73,ok
1785385503.878395000,74,ok
1785385503.881194000,70,ok
1785385503.914161000,74,ok
1785385503.914088000,72,ok
1785385503.915911000,72,ok
1785385503.926924000,75,ok
1785385503.930490000,76,ok
1785385503.930789000,75,ok
1785385503.931899000,73,ok
1785385503.934923000,75,ok
1785385503.955417000,77,ok
1785385503.966765000,74,ok
1785385503.970766000,73,ok
1785385503.972198000,79,ok
1785385503.975127000,74,ok
1785385503.977952000,74,ok
1785385503.979111000,77,ok
1785385503.979652000,78,ok
1785385504.010677000,77,ok
1785385504.009937000,74,ok
1785385504.011540000,76,ok
1785385504.021430000,72,ok
1785385504.027366000,74,ok
1785385504.029145000,75,ok
1785385504.027955000,76,ok
1785385504.030850000,74,ok
1785385504.055828000,78,ok
1785385504.068621000,75,ok
1785385504.072947000,76,ok
1785385504.074356000,75,ok
1785385504.076134000,78,ok
1785385504.078943000,75,ok
1785385504.082755000,81,ok
1785385504.085486000,84,ok
1785385504.112421000,79,ok
1785385504.113546000,78,ok
1785385504.113943000,80,ok
1785385504.119740000,75,ok
1785385504.130124000,78,ok
1785385504.130578000,79,ok
1785385504.133742000,84,ok
1785385504.133614000,83,ok
1785385504.155745000,80,ok
1785385504.171013000,76,ok
1785385504.175369000,76,ok
1785385504.176042000,75,ok
1785385504.179519000,77,ok
1785385504.187134000,80,ok
1785385504.189577000,76,ok
1785385504.191006000,77,ok
1785385504.219436000,77,ok
1785385504.221166000,79,ok
1785385504.222022000,73,ok
1785385504.222425000,79,ok
1785385504.235902000,76,ok
1785385504.232768000,76,ok
1785385504.234146000,77,ok
1785385504.236557000,74,ok
1785385504.254162000,77,ok
1785385504.272581000,76,ok
1785385504.278361000,77,ok
1785385504.278720000,78,ok
1785385504.278548000,77,ok
1785385504.289539000,79,ok
1785385504.288778000,74,ok
1785385504.288743000,78,ok
1785385504.327146000,82,ok
1785385504.320570000,79,ok
1785385504.329563000,84,ok
1785385504.330653000,82,ok
1785385504.339545000,79,ok
1785385504.342625000,82,ok
1785385504.343355000,82,ok
1785385504.343316000,76,ok
1785385504.366002000,82,ok
1785385504.380529000,76,ok
1785385504.388246000,81,ok
1785385504.387651000,81,ok
1785385504.387483000,84,ok
1785385504.397689000,79,ok
1785385504.399061000,81,ok
1785385504.400404000,83,ok
1785385504.432105000,78,ok
1785385504.430555000,77,ok
1785385504.434376000,78,ok
1785385504.435736000,77,ok
1785385504.441647000,78,ok
1785385504.442168000,75,ok
1785385504.449560000,78,ok
1785385504.449438000,79,ok
1785385504.468178000,78,ok
1785385504.481279000,74,ok
1785385504.490928000,82,ok
1785385504.490987000,78,ok
1785385504.491009000,79,ok
1785385504.502078000,79,ok
1785385504.502687000,79,ok
1785385504.502879000,79,ok
1785385504.532995000,76,ok
1785385504.538437000,79,ok
1785385504.538488000,78,ok
1785385504.540043000,80,ok
1785385504.545900000,75,ok
1785385504.551492000,76,ok
1785385504.551503000,77,ok
1785385504.552676000,75,ok
1785385504.568620000,77,ok
1785385504.581162000,77,ok
1785385504.592754000,76,ok
1785385504.593883000,77,ok
1785385504.594625000,74,ok
1785385504.598403000,73,ok
1785385504.603537000,76,ok
1785385504.603336000,73,ok
1785385504.632161000,75,ok
1785385504.637986000,75,ok
1785385504.641991000,77,ok
1785385504.642784000,80,ok
1785385504.649948000,78,ok
1785385504.651960000,76,ok
1785385504.655278000,78,ok
1785385504.655919000,79,ok
1785385504.671177000,78,ok
1785385504.686238000,78,ok
1785385504.700379000,74,ok
1785385504.701044000,85,ok
1785385504.702938000,75,ok
1785385504.700925000,80,ok
1785385504.700865000,80,ok
1785385504.702899000,84,ok
1785385504.736302000,79,ok
1785385504.741965000,76,ok
1785385504.742382000,82,ok
1785385504.752574000,81,ok
1785385504.755069000,79,ok
1785385504.758461000,81,ok
1785385504.756451000,72,ok
1785385504.766895000,77,ok
1785385504.780114000,75,ok
1785385504.793863000,73,ok
1785385504.799889000,76,ok
1785385504.802590000,76,ok
1785385504.807978000,82,ok
1785385504.807041000,80,ok
1785385504.807118000,82,ok
1785385504.807959000,79,ok
1785385504.835830000,77,ok
1785385504.844767000,79,ok
1785385504.845401000,77,ok
1785385504.859642000,80,ok
1785385504.858146000,75,ok
1785385504.864586000,84,ok
1785385504.864063000,73,ok
1785385504.864010000,79,ok
1785385504.882725000,80,ok
1785385504.904406000,79,ok
1785385504.904219000,77,ok
1785385504.908247000,75,ok
1785385504.914538000,77,ok
1785385504.914553000,78,ok
1785385504.915257000,80,ok
1785385504.915169000,78,ok
1785385504.942883000,78,ok
1785385504.948282000,77,ok
1785385504.950879000,82,ok
1785385504.964002000,77,ok
1785385504.960335000,76,ok
1785385504.966930000,77,ok
1785385504.967434000,79,ok
1785385504.965118000,76,ok
1785385504.984454000,77,ok
1785385505.005527000,78,ok
1785385505.006113000,76,ok
1785385505.009173000,76,ok
1785385505.009965000,72,ok
1785385505.010820000,74,ok
1785385505.016354000,76,ok
1785385505.016309000,77,ok
1785385505.044546000,76,ok
1785385505.049847000,78,ok
1785385505.054657000,77,ok
1785385505.058558000,70,ok
1785385505.059855000,72,ok
1785385505.064672000,74,ok
1785385505.067127000,78,ok
1785385505.067157000,75,ok
1785385505.081896000,75,ok
1785385505.107134000,75,ok
1785385505.108192000,78,ok
1785385505.110449000,76,ok
1785385505.109570000,76,ok
1785385505.114529000,79,ok
1785385505.114261000,77,ok
1785385505.114099000,74,ok
1785385505.146217000,75,ok
1785385505.145893000,76,ok
1785385505.156093000,73,ok
1785385505.155131000,75,ok
1785385505.161859000,74,ok
1785385505.160403000,75,ok
1785385505.161980000,70,ok
1785385505.166663000,73,ok
1785385505.182986000,80,ok
1785385505.201192000,74,ok
1785385505.204929000,73,ok
1785385505.206615000,75,ok
1785385505.208288000,73,ok
1785385505.211295000,77,ok
1785385505.212865000,78,ok
1785385505.212517000,77,ok
1785385505.245251000,78,ok
1785385505.248096000,77,ok
1785385505.254032000,72,ok
1785385505.255391000,69,ok
1785385505.266386000,74,ok
1785385505.267036000,78,ok
1785385505.267163000,77,ok
1785385505.266442000,77,ok
1785385505.287042000,82,ok
1785385505.298431000,75,ok
1785385505.304143000,71,ok
1785385505.306748000,78,ok
1785385505.307176000,76,ok
1785385505.306037000,78,ok
1785385505.310471000,76,ok
1785385505.313644000,79,ok
1785385505.344583000,81,ok
1785385505.345259000,78,ok
1785385505.352983000,77,ok
1785385505.353813000,81,ok
1785385505.368997000,77,ok
1785385505.370499000,79,ok
1785385505.370274000,78,ok
1785385505.370864000,82,ok
1785385505.395175000,75,ok
1785385505.409921000,76,ok
1785385505.411007000,76,ok
1785385505.411041000,81,ok
1785385505.415924000,80,ok
1785385505.419392000,81,ok
1785385505.418986000,81,ok
1785385505.418913000,78,ok
1785385505.452108000,78,ok
1785385505.451636000,83,ok
1785385505.451284000,80,ok
1785385505.452890000,77,ok
1785385505.471640000,79,ok
1785385505.474201000,83,ok
1785385505.474064000,82,ok
1785385505.478844000,85,ok
1785385505.498908000,79,ok
1785385505.519613000,83,ok
1785385505.520398000,79,ok
1785385505.521064000,77,ok
1785385505.524181000,83,ok
1785385505.528632000,81,ok
1785385505.528424000,82,ok
1785385505.538481000,80,ok
1785385505.563618000,80,ok
1785385505.566153000,80,ok
1785385505.564497000,81,ok
1785385505.572157000,80,ok
1785385505.572725000,72,ok
1785385505.576248000,76,ok
1785385505.579693000,80,ok
1785385505.581905000,75,ok
1785385505.595144000,77,ok
1785385505.618576000,76,ok
1785385505.617812000,75,ok
1785385505.621065000,74,ok
1785385505.623960000,76,ok
1785385505.627183000,77,ok
1785385505.628973000,82,ok
1785385505.631406000,74,ok
1785385505.667293000,75,ok
1785385505.667319000,78,ok
1785385505.667614000,80,ok
1785385505.674454000,73,ok
1785385505.677038000,77,ok
1785385505.676762000,79,ok
1785385505.684990000,77,ok
1785385505.684526000,78,ok
1785385505.695049000,76,ok
1785385505.726563000,80,ok
1785385505.727322000,83,ok
1785385505.731773000,81,ok
1785385505.731098000,79,ok
1785385505.731136000,75,ok
1785385505.737495000,80,ok
1785385505.737816000,81,ok
1785385505.773816000,77,ok
1785385505.772895000,77,ok
1785385505.777013000,81,ok
1785385505.784076000,75,ok
1785385505.781999000,76,ok
1785385505.785607000,76,ok
1785385505.785391000,74,ok
1785385505.793170000,75,ok
1785385505.795310000,73,ok
1785385505.826413000,76,ok
1785385505.827691000,76,ok
1785385505.832700000,79,ok
1785385505.829937000,76,ok
1785385505.832009000,78,ok
1785385505.833091000,76,ok
1785385505.835760000,77,ok
1785385505.869446000,77,ok
1785385505.874277000,73,ok
1785385505.876607000,75,ok
1785385505.880866000,72,ok
1785385505.880874000,74,ok
1785385505.885503000,73,ok
1785385505.894194000,78,ok
1785385505.896247000,78,ok
1785385505.896560000,79,ok
1785385505.921082000,73,ok
1785385505.928296000,73,ok
1785385505.928217000,74,ok
1785385505.931478000,80,ok
1785385505.932698000,79,ok
1785385505.931760000,79,ok
1785385505.933902000,76,ok
1785385505.964586000,74,ok
1785385505.968510000,74,ok
1785385505.978999000,74,ok
1785385505.978839000,78,ok
1785385505.979878000,75,ok
1785385505.986554000,74,ok
1785385505.992771000,76,ok
1785385505.994660000,77,ok
1785385505.997345000,76,ok
1785385506.026437000,81,ok
1785385506.031977000,79,ok
1785385506.035612000,80,ok
1785385506.035745000,82,ok
1785385506.036021000,82,ok
1785385506.036290000,83,ok
1785385506.034909000,81,ok
1785385506.057598000,75,ok
1785385506.059691000,74,ok
1785385506.081105000,79,ok
1785385506.080451000,78,ok
1785385506.082246000,76,ok
1785385506.089171000,79,ok
1785385506.096400000,80,ok
1785385506.091846000,75,ok
1785385506.097638000,75,ok
1785385506.122889000,76,ok
1785385506.133483000,79,ok
1785385506.135413000,80,ok
1785385506.138611000,82,ok
1785385506.138304000,80,ok
1785385506.139441000,80,ok
1785385506.138711000,80,ok
1785385506.153474000,76,ok
1785385506.156533000,76,ok
1785385506.179423000,77,ok
1785385506.180030000,77,ok
1785385506.183085000,76,ok
1785385506.190176000,74,ok
1785385506.197566000,76,ok
1785385506.200215000,80,ok
1785385506.200916000,77,ok
1785385506.220740000,75,ok
1785385506.234244000,74,ok
1785385506.234346000,74,ok
1785385506.237387000,72,ok
1785385506.237183000,75,ok
1785385506.241677000,76,ok
1785385506.241693000,75,ok
1785385506.257566000,78,ok
1785385506.257316000,76,ok
1785385506.280069000,76,ok
1785385506.279992000,79,ok
1785385506.281196000,79,ok
1785385506.284383000,71,ok
1785385506.291502000,73,ok
1785385506.291793000,71,ok
1785385506.294722000,73,ok
1785385506.314941000,74,ok
1785385506.330147000,74,ok
1785385506.332950000,72,ok
1785385506.332831000,75,ok
1785385506.338433000,73,ok
1785385506.342248000,74,ok
1785385506.341516000,74,ok
1785385506.359675000,76,ok
1785385506.359353000,75,ok
1785385506.380939000,75,ok
1785385506.381591000,75,ok
1785385506.381735000,77,ok
1785385506.382561000,77,ok
1785385506.383889000,70,ok
1785385506.389575000,74,ok
1785385506.389423000,73,ok
1785385506.409540000,76,ok
1785385506.422543000,73,ok
1785385506.429751000,70,ok
1785385506.428327000,73,ok
1785385506.430310000,75,ok
1785385506.435717000,73,ok
1785385506.435389000,73,ok
1785385506.454827000,76,ok
1785385506.456846000,79,ok
1785385506.477326000,73,ok
1785385506.480757000,74,ok
1785385506.477284000,74,ok
1785385506.480743000,73,ok
1785385506.482952000,75,ok
1785385506.486563000,73,ok
1785385506.486405000,74,ok
1785385506.503485000,75,ok
1785385506.520678000,76,ok
1785385506.528571000,76,ok
1785385506.529900000,79,ok
1785385506.532042000,74,ok
1785385506.530647000,78,ok
1785385506.534931000,77,ok
1785385506.551623000,77,ok
1785385506.552171000,78,ok
1785385506.575986000,71,ok
1785385506.577410000,72,ok
1785385506.580570000,73,ok
1785385506.587186000,77,ok
1785385506.589622000,78,ok
1785385506.591763000,80,ok
1785385506.591079000,82,ok
1785385506.603820000,75,ok
1785385506.621863000,75,ok
1785385506.631805000,79,ok
1785385506.630372000,73,ok
1785385506.627010000,75,ok
1785385506.633467000,79,ok
1785385506.633638000,81,ok
1785385506.647042000,76,ok
1785385506.650741000,79,ok
1785385506.672431000,77,ok
1785385506.676101000,74,ok
1785385506.673260000,74,ok
1785385506.688022000,79,ok
1785385506.685935000,75,ok
1785385506.688178000,74,ok
1785385506.688859000,76,ok
1785385506.700616000,76,ok
1785385506.720652000,75,ok
1785385506.730297000,77,ok
1785385506.733514000,78,ok
1785385506.732982000,78,ok
1785385506.732069000,73,ok
1785385506.732300000,77,ok
1785385506.738978000,72,ok
1785385506.747908000,76,ok
1785385506.769765000,77,ok
1785385506.777337000,79,ok
1785385506.776785000,78,ok
1785385506.787755000,75,ok
1785385506.786240000,75,ok
1785385506.789782000,76,ok
1785385506.789666000,77,ok
1785385506.796624000,75,ok
1785385506.824992000,78,ok
1785385506.832772000,75,ok
1785385506.835218000,76,ok
1785385506.834581000,77,ok
1785385506.837166000,76,ok
1785385506.835270000,76,ok
1785385506.841886000,74,ok
1785385506.845283000,73,ok
1785385506.876355000,79,ok
1785385506.877114000,78,ok
1785385506.880498000,77,ok
1785385506.883989000,74,ok
1785385506.889735000,75,ok
1785385506.887429000,75,ok
1785385506.888385000,72,ok
1785385506.892152000,73,ok
1785385506.923459000,77,ok
1785385506.933741000,77,ok
1785385506.936116000,78,ok
1785385506.938489000,77,ok
1785385506.941346000,78,ok
1785385506.944805000,84,ok
1785385506.943983000,76,ok
1785385506.947488000,80,ok
1785385506.982697000,76,ok
1785385506.980214000,75,ok
1785385506.979326000,77,ok
1785385506.988023000,76,ok
1785385506.987151000,75,ok
1785385506.990392000,74,ok
1785385506.993896000,79,ok
1785385507.002195000,81,ok
1785385507.025734000,80,ok
1785385507.031742000,75,ok
1785385507.036098000,75,ok
1785385507.037811000,73,ok
1785385507.046442000,76,ok
1785385507.049603000,79,ok
1785385507.050903000,81,ok
1785385507.051406000,81,ok
1785385507.081930000,74,ok
1785385507.085258000,77,ok
1785385507.086307000,81,ok
1785385507.089247000,75,ok
1785385507.092125000,77,ok
1785385507.091290000,73,ok
1785385507.094925000,75,ok
1785385507.100441000,75,ok
1785385507.120043000,76,ok
1785385507.129633000,79,ok
1785385507.135148000,74,ok
1785385507.135891000,80,ok
1785385507.142415000,74,ok
1785385507.150314000,79,ok
1785385507.147423000,76,ok
1785385507.151682000,79,ok
1785385507.187043000,79,ok
1785385507.192882000,81,ok
1785385507.197588000,79,ok
1785385507.194976000,84,ok
1785385507.197438000,81,ok
1785385507.210091000,82,ok
1785385507.211759000,83,ok
1785385507.214169000,93,ok
1785385507.239577000,78,ok
1785385507.241272000,75,ok
1785385507.248169000,73,ok
1785385507.247238000,75,ok
1785385507.252692000,73,ok
1785385507.257486000,76,ok
1785385507.259542000,72,ok
1785385507.255224000,73,ok
1785385507.286869000,76,ok
1785385507.288175000,74,ok
1785385507.292435000,74,ok
1785385507.295502000,78,ok
1785385507.296022000,76,ok
1785385507.302308000,71,ok
1785385507.305940000,72,ok
1785385507.309279000,75,ok
1785385507.335372000,75,ok
1785385507.335517000,74,ok
1785385507.343296000,69,ok
1785385507.344214000,73,ok
1785385507.344869000,75,ok
1785385507.350405000,72,ok
1785385507.354668000,73,ok
1785385507.354638000,74,ok
1785385507.382750000,74,ok
1785385507.383399000,74,ok
1785385507.386237000,72,ok
1785385507.390264000,71,ok
1785385507.390744000,72,ok
1785385507.395666000,70,ok
1785385507.402095000,73,ok
1785385507.405155000,73,ok
1785385507.427914000,73,ok
1785385507.431383000,75,ok
1785385507.443018000,76,ok
1785385507.442844000,71,ok
1785385507.443094000,75,ok
1785385507.443701000,77,ok
1785385507.448477000,73,ok
1785385507.449835000,73,ok
1785385507.477077000,73,ok
1785385507.479249000,70,ok
1785385507.479306000,74,ok
1785385507.483727000,72,ok
1785385507.487637000,74,ok
1785385507.493427000,73,ok
1785385507.495285000,72,ok
1785385507.497944000,71,ok
1785385507.524194000,78,ok
1785385507.526481000,75,ok
1785385507.543206000,77,ok
1785385507.543941000,77,ok
1785385507.547612000,78,ok
1785385507.547905000,79,ok
1785385507.549018000,82,ok
1785385507.551285000,80,ok
1785385507.579444000,77,ok
1785385507.582809000,80,ok
1785385507.588506000,77,ok
1785385507.587361000,83,ok
1785385507.594600000,84,ok
1785385507.594567000,78,ok
1785385507.594544000,78,ok
1785385507.600232000,79,ok
1785385507.619055000,76,ok
1785385507.618152000,77,ok
1785385507.648472000,78,ok
1785385507.650861000,79,ok
1785385507.649015000,79,ok
1785385507.652175000,81,ok
1785385507.651316000,80,ok
1785385507.654296000,80,ok
1785385507.688645000,78,ok
1785385507.694979000,79,ok
1785385507.694708000,77,ok
1785385507.695184000,76,ok
1785385507.699557000,78,ok
1785385507.698559000,72,ok
1785385507.700961000,74,ok
1785385507.699517000,75,ok
1785385507.719059000,79,ok
1785385507.719401000,78,ok
1785385507.748179000,77,ok
1785385507.748101000,78,ok
1785385507.752441000,81,ok
1785385507.750670000,81,ok
1785385507.751372000,81,ok
1785385507.754371000,81,ok
1785385507.791722000,77,ok
1785385507.792710000,72,ok
1785385507.794690000,73,ok
1785385507.797186000,73,ok
1785385507.798951000,74,ok
1785385507.801683000,75,ok
1785385507.809467000,81,ok
1785385507.809732000,79,ok
1785385507.822050000,74,ok
1785385507.830580000,86,ok
1785385507.852943000,79,ok
1785385507.851288000,79,ok
1785385507.849475000,78,ok
1785385507.851682000,80,ok
1785385507.853280000,76,ok
1785385507.851823000,78,ok
1785385507.892569000,77,ok
1785385507.892484000,76,ok
1785385507.893835000,81,ok
1785385507.903832000,78,ok
1785385507.902195000,78,ok
1785385507.905659000,76,ok
1785385507.906817000,71,ok
1785385507.918770000,79,ok
1785385507.930398000,78,ok
1785385507.930889000,77,ok
1785385507.951444000,75,ok
1785385507.952580000,78,ok
1785385507.954123000,79,ok
1785385507.956213000,80,ok
1785385507.954640000,80,ok
1785385507.955663000,77,ok
1785385507.984544000,73,ok
1785385507.988116000,72,ok
1785385507.988452000,76,ok
1785385507.998259000,75,ok
1785385508.001531000,73,ok
1785385508.003928000,78,ok
1785385508.004583000,78,ok
1785385508.012784000,73,ok
1785385508.026700000,77,ok
1785385508.026625000,77,ok
1785385508.050677000,76,ok
1785385508.052313000,78,ok
1785385508.053027000,80,ok
1785385508.052164000,76,ok
1785385508.053066000,77,ok
1785385508.057063000,81,ok
1785385508.078992000,75,ok
1785385508.081448000,74,ok
1785385508.083720000,75,ok
1785385508.092948000,74,ok
1785385508.098000000,74,ok
1785385508.097710000,71,ok
1785385508.098024000,70,ok
1785385508.110216000,74,ok
1785385508.118438000,74,ok
1785385508.118854000,74,ok
1785385508.147207000,74,ok
1785385508.147751000,75,ok
1785385508.152692000,81,ok
1785385508.152379000,80,ok
1785385508.151941000,75,ok
1785385508.152579000,78,ok
1785385508.178372000,78,ok
1785385508.179464000,77,ok
1785385508.181446000,75,ok
1785385508.196037000,74,ok
1785385508.199742000,80,ok
1785385508.199376000,74,ok
1785385508.201778000,78,ok
1785385508.219976000,80,ok
1785385508.209949000,76,ok
1785385508.223449000,83,ok
1785385508.246692000,76,ok
1785385508.247401000,77,ok
1785385508.254488000,81,ok
1785385508.256931000,84,ok
1785385508.255704000,81,ok
1785385508.258446000,85,ok
1785385508.280508000,78,ok
1785385508.281544000,81,ok
1785385508.281433000,79,ok
1785385508.314812000,84,ok
1785385508.314866000,82,ok
1785385508.319274000,81,ok
1785385508.315901000,88,ok
1785385508.335575000,85,ok
1785385508.334162000,86,ok
1785385508.347496000,84,ok
1785385508.372104000,93,ok
1785385508.373827000,86,ok
1785385508.377122000,99,ok
1785385508.376640000,91,ok
1785385508.370282000,89,ok
1785385508.375034000,83,ok
1785385508.392034000,81,ok
1785385508.399783000,89,ok
1785385508.398671000,87,ok
1785385508.431122000,82,ok
1785385508.432766000,80,ok
1785385508.435509000,82,ok
1785385508.436660000,84,ok
1785385508.448390000,89,ok
1785385508.448242000,89,ok
1785385508.466666000,80,ok
1785385508.485164000,78,ok
1785385508.488006000,81,ok
1785385508.487886000,76,ok
1785385508.488423000,82,ok
1785385508.487633000,78,ok
1785385508.490138000,79,ok
1785385508.491698000,72,ok
1785385508.501674000,74,ok
1785385508.507607000,77,ok
1785385508.532410000,79,ok
1785385508.534583000,77,ok
1785385508.534776000,78,ok
1785385508.535948000,82,ok
1785385508.542843000,74,ok
1785385508.541644000,73,ok
1785385508.559221000,76,ok
1785385508.582179000,76,ok
1785385508.586204000,74,ok
1785385508.589478000,77,ok
1785385508.597189000,81,ok
1785385508.598935000,83,ok
1785385508.596035000,78,ok
1785385508.599174000,83,ok
1785385508.602062000,76,ok
1785385508.618961000,77,ok
1785385508.632358000,76,ok
1785385508.631604000,72,ok
1785385508.637873000,82,ok
1785385508.638436000,79,ok
1785385508.640423000,77,ok
1785385508.641903000,78,ok
1785385508.647284000,70,ok
1785385508.681461000,80,ok
1785385508.683184000,76,ok
1785385508.687966000,77,ok
1785385508.699569000,78,ok
1785385508.701151000,79,ok
1785385508.702181000,80,ok
1785385508.708389000,82,ok
1785385508.708861000,84,ok
1785385508.729586000,76,ok
1785385508.739046000,77,ok
1785385508.742007000,78,ok
1785385508.740883000,76,ok
1785385508.745310000,73,ok
1785385508.747784000,77,ok
1785385508.746651000,79,ok
1785385508.752094000,77,ok
1785385508.780526000,76,ok
1785385508.780334000,77,ok
1785385508.782972000,74,ok
1785385508.795316000,73,ok
1785385508.795291000,70,ok
1785385508.797252000,73,ok
1785385508.805579000,76,ok
1785385508.805669000,75,ok
1785385508.827673000,77,ok
1785385508.844645000,78,ok
1785385508.843779000,78,ok
1785385508.846494000,76,ok
1785385508.845750000,74,ok
1785385508.847158000,79,ok
1785385508.847795000,76,ok
1785385508.860921000,81,ok
1785385508.880396000,78,ok
1785385508.880570000,76,ok
1785385508.884412000,78,ok
1785385508.896920000,77,ok
1785385508.900749000,81,ok
1785385508.902075000,74,ok
1785385508.901937000,82,ok
1785385508.902104000,73,ok
1785385508.924835000,77,ok
1785385508.943659000,75,ok
1785385508.947405000,76,ok
1785385508.943894000,77,ok
1785385508.949016000,81,ok
1785385508.949174000,78,ok
1785385508.949055000,76,ok
1785385508.961198000,74,ok
1785385508.982240000,80,ok
1785385508.983010000,81,ok
1785385508.984120000,74,ok
1785385508.999803000,76,ok
1785385509.003577000,79,ok
1785385509.005126000,76,ok
1785385509.003533000,78,ok
1785385509.005171000,77,ok
1785385509.019722000,76,ok
1785385509.041217000,75,ok
1785385509.046437000,78,ok
1785385509.047764000,79,ok
1785385509.048130000,77,ok
1785385509.049883000,77,ok
1785385509.052988000,80,ok
1785385509.058035000,73,ok
1785385509.078265000,79,ok
1785385509.080160000,79,ok
1785385509.078835000,77,ok
1785385509.101618000,75,ok
1785385509.105383000,76,ok
1785385509.100530000,75,ok
1785385509.104415000,75,ok
1785385509.107314000,75,ok
1785385509.117400000,77,ok
1785385509.141962000,78,ok
1785385509.145238000,75,ok
1785385509.152510000,81,ok
1785385509.153279000,82,ok
1785385509.153369000,76,ok
1785385509.150830000,80,ok
1785385509.160629000,77,ok
1785385509.176186000,74,ok
1785385509.178781000,78,ok
1785385509.177539000,78,ok
1785385509.202159000,75,ok
1785385509.206887000,79,ok
1785385509.211175000,82,ok
1785385509.214580000,82,ok
1785385509.211898000,83,ok
1785385509.222948000,84,ok
1785385509.253760000,77,ok
1785385509.251444000,80,ok
1785385509.253720000,76,ok
1785385509.261476000,74,ok
1785385509.265303000,77,ok
1785385509.261511000,77,ok
1785385509.266956000,80,ok
1785385509.287252000,83,ok
1785385509.286696000,82,ok
1785385509.287818000,84,ok
1785385509.303513000,77,ok
1785385509.313745000,78,ok
1785385509.313413000,75,ok
1785385509.315921000,77,ok
1785385509.314543000,78,ok
1785385509.321669000,76,ok
1785385509.352369000,77,ok
1785385509.353713000,77,ok
1785385509.355235000,79,ok
1785385509.358062000,72,ok
1785385509.367243000,79,ok
1785385509.369943000,76,ok
1785385509.371012000,81,ok
1785385509.391902000,79,ok
1785385509.390992000,77,ok
1785385509.393296000,78,ok
1785385509.408783000,74,ok
1785385509.418882000,77,ok
1785385509.418427000,77,ok
1785385509.418280000,79,ok
1785385509.418902000,80,ok
1785385509.419142000,75,ok
1785385509.451096000,75,ok
1785385509.450953000,77,ok
1785385509.449031000,77,ok
1785385509.452183000,73,ok
1785385509.462040000,74,ok
1785385509.468761000,76,ok
1785385509.467743000,75,ok
1785385509.486184000,75,ok
1785385509.488250000,76,ok
1785385509.489880000,78,ok
1785385509.506190000,74,ok
1785385509.515087000,76,ok
1785385509.519396000,78,ok
1785385509.520954000,81,ok
1785385509.521906000,79,ok
1785385509.521184000,80,ok
1785385509.545843000,74,ok
1785385509.551743000,76,ok
1785385509.553337000,80,ok
1785385509.553646000,79,ok
1785385509.560747000,75,ok
1785385509.565203000,74,ok
1785385509.566376000,74,ok
1785385509.583162000,76,ok
1785385509.586562000,79,ok
1785385509.586519000,77,ok
1785385509.602278000,74,ok
1785385509.608423000,71,ok
1785385509.617291000,77,ok
1785385509.618993000,77,ok
1785385509.618028000,78,ok
1785385509.620212000,77,ok
1785385509.643230000,74,ok
1785385509.650719000,77,ok
1785385509.652008000,76,ok
1785385509.653649000,77,ok
1785385509.657794000,72,ok
1785385509.661954000,73,ok
1785385509.663361000,72,ok
1785385509.683791000,75,ok
1785385509.683729000,79,ok
1785385509.684788000,76,ok
1785385509.696949000,73,ok
1785385509.701729000,72,ok
1785385509.709242000,72,ok
1785385509.715244000,76,ok
1785385509.717991000,78,ok
1785385509.717917000,77,ok
1785385509.741024000,76,ok
1785385509.750766000,79,ok
1785385509.754931000,73,ok
1785385509.749806000,77,ok
1785385509.753181000,79,ok
1785385509.758252000,76,ok
1785385509.763721000,78,ok
1785385509.786295000,76,ok
1785385509.788343000,83,ok
1785385509.786630000,82,ok
1785385509.801386000,77,ok
1785385509.800949000,81,ok
1785385509.821076000,79,ok
1785385509.823191000,79,ok
1785385509.825568000,82,ok
1785385509.822258000,80,ok
1785385509.855763000,77,ok
1785385509.855545000,78,ok
1785385509.859283000,76,ok
1785385509.861283000,75,ok
1785385509.869639000,82,ok
1785385509.872519000,81,ok
1785385509.873524000,83,ok
1785385509.893117000,79,ok
1785385509.893595000,75,ok
1785385509.901293000,78,ok
1785385509.908979000,78,ok
1785385509.908903000,79,ok
1785385509.916069000,71,ok
1785385509.929895000,80,ok
1785385509.930659000,80,ok
1785385509.931312000,82,ok
1785385509.952783000,75,ok
1785385509.957129000,73,ok
1785385509.953450000,76,ok
1785385509.957287000,76,ok
1785385509.968241000,73,ok
1785385509.970045000,79,ok
1785385509.971162000,74,ok
1785385509.992018000,78,ok
1785385509.992898000,78,ok
1785385509.992887000,73,ok
1785385510.008234000,72,ok
1785385510.010746000,76,ok
1785385510.011391000,77,ok
1785385510.028855000,78,ok
1785385510.029221000,78,ok
1785385510.029658000,79,ok
1785385510.048217000,72,ok
1785385510.052279000,73,ok
1785385510.053285000,71,ok
1785385510.054036000,76,ok
1785385510.062949000,73,ok
1785385510.069042000,76,ok
1785385510.069383000,77,ok
1785385510.088811000,76,ok
1785385510.089991000,76,ok
1785385510.090748000,77,ok
1785385510.103076000,75,ok
1785385510.103537000,72,ok
1785385510.104840000,72,ok
1785385510.119666000,73,ok
1785385510.122426000,74,ok
1785385510.124630000,76,ok
1785385510.142560000,73,ok
1785385510.150305000,74,ok
1785385510.153784000,78,ok
1785385510.157040000,81,ok
1785385510.157083000,74,ok
1785385510.164173000,75,ok
1785385510.167507000,73,ok
1785385510.187753000,76,ok
1785385510.189527000,77,ok
1785385510.190928000,79,ok
1785385510.201209000,77,ok
1785385510.203393000,78,ok
1785385510.203211000,79,ok
1785385510.220914000,78,ok
1785385510.217054000,75,ok
1785385510.220690000,79,ok
1785385510.240907000,78,ok
1785385510.248167000,75,ok
1785385510.250784000,75,ok
1785385510.262818000,81,ok
1785385510.261337000,78,ok
1785385510.265684000,80,ok
1785385510.267143000,76,ok
1785385510.296485000,80,ok
1785385510.295580000,77,ok
1785385510.296329000,77,ok
1785385510.302410000,75,ok
1785385510.305810000,72,ok
1785385510.305443000,74,ok
1785385510.320244000,76,ok
1785385510.321428000,78,ok
1785385510.326723000,78,ok
1785385510.343272000,77,ok
1785385510.352769000,77,ok
1785385510.351694000,76,ok
1785385510.356848000,73,ok
1785385510.358796000,73,ok
1785385510.365366000,76,ok
1785385510.366758000,80,ok
1785385510.397172000,80,ok
1785385510.397146000,81,ok
1785385510.398997000,82,ok
1785385510.402104000,79,ok
1785385510.408632000,78,ok
1785385510.408224000,77,ok
1785385510.426956000,75,ok
1785385510.427981000,81,ok
1785385510.427216000,81,ok
1785385510.449475000,77,ok
1785385510.454144000,76,ok
1785385510.454103000,77,ok
1785385510.457354000,74,ok
1785385510.459029000,74,ok
1785385510.467592000,78,ok
1785385510.470198000,81,ok
1785385510.496278000,77,ok
1785385510.498724000,79,ok
1785385510.498991000,79,ok
1785385510.501522000,77,ok
1785385510.505900000,77,ok
1785385510.513117000,81,ok
1785385510.530436000,77,ok
1785385510.535258000,77,ok
1785385510.534913000,79,ok
1785385510.548578000,70,ok
1785385510.549607000,72,ok
1785385510.557867000,74,ok
1785385510.552918000,73,ok
1785385510.561087000,73,ok
1785385510.557360000,73,ok
1785385510.568135000,76,ok
1785385510.591677000,74,ok
1785385510.597002000,73,ok
1785385510.595297000,74,ok
1785385510.600252000,81,ok
1785385510.595484000,76,ok
1785385510.611435000,76,ok
1785385510.629490000,78,ok
1785385510.634069000,75,ok
1785385510.632986000,77,ok
1785385510.654781000,76,ok
1785385510.660749000,77,ok
1785385510.660687000,80,ok
1785385510.660974000,77,ok
1785385510.661635000,80,ok
1785385510.666586000,79,ok
1785385510.670288000,79,ok
1785385510.697124000,77,ok
1785385510.703463000,82,ok
1785385510.704688000,83,ok
1785385510.701357000,85,ok
1785385510.712916000,79,ok
1785385510.704291000,83,ok
1785385510.726985000,75,ok
1785385510.721581000,74,ok
1785385510.737122000,86,ok
1785385510.780381000,96,ok
1785385510.771771000,95,ok
1785385510.774203000,89,ok
1785385510.775510000,92,ok
1785385510.784198000,86,ok
1785385510.780294000,98,ok
1785385510.779151000,90,ok
1785385510.836615000,88,ok
1785385510.836831000,86,ok
1785385510.836731000,88,ok
1785385510.834437000,92,ok
1785385510.841071000,90,ok
1785385510.848879000,96,ok
1785385510.868574000,84,ok
1785385510.874061000,87,ok
1785385510.879356000,85,ok
1785385510.900043000,87,ok
1785385510.899832000,85,ok
1785385510.905720000,89,ok
1785385510.900974000,84,ok
1785385510.908771000,86,ok
1785385510.904284000,87,ok
1785385510.905276000,78,ok
1785385510.943455000,83,ok
1785385510.946710000,84,ok
1785385510.954772000,90,ok
1785385510.953573000,92,ok
1785385510.957268000,83,ok
1785385510.960982000,94,ok
1785385510.979632000,78,ok
1785385510.981969000,78,ok
1785385510.988411000,78,ok
1785385511.002555000,75,ok
1785385511.014797000,76,ok
1785385511.017119000,73,ok
1785385511.019689000,77,ok
1785385511.020962000,76,ok
1785385511.021416000,75,ok
1785385511.022619000,79,ok
1785385511.046408000,74,ok
1785385511.052766000,75,ok
1785385511.053614000,76,ok
1785385511.053331000,74,ok
1785385511.055026000,73,ok
1785385511.054388000,82,ok
1785385511.078799000,73,ok
1785385511.075230000,75,ok
1785385511.075414000,74,ok
1785385511.101822000,79,ok
1785385511.112519000,74,ok
1785385511.119924000,76,ok
1785385511.119240000,78,ok
1785385511.117629000,76,ok
1785385511.121595000,80,ok
1785385511.120633000,80,ok
1785385511.156927000,78,ok
1785385511.156052000,77,ok
1785385511.158464000,80,ok
1785385511.160138000,78,ok
1785385511.160522000,79,ok
1785385511.163052000,77,ok
1785385511.179907000,78,ok
1785385511.179071000,77,ok
1785385511.180911000,80,ok
1785385511.197529000,78,ok
1785385511.210011000,72,ok
1785385511.215158000,75,ok
1785385511.220316000,79,ok
1785385511.220609000,79,ok
1785385511.222362000,79,ok
1785385511.222957000,79,ok
1785385511.257778000,79,ok
1785385511.257768000,76,ok
1785385511.262636000,78,ok
1785385511.263002000,81,ok
1785385511.264073000,79,ok
1785385511.274612000,83,ok
1785385511.282467000,75,ok
1785385511.282560000,77,ok
1785385511.292276000,82,ok
1785385511.302804000,79,ok
1785385511.311679000,74,ok
1785385511.312044000,69,ok
1785385511.312867000,72,ok
1785385511.321047000,75,ok
1785385511.319224000,75,ok
1785385511.319680000,74,ok
1785385511.357636000,78,ok
1785385511.360118000,77,ok
1785385511.362092000,74,ok
1785385511.363232000,79,ok
1785385511.361581000,77,ok
1785385511.378874000,75,ok
1785385511.382589000,75,ok
1785385511.390320000,79,ok
1785385511.403151000,77,ok
1785385511.409564000,73,ok
1785385511.403541000,79,ok
1785385511.412372000,71,ok
1785385511.417837000,75,ok
1785385511.417561000,73,ok
1785385511.418365000,72,ok
1785385511.422634000,78,ok
1785385511.464066000,80,ok
1785385511.460821000,79,ok
1785385511.465526000,79,ok
1785385511.466853000,86,ok
1785385511.466815000,83,ok
1785385511.484242000,77,ok
1785385511.486690000,81,ok
1785385511.501030000,78,ok
1785385511.509974000,80,ok
1785385511.521151000,79,ok
1785385511.518761000,76,ok
1785385511.521587000,77,ok
1785385511.524084000,81,ok
1785385511.528667000,79,ok
1785385511.529471000,78,ok
1785385511.531417000,80,ok
1785385511.562614000,78,ok
1785385511.566008000,82,ok
1785385511.568794000,77,ok
1785385511.566815000,78,ok
1785385511.567918000,81,ok
1785385511.581050000,75,ok
1785385511.582614000,74,ok
1785385511.597608000,78,ok
1785385511.606634000,75,ok
1785385511.622384000,78,ok
1785385511.624285000,78,ok
1785385511.628375000,82,ok
1785385511.630409000,78,ok
1785385511.633879000,76,ok
1785385511.634387000,79,ok
1785385511.638228000,82,ok
1785385511.660361000,77,ok
1785385511.662948000,73,ok
1785385511.662337000,74,ok
1785385511.674423000,73,ok
1785385511.672872000,81,ok
1785385511.677429000,85,ok
1785385511.677849000,74,ok
1785385511.696154000,78,ok
1785385511.697404000,73,ok
1785385511.718465000,74,ok
1785385511.721596000,72,ok
1785385511.723167000,71,ok
1785385511.734268000,81,ok
1785385511.733990000,79,ok
1785385511.733493000,73,ok
1785385511.734956000,81,ok
1785385511.761583000,78,ok
1785385511.762249000,76,ok
1785385511.761929000,76,ok
1785385511.770122000,72,ok
1785385511.769774000,73,ok
1785385511.771415000,71,ok
1785385511.774007000,71,ok
1785385511.792687000,77,ok
1785385511.792356000,77,ok
1785385511.816715000,75,ok
1785385511.818763000,78,ok
1785385511.820127000,74,ok
1785385511.826067000,73,ok
1785385511.832711000,77,ok
1785385511.835097000,75,ok
1785385511.835474000,78,ok
1785385511.859555000,74,ok
1785385511.863445000,71,ok
1785385511.862710000,76,ok
1785385511.868102000,75,ok
1785385511.869075000,75,ok
1785385511.868414000,79,ok
1785385511.871088000,70,ok
1785385511.889184000,76,ok
1785385511.887956000,75,ok
1785385511.912120000,75,ok
1785385511.912712000,72,ok
1785385511.914328000,74,ok
1785385511.920213000,73,ok
1785385511.922742000,71,ok
1785385511.932844000,78,ok
1785385511.933317000,78,ok
1785385511.957422000,73,ok
1785385511.962924000,75,ok
1785385511.962387000,74,ok
1785385511.964320000,73,ok
1785385511.970999000,76,ok
1785385511.971885000,76,ok
1785385511.975168000,79,ok
1785385511.990036000,77,ok
1785385511.991301000,77,ok
1785385512.013708000,76,ok
1785385512.016151000,78,ok
1785385512.018096000,76,ok
1785385512.016589000,80,ok
1785385512.019389000,74,ok
1785385512.029132000,76,ok
1785385512.032335000,77,ok
1785385512.056019000,76,ok
1785385512.058950000,74,ok
1785385512.059789000,72,ok
1785385512.063353000,72,ok
1785385512.072313000,75,ok
1785385512.072405000,75,ok
1785385512.077852000,73,ok
1785385512.090718000,75,ok
1785385512.093659000,81,ok
1785385512.111849000,73,ok
1785385512.112189000,74,ok
1785385512.120504000,79,ok
1785385512.121339000,80,ok
1785385512.123178000,74,ok
1785385512.121703000,80,ok
1785385512.126374000,73,ok
1785385512.154795000,79,ok
1785385512.156118000,78,ok
1785385512.158743000,75,ok
1785385512.159362000,82,ok
1785385512.173213000,73,ok
1785385512.173220000,77,ok
1785385512.173675000,77,ok
1785385512.183465000,72,ok
1785385512.184594000,76,ok
1785385512.219592000,82,ok
1785385512.219134000,82,ok
1785385512.219496000,77,ok
1785385512.227750000,83,ok
1785385512.227725000,81,ok
1785385512.228504000,81,ok
1785385512.231224000,77,ok
1785385512.251644000,75,ok
1785385512.260287000,80,ok
1785385512.261594000,77,ok
1785385512.265564000,84,ok
1785385512.278950000,77,ok
1785385512.283292000,82,ok
1785385512.283957000,75,ok
1785385512.283589000,79,ok
1785385512.294667000,82,ok
1785385512.319759000,77,ok
1785385512.324920000,82,ok
1785385512.327363000,76,ok
1785385512.326744000,76,ok
1785385512.326350000,83,ok
1785385512.328874000,78,ok
1785385512.330604000,78,ok
1785385512.348643000,75,ok
1785385512.361749000,79,ok
1785385512.360800000,79,ok
1785385512.364539000,77,ok
1785385512.373412000,71,ok
1785385512.383205000,76,ok
1785385512.385841000,80,ok
1785385512.385377000,80,ok
1785385512.388428000,74,ok
1785385512.417594000,74,ok
1785385512.421702000,71,ok
1785385512.421655000,74,ok
1785385512.430727000,80,ok
1785385512.432942000,80,ok
1785385512.433242000,81,ok
1785385512.432371000,79,ok
1785385512.450016000,75,ok
1785385512.465500000,81,ok
1785385512.465963000,79,ok
1785385512.465628000,81,ok
1785385512.472428000,72,ok
1785385512.480986000,75,ok
1785385512.486123000,74,ok
1785385512.487208000,78,ok
1785385512.485861000,76,ok
1785385512.517948000,77,ok
1785385512.522514000,76,ok
1785385512.523285000,77,ok
1785385512.530244000,73,ok
1785385512.531113000,73,ok
1785385512.535270000,77,ok
1785385512.534483000,79,ok
1785385512.545580000,74,ok
1785385512.563576000,74,ok
1785385512.562045000,76,ok
1785385512.568319000,79,ok
1785385512.572095000,76,ok
1785385512.580266000,74,ok
1785385512.582126000,73,ok
1785385512.584747000,78,ok
1785385512.584475000,74,ok
1785385512.609791000,73,ok
1785385512.618885000,76,ok
1785385512.618731000,76,ok
1785385512.625406000,72,ok
1785385512.627062000,73,ok
1785385512.635742000,77,ok
1785385512.635545000,77,ok
1785385512.641692000,74,ok
1785385512.661996000,75,ok
1785385512.662938000,76,ok
1785385512.674286000,77,ok
1785385512.680661000,79,ok
1785385512.682045000,77,ok
1785385512.681353000,75,ok
1785385512.682250000,79,ok
1785385512.682744000,73,ok
1785385512.710472000,73,ok
1785385512.710491000,80,ok
1785385512.720451000,77,ok
1785385512.724478000,77,ok
1785385512.728044000,76,ok
1785385512.738432000,78,ok
1785385512.738162000,77,ok
1785385512.739152000,74,ok
1785385512.767237000,80,ok
1785385512.766846000,79,ok
1785385512.777880000,75,ok
1785385512.778336000,76,ok
1785385512.782566000,76,ok
1785385512.786512000,80,ok
1785385512.784988000,77,ok
1785385512.788775000,81,ok
1785385512.807240000,75,ok
1785385512.807441000,75,ok
1785385512.812888000,71,ok
1785385512.826522000,75,ok
1785385512.828470000,78,ok
1785385512.836558000,78,ok
1785385512.836877000,77,ok
1785385512.839999000,79,ok
1785385512.863125000,76,ok
1785385512.861875000,75,ok
1785385512.875490000,74,ok
1785385512.885204000,79,ok
1785385512.891370000,80,ok
1785385512.891749000,78,ok
1785385512.892737000,82,ok
1785385512.892677000,84,ok
1785385512.912997000,76,ok
1785385512.913479000,75,ok
1785385512.918877000,76,ok
1785385512.932665000,77,ok
1785385512.934398000,75,ok
1785385512.933019000,72,ok
1785385512.933590000,80,ok
1785385512.938515000,72,ok
1785385512.959165000,78,ok
1785385512.959090000,76,ok
1785385512.967125000,74,ok
1785385512.979403000,74,ok
1785385512.985180000,74,ok
1785385512.991887000,77,ok
1785385512.994667000,76,ok
1785385512.994931000,81,ok
1785385513.015018000,76,ok
1785385513.015588000,78,ok
1785385513.019198000,73,ok
1785385513.032297000,75,ok
1785385513.032834000,78,ok
1785385513.041389000,78,ok
1785385513.039890000,76,ok
1785385513.040761000,77,ok
1785385513.062387000,78,ok
1785385513.065316000,77,ok
1785385513.062563000,78,ok
1785385513.076685000,74,ok
1785385513.084646000,75,ok
1785385513.089227000,74,ok
1785385513.095453000,77,ok
1785385513.095214000,76,ok
1785385513.122566000,77,ok
1785385513.123006000,79,ok
1785385513.123811000,74,ok
1785385513.131412000,74,ok
1785385513.139141000,75,ok
1785385513.141849000,73,ok
1785385513.144898000,78,ok
1785385513.144913000,77,ok
1785385513.162515000,76,ok
1785385513.163650000,76,ok
1785385513.161967000,75,ok
1785385513.170378000,72,ok
1785385513.174937000,71,ok
1785385513.182777000,72,ok
1785385513.190123000,76,ok
1785385513.191128000,76,ok
1785385513.214283000,74,ok
1785385513.220315000,77,ok
1785385513.221340000,78,ok
1785385513.227892000,75,ok
1785385513.241836000,77,ok
1785385513.245318000,75,ok
1785385513.248380000,80,ok
1785385513.249712000,85,ok
1785385513.265379000,77,ok
1785385513.267652000,76,ok
1785385513.270424000,77,ok
1785385513.283735000,80,ok
1785385513.286964000,79,ok
1785385513.282736000,80,ok
1785385513.287334000,72,ok
1785385513.288651000,75,ok
1785385513.309020000,75,ok
1785385513.317037000,76,ok
1785385513.324026000,81,ok
1785385513.325511000,76,ok
1785385513.344956000,77,ok
1785385513.346077000,75,ok
1785385513.345141000,75,ok
1785385513.353907000,80,ok
1785385513.372515000,76,ok
1785385513.375553000,77,ok
1785385513.377722000,76,ok
1785385513.389485000,79,ok
1785385513.391647000,77,ok
1785385513.388119000,75,ok
1785385513.394823000,76,ok
1785385513.395350000,79,ok
1785385513.411122000,76,ok
1785385513.420126000,75,ok
1785385513.419159000,81,ok
1785385513.418866000,75,ok
1785385513.442368000,75,ok
1785385513.445988000,80,ok
1785385513.448972000,76,ok
1785385513.448263000,81,ok
1785385513.478514000,81,ok
1785385513.478779000,78,ok
1785385513.479390000,81,ok
1785385513.490934000,75,ok
1785385513.494024000,74,ok
1785385513.499714000,77,ok
1785385513.502012000,76,ok
1785385513.502037000,78,ok
1785385513.513912000,76,ok
1785385513.520623000,77,ok
1785385513.520945000,76,ok
1785385513.522765000,79,ok
1785385513.539299000,75,ok
1785385513.540691000,73,ok
1785385513.540631000,75,ok
1785385513.541246000,73,ok
1785385513.575431000,78,ok
1785385513.574845000,78,ok
1785385513.576615000,78,ok
1785385513.594144000,73,ok
1785385513.594828000,75,ok
1785385513.597427000,76,ok
1785385513.604291000,76,ok
1785385513.605307000,77,ok
1785385513.615842000,76,ok
1785385513.625156000,75,ok
1785385513.625920000,75,ok
1785385513.629439000,74,ok
1785385513.643911000,78,ok
1785385513.645015000,77,ok
1785385513.645083000,80,ok
1785385513.645406000,79,ok
1785385513.668315000,75,ok
1785385513.669862000,75,ok
1785385513.671409000,78,ok
1785385513.691352000,73,ok
1785385513.691986000,76,ok
1785385513.691929000,76,ok
1785385513.698473000,75,ok
1785385513.702343000,73,ok
1785385513.715425000,76,ok
1785385513.726130000,78,ok
1785385513.729797000,77,ok
1785385513.729086000,79,ok
1785385513.741158000,75,ok
1785385513.743609000,77,ok
1785385513.743365000,77,ok
1785385513.741102000,76,ok
1785385513.762892000,76,ok
1785385513.762598000,74,ok
1785385513.763135000,72,ok
1785385513.786837000,74,ok
1785385513.791523000,77,ok
1785385513.790312000,76,ok
1785385513.795214000,77,ok
1785385513.796713000,76,ok
1785385513.814404000,78,ok
1785385513.825760000,77,ok
1785385513.829942000,78,ok
1785385513.830961000,79,ok
1785385513.842039000,72,ok
1785385513.839400000,72,ok
1785385513.848157000,77,ok
1785385513.849188000,78,ok
1785385513.859855000,76,ok
1785385513.865108000,76,ok
1785385513.870081000,80,ok
1785385513.880582000,71,ok
1785385513.889084000,76,ok
1785385513.888466000,74,ok
1785385513.890735000,75,ok
1785385513.890344000,77,ok
1785385513.908190000,74,ok
1785385513.921346000,76,ok
1785385513.926080000,74,ok
1785385513.926443000,75,ok
1785385513.934093000,72,ok
1785385513.943141000,78,ok
1785385513.949463000,78,ok
1785385513.951080000,77,ok
1785385513.958711000,76,ok
1785385513.966690000,77,ok
1785385513.969154000,75,ok
1785385513.976903000,73,ok
1785385513.988032000,77,ok
1785385513.987943000,77,ok
1785385513.988618000,77,ok
1785385513.991027000,76,ok
1785385514.005233000,78,ok
1785385514.019342000,74,ok
1785385514.019492000,78,ok
1785385514.025134000,76,ok
1785385514.027967000,74,ok
1785385514.050002000,79,ok
1785385514.051221000,79,ok
1785385514.051360000,76,ok
1785385514.064857000,76,ok
1785385514.073198000,77,ok
1785385514.073058000,75,ok
1785385514.081401000,75,ok
1785385514.085653000,74,ok
1785385514.093026000,78,ok
1785385514.095147000,79,ok
1785385514.097144000,82,ok
1785385514.107695000,78,ok
1785385514.122743000,81,ok
1785385514.122507000,75,ok
1785385514.121402000,78,ok
1785385514.122038000,81,ok
1785385514.145358000,76,ok
1785385514.148748000,78,ok
1785385514.148778000,80,ok
1785385514.162804000,77,ok
1785385514.174333000,75,ok
1785385514.178236000,73,ok
1785385514.188901000,78,ok
1785385514.188970000,77,ok
1785385514.203982000,78,ok
1785385514.206121000,76,ok
1785385514.206980000,78,ok
1785385514.212214000,74,ok
1785385514.223606000,77,ok
1785385514.223710000,73,ok
1785385514.227446000,75,ok
1785385514.228722000,77,ok
1785385514.245961000,76,ok
1785385514.245483000,77,ok
1785385514.245933000,76,ok
1785385514.255175000,71,ok
1785385514.269900000,77,ok
1785385514.269692000,75,ok
1785385514.282637000,75,ok
1785385514.286448000,80,ok
1785385514.300258000,77,ok
1785385514.301481000,74,ok
1785385514.302685000,74,ok
1785385514.310368000,76,ok
1785385514.326984000,77,ok
1785385514.326019000,76,ok
1785385514.327882000,75,ok
1785385514.333371000,79,ok
1785385514.346281000,77,ok
1785385514.347335000,78,ok
1785385514.347746000,78,ok
1785385514.354628000,75,ok
1785385514.369837000,77,ok
1785385514.370535000,77,ok
1785385514.376710000,72,ok
1785385514.379686000,74,ok
1785385514.391297000,72,ok
1785385514.400062000,78,ok
1785385514.401413000,78,ok
1785385514.402872000,73,ok
1785385514.426219000,79,ok
1785385514.429722000,74,ok
1785385514.424312000,76,ok
1785385514.430542000,83,ok
1785385514.444855000,78,ok
1785385514.445935000,76,ok
1785385514.446646000,77,ok
1785385514.454619000,76,ok
1785385514.469594000,77,ok
1785385514.468884000,80,ok
1785385514.473384000,77,ok
1785385514.476003000,74,ok
1785385514.492547000,78,ok
1785385514.493694000,73,ok
1785385514.504489000,79,ok
1785385514.503957000,78,ok
1785385514.530989000,78,ok
1785385514.532432000,77,ok
1785385514.535501000,79,ok
1785385514.535681000,81,ok
1785385514.549372000,75,ok
1785385514.551727000,79,ok
1785385514.552142000,80,ok
1785385514.559814000,77,ok
1785385514.574912000,79,ok
1785385514.574898000,79,ok
1785385514.578058000,77,ok
1785385514.580096000,83,ok
1785385514.591071000,75,ok
1785385514.592295000,78,ok
1785385514.597600000,74,ok
1785385514.600070000,76,ok
1785385514.625512000,75,ok
1785385514.626859000,74,ok
1785385514.630847000,76,ok
1785385514.632651000,78,ok
1785385514.649698000,77,ok
1785385514.650626000,79,ok
1785385514.652408000,77,ok
1785385514.655000000,73,ok
1785385514.676584000,77,ok
1785385514.675070000,74,ok
1785385514.676791000,73,ok
1785385514.677042000,74,ok
1785385514.689271000,74,ok
1785385514.690292000,72,ok
1785385514.697186000,76,ok
1785385514.696863000,76,ok
1785385514.720526000,75,ok
1785385514.722883000,74,ok
1785385514.728921000,76,ok
1785385514.728942000,77,ok
1785385514.747487000,76,ok
1785385514.749954000,77,ok
1785385514.749130000,75,ok
1785385514.755733000,79,ok
1785385514.775641000,74,ok
1785385514.779977000,75,ok
1785385514.781262000,76,ok
1785385514.782593000,76,ok
1785385514.787435000,74,ok
1785385514.794513000,75,ok
1785385514.795031000,76,ok
1785385514.797618000,77,ok
1785385514.819687000,77,ok
1785385514.820356000,75,ok
1785385514.826855000,76,ok
1785385514.828358000,75,ok
1785385514.850409000,78,ok
1785385514.849374000,78,ok
1785385514.849849000,78,ok
1785385514.854006000,78,ok
1785385514.878485000,76,ok
1785385514.880642000,75,ok
1785385514.883237000,78,ok
1785385514.885641000,76,ok
1785385514.890812000,78,ok
1785385514.890476000,73,ok
1785385514.899664000,77,ok
1785385514.900571000,77,ok
1785385514.923919000,76,ok
1785385514.925067000,80,ok
1785385514.926011000,77,ok
1785385514.925057000,83,ok
1785385514.951516000,77,ok
1785385514.952992000,82,ok
1785385514.953798000,83,ok
1785385514.954739000,84,ok
1785385514.975427000,75,ok
1785385514.977692000,73,ok
1785385514.981660000,75,ok
1785385514.985222000,76,ok
1785385514.989785000,78,ok
1785385514.990643000,77,ok
1785385514.997638000,75,ok
1785385514.997573000,75,ok
1785385515.022002000,78,ok
1785385515.025373000,81,ok
1785385515.027062000,82,ok
1785385515.026119000,81,ok
1785385515.046264000,76,ok
1785385515.048823000,75,ok
1785385515.049165000,78,ok
1785385515.050208000,79,ok
1785385515.076620000,78,ok
1785385515.076914000,73,ok
1785385515.085633000,76,ok
1785385515.088536000,79,ok
1785385515.087749000,76,ok
1785385515.091805000,74,ok
1785385515.105399000,80,ok
1785385515.107168000,82,ok
1785385515.122276000,77,ok
1785385515.126843000,79,ok
1785385515.125182000,77,ok
1785385515.125695000,77,ok
1785385515.136356000,70,ok
1785385515.144940000,75,ok
1785385515.148546000,78,ok
1785385515.152078000,82,ok
1785385515.171715000,75,ok
1785385515.172277000,76,ok
1785385515.189496000,78,ok
1785385515.188724000,82,ok
1785385515.189783000,80,ok
1785385515.188592000,82,ok
1785385515.203374000,78,ok
1785385515.204345000,77,ok
1785385515.229387000,78,ok
1785385515.227681000,79,ok
1785385515.231241000,81,ok
1785385515.230259000,80,ok
1785385515.242220000,79,ok
1785385515.249028000,78,ok
1785385515.251243000,75,ok
1785385515.257030000,76,ok
1785385515.280564000,79,ok
1785385515.283141000,80,ok
1785385515.287616000,73,ok
1785385515.294098000,76,ok
1785385515.298990000,81,ok
1785385515.298564000,78,ok
1785385515.308633000,78,ok
1785385515.309735000,78,ok
1785385515.329376000,77,ok
1785385515.334546000,78,ok
1785385515.335380000,78,ok
1785385515.334691000,80,ok
1785385515.347896000,74,ok
1785385515.345004000,78,ok
1785385515.353800000,74,ok
1785385515.348349000,75,ok
1785385515.375837000,74,ok
1785385515.382741000,77,ok
1785385515.384509000,76,ok
1785385515.396259000,76,ok
1785385515.396960000,76,ok
1785385515.396794000,73,ok
1785385515.409494000,77,ok
1785385515.410363000,74,ok
1785385515.431178000,74,ok
1785385515.431495000,77,ok
1785385515.438139000,77,ok
1785385515.439048000,78,ok
1785385515.449568000,77,ok
1785385515.451420000,76,ok
1785385515.452287000,78,ok
1785385515.451686000,77,ok
1785385515.473913000,77,ok
1785385515.489268000,85,ok
1785385515.489212000,81,ok
1785385515.495266000,77,ok
1785385515.496059000,79,ok
1785385515.495319000,78,ok
1785385515.500471000,71,ok
1785385515.508895000,74,ok
1785385515.530650000,76,ok
1785385515.533124000,77,ok
1785385515.536515000,76,ok
1785385515.544177000,82,ok
1785385515.551757000,79,ok
1785385515.556280000,80,ok
1785385515.555777000,83,ok
1785385515.555877000,79,ok
1785385515.575224000,75,ok
1785385515.589886000,77,ok
1785385515.590614000,77,ok
1785385515.593165000,76,ok
1785385515.595846000,78,ok
1785385515.595786000,75,ok
1785385515.596081000,76,ok
1785385515.605320000,74,ok
1785385515.626685000,75,ok
1785385515.626390000,78,ok
1785385515.632321000,75,ok
1785385515.638098000,72,ok
1785385515.650473000,74,ok
1785385515.652202000,76,ok
1785385515.655571000,77,ok
1785385515.655640000,77,ok
1785385515.674159000,74,ok
1785385515.688006000,73,ok
1785385515.694067000,73,ok
1785385515.693056000,76,ok
1785385515.693114000,76,ok
1785385515.697202000,77,ok
1785385515.698946000,80,ok
1785385515.703952000,77,ok
1785385515.726293000,76,ok
1785385515.726715000,77,ok
1785385515.729162000,76,ok
1785385515.736584000,77,ok
1785385515.746859000,72,ok
1785385515.750813000,78,ok
1785385515.751652000,80,ok
1785385515.752087000,76,ok
1785385515.772494000,81,ok
1785385515.795523000,77,ok
1785385515.792086000,77,ok
1785385515.795709000,78,ok
1785385515.796471000,77,ok
1785385515.802110000,80,ok
1785385515.803348000,82,ok
1785385515.807251000,77,ok
1785385515.828856000,78,ok
1785385515.834377000,78,ok
1785385515.832967000,81,ok
1785385515.837181000,76,ok
1785385515.855097000,77,ok
1785385515.855086000,76,ok
1785385515.857045000,76,ok
1785385515.856456000,75,ok
1785385515.874914000,79,ok
1785385515.899064000,76,ok
1785385515.899628000,75,ok
1785385515.899787000,74,ok
1785385515.904269000,77,ok
1785385515.908759000,77,ok
1785385515.912179000,81,ok
1785385515.916853000,77,ok
1785385515.935880000,80,ok
1785385515.936255000,81,ok
1785385515.936076000,74,ok
1785385515.936943000,76,ok
1785385515.954690000,76,ok
1785385515.957828000,80,ok
1785385515.954773000,76,ok
1785385515.961402000,84,ok
1785385515.967199000,74,ok
1785385515.991163000,73,ok
1785385515.993040000,74,ok
1785385515.994726000,75,ok
1785385515.996409000,71,ok
1785385516.004081000,74,ok
1785385516.017364000,77,ok
1785385516.016609000,79,ok
1785385516.034475000,77,ok
1785385516.035599000,78,ok
1785385516.036726000,77,ok
1785385516.036463000,75,ok
1785385516.053679000,75,ok
1785385516.054874000,75,ok
1785385516.054540000,74,ok
1785385516.058824000,73,ok
1785385516.059119000,73,ok
1785385516.080045000,71,ok
1785385516.088097000,76,ok
1785385516.086992000,74,ok
1785385516.090563000,74,ok
1785385516.094648000,72,ok
1785385516.111244000,74,ok
1785385516.114132000,77,ok
1785385516.131679000,77,ok
1785385516.131991000,73,ok
1785385516.131599000,73,ok
1785385516.132405000,77,ok
1785385516.150736000,75,ok
1785385516.151076000,76,ok
1785385516.156588000,76,ok
1785385516.156490000,76,ok
1785385516.158571000,79,ok
1785385516.173947000,73,ok
1785385516.183440000,76,ok
1785385516.184496000,76,ok
1785385516.184478000,75,ok
1785385516.184599000,70,ok
1785385516.203353000,74,ok
1785385516.203389000,71,ok
1785385516.230072000,79,ok
1785385516.230170000,79,ok
1785385516.230709000,80,ok
1785385516.231825000,81,ok
1785385516.251849000,76,ok
1785385516.256418000,76,ok
1785385516.256384000,77,ok
1785385516.253180000,77,ok
1785385516.257686000,79,ok
1785385516.276824000,76,ok
1785385516.286649000,78,ok
1785385516.285760000,79,ok
1785385516.289639000,79,ok
1785385516.291348000,81,ok
1785385516.305018000,79,ok
1785385516.305222000,79,ok
1785385516.333426000,81,ok
1785385516.336029000,79,ok
1785385516.334868000,82,ok
1785385516.337125000,80,ok
1785385516.357980000,75,ok
1785385516.359268000,77,ok
1785385516.362589000,79,ok
1785385516.363163000,79,ok
1785385516.365109000,78,ok
1785385516.395003000,80,ok
1785385516.395703000,80,ok
1785385516.395590000,76,ok
1785385516.396495000,75,ok
1785385516.397357000,84,ok
1785385516.406039000,76,ok
1785385516.405110000,75,ok
1785385516.426210000,75,ok
1785385516.430579000,77,ok
1785385516.433632000,79,ok
1785385516.434728000,81,ok
1785385516.452545000,73,ok
1785385516.454517000,75,ok
1785385516.458258000,74,ok
1785385516.458682000,76,ok
1785385516.458943000,77,ok
1785385516.494549000,78,ok
1785385516.496784000,79,ok
1785385516.496535000,79,ok
1785385516.496455000,78,ok
1785385516.496559000,80,ok
1785385516.501404000,75,ok
1785385516.501813000,77,ok
1785385516.523200000,75,ok
1785385516.525402000,75,ok
1785385516.527810000,75,ok
1785385516.532351000,76,ok
1785385516.551518000,75,ok
1785385516.552952000,77,ok
1785385516.550818000,72,ok
1785385516.551900000,73,ok
1785385516.552172000,72,ok
1785385516.592737000,75,ok
1785385516.593515000,77,ok
1785385516.592755000,74,ok
1785385516.595004000,77,ok
1785385516.597867000,75,ok
1785385516.598164000,79,ok
1785385516.600590000,75,ok
1785385516.623225000,78,ok
1785385516.624776000,76,ok
1785385516.629588000,79,ok
1785385516.630587000,80,ok
1785385516.649477000,76,ok
1785385516.654155000,81,ok
1785385516.653967000,80,ok
1785385516.654871000,82,ok
1785385516.654014000,81,ok
1785385516.691310000,76,ok
1785385516.691215000,75,ok
1785385516.690001000,76,ok
1785385516.689028000,75,ok
1785385516.695746000,77,ok
1785385516.699040000,79,ok
1785385516.699528000,80,ok
1785385516.724932000,77,ok
1785385516.721094000,76,ok
1785385516.724785000,80,ok
1785385516.724555000,76,ok
1785385516.746580000,75,ok
1785385516.748255000,75,ok
1785385516.750220000,75,ok
1785385516.749368000,76,ok
1785385516.748788000,75,ok
1785385516.789754000,77,ok
1785385516.790723000,79,ok
1785385516.792728000,76,ok
1785385516.791883000,78,ok
1785385516.793089000,72,ok
1785385516.792828000,80,ok
1785385516.799791000,74,ok
1785385516.824379000,79,ok
1785385516.828513000,81,ok
1785385516.829207000,81,ok
1785385516.831095000,84,ok
1785385516.848309000,75,ok
1785385516.843470000,73,ok
1785385516.843391000,72,ok
1785385516.847480000,74,ok
1785385516.848132000,74,ok
1785385516.888699000,76,ok
1785385516.890196000,79,ok
1785385516.886313000,75,ok
1785385516.891594000,78,ok
1785385516.894025000,78,ok
1785385516.895135000,80,ok
1785385516.899307000,78,ok
1785385516.928834000,77,ok
1785385516.928841000,79,ok
1785385516.928816000,76,ok
1785385516.933098000,75,ok
1785385516.952235000,79,ok
1785385516.953084000,81,ok
1785385516.951589000,77,ok
1785385516.951173000,79,ok
1785385516.952051000,78,ok
1785385516.981109000,73,ok
1785385516.984944000,74,ok
1785385516.988325000,74,ok
1785385516.990151000,71,ok
1785385516.990339000,74,ok
1785385516.987847000,77,ok
1785385516.990023000,77,ok
1785385517.031426000,80,ok
1785385517.030533000,79,ok
1785385517.036419000,86,ok
1785385517.037121000,78,ok
1785385517.057976000,82,ok
1785385517.061448000,85,ok
1785385517.061175000,84,ok
1785385517.063057000,84,ok
1785385517.063153000,86,ok
1785385517.086111000,75,ok
1785385517.092572000,75,ok
1785385517.098607000,80,ok
1785385517.101239000,85,ok
1785385517.101284000,82,ok
1785385517.100886000,83,ok
1785385517.098772000,77,ok
1785385517.128860000,74,ok
1785385517.134872000,78,ok
1785385517.138231000,83,ok
1785385517.138568000,81,ok
1785385517.161821000,80,ok
1785385517.163601000,80,ok
1785385517.167680000,83,ok
1785385517.167039000,82,ok
1785385517.167124000,85,ok
1785385517.186380000,74,ok
1785385517.198057000,78,ok
1785385517.195920000,76,ok
1785385517.203728000,79,ok
1785385517.202965000,81,ok
1785385517.203268000,77,ok
1785385517.203077000,82,ok
1785385517.229646000,76,ok
1785385517.225234000,76,ok
1785385517.233136000,78,ok
1785385517.234223000,78,ok
1785385517.258967000,76,ok
1785385517.260910000,75,ok
1785385517.266905000,80,ok
1785385517.265716000,82,ok
1785385517.271026000,84,ok
1785385517.290221000,77,ok
1785385517.302930000,80,ok
1785385517.305200000,80,ok
1785385517.307441000,81,ok
1785385517.314236000,83,ok
1785385517.318454000,86,ok
1785385517.315377000,86,ok
1785385517.329251000,77,ok
1785385517.332810000,80,ok
1785385517.335853000,76,ok
1785385517.335708000,76,ok
1785385517.363333000,79,ok
1785385517.369775000,84,ok
1785385517.370036000,83,ok
1785385517.370324000,82,ok
1785385517.379005000,84,ok
1785385517.397122000,78,ok
1785385517.416345000,77,ok
1785385517.416047000,77,ok
1785385517.416522000,79,ok
1785385517.424328000,75,ok
1785385517.429459000,79,ok
1785385517.430133000,80,ok
1785385517.431129000,73,ok
1785385517.442955000,79,ok
1785385517.442316000,78,ok
1785385517.441404000,78,ok
1785385517.463357000,76,ok
1785385517.470842000,80,ok
1785385517.474762000,77,ok
1785385517.471036000,81,ok
1785385517.474238000,81,ok
1785385517.494705000,79,ok
1785385517.512048000,76,ok
1785385517.513754000,77,ok
1785385517.516076000,77,ok
1785385517.536583000,78,ok
1785385517.536579000,78,ok
1785385517.537804000,81,ok
1785385517.538647000,79,ok
1785385517.552532000,79,ok
1785385517.555364000,76,ok
1785385517.556296000,73,ok
1785385517.578308000,79,ok
1785385517.577092000,76,ok
1785385517.577741000,76,ok
1785385517.580276000,76,ok
1785385517.581201000,78,ok
1785385517.593003000,74,ok
1785385517.602694000,73,ok
1785385517.603609000,72,ok
1785385517.606343000,72,ok
1785385517.633164000,77,ok
1785385517.633249000,77,ok
1785385517.632638000,74,ok
1785385517.636007000,78,ok
1785385517.653307000,80,ok
1785385517.654972000,81,ok
1785385517.655896000,78,ok
1785385517.672660000,74,ok
1785385517.678099000,77,ok
1785385517.675684000,71,ok
1785385517.679444000,79,ok
1785385517.678629000,74,ok
1785385517.692908000,77,ok
1785385517.698413000,75,ok
1785385517.701595000,77,ok
1785385517.703339000,77,ok
1785385517.730665000,78,ok
1785385517.729765000,78,ok
1785385517.729976000,76,ok
1785385517.731235000,79,ok
1785385517.748103000,75,ok
1785385517.753737000,76,ok
1785385517.754198000,76,ok
1785385517.773570000,72,ok
1785385517.781781000,75,ok
1785385517.781497000,76,ok
1785385517.783699000,75,ok
1785385517.786112000,77,ok
1785385517.800987000,78,ok
1785385517.800879000,75,ok
1785385517.802833000,76,ok
1785385517.801745000,78,ok
1785385517.827536000,77,ok
1785385517.830021000,79,ok
1785385517.828999000,79,ok
1785385517.828467000,78,ok
1785385517.845001000,72,ok
1785385517.845823000,74,ok
1785385517.845185000,78,ok
1785385517.873222000,80,ok
1785385517.875212000,72,ok
1785385517.880272000,75,ok
1785385517.881091000,76,ok
1785385517.881425000,76,ok
1785385517.894943000,72,ok
1785385517.902866000,80,ok
1785385517.902198000,74,ok
1785385517.906158000,80,ok
1785385517.922886000,72,ok
1785385517.928277000,73,ok
1785385517.930809000,75,ok
1785385517.931475000,76,ok
1785385517.938981000,73,ok
1785385517.942396000,73,ok
1785385517.944014000,74,ok
1785385517.965691000,73,ok
1785385517.968619000,73,ok
1785385517.972888000,73,ok
1785385517.976184000,73,ok
1785385517.977296000,75,ok
1785385517.988452000,72,ok
1785385518.000668000,77,ok
1785385518.000649000,78,ok
1785385518.004127000,79,ok
1785385518.019489000,73,ok
1785385518.025466000,73,ok
1785385518.027423000,73,ok
1785385518.026997000,75,ok
1785385518.036339000,77,ok
1785385518.037283000,75,ok
1785385518.040512000,74,ok
1785385518.065730000,77,ok
1785385518.069222000,74,ok
1785385518.067666000,78,ok
1785385518.067747000,75,ok
1785385518.071732000,70,ok
1785385518.086811000,75,ok
1785385518.094008000,74,ok
1785385518.095773000,73,ok
1785385518.096504000,74,ok
1785385518.117572000,70,ok
1785385518.117335000,73,ok
1785385518.125549000,74,ok
1785385518.128256000,77,ok
1785385518.133131000,73,ok
1785385518.134114000,78,ok
1785385518.133680000,77,ok
1785385518.157406000,72,ok
1785385518.163261000,76,ok
1785385518.164381000,77,ok
1785385518.164353000,77,ok
1785385518.169663000,79,ok
1785385518.184056000,74,ok
1785385518.187965000,73,ok
1785385518.189409000,73,ok
1785385518.187199000,74,ok
1785385518.215545000,77,ok
1785385518.214560000,77,ok
1785385518.225503000,78,ok
1785385518.236751000,88,ok
1785385518.238693000,84,ok
1785385518.238985000,84,ok
1785385518.239363000,84,ok
1785385518.259041000,80,ok
1785385518.267565000,82,ok
1785385518.265533000,82,ok
1785385518.266450000,81,ok
1785385518.280640000,84,ok
1785385518.301658000,81,ok
1785385518.312961000,87,ok
1785385518.313779000,95,ok
1785385518.317077000,91,ok
1785385518.334756000,76,ok
1785385518.333573000,78,ok
1785385518.350151000,79,ok
1785385518.352741000,82,ok
1785385518.350173000,82,ok
1785385518.354073000,84,ok
1785385518.359731000,81,ok
1785385518.384727000,89,ok
1785385518.377510000,80,ok
1785385518.377617000,85,ok
1785385518.389137000,84,ok
1785385518.381521000,88,ok
1785385518.420316000,85,ok
1785385518.417474000,92,ok
1785385518.428319000,92,ok
1785385518.431126000,91,ok
1785385518.457595000,88,ok
1785385518.460216000,88,ok
1785385518.482007000,76,ok
1785385518.482503000,80,ok
1785385518.488511000,84,ok
1785385518.495010000,88,ok
1785385518.495870000,78,ok
1785385518.509118000,74,ok
1785385518.518435000,82,ok
1785385518.518237000,82,ok
1785385518.517917000,76,ok
1785385518.519446000,77,ok
1785385518.539684000,79,ok
1785385518.539134000,77,ok
1785385518.540823000,80,ok
1785385518.540257000,80,ok
1785385518.552206000,75,ok
1785385518.553858000,74,ok
1785385518.581159000,79,ok
1785385518.582970000,81,ok
1785385518.583735000,74,ok
1785385518.599797000,82,ok
1785385518.599834000,84,ok
1785385518.606601000,74,ok
1785385518.618434000,76,ok
1785385518.622105000,78,ok
1785385518.619702000,77,ok
1785385518.624172000,80,ok
1785385518.640935000,75,ok
1785385518.643699000,75,ok
1785385518.644275000,75,ok
1785385518.643601000,75,ok
1785385518.655581000,81,ok
1785385518.658357000,83,ok
1785385518.685824000,78,ok
1785385518.684319000,76,ok
1785385518.684335000,78,ok
1785385518.693413000,73,ok
1785385518.693885000,73,ok
1785385518.705696000,75,ok
1785385518.719680000,76,ok
1785385518.721431000,76,ok
1785385518.718959000,77,ok
1785385518.720472000,74,ok
1785385518.741844000,72,ok
1785385518.743840000,76,ok
1785385518.743562000,76,ok
1785385518.744600000,75,ok
1785385518.752123000,76,ok
1785385518.751877000,76,ok
1785385518.785474000,80,ok
1785385518.786095000,81,ok
1785385518.786430000,74,ok
1785385518.785035000,80,ok
1785385518.787395000,75,ok
1785385518.797865000,71,ok
1785385518.811070000,73,ok
1785385518.815558000,74,ok
1785385518.816591000,74,ok
1785385518.819851000,76,ok
1785385518.845691000,77,ok
1785385518.849025000,80,ok
1785385518.849617000,77,ok
1785385518.848064000,80,ok
1785385518.851731000,79,ok
1785385518.850200000,82,ok
1785385518.877872000,74,ok
1785385518.883865000,78,ok
1785385518.880950000,76,ok
1785385518.884810000,78,ok
1785385518.885711000,80,ok
1785385518.892514000,73,ok
1785385518.906945000,74,ok
1785385518.911822000,77,ok
1785385518.911058000,75,ok
1785385518.911019000,74,ok
1785385518.943416000,76,ok
1785385518.945820000,78,ok
1785385518.948104000,78,ok
1785385518.947963000,79,ok
1785385518.950865000,82,ok
1785385518.951294000,81,ok
1785385518.973776000,75,ok
1785385518.975956000,73,ok
1785385518.978790000,75,ok
1785385518.985942000,80,ok
1785385518.985759000,80,ok
1785385518.989388000,74,ok
1785385519.001879000,73,ok
1785385519.009456000,77,ok
1785385519.009852000,77,ok
1785385519.009335000,76,ok
1785385519.036894000,73,ok
1785385519.039944000,74,ok
1785385519.042068000,73,ok
1785385519.047215000,79,ok
1785385519.047232000,80,ok
1785385519.047582000,80,ok
1785385519.076501000,79,ok
1785385519.077440000,76,ok
1785385519.077839000,79,ok
1785385519.085678000,75,ok
1785385519.085790000,77,ok
1785385519.085894000,73,ok
1785385519.098034000,72,ok
1785385519.111821000,80,ok
1785385519.111734000,80,ok
1785385519.111176000,79,ok
1785385519.134778000,76,ok
1785385519.137679000,78,ok
1785385519.142640000,80,ok
1785385519.143917000,75,ok
1785385519.143285000,76,ok
1785385519.146078000,78,ok
1785385519.174466000,74,ok
1785385519.174495000,74,ok
1785385519.176920000,74,ok
1785385519.186831000,77,ok
1785385519.187145000,76,ok
1785385519.189511000,80,ok
1785385519.203077000,76,ok
1785385519.211972000,77,ok
1785385519.213053000,78,ok
1785385519.213043000,78,ok
1785385519.228446000,73,ok
1785385519.232478000,70,ok
1785385519.240988000,77,ok
1785385519.240413000,75,ok
1785385519.241172000,77,ok
1785385519.241998000,78,ok
1785385519.271008000,76,ok
1785385519.269563000,76,ok
1785385519.274124000,81,ok
1785385519.281702000,74,ok
1785385519.283387000,76,ok
1785385519.283733000,74,ok
1785385519.299225000,76,ok
1785385519.311049000,78,ok
1785385519.311029000,79,ok
1785385519.311668000,79,ok
1785385519.327948000,74,ok
1785385519.332192000,71,ok
1785385519.335929000,74,ok
1785385519.339105000,80,ok
1785385519.339938000,76,ok
1785385519.339087000,76,ok
1785385519.368833000,78,ok
1785385519.369691000,76,ok
1785385519.369767000,79,ok
1785385519.376989000,75,ok
1785385519.379035000,76,ok
1785385519.378790000,77,ok
1785385519.393844000,75,ok
1785385519.405848000,76,ok
1785385519.407128000,77,ok
1785385519.408698000,79,ok
1785385519.428006000,73,ok
1785385519.436260000,76,ok
1785385519.438657000,77,ok
1785385519.440164000,81,ok
1785385519.442500000,83,ok
1785385519.442807000,81,ok
1785385519.474163000,76,ok
1785385519.476566000,79,ok
1785385519.482713000,84,ok
1785385519.483591000,83,ok
1785385519.483431000,81,ok
1785385519.485922000,84,ok
1785385519.490079000,72,ok
1785385519.503331000,78,ok
1785385519.503513000,76,ok
1785385519.506448000,80,ok
1785385519.525893000,79,ok
1785385519.540255000,80,ok
1785385519.543191000,81,ok
1785385519.538900000,79,ok
1785385519.542262000,78,ok
1785385519.545278000,80,ok
1785385519.580832000,80,ok
1785385519.580811000,75,ok
1785385519.583819000,72,ok
1785385519.585392000,73,ok
1785385519.594469000,80,ok
1785385519.594413000,80,ok
1785385519.600121000,79,ok
1785385519.611414000,76,ok
1785385519.615349000,79,ok
1785385519.618288000,78,ok
1785385519.625612000,71,ok
1785385519.638077000,75,ok
1785385519.637708000,75,ok
1785385519.638161000,72,ok
1785385519.643111000,77,ok
1785385519.643714000,80,ok
1785385519.675471000,75,ok
1785385519.675162000,74,ok
1785385519.681634000,77,ok
1785385519.682760000,78,ok
1785385519.689884000,74,ok
1785385519.697281000,77,ok
1785385519.699059000,74,ok
1785385519.721571000,84,ok
1785385519.719709000,79,ok
1785385519.719327000,81,ok
1785385519.725496000,76,ok
1785385519.738374000,76,ok
1785385519.741342000,78,ok
1785385519.744171000,78,ok
1785385519.748671000,84,ok
1785385519.748420000,82,ok
1785385519.780873000,83,ok
1785385519.780891000,83,ok
1785385519.782477000,80,ok
1785385519.783644000,82,ok
1785385519.788116000,75,ok
1785385519.799871000,78,ok
1785385519.799739000,80,ok
1785385519.828573000,76,ok
1785385519.828703000,78,ok
1785385519.833273000,80,ok
1785385519.837555000,77,ok
1785385519.849531000,77,ok
1785385519.851686000,79,ok
1785385519.852626000,80,ok
1785385519.855979000,79,ok
1785385519.859160000,79,ok
1785385519.880576000,75,ok
1785385519.883612000,74,ok
1785385519.883979000,73,ok
1785385519.888276000,76,ok
1785385519.888356000,77,ok
1785385519.896308000,74,ok
1785385519.895002000,73,ok
1785385519.922013000,76,ok
1785385519.922635000,77,ok
1785385519.926229000,74,ok
1785385519.932029000,73,ok
1785385519.946731000,75,ok
1785385519.949254000,76,ok
1785385519.952916000,78,ok
1785385519.953068000,74,ok
1785385519.954844000,75,ok
1785385519.984823000,78,ok
1785385519.985749000,78,ok
1785385519.986885000,79,ok
1785385519.987129000,75,ok
1785385519.988212000,78,ok
1785385519.991710000,75,ok
1785385519.994435000,79,ok
1785385520.016546000,76,ok
1785385520.018818000,75,ok
1785385520.017744000,78,ok
1785385520.027940000,78,ok
1785385520.038926000,71,ok
1785385520.041206000,71,ok
1785385520.050218000,78,ok
1785385520.053271000,80,ok
1785385520.054308000,82,ok
1785385520.084123000,76,ok
1785385520.085378000,76,ok
1785385520.089159000,80,ok
1785385520.094171000,82,ok
1785385520.089679000,77,ok
1785385520.094847000,84,ok
1785385520.097765000,77,ok
1785385520.122848000,84,ok
1785385520.117075000,77,ok
1785385520.119010000,80,ok
1785385520.127148000,79,ok
1785385520.142977000,78,ok
1785385520.144263000,76,ok
1785385520.152589000,78,ok
1785385520.151793000,76,ok
1785385520.158409000,79,ok
1785385520.191552000,82,ok
1785385520.197564000,80,ok
1785385520.196577000,79,ok
1785385520.202994000,79,ok
1785385520.204760000,79,ok
1785385520.207868000,75,ok
1785385520.213566000,78,ok
1785385520.231512000,78,ok
1785385520.236432000,79,ok
1785385520.236382000,77,ok
1785385520.241710000,79,ok
1785385520.259482000,79,ok
1785385520.261088000,84,ok
1785385520.261798000,85,ok
1785385520.264980000,85,ok
1785385520.265036000,79,ok
1785385520.290096000,74,ok
1785385520.293820000,74,ok
1785385520.294039000,72,ok
1785385520.301313000,77,ok
1785385520.303911000,77,ok
1785385520.313392000,77,ok
1785385520.316059000,76,ok
1785385520.331801000,76,ok
1785385520.338013000,76,ok
1785385520.338690000,77,ok
1785385520.340635000,74,ok
1785385520.360309000,74,ok
1785385520.359661000,76,ok
1785385520.361465000,73,ok
1785385520.361154000,77,ok
1785385520.364230000,79,ok
1785385520.390484000,76,ok
1785385520.388875000,77,ok
1785385520.394148000,73,ok
1785385520.391913000,77,ok
1785385520.397522000,73,ok
1785385520.407521000,75,ok
1785385520.412557000,76,ok
1785385520.431739000,79,ok
1785385520.436048000,78,ok
1785385520.437198000,78,ok
1785385520.440555000,78,ok
1785385520.456106000,74,ok
1785385520.457076000,75,ok
1785385520.466025000,81,ok
1785385520.462336000,77,ok
1785385520.468028000,81,ok
1785385520.490578000,75,ok
1785385520.488915000,74,ok
1785385520.497267000,78,ok
1785385520.493184000,78,ok
1785385520.501133000,83,ok
1785385520.503710000,76,ok
1785385520.511541000,76,ok
1785385520.536047000,80,ok
1785385520.535256000,76,ok
1785385520.535908000,81,ok
1785385520.532483000,80,ok
1785385520.558624000,80,ok
1785385520.563280000,85,ok
1785385520.569838000,85,ok
1785385520.569680000,84,ok
1785385520.568136000,82,ok
1785385520.597996000,75,ok
1785385520.603011000,79,ok
1785385520.605370000,80,ok
1785385520.619076000,80,ok
1785385520.620812000,89,ok
1785385520.620604000,85,ok
1785385520.623727000,76,ok
1785385520.643784000,78,ok
1785385520.644102000,80,ok
1785385520.645879000,76,ok
1785385520.646124000,76,ok
1785385520.665724000,73,ok
1785385520.663768000,77,ok
1785385520.667254000,77,ok
1785385520.669591000,77,ok
1785385520.668758000,76,ok
1785385520.694493000,76,ok
1785385520.698261000,74,ok
1785385520.698344000,76,ok
1785385520.716493000,77,ok
1785385520.717123000,74,ok
1785385520.717137000,77,ok
1785385520.721064000,74,ok
1785385520.740923000,73,ok
1785385520.744058000,75,ok
1785385520.747466000,77,ok
1785385520.747986000,78,ok
1785385520.769836000,80,ok
1785385520.767422000,76,ok
1785385520.774281000,75,ok
1785385520.773207000,79,ok
1785385520.774459000,81,ok
1785385520.791856000,73,ok
1785385520.790286000,73,ok
1785385520.796577000,75,ok
1785385520.817304000,79,ok
1785385520.819118000,79,ok
1785385520.819234000,81,ok
1785385520.818896000,76,ok
1785385520.839899000,76,ok
1785385520.845767000,78,ok
1785385520.848138000,73,ok
1785385520.849080000,80,ok
1785385520.874575000,77,ok
1785385520.871279000,75,ok
1785385520.880509000,76,ok
1785385520.880902000,80,ok
1785385520.881145000,80,ok
1785385520.892319000,77,ok
1785385520.893166000,78,ok
1785385520.900478000,79,ok
1785385520.921033000,81,ok
1785385520.922080000,79,ok
1785385520.920871000,77,ok
1785385520.923709000,80,ok
1785385520.937502000,75,ok
1785385520.943153000,74,ok
1785385520.947854000,77,ok
1785385520.948557000,78,ok
1785385520.978664000,78,ok
1785385520.980380000,80,ok
1785385520.984098000,83,ok
1785385520.983574000,80,ok
1785385520.985457000,78,ok
1785385520.993141000,80,ok
1785385521.005164000,81,ok
1785385521.003627000,81,ok
1785385521.028311000,81,ok
1785385521.028268000,80,ok
1785385521.028012000,83,ok
1785385521.030043000,87,ok
1785385521.038000000,75,ok
1785385521.043095000,76,ok
1785385521.046556000,77,ok
1785385521.049066000,76,ok
1785385521.086871000,81,ok
1785385521.088514000,81,ok
1785385521.089380000,74,ok
1785385521.091414000,82,ok
1785385521.092397000,76,ok
1785385521.101866000,76,ok
1785385521.116976000,78,ok
1785385521.121464000,79,ok
1785385521.130117000,76,ok
1785385521.133479000,73,ok
1785385521.133462000,73,ok
1785385521.144652000,76,ok
1785385521.145552000,73,ok
1785385521.145487000,77,ok
1785385521.147910000,71,ok
1785385521.147744000,74,ok
1785385521.183500000,76,ok
1785385521.190026000,80,ok
1785385521.190198000,77,ok
1785385521.188523000,80,ok
1785385521.187052000,81,ok
1785385521.199464000,78,ok
1785385521.212870000,75,ok
1785385521.219269000,79,ok
1785385521.239056000,78,ok
1785385521.237792000,80,ok
1785385521.242731000,76,ok
1785385521.259833000,84,ok
1785385521.259604000,84,ok
1785385521.263650000,80,ok
1785385521.262223000,87,ok
1785385521.263628000,82,ok
1785385521.292386000,79,ok
1785385521.299375000,84,ok
1785385521.296034000,81,ok
1785385521.298441000,83,ok
1785385521.302681000,87,ok
1785385521.301537000,77,ok
1785385521.317430000,76,ok
1785385521.317449000,79,ok
1785385521.346775000,83,ok
1785385521.347747000,82,ok
1785385521.347525000,80,ok
1785385521.360358000,77,ok
1785385521.364115000,79,ok
1785385521.366057000,81,ok
1785385521.366278000,81,ok
1785385521.365769000,81,ok
1785385521.403181000,81,ok
1785385521.403290000,77,ok
1785385521.408596000,83,ok
1785385521.408521000,83,ok
1785385521.408635000,82,ok
1785385521.410013000,82,ok
1785385521.420007000,74,ok
1785385521.420630000,79,ok
1785385521.447278000,77,ok
1785385521.448923000,77,ok
1785385521.450963000,77,ok
1785385521.462984000,76,ok
1785385521.469048000,78,ok
1785385521.469771000,80,ok
1785385521.467525000,79,ok
1785385521.468456000,80,ok
1785385521.501178000,75,ok
1785385521.503177000,76,ok
1785385521.508360000,74,ok
1785385521.509904000,76,ok
1785385521.511709000,73,ok
1785385521.512905000,80,ok
1785385521.516867000,73,ok
1785385521.524752000,77,ok
1785385521.545901000,77,ok
1785385521.548214000,78,ok
1785385521.549636000,81,ok
1785385521.557557000,69,ok
1785385521.560180000,70,ok
1785385521.565507000,74,ok
1785385521.566114000,75,ok
1785385521.567206000,75,ok
1785385521.601958000,78,ok
1785385521.602131000,79,ok
1785385521.604632000,74,ok
1785385521.606086000,73,ok
1785385521.609578000,70,ok
1785385521.610172000,75,ok
1785385521.608923000,76,ok
1785385521.622152000,75,ok
1785385521.646286000,78,ok
1785385521.645675000,78,ok
1785385521.645848000,75,ok
1785385521.660254000,79,ok
1785385521.662009000,72,ok
1785385521.661805000,80,ok
1785385521.663222000,76,ok
1785385521.663033000,76,ok
1785385521.696763000,73,ok
1785385521.701545000,73,ok
1785385521.700946000,73,ok
1785385521.702288000,77,ok
1785385521.714642000,82,ok
1785385521.716236000,83,ok
1785385521.713654000,83,ok
1785385521.717626000,73,ok
1785385521.744653000,75,ok
1785385521.745273000,76,ok
1785385521.746965000,75,ok
1785385521.765298000,80,ok
1785385521.765322000,79,ok
1785385521.770195000,79,ok
1785385521.769167000,80,ok
1785385521.770057000,81,ok
1785385521.794846000,76,ok
1785385521.800733000,77,ok
1785385521.798041000,76,ok
1785385521.799422000,74,ok
1785385521.813814000,77,ok
1785385521.814555000,77,ok
1785385521.815319000,80,ok
1785385521.817770000,77,ok
1785385521.847150000,77,ok
1785385521.847574000,77,ok
1785385521.850404000,77,ok
1785385521.863306000,75,ok
1785385521.865382000,74,ok
1785385521.866260000,74,ok
1785385521.870274000,76,ok
1785385521.872744000,80,ok
1785385521.900998000,76,ok
1785385521.898015000,76,ok
1785385521.903210000,78,ok
1785385521.903811000,78,ok
1785385521.909248000,74,ok
1785385521.913317000,76,ok
1785385521.914320000,73,ok
1785385521.915170000,78,ok
1785385521.943584000,77,ok
1785385521.944053000,78,ok
1785385521.948596000,79,ok
1785385521.958627000,72,ok
1785385521.958938000,70,ok
1785385521.961296000,75,ok
1785385521.965356000,73,ok
1785385521.962701000,72,ok
1785385522.001020000,78,ok
1785385522.000434000,78,ok
1785385522.005327000,78,ok
1785385522.007525000,77,ok
1785385522.010370000,77,ok
1785385522.010779000,74,ok
1785385522.010182000,75,ok
1785385522.011334000,76,ok
1785385522.043305000,77,ok
1785385522.045212000,81,ok
1785385522.049744000,77,ok
1785385522.057922000,73,ok
1785385522.054563000,73,ok
1785385522.057315000,74,ok
1785385522.058024000,73,ok
1785385522.061344000,77,ok
1785385522.102214000,77,ok
1785385522.103970000,79,ok
1785385522.104714000,73,ok
1785385522.103095000,73,ok
1785385522.110098000,76,ok
1785385522.113169000,79,ok
1785385522.113129000,79,ok
1785385522.111334000,76,ok
1785385522.147965000,79,ok
1785385522.147944000,78,ok
1785385522.151363000,78,ok
1785385522.160236000,77,ok
1785385522.160625000,78,ok
1785385522.161922000,79,ok
1785385522.161135000,74,ok
1785385522.163876000,81,ok
1785385522.207187000,78,ok
1785385522.206696000,76,ok
1785385522.209418000,74,ok
1785385522.208671000,78,ok
1785385522.210523000,75,ok
1785385522.207763000,77,ok
1785385522.211681000,73,ok
1785385522.215054000,77,ok
1785385522.246350000,77,ok
1785385522.251258000,76,ok
1785385522.253024000,83,ok
1785385522.260197000,77,ok
1785385522.261243000,79,ok
1785385522.264340000,82,ok
1785385522.265083000,81,ok
1785385522.263836000,77,ok
1785385522.308797000,76,ok
1785385522.310833000,75,ok
1785385522.310194000,78,ok
1785385522.313419000,81,ok
1785385522.311112000,77,ok
1785385522.314821000,74,ok
1785385522.317997000,82,ok
1785385522.317246000,83,ok
1785385522.368910000,92,ok
1785385522.371877000,83,ok
1785385522.371976000,97,ok
1785385522.371080000,83,ok
1785385522.369679000,84,ok
1785385522.369731000,85,ok
1785385522.371101000,81,ok
1785385522.371056000,92,ok
1785385522.421547000,85,ok
1785385522.422786000,85,ok
1785385522.424687000,83,ok
1785385522.431668000,87,ok
1785385522.433248000,88,ok
1785385522.432186000,86,ok
1785385522.432154000,91,ok
1785385522.434772000,89,ok
1785385522.472351000,73,ok
1785385522.479655000,81,ok
1785385522.479958000,81,ok
1785385522.484926000,85,ok
1785385522.486915000,84,ok
1785385522.491375000,89,ok
1785385522.490194000,90,ok
1785385522.493553000,92,ok
1785385522.527147000,79,ok
1785385522.533468000,75,ok
1785385522.533320000,75,ok
1785385522.533715000,84,ok
1785385522.542363000,80,ok
1785385522.541504000,80,ok
1785385522.547774000,84,ok
1785385522.546932000,84,ok
1785385522.579235000,83,ok
1785385522.591976000,83,ok
1785385522.596042000,83,ok
1785385522.596296000,78,ok
1785385522.589411000,80,ok
1785385522.596882000,84,ok
1785385522.594780000,79,ok
1785385522.602826000,81,ok
1785385522.635552000,82,ok
1785385522.641581000,82,ok
1785385522.639382000,81,ok
1785385522.643786000,86,ok
1785385522.650094000,80,ok
1785385522.660879000,85,ok
1785385522.655529000,84,ok
1785385522.655754000,84,ok
1785385522.693987000,83,ok
1785385522.701036000,80,ok
1785385522.705528000,80,ok
1785385522.708311000,82,ok
1785385522.703806000,81,ok
1785385522.710357000,86,ok
1785385522.710407000,85,ok
1785385522.720400000,87,ok
1785385522.758391000,84,ok
1785385522.760531000,85,ok
1785385522.760045000,82,ok
1785385522.761862000,87,ok
1785385522.762750000,81,ok
1785385522.762194000,78,ok
1785385522.772065000,86,ok
1785385522.772257000,84,ok
1785385522.803811000,79,ok
1785385522.812521000,77,ok
1785385522.815749000,79,ok
1785385522.811943000,79,ok
1785385522.816811000,79,ok
1785385522.819250000,80,ok
1785385522.823703000,80,ok
1785385522.837555000,82,ok
1785385522.859255000,73,ok
1785385522.862546000,73,ok
1785385522.867803000,79,ok
1785385522.867818000,73,ok
1785385522.868734000,76,ok
1785385522.867811000,75,ok
1785385522.877444000,77,ok
1785385522.880314000,78,ok
1785385522.905075000,80,ok
1785385522.915689000,78,ok
1785385522.912554000,75,ok
1785385522.912630000,78,ok
1785385522.921089000,75,ok
1785385522.917365000,77,ok
1785385522.922721000,73,ok
1785385522.933424000,74,ok
1785385522.960716000,75,ok
1785385522.965991000,77,ok
1785385522.969834000,76,ok
1785385522.972169000,80,ok
1785385522.970648000,77,ok
1785385522.973210000,76,ok
1785385522.977328000,75,ok
1785385522.979560000,73,ok
1785385523.011822000,76,ok
1785385523.018243000,77,ok
1785385523.016084000,75,ok
1785385523.017514000,75,ok
1785385523.020095000,74,ok
1785385523.022288000,76,ok
1785385523.025086000,74,ok
1785385523.029180000,71,ok
1785385523.060477000,77,ok
1785385523.061018000,74,ok
1785385523.065812000,74,ok
1785385523.069449000,74,ok
1785385523.071324000,75,ok
1785385523.075383000,76,ok
1785385523.076636000,76,ok
1785385523.077098000,74,ok
1785385523.113347000,72,ok
1785385523.113659000,77,ok
1785385523.117671000,75,ok
1785385523.120021000,77,ok
1785385523.120757000,73,ok
1785385523.123569000,77,ok
1785385523.126000000,76,ok
1785385523.125900000,76,ok
1785385523.160960000,79,ok
1785385523.169834000,80,ok
1785385523.171082000,76,ok
1785385523.172468000,76,ok
1785385523.173054000,75,ok
1785385523.171564000,75,ok
1785385523.170101000,87,ok
1785385523.176315000,76,ok
1785385523.218479000,81,ok
1785385523.218495000,75,ok
1785385523.222692000,82,ok
1785385523.229649000,83,ok
1785385523.230060000,83,ok
1785385523.227830000,79,ok
1785385523.229006000,85,ok
1785385523.233350000,81,ok
1785385523.270299000,74,ok
1785385523.277183000,76,ok
1785385523.281963000,80,ok
1785385523.283434000,78,ok
1785385523.282989000,81,ok
1785385523.284318000,74,ok
1785385523.284757000,82,ok
1785385523.286273000,84,ok
1785385523.321252000,70,ok
1785385523.319836000,77,ok
1785385523.324455000,70,ok
1785385523.324199000,76,ok
1785385523.331792000,75,ok
1785385523.323084000,78,ok
1785385523.330563000,75,ok
1785385523.332651000,77,ok
1785385523.367103000,75,ok
1785385523.372086000,73,ok
1785385523.384397000,79,ok
1785385523.386959000,77,ok
1785385523.382564000,77,ok
1785385523.382597000,76,ok
1785385523.387583000,77,ok
1785385523.387235000,80,ok
1785385523.421783000,74,ok
1785385523.424675000,78,ok
1785385523.428922000,78,ok
1785385523.424754000,80,ok
1785385523.433825000,80,ok
1785385523.432532000,79,ok
1785385523.433957000,80,ok
1785385523.434005000,80,ok
1785385523.471134000,76,ok
1785385523.468845000,81,ok
1785385523.491892000,77,ok
1785385523.486895000,77,ok
1785385523.487288000,75,ok
1785385523.490610000,79,ok
1785385523.492007000,82,ok
1785385523.490942000,81,ok
1785385523.535079000,82,ok
1785385523.535184000,79,ok
1785385523.537574000,79,ok
1785385523.535597000,80,ok
1785385523.540554000,78,ok
1785385523.539125000,78,ok
1785385523.535624000,81,ok
1785385523.540465000,78,ok
1785385523.569669000,79,ok
1785385523.570260000,80,ok
1785385523.587686000,75,ok
1785385523.589521000,76,ok
1785385523.595216000,79,ok
1785385523.596017000,80,ok
1785385523.596373000,80,ok
1785385523.595552000,79,ok
1785385523.639070000,75,ok
1785385523.640013000,78,ok
1785385523.643623000,78,ok
1785385523.643851000,75,ok
1785385523.650795000,82,ok
1785385523.653855000,84,ok
1785385523.653676000,81,ok
1785385523.654571000,84,ok
1785385523.673680000,76,ok
1785385523.676079000,76,ok
1785385523.693425000,76,ok
1785385523.693244000,77,ok
1785385523.694458000,75,ok
1785385523.696855000,77,ok
1785385523.698707000,78,ok
1785385523.695949000,80,ok
1785385523.733995000,75,ok
1785385523.738482000,75,ok
1785385523.739220000,75,ok
1785385523.740501000,72,ok
1785385523.750340000,77,ok
1785385523.753207000,75,ok
1785385523.754948000,76,ok
1785385523.755901000,76,ok
1785385523.777481000,74,ok
1785385523.779798000,76,ok
1785385523.790418000,73,ok
1785385523.795023000,73,ok
1785385523.797674000,77,ok
1785385523.796985000,74,ok
1785385523.797235000,76,ok
1785385523.797945000,79,ok
1785385523.831505000,78,ok
1785385523.835797000,74,ok
1785385523.833585000,76,ok
1785385523.835258000,75,ok
1785385523.847499000,72,ok
1785385523.845915000,74,ok
1785385523.851427000,74,ok
1785385523.851443000,73,ok
1785385523.878465000,77,ok
1785385523.881537000,79,ok
1785385523.891427000,75,ok
1785385523.891759000,74,ok
1785385523.895890000,74,ok
1785385523.897924000,76,ok
1785385523.904168000,79,ok
1785385523.904255000,79,ok
1785385523.930653000,73,ok
1785385523.936266000,77,ok
1785385523.935420000,75,ok
1785385523.939520000,80,ok
1785385523.947197000,74,ok
1785385523.945349000,74,ok
1785385523.944343000,74,ok
1785385523.944808000,68,ok
1785385523.975253000,75,ok
1785385523.974675000,78,ok
1785385523.985753000,72,ok
1785385523.986302000,71,ok
1785385523.993335000,74,ok
1785385523.993008000,74,ok
1785385523.995910000,71,ok
1785385523.995483000,72,ok
1785385524.025126000,74,ok
1785385524.032733000,77,ok
1785385524.033296000,75,ok
1785385524.035236000,71,ok
1785385524.045236000,77,ok
1785385524.044513000,77,ok
1785385524.044447000,76,ok
1785385524.043787000,76,ok
1785385524.068577000,75,ok
1785385524.070901000,78,ok
1785385524.080929000,74,ok
1785385524.082867000,75,ok
1785385524.089708000,73,ok
1785385524.096372000,78,ok
1785385524.097148000,78,ok
1785385524.099234000,82,ok
1785385524.119151000,75,ok
1785385524.131944000,77,ok
1785385524.131750000,74,ok
1785385524.134103000,74,ok
1785385524.141311000,72,ok
1785385524.146695000,75,ok
1785385524.147935000,77,ok
1785385524.148924000,78,ok
1785385524.168670000,76,ok
1785385524.169127000,78,ok
1785385524.175156000,73,ok
1785385524.177055000,71,ok
1785385524.178903000,69,ok
1785385524.188120000,72,ok
1785385524.190440000,70,ok
1785385524.189179000,72,ok
1785385524.209926000,73,ok
1785385524.224259000,72,ok
1785385524.227499000,75,ok
1785385524.228215000,76,ok
1785385524.238692000,75,ok
1785385524.244710000,76,ok
1785385524.246930000,76,ok
1785385524.245542000,75,ok
1785385524.266440000,75,ok
1785385524.278401000,80,ok
1785385524.280051000,77,ok
1785385524.276957000,84,ok
1785385524.280073000,78,ok
1785385524.285511000,75,ok
1785385524.286852000,74,ok
1785385524.291270000,78,ok
1785385524.302629000,74,ok
1785385524.321497000,79,ok
1785385524.327010000,81,ok
1785385524.334077000,74,ok
1785385524.333860000,85,ok
1785385524.341213000,74,ok
1785385524.343593000,75,ok
1785385524.345139000,76,ok
1785385524.364890000,78,ok
1785385524.375702000,73,ok
1785385524.383363000,76,ok
1785385524.382848000,76,ok
1785385524.384914000,77,ok
1785385524.389824000,79,ok
1785385524.385910000,77,ok
1785385524.392541000,78,ok
1785385524.403947000,78,ok
1785385524.424982000,80,ok
1785385524.425753000,77,ok
1785385524.440619000,80,ok
1785385524.440959000,78,ok
1785385524.441193000,77,ok
1785385524.443411000,75,ok
1785385524.444236000,76,ok
1785385524.461896000,77,ok
1785385524.475285000,77,ok
1785385524.481843000,73,ok
1785385524.484285000,76,ok
1785385524.486022000,75,ok
1785385524.491177000,76,ok
1785385524.491686000,77,ok
1785385524.494627000,78,ok
1785385524.504048000,75,ok
1785385524.524380000,78,ok
1785385524.524180000,79,ok
1785385524.536747000,74,ok
1785385524.540792000,74,ok
1785385524.541015000,76,ok
1785385524.543408000,79,ok
1785385524.540905000,73,ok
1785385524.560303000,74,ok
1785385524.579957000,77,ok
1785385524.579385000,71,ok
1785385524.582949000,79,ok
1785385524.586189000,69,ok
1785385524.584502000,73,ok
1785385524.588400000,71,ok
1785385524.589361000,75,ok
1785385524.603082000,76,ok
1785385524.622382000,79,ok
1785385524.621453000,78,ok
1785385524.629399000,70,ok
1785385524.632971000,72,ok
1785385524.634276000,72,ok
1785385524.636993000,75,ok
1785385524.637393000,73,ok
1785385524.656660000,77,ok
1785385524.675350000,71,ok
1785385524.675864000,73,ok
1785385524.676545000,71,ok
1785385524.684136000,74,ok
1785385524.681740000,73,ok
1785385524.685086000,73,ok
1785385524.683729000,76,ok
1785385524.697237000,72,ok
1785385524.718708000,78,ok
1785385524.718309000,76,ok
1785385524.728259000,69,ok
1785385524.723647000,71,ok
1785385524.728802000,74,ok
1785385524.730978000,75,ok
1785385524.733114000,76,ok
1785385524.747497000,73,ok
1785385524.772226000,75,ok
1785385524.775019000,75,ok
1785385524.775214000,76,ok
1785385524.781193000,75,ok
1785385524.780633000,74,ok
1785385524.786909000,79,ok
1785385524.790068000,82,ok
1785385524.802570000,79,ok
1785385524.825077000,77,ok
1785385524.824966000,77,ok
1785385524.830076000,77,ok
1785385524.828556000,74,ok
1785385524.832855000,80,ok
1785385524.835047000,75,ok
1785385524.833030000,77,ok
1785385524.845872000,74,ok
1785385524.871709000,76,ok
1785385524.875818000,78,ok
1785385524.876713000,73,ok
1785385524.876889000,78,ok
1785385524.882170000,76,ok
1785385524.885477000,76,ok
1785385524.890320000,75,ok
1785385524.902449000,76,ok
1785385524.933228000,81,ok
1785385524.935769000,85,ok
1785385524.939723000,87,ok
1785385524.938836000,82,ok
1785385524.939479000,78,ok
1785385524.939745000,83,ok
1785385524.939500000,84,ok
1785385524.944497000,74,ok
1785385524.975997000,77,ok
1785385524.977469000,76,ok
1785385524.984611000,79,ok
1785385524.985179000,77,ok
1785385524.985430000,77,ok
1785385524.992526000,80,ok
1785385524.994878000,78,ok
1785385525.018997000,80,ok
1785385525.032480000,72,ok
1785385525.036746000,73,ok
1785385525.032451000,73,ok
1785385525.038066000,74,ok
1785385525.043978000,77,ok
1785385525.042720000,76,ok
1785385525.045639000,79,ok
1785385525.045674000,78,ok
1785385525.074309000,76,ok
1785385525.078302000,73,ok
1785385525.080769000,76,ok
1785385525.081803000,84,ok
1785385525.085831000,78,ok
1785385525.088674000,76,ok
1785385525.090487000,76,ok
1785385525.110770000,74,ok
1785385525.135091000,77,ok
1785385525.135431000,79,ok
1785385525.136640000,80,ok
1785385525.136707000,75,ok
1785385525.142030000,75,ok
1785385525.142305000,75,ok
1785385525.147293000,78,ok
1785385525.147420000,80,ok
1785385525.169755000,75,ok
1785385525.180578000,75,ok
1785385525.181407000,80,ok
1785385525.180588000,78,ok
1785385525.181668000,80,ok
1785385525.182101000,73,ok
1785385525.182754000,71,ok
1785385525.200317000,72,ok
1785385525.231531000,73,ok
1785385525.235472000,75,ok
1785385525.235744000,77,ok
1785385525.236722000,77,ok
1785385525.237563000,73,ok
1785385525.242384000,76,ok
1785385525.243078000,75,ok
1785385525.245951000,75,ok
1785385525.275926000,72,ok
1785385525.276643000,76,ok
1785385525.277611000,74,ok
1785385525.281574000,77,ok
1785385525.281558000,76,ok
1785385525.282339000,76,ok
1785385525.283041000,76,ok
1785385525.291132000,69,ok
1785385525.328268000,74,ok
1785385525.329903000,72,ok
1785385525.329757000,73,ok
1785385525.333536000,75,ok
1785385525.335337000,75,ok
1785385525.340201000,76,ok
1785385525.338761000,74,ok
1785385525.339236000,72,ok
1785385525.372548000,73,ok
1785385525.372440000,70,ok
1785385525.380183000,75,ok
1785385525.380928000,76,ok
1785385525.383465000,78,ok
1785385525.384569000,71,ok
1785385525.383516000,79,ok
1785385525.382285000,79,ok
1785385525.423525000,73,ok
1785385525.423895000,75,ok
1785385525.425474000,72,ok
1785385525.428230000,71,ok
1785385525.430421000,71,ok
1785385525.432109000,72,ok
1785385525.435409000,75,ok
1785385525.435502000,76,ok
1785385525.472353000,76,ok
1785385525.473218000,76,ok
1785385525.474970000,72,ok
1785385525.476422000,73,ok
1785385525.479590000,73,ok
1785385525.477791000,73,ok
1785385525.483034000,77,ok
1785385525.483608000,77,ok
1785385525.520779000,76,ok
1785385525.522493000,74,ok
1785385525.521460000,76,ok
1785385525.525007000,72,ok
1785385525.527206000,74,ok
1785385525.531492000,75,ok
1785385525.532582000,77,ok
1785385525.534734000,76,ok
1785385525.570987000,74,ok
1785385525.571873000,73,ok
1785385525.571974000,74,ok
1785385525.577902000,74,ok
1785385525.581121000,75,ok
1785385525.580577000,73,ok
1785385525.580605000,77,ok
1785385525.581370000,74,ok
1785385525.618427000,73,ok
1785385525.616012000,73,ok
1785385525.618479000,75,ok
1785385525.619344000,70,ok
1785385525.620029000,69,ok
1785385525.625758000,71,ok
1785385525.626533000,73,ok
1785385525.628021000,70,ok
1785385525.665784000,72,ok
1785385525.666796000,74,ok
1785385525.667092000,69,ok
1785385525.673729000,72,ok
1785385525.679862000,77,ok
1785385525.680964000,78,ok
1785385525.680953000,78,ok
1785385525.681357000,77,ok
1785385525.713789000,75,ok
1785385525.715175000,76,ok
1785385525.717727000,75,ok
1785385525.721457000,80,ok
1785385525.721669000,78,ok
1785385525.721039000,71,ok
1785385525.721195000,73,ok
1785385525.722671000,76,ok
1785385525.758254000,73,ok
1785385525.759959000,72,ok
1785385525.762104000,74,ok
1785385525.769834000,72,ok
1785385525.772780000,72,ok
1785385525.776611000,73,ok
1785385525.773742000,71,ok
1785385525.778955000,75,ok
1785385525.808866000,73,ok
1785385525.814366000,74,ok
1785385525.813625000,72,ok
1785385525.817397000,73,ok
1785385525.816200000,72,ok
1785385525.818808000,74,ok
1785385525.819084000,73,ok
1785385525.820909000,75,ok
1785385525.856994000,76,ok
1785385525.856526000,78,ok
1785385525.858001000,80,ok
1785385525.863694000,72,ok
1785385525.867086000,71,ok
1785385525.869451000,70,ok
1785385525.871228000,74,ok
1785385525.872652000,75,ok
1785385525.904083000,72,ok
1785385525.909849000,73,ok
1785385525.912846000,73,ok
1785385525.911157000,73,ok
1785385525.917504000,79,ok
1785385525.918811000,73,ok
1785385525.919303000,78,ok
1785385525.918672000,76,ok
1785385525.960881000,72,ok
1785385525.960689000,78,ok
1785385525.961107000,82,ok
1785385525.960488000,80,ok
1785385525.972153000,74,ok
1785385525.970291000,78,ok
1785385525.970505000,77,ok
1785385525.970434000,78,ok
1785385526.009465000,80,ok
1785385526.011228000,75,ok
1785385526.018197000,77,ok
1785385526.016326000,76,ok
1785385526.021053000,76,ok
1785385526.020942000,78,ok
1785385526.021115000,78,ok
1785385526.021078000,76,ok
1785385526.065411000,78,ok
1785385526.064274000,78,ok
1785385526.067371000,80,ok
1785385526.066967000,77,ok
1785385526.068907000,72,ok
1785385526.075584000,79,ok
1785385526.076577000,79,ok
1785385526.078636000,80,ok
