ts,ms,status
1785385367.234874000,114,ok
1785385367.234884000,120,ok
1785385367.235197000,106,ok
1785385367.235673000,114,ok
1785385367.240459000,119,ok
1785385367.234896000,115,ok
1785385367.235458000,108,ok
1785385367.242978000,121,ok
1785385367.241799000,112,ok
1785385367.235390000,117,ok
1785385367.235602000,99,ok
1785385367.252746000,124,ok
1785385367.258423000,140,ok
1785385367.257530000,139,ok
1785385367.262047000,145,ok
1785385367.257564000,135,ok
1785385367.341223000,43,ok
1785385367.342617000,52,ok
1785385367.346311000,58,ok
1785385367.368744000,48,ok
1785385367.352627000,46,ok
1785385367.339162000,47,ok
1785385367.347935000,51,ok
1785385367.350530000,56,ok
1785385367.352272000,52,ok
1785385367.381453000,60,ok
1785385367.379838000,57,ok
1785385367.386106000,65,ok
1785385367.382261000,79,ok
1785385367.385533000,49,ok
1785385367.378222000,70,ok
1785385367.408150000,49,ok
1785385367.466731000,45,ok
1785385367.473271000,56,ok
1785385367.482922000,60,ok
1785385367.515329000,84,ok
1785385367.483297000,55,ok
1785385367.480179000,53,ok
1785385367.500999000,70,ok
1785385367.491507000,69,ok
1785385367.481545000,48,ok
1785385367.525877000,69,ok
1785385367.525864000,60,ok
1785385367.545474000,54,ok
1785385367.520186000,80,ok
1785385367.535992000,68,ok
1785385367.551808000,64,ok
1785385367.553364000,54,ok
1785385367.614196000,53,ok
1785385367.607090000,54,ok
1785385367.627867000,53,ok
1785385367.619012000,53,ok
1785385367.635068000,42,ok
1785385367.613368000,61,ok
1785385367.620991000,51,ok
1785385367.643911000,42,ok
1785385367.633855000,61,ok
1785385367.657985000,48,ok
1785385367.642383000,64,ok
1785385367.670264000,49,ok
1785385367.653178000,42,ok
1785385367.663255000,59,ok
1785385367.666340000,55,ok
1785385367.667665000,42,ok
1785385367.725825000,38,ok
1785385367.714875000,41,ok
1785385367.756245000,54,ok
1785385367.746180000,54,ok
1785385367.751160000,59,ok
1785385367.742000000,54,ok
1785385367.745324000,41,ok
1785385367.731044000,51,ok
1785385367.762652000,53,ok
1785385367.760013000,57,ok
1785385367.755662000,46,ok
1785385367.775797000,38,ok
1785385367.777470000,45,ok
1785385367.781493000,42,ok
1785385367.781862000,47,ok
1785385367.787557000,49,ok
1785385367.838924000,41,ok
1785385367.852111000,43,ok
1785385367.857502000,53,ok
1785385367.855048000,51,ok
1785385367.853105000,54,ok
1785385367.871193000,49,ok
1785385367.857483000,49,ok
1785385367.857507000,42,ok
1785385367.854143000,50,ok
1785385367.862276000,46,ok
1785385367.887210000,46,ok
1785385367.890406000,43,ok
1785385367.876972000,44,ok
1785385367.886613000,40,ok
1785385367.901240000,48,ok
1785385367.921268000,45,ok
1785385367.954244000,45,ok
1785385367.976855000,61,ok
1785385367.965581000,44,ok
1785385367.958380000,57,ok
1785385367.960584000,47,ok
1785385367.977070000,50,ok
1785385367.978887000,51,ok
1785385367.987563000,66,ok
1785385367.985206000,53,ok
1785385367.995481000,64,ok
1785385368.006500000,34,ok
1785385367.998366000,56,ok
1785385368.001110000,47,ok
1785385368.021893000,54,ok
1785385368.018783000,56,ok
1785385368.043592000,50,ok
1785385368.081084000,49,ok
1785385368.088040000,56,ok
1785385368.088183000,49,ok
1785385368.077340000,47,ok
1785385368.091476000,53,ok
1785385368.103801000,52,ok
1785385368.086774000,57,ok
1785385368.095246000,60,ok
1785385368.144352000,36,ok
1785385368.113027000,40,ok
1785385368.150059000,53,ok
1785385368.150319000,40,ok
1785385368.134966000,49,ok
1785385368.144418000,58,ok
1785385368.153947000,56,ok
1785385368.188875000,60,ok
1785385368.221964000,45,ok
1785385368.225530000,50,ok
1785385368.223343000,47,ok
1785385368.217191000,62,ok
1785385368.243773000,57,ok
1785385368.249151000,65,ok
1785385368.262292000,41,ok
1785385368.245961000,43,ok
1785385368.257533000,64,ok
1785385368.281895000,39,ok
1785385368.278498000,53,ok
1785385368.278233000,51,ok
1785385368.275753000,47,ok
1785385368.269319000,45,ok
1785385368.325000000,59,ok
1785385368.318524000,45,ok
1785385368.333394000,41,ok
1785385368.334163000,47,ok
1785385368.337682000,42,ok
1785385368.352910000,60,ok
1785385368.340675000,46,ok
1785385368.388893000,62,ok
1785385368.380112000,55,ok
1785385368.383111000,48,ok
1785385368.382439000,48,ok
1785385368.375342000,38,ok
1785385368.384080000,39,ok
1785385368.382969000,45,ok
1785385368.371663000,53,ok
1785385368.392083000,45,ok
1785385368.435967000,40,ok
1785385368.445827000,41,ok
1785385368.437214000,46,ok
1785385368.451006000,47,ok
1785385368.495488000,50,ok
1785385368.502716000,60,ok
1785385368.495465000,53,ok
1785385368.507241000,54,ok
1785385368.500099000,87,ok
1785385368.506931000,55,ok
1785385368.507884000,47,ok
1785385368.500907000,52,ok
1785385368.513580000,56,ok
1785385368.501849000,52,ok
1785385368.526376000,69,ok
1785385368.512719000,61,ok
1785385368.565567000,40,ok
1785385368.574367000,39,ok
1785385368.584099000,53,ok
1785385368.600814000,55,ok
1785385368.612037000,52,ok
1785385368.613827000,63,ok
1785385368.624095000,63,ok
1785385368.625211000,51,ok
1785385368.628947000,62,ok
1785385368.621329000,55,ok
1785385368.620523000,43,ok
1785385368.630511000,50,ok
1785385368.628396000,48,ok
1785385368.631904000,59,ok
1785385368.676172000,50,ok
1785385368.671320000,51,ok
1785385368.702620000,40,ok
1785385368.722055000,40,ok
1785385368.711056000,44,ok
1785385368.717026000,46,ok
1785385368.713781000,42,ok
1785385368.712587000,47,ok
1785385368.712958000,48,ok
1785385368.742246000,42,ok
1785385368.740560000,59,ok
1785385368.746013000,44,ok
1785385368.755111000,49,ok
1785385368.757067000,53,ok
1785385368.758872000,49,ok
1785385368.770890000,48,ok
1785385368.806440000,37,ok
1785385368.789670000,36,ok
1785385368.818945000,46,ok
1785385368.830560000,44,ok
1785385368.808062000,39,ok
1785385368.816414000,54,ok
1785385368.838632000,53,ok
1785385368.822023000,42,ok
1785385368.838557000,47,ok
1785385368.846729000,46,ok
1785385368.877074000,41,ok
1785385368.875165000,56,ok
1785385368.879427000,48,ok
1785385368.878798000,49,ok
1785385368.852358000,53,ok
1785385368.921831000,39,ok
1785385368.909116000,50,ok
1785385368.924835000,45,ok
1785385368.921520000,44,ok
1785385368.933590000,36,ok
1785385368.983117000,47,ok
1785385368.967225000,53,ok
1785385368.971080000,60,ok
1785385368.996758000,57,ok
1785385368.970675000,60,ok
1785385368.965892000,63,ok
1785385368.986541000,58,ok
1785385368.983062000,47,ok
1785385368.986054000,50,ok
1785385369.014397000,65,ok
1785385369.024028000,70,ok
1785385369.038174000,37,ok
1785385369.055617000,45,ok
1785385369.056042000,36,ok
1785385369.057489000,48,ok
1785385369.095617000,59,ok
1785385369.105132000,56,ok
1785385369.117913000,61,ok
1785385369.140986000,68,ok
1785385369.154958000,90,ok
1785385369.155880000,91,ok
1785385369.164077000,76,ok
1785385369.151460000,75,ok
1785385369.150800000,80,ok
1785385369.168320000,68,ok
1785385369.183047000,71,ok
1785385369.210721000,70,ok
1785385369.207966000,94,ok
1785385369.211787000,47,ok
1785385369.220082000,71,ok
1785385369.210982000,91,ok
1785385369.207103000,62,ok
1785385369.279813000,34,ok
1785385369.249998000,65,ok
1785385369.277907000,45,ok
1785385369.281789000,45,ok
1785385369.277903000,50,ok
1785385369.284598000,46,ok
1785385369.276220000,57,ok
1785385369.286839000,72,ok
1785385369.324546000,52,ok
1785385369.347077000,76,ok
1785385369.365933000,71,ok
1785385369.368044000,75,ok
1785385369.342605000,55,ok
1785385369.362807000,65,ok
1785385369.366341000,74,ok
1785385369.379297000,74,ok
1785385369.397362000,57,ok
1785385369.392855000,47,ok
1785385369.390023000,50,ok
1785385369.394060000,56,ok
1785385369.392116000,61,ok
1785385369.389826000,64,ok
1785385369.395215000,69,ok
1785385369.394242000,52,ok
1785385369.444670000,55,ok
1785385369.452676000,40,ok
1785385369.474889000,48,ok
1785385369.497505000,53,ok
1785385369.503682000,65,ok
1785385369.529639000,69,ok
1785385369.528569000,50,ok
1785385369.535762000,66,ok
1785385369.532053000,49,ok
1785385369.540676000,63,ok
1785385369.543361000,54,ok
1785385369.551035000,56,ok
1785385369.552053000,54,ok
1785385369.531509000,74,ok
1785385369.563307000,69,ok
1785385369.567983000,64,ok
1785385369.570145000,59,ok
1785385369.593250000,55,ok
1785385369.585559000,57,ok
1785385369.598183000,56,ok
1785385369.644727000,60,ok
1785385369.647414000,55,ok
1785385369.648875000,57,ok
1785385369.664087000,48,ok
1785385369.671339000,65,ok
1785385369.639755000,76,ok
1785385369.663289000,56,ok
1785385369.649271000,79,ok
1785385369.672762000,68,ok
1785385369.681345000,61,ok
1785385369.655704000,58,ok
1785385369.707134000,59,ok
1785385369.688572000,48,ok
1785385369.775236000,44,ok
1785385369.732645000,64,ok
1785385369.770470000,45,ok
1785385369.740991000,58,ok
1785385369.795762000,65,ok
1785385369.775503000,63,ok
1785385369.797957000,42,ok
1785385369.815641000,64,ok
1785385369.800943000,55,ok
1785385369.801540000,59,ok
1785385369.822656000,52,ok
1785385369.826115000,67,ok
1785385369.827252000,55,ok
1785385369.853881000,53,ok
1785385369.863586000,35,ok
1785385369.919150000,79,ok
1785385369.861870000,58,ok
1785385369.868817000,65,ok
1785385369.894740000,53,ok
1785385369.921328000,65,ok
1785385369.923134000,53,ok
1785385369.920079000,50,ok
1785385369.932498000,45,ok
1785385369.935036000,57,ok
1785385369.931842000,53,ok
1785385369.973154000,56,ok
1785385369.996151000,60,ok
1785385369.983948000,109,ok
1785385369.967955000,49,ok
1785385370.050094000,60,ok
1785385370.000888000,67,ok
1785385370.045062000,41,ok
1785385370.058413000,65,ok
1785385370.043348000,52,ok
1785385370.052939000,47,ok
1785385370.060968000,51,ok
1785385370.099634000,83,ok
1785385370.113338000,80,ok
1785385370.111905000,64,ok
1785385370.110704000,71,ok
1785385370.134636000,64,ok
1785385370.150413000,62,ok
1785385370.166435000,48,ok
1785385370.156040000,71,ok
1785385370.174324000,67,ok
1785385370.172081000,53,ok
1785385370.179857000,46,ok
1785385370.192995000,63,ok
1785385370.166126000,55,ok
1785385370.201523000,40,ok
1785385370.176467000,43,ok
1785385370.213110000,42,ok
1785385370.210311000,40,ok
1785385370.220834000,50,ok
1785385370.228680000,40,ok
1785385370.263588000,76,ok
1785385370.285326000,64,ok
1785385370.281270000,51,ok
1785385370.292525000,55,ok
1785385370.300748000,63,ok
1785385370.304350000,49,ok
1785385370.309184000,57,ok
1785385370.309904000,39,ok
1785385370.325832000,69,ok
1785385370.352512000,66,ok
1785385370.326811000,45,ok
1785385370.322152000,43,ok
1785385370.357650000,39,ok
1785385370.354009000,45,ok
1785385370.354863000,50,ok
1785385370.357983000,53,ok
1785385370.377964000,44,ok
1785385370.396084000,52,ok
1785385370.426785000,55,ok
1785385370.430694000,61,ok
1785385370.439714000,55,ok
1785385370.421729000,42,ok
1785385370.474556000,52,ok
1785385370.469981000,70,ok
1785385370.474644000,70,ok
1785385370.493090000,54,ok
1785385370.499018000,42,ok
1785385370.499758000,46,ok
1785385370.466727000,71,ok
1785385370.490259000,60,ok
1785385370.475920000,59,ok
1785385370.533301000,57,ok
1785385370.541703000,66,ok
1785385370.569819000,68,ok
1785385370.577117000,58,ok
1785385370.555791000,45,ok
1785385370.575161000,45,ok
1785385370.615739000,81,ok
1785385370.641890000,44,ok
1785385370.634698000,80,ok
1785385370.643470000,62,ok
1785385370.643288000,94,ok
1785385370.641414000,65,ok
1785385370.653116000,63,ok
1785385370.645314000,75,ok
1785385370.642382000,64,ok
1785385370.644801000,56,ok
1785385370.642707000,55,ok
1785385370.686725000,64,ok
1785385370.676583000,53,ok
1785385370.703981000,56,ok
1785385370.703505000,64,ok
1785385370.696585000,67,ok
1785385370.763777000,63,ok
1785385370.781711000,59,ok
1785385370.768236000,55,ok
1785385370.792161000,66,ok
1785385370.778924000,57,ok
1785385370.768656000,51,ok
1785385370.793608000,44,ok
1785385370.795551000,67,ok
1785385370.780772000,65,ok
1785385370.804804000,61,ok
1785385370.816893000,48,ok
1785385370.808998000,60,ok
1785385370.820133000,47,ok
1785385370.842067000,47,ok
1785385370.837882000,59,ok
1785385370.839014000,41,ok
1785385370.885511000,34,ok
1785385370.905965000,56,ok
1785385370.916057000,70,ok
1785385370.912378000,54,ok
1785385370.919294000,53,ok
1785385370.935879000,74,ok
1785385370.932652000,62,ok
1785385370.932395000,55,ok
1785385370.937339000,45,ok
1785385370.935179000,72,ok
1785385370.952541000,65,ok
1785385370.958981000,76,ok
1785385370.961089000,66,ok
1785385370.973616000,70,ok
1785385370.987208000,87,ok
1785385370.993685000,59,ok
1785385370.984194000,81,ok
1785385371.017922000,54,ok
1785385371.023722000,39,ok
1785385371.024106000,45,ok
1785385371.017845000,60,ok
1785385371.023971000,39,ok
1785385371.023469000,44,ok
1785385371.054040000,52,ok
1785385371.018574000,66,ok
1785385371.068433000,47,ok
1785385371.063421000,40,ok
1785385371.073886000,52,ok
1785385371.064320000,48,ok
1785385371.084020000,47,ok
1785385371.123074000,39,ok
1785385371.111557000,43,ok
1785385371.120419000,50,ok
1785385371.170395000,64,ok
1785385371.172760000,58,ok
1785385371.149963000,50,ok
1785385371.170681000,57,ok
1785385371.120378000,58,ok
1785385371.200556000,46,ok
1785385371.181678000,53,ok
1785385371.185776000,79,ok
1785385371.211956000,46,ok
1785385371.167486000,61,ok
1785385371.220949000,49,ok
1785385371.266532000,45,ok
1785385371.232968000,45,ok
1785385371.250530000,66,ok
1785385371.260411000,49,ok
1785385371.298516000,56,ok
1785385371.298653000,78,ok
1785385371.321707000,52,ok
1785385371.334046000,62,ok
1785385371.341534000,63,ok
1785385371.341949000,53,ok
1785385371.347668000,54,ok
1785385371.351534000,57,ok
1785385371.351470000,55,ok
1785385371.362310000,76,ok
1785385371.362117000,62,ok
1785385371.421114000,66,ok
1785385371.431296000,40,ok
1785385371.385294000,86,ok
1785385371.429912000,56,ok
1785385371.429913000,54,ok
1785385371.435151000,66,ok
1785385371.459879000,59,ok
1785385371.472856000,57,ok
1785385371.471282000,61,ok
1785385371.489850000,55,ok
1785385371.482664000,64,ok
1785385371.488186000,62,ok
1785385371.494414000,74,ok
1785385371.495082000,64,ok
1785385371.479142000,69,ok
1785385371.510309000,59,ok
1785385371.568316000,50,ok
1785385371.568863000,48,ok
1785385371.568489000,66,ok
1785385371.602616000,40,ok
1785385371.584654000,66,ok
1785385371.590403000,76,ok
1785385371.616951000,70,ok
1785385371.624124000,61,ok
1785385371.595864000,60,ok
1785385371.617010000,73,ok
1785385371.583037000,65,ok
1785385371.634963000,58,ok
1785385371.647938000,58,ok
1785385371.651554000,44,ok
1785385371.658285000,45,ok
1785385371.683366000,63,ok
1785385371.702166000,57,ok
1785385371.714517000,38,ok
1785385371.731938000,80,ok
1785385371.749063000,61,ok
1785385371.748483000,47,ok
1785385371.753720000,63,ok
1785385371.750706000,58,ok
1785385371.761417000,53,ok
1785385371.753132000,44,ok
1785385371.764759000,62,ok
1785385371.776296000,71,ok
1785385371.817654000,53,ok
1785385371.818256000,68,ok
1785385371.819506000,53,ok
1785385371.825853000,41,ok
1785385371.837510000,44,ok
1785385371.839150000,52,ok
1785385371.840855000,48,ok
1785385371.852932000,47,ok
1785385371.885942000,47,ok
1785385371.882257000,54,ok
1785385371.870319000,47,ok
1785385371.887881000,50,ok
1785385371.877312000,38,ok
1785385371.900969000,51,ok
1785385371.875474000,40,ok
1785385371.937641000,46,ok
1785385371.936964000,64,ok
1785385371.966424000,63,ok
1785385371.967905000,48,ok
1785385371.984631000,61,ok
1785385371.954028000,43,ok
1785385371.995988000,56,ok
1785385371.993733000,42,ok
1785385371.993552000,56,ok
1785385371.992863000,46,ok
1785385372.017692000,42,ok
1785385372.019713000,47,ok
1785385372.021323000,51,ok
1785385372.023160000,48,ok
1785385372.027598000,42,ok
1785385372.043389000,54,ok
1785385372.068813000,47,ok
1785385372.105572000,61,ok
1785385372.104528000,56,ok
1785385372.106736000,49,ok
1785385372.120792000,68,ok
1785385372.125719000,55,ok
1785385372.091050000,51,ok
1785385372.076071000,57,ok
1785385372.138941000,67,ok
1785385372.155145000,79,ok
1785385372.133533000,46,ok
1785385372.184448000,62,ok
1785385372.162692000,60,ok
1785385372.185731000,49,ok
1785385372.191715000,57,ok
1785385372.216819000,65,ok
1785385372.226201000,44,ok
1785385372.256458000,52,ok
1785385372.262755000,54,ok
1785385372.285440000,72,ok
1785385372.293359000,67,ok
1785385372.285255000,65,ok
1785385372.290627000,77,ok
1785385372.278664000,71,ok
1785385372.300475000,69,ok
1785385372.279937000,62,ok
1785385372.343199000,58,ok
1785385372.327595000,45,ok
1785385372.320303000,55,ok
1785385372.354423000,46,ok
1785385372.369157000,57,ok
1785385372.383314000,58,ok
1785385372.404979000,45,ok
1785385372.420306000,41,ok
1785385372.435280000,63,ok
1785385372.408495000,56,ok
1785385372.425428000,56,ok
1785385372.437475000,61,ok
1785385372.456367000,60,ok
1785385372.447536000,60,ok
1785385372.452240000,67,ok
1785385372.459077000,49,ok
1785385372.501820000,54,ok
1785385372.496077000,42,ok
1785385372.505549000,50,ok
1785385372.537575000,67,ok
1785385372.545558000,49,ok
1785385372.536345000,58,ok
1785385372.576180000,43,ok
1785385372.583938000,47,ok
1785385372.588519000,45,ok
1785385372.571910000,49,ok
1785385372.572952000,53,ok
1785385372.575447000,63,ok
1785385372.579637000,43,ok
1785385372.606826000,34,ok
1785385372.601620000,50,ok
1785385372.607259000,53,ok
1785385372.644577000,64,ok
1785385372.668453000,76,ok
1785385372.675835000,42,ok
1785385372.676938000,56,ok
1785385372.679299000,60,ok
1785385372.725976000,51,ok
1785385372.730901000,70,ok
1785385372.718691000,50,ok
1785385372.710066000,76,ok
1785385372.734864000,62,ok
1785385372.741731000,66,ok
1785385372.724070000,73,ok
1785385372.754745000,46,ok
1785385372.767232000,61,ok
1785385372.785318000,58,ok
1785385372.785732000,67,ok
1785385372.811695000,51,ok
1785385372.825530000,56,ok
1785385372.846352000,59,ok
1785385372.871373000,67,ok
1785385372.889197000,58,ok
1785385372.870955000,63,ok
1785385372.868529000,82,ok
1785385372.893023000,42,ok
1785385372.890960000,75,ok
1785385372.886894000,50,ok
1785385372.894520000,81,ok
1785385372.889407000,75,ok
1785385372.892989000,79,ok
1785385372.901998000,45,ok
1785385372.897329000,44,ok
1785385372.897534000,48,ok
1785385372.892046000,67,ok
1785385372.954839000,48,ok
1785385372.973227000,56,ok
1785385373.004310000,39,ok
1785385372.961109000,28,ok
1785385372.994163000,44,ok
1785385373.025805000,64,ok
1785385373.013295000,63,ok
1785385373.018879000,61,ok
1785385373.020926000,55,ok
1785385373.022378000,56,ok
1785385373.018640000,68,ok
1785385373.039874000,41,ok
1785385373.051654000,39,ok
1785385373.040213000,56,ok
1785385373.056160000,47,ok
1785385373.034280000,78,ok
1785385373.073070000,38,ok
1785385373.124777000,36,ok
1785385373.132470000,49,ok
1785385373.126335000,49,ok
1785385373.126461000,45,ok
1785385373.147479000,58,ok
1785385373.135791000,48,ok
1785385373.137440000,58,ok
1785385373.184378000,87,ok
1785385373.194448000,99,ok
1785385373.190161000,86,ok
1785385373.202254000,72,ok
1785385373.209677000,61,ok
1785385373.195731000,73,ok
1785385373.228439000,81,ok
1785385373.224758000,66,ok
1785385373.226615000,79,ok
1785385373.261193000,73,ok
1785385373.269699000,66,ok
1785385373.274203000,78,ok
1785385373.269681000,66,ok
1785385373.276402000,36,ok
1785385373.291108000,49,ok
1785385373.276621000,81,ok
1785385373.272085000,74,ok
1785385373.271958000,67,ok
1785385373.315220000,70,ok
1785385373.310500000,65,ok
1785385373.325796000,51,ok
1785385373.329363000,42,ok
1785385373.322934000,51,ok
1785385373.320942000,56,ok
1785385373.359975000,67,ok
1785385373.406071000,59,ok
1785385373.395069000,60,ok
1785385373.402734000,56,ok
1785385373.403207000,63,ok
1785385373.405136000,52,ok
1785385373.409429000,57,ok
1785385373.410965000,68,ok
1785385373.443033000,79,ok
1785385373.453316000,38,ok
1785385373.407953000,42,ok
1785385373.438913000,38,ok
1785385373.442875000,40,ok
1785385373.446779000,49,ok
1785385373.471112000,50,ok
1785385373.471528000,52,ok
1785385373.529615000,60,ok
1785385373.530245000,49,ok
1785385373.534770000,52,ok
1785385373.537640000,57,ok
1785385373.535717000,48,ok
1785385373.548902000,62,ok
1785385373.566309000,61,ok
1785385373.537601000,39,ok
1785385373.568301000,67,ok
1785385373.566341000,55,ok
1785385373.569294000,42,ok
1785385373.577004000,60,ok
1785385373.575127000,60,ok
1785385373.593868000,52,ok
1785385373.601082000,61,ok
1785385373.611984000,57,ok
1785385373.636942000,36,ok
1785385373.666135000,46,ok
1785385373.651756000,49,ok
1785385373.660858000,41,ok
1785385373.670494000,41,ok
1785385373.659537000,48,ok
1785385373.667894000,45,ok
1785385373.677979000,38,ok
1785385373.670033000,44,ok
1785385373.702041000,45,ok
1785385373.703922000,36,ok
1785385373.675213000,45,ok
1785385373.703212000,48,ok
1785385373.708319000,47,ok
1785385373.709396000,41,ok
1785385373.736648000,42,ok
1785385373.782632000,45,ok
1785385373.769221000,70,ok
1785385373.781470000,52,ok
1785385373.785642000,51,ok
1785385373.782895000,48,ok
1785385373.791347000,72,ok
1785385373.790978000,62,ok
1785385373.811496000,57,ok
1785385373.820813000,58,ok
1785385373.816978000,70,ok
1785385373.843131000,48,ok
1785385373.826634000,57,ok
1785385373.853363000,43,ok
1785385373.846280000,49,ok
1785385373.846705000,60,ok
1785385373.850503000,58,ok
1785385373.873406000,37,ok
1785385373.874177000,33,ok
1785385373.901547000,48,ok
1785385373.922015000,66,ok
1785385373.909321000,42,ok
1785385373.898846000,55,ok
1785385373.902025000,57,ok
1785385373.940415000,38,ok
1785385373.942921000,48,ok
1785385373.937375000,34,ok
1785385373.938441000,40,ok
1785385373.942876000,35,ok
1785385373.968220000,43,ok
1785385373.953627000,52,ok
1785385373.974446000,32,ok
1785385373.974880000,39,ok
1785385373.992576000,47,ok
1785385373.999225000,42,ok
1785385374.024838000,46,ok
1785385374.033264000,45,ok
1785385374.026272000,44,ok
1785385374.029740000,36,ok
1785385374.020397000,51,ok
1785385374.022341000,51,ok
1785385374.059567000,48,ok
1785385374.053482000,39,ok
1785385374.069785000,48,ok
1785385374.077789000,37,ok
1785385374.088413000,57,ok
1785385374.079475000,40,ok
1785385374.092748000,41,ok
1785385374.088733000,44,ok
1785385374.133227000,47,ok
1785385374.139282000,47,ok
1785385374.118692000,48,ok
1785385374.130525000,41,ok
1785385374.124500000,36,ok
1785385374.137696000,47,ok
1785385374.160466000,39,ok
1785385374.190241000,43,ok
1785385374.167924000,50,ok
1785385374.153605000,56,ok
1785385374.183621000,45,ok
1785385374.168433000,57,ok
1785385374.193634000,56,ok
1785385374.222622000,65,ok
1785385374.226383000,47,ok
1785385374.249716000,69,ok
1785385374.255923000,46,ok
1785385374.260048000,46,ok
1785385374.258046000,59,ok
1785385374.251652000,48,ok
1785385374.255373000,59,ok
1785385374.287885000,52,ok
1785385374.300228000,43,ok
1785385374.304007000,36,ok
1785385374.311203000,48,ok
1785385374.331163000,47,ok
1785385374.310330000,49,ok
1785385374.318149000,51,ok
1785385374.357128000,36,ok
1785385374.348481000,55,ok
1785385374.365142000,38,ok
1785385374.361138000,49,ok
1785385374.355394000,46,ok
1785385374.375039000,52,ok
1785385374.399663000,43,ok
1785385374.373310000,46,ok
1785385374.383851000,37,ok
1785385374.388012000,50,ok
1785385374.419295000,42,ok
1785385374.407582000,34,ok
1785385374.420585000,41,ok
1785385374.433026000,46,ok
1785385374.429805000,42,ok
1785385374.438902000,50,ok
1785385374.468178000,48,ok
1785385374.471882000,44,ok
1785385374.468085000,49,ok
1785385374.466343000,41,ok
1785385374.492659000,38,ok
1785385374.478661000,40,ok
1785385374.492126000,37,ok
1785385374.486295000,40,ok
1785385374.492977000,30,ok
1785385374.485265000,50,ok
1785385374.520629000,38,ok
1785385374.525786000,44,ok
1785385374.546572000,44,ok
1785385374.541521000,39,ok
1785385374.529893000,53,ok
1785385374.535895000,42,ok
1785385374.558332000,35,ok
1785385374.567155000,37,ok
1785385374.583676000,44,ok
1785385374.583701000,37,ok
1785385374.587697000,44,ok
1785385374.597329000,45,ok
1785385374.586489000,34,ok
1785385374.601213000,37,ok
1785385374.629184000,37,ok
1785385374.636641000,43,ok
1785385374.629315000,38,ok
1785385374.619989000,47,ok
1785385374.645722000,54,ok
1785385374.653318000,53,ok
1785385374.654981000,38,ok
1785385374.659299000,51,ok
1785385374.692419000,47,ok
1785385374.699542000,31,ok
1785385374.709735000,40,ok
1785385374.700712000,62,ok
1785385374.713120000,45,ok
1785385374.702785000,37,ok
1785385374.709594000,44,ok
1785385374.735769000,45,ok
1785385374.719984000,41,ok
1785385374.730525000,44,ok
1785385374.757216000,39,ok
1785385374.731848000,46,ok
1785385374.758616000,40,ok
1785385374.768843000,42,ok
1785385374.750480000,45,ok
1785385374.761408000,40,ok
1785385374.802315000,34,ok
1785385374.809133000,40,ok
1785385374.818021000,49,ok
1785385374.824292000,49,ok
1785385374.837954000,40,ok
1785385374.844236000,43,ok
1785385374.828179000,47,ok
1785385374.845332000,43,ok
1785385374.834421000,49,ok
1785385374.853669000,45,ok
1785385374.849095000,48,ok
1785385374.854503000,40,ok
1785385374.852770000,37,ok
1785385374.877141000,43,ok
1785385374.878870000,35,ok
1785385374.874416000,38,ok
1785385374.905541000,39,ok
1785385374.903563000,35,ok
1785385374.921014000,30,ok
1785385374.916511000,45,ok
1785385374.923554000,34,ok
1785385374.962072000,44,ok
1785385374.951191000,42,ok
1785385374.957957000,44,ok
1785385374.952089000,50,ok
1785385374.954874000,32,ok
1785385374.967433000,45,ok
1785385374.955597000,36,ok
1785385374.966417000,41,ok
1785385374.984923000,46,ok
1785385374.980496000,46,ok
1785385374.987893000,45,ok
1785385375.011195000,35,ok
1785385375.013052000,45,ok
1785385375.011100000,38,ok
1785385375.036856000,43,ok
1785385375.051527000,34,ok
1785385375.073529000,54,ok
1785385375.059835000,43,ok
1785385375.079799000,34,ok
1785385375.052826000,70,ok
1785385375.080433000,45,ok
1785385375.091852000,52,ok
1785385375.058853000,45,ok
1785385375.121082000,50,ok
1785385375.121990000,47,ok
1785385375.124702000,58,ok
1785385375.133085000,51,ok
1785385375.130680000,55,ok
1785385375.182867000,45,ok
1785385375.191768000,46,ok
1785385375.180248000,47,ok
1785385375.188303000,40,ok
1785385375.190415000,47,ok
1785385375.190622000,47,ok
1785385375.201122000,54,ok
1785385375.198293000,45,ok
1785385375.197402000,48,ok
1785385375.206429000,42,ok
1785385375.201244000,59,ok
1785385375.237983000,46,ok
1785385375.239285000,48,ok
1785385375.244350000,33,ok
1785385375.242686000,45,ok
1785385375.249946000,47,ok
1785385375.271357000,34,ok
1785385375.288776000,40,ok
1785385375.285436000,32,ok
1785385375.299966000,43,ok
1785385375.289005000,38,ok
1785385375.290303000,35,ok
1785385375.316365000,49,ok
1785385375.320025000,43,ok
1785385375.307370000,48,ok
1785385375.304038000,42,ok
1785385375.321281000,41,ok
1785385375.349715000,38,ok
1785385375.358521000,37,ok
1785385375.362767000,46,ok
1785385375.368269000,37,ok
1785385375.371749000,45,ok
1785385375.398266000,34,ok
1785385375.391022000,41,ok
1785385375.400248000,45,ok
1785385375.409490000,39,ok
1785385375.404841000,49,ok
1785385375.416795000,43,ok
1785385375.423287000,45,ok
1785385375.431626000,40,ok
1785385375.432575000,38,ok
1785385375.428562000,59,ok
1785385375.437419000,42,ok
1785385375.465764000,39,ok
1785385375.469338000,38,ok
1785385375.486141000,39,ok
1785385375.458325000,36,ok
1785385375.486806000,34,ok
1785385375.509913000,45,ok
1785385375.504919000,40,ok
1785385375.511335000,47,ok
1785385375.514326000,53,ok
1785385375.498605000,39,ok
1785385375.523092000,42,ok
1785385375.529547000,47,ok
1785385375.542607000,45,ok
1785385375.539905000,54,ok
1785385375.560137000,53,ok
1785385375.566041000,48,ok
1785385375.568521000,37,ok
1785385375.604070000,40,ok
1785385375.616419000,49,ok
1785385375.610090000,40,ok
1785385375.600521000,40,ok
1785385375.621954000,39,ok
1785385375.599737000,51,ok
1785385375.618742000,48,ok
1785385375.629029000,42,ok
1785385375.623187000,37,ok
1785385375.648022000,37,ok
1785385375.650140000,39,ok
1785385375.656488000,46,ok
1785385375.656502000,37,ok
1785385375.650143000,41,ok
1785385375.687068000,50,ok
1785385375.685650000,55,ok
1785385375.713759000,44,ok
1785385375.720023000,35,ok
1785385375.711373000,55,ok
1785385375.714598000,32,ok
1785385375.722916000,53,ok
1785385375.721766000,56,ok
1785385375.716538000,45,ok
1785385375.752731000,50,ok
1785385375.737244000,58,ok
1785385375.772413000,32,ok
1785385375.781253000,42,ok
1785385375.782397000,49,ok
1785385375.791971000,46,ok
1785385375.783177000,48,ok
1785385375.808959000,56,ok
1785385375.819979000,37,ok
1785385375.828038000,52,ok
1785385375.831271000,35,ok
1785385375.841770000,42,ok
1785385375.833454000,46,ok
1785385375.833545000,41,ok
1785385375.845386000,38,ok
1785385375.841340000,46,ok
1785385375.855000000,34,ok
1785385375.883212000,47,ok
1785385375.901828000,48,ok
1785385375.879545000,63,ok
1785385375.901939000,42,ok
1785385375.911846000,47,ok
1785385375.915325000,40,ok
1785385375.911503000,49,ok
1785385375.937886000,48,ok
1785385375.913226000,35,ok
1785385375.944096000,35,ok
1785385375.943975000,54,ok
1785385375.946719000,30,ok
1785385375.945487000,42,ok
1785385375.949798000,44,ok
1785385375.950577000,45,ok
1785385375.969152000,34,ok
1785385375.988951000,42,ok
1785385375.996310000,43,ok
1785385375.993299000,42,ok
1785385376.018459000,42,ok
1785385376.041643000,48,ok
1785385376.063817000,43,ok
1785385376.035526000,48,ok
1785385376.033064000,43,ok
1785385376.046089000,53,ok
1785385376.055465000,34,ok
1785385376.052301000,45,ok
1785385376.060424000,49,ok
1785385376.066413000,47,ok
1785385376.063343000,45,ok
1785385376.091794000,46,ok
1785385376.067163000,36,ok
1785385376.099129000,38,ok
1785385376.124021000,32,ok
1785385376.100842000,32,ok
1785385376.131294000,46,ok
1785385376.162494000,54,ok
1785385376.161069000,44,ok
1785385376.167279000,52,ok
1785385376.161222000,53,ok
1785385376.156572000,45,ok
1785385376.173043000,52,ok
1785385376.168586000,52,ok
1785385376.185373000,46,ok
1785385376.203416000,50,ok
1785385376.185352000,63,ok
1785385376.204776000,58,ok
1785385376.242553000,52,ok
1785385376.225072000,56,ok
1785385376.233735000,61,ok
1785385376.267911000,45,ok
1785385376.259503000,57,ok
1785385376.302729000,37,ok
1785385376.293565000,46,ok
1785385376.300775000,44,ok
1785385376.285725000,54,ok
1785385376.310253000,63,ok
1785385376.280195000,32,ok
1785385376.316388000,49,ok
1785385376.319363000,56,ok
1785385376.311070000,42,ok
1785385376.333498000,53,ok
1785385376.353085000,43,ok
1785385376.355812000,49,ok
1785385376.350119000,55,ok
1785385376.407563000,43,ok
1785385376.375567000,54,ok
1785385376.395974000,44,ok
1785385376.404320000,42,ok
1785385376.419342000,52,ok
1785385376.416710000,42,ok
1785385376.413859000,43,ok
1785385376.441115000,46,ok
1785385376.416590000,51,ok
1785385376.439603000,42,ok
1785385376.432601000,41,ok
1785385376.453476000,45,ok
1785385376.471992000,47,ok
1785385376.483659000,45,ok
1785385376.478349000,55,ok
1785385376.513299000,47,ok
1785385376.526639000,51,ok
1785385376.522609000,32,ok
1785385376.545214000,65,ok
1785385376.546188000,65,ok
1785385376.551755000,67,ok
1785385376.558425000,57,ok
1785385376.558736000,55,ok
1785385376.563591000,67,ok
1785385376.557133000,58,ok
1785385376.569011000,48,ok
1785385376.567516000,36,ok
1785385376.601952000,34,ok
1785385376.602454000,35,ok
1785385376.618377000,40,ok
1785385376.651948000,44,ok
1785385376.632379000,43,ok
1785385376.663831000,38,ok
1785385376.655467000,47,ok
1785385376.633499000,43,ok
1785385376.671148000,47,ok
1785385376.649763000,35,ok
1785385376.663997000,36,ok
1785385376.672503000,46,ok
1785385376.676978000,54,ok
1785385376.685758000,41,ok
1785385376.679875000,52,ok
1785385376.684615000,40,ok
1785385376.712311000,52,ok
1785385376.735041000,52,ok
1785385376.761938000,46,ok
1785385376.751800000,40,ok
1785385376.794630000,57,ok
1785385376.771402000,57,ok
1785385376.792043000,55,ok
1785385376.791228000,47,ok
1785385376.790674000,66,ok
1785385376.803628000,63,ok
1785385376.794811000,63,ok
1785385376.793354000,44,ok
1785385376.793104000,57,ok
1785385376.798941000,57,ok
1785385376.820425000,56,ok
1785385376.846567000,32,ok
1785385376.839159000,57,ok
1785385376.856725000,33,ok
1785385376.888589000,36,ok
1785385376.906572000,43,ok
1785385376.889582000,40,ok
1785385376.884253000,39,ok
1785385376.898472000,39,ok
1785385376.910252000,39,ok
1785385376.910288000,47,ok
1785385376.901417000,50,ok
1785385376.909688000,43,ok
1785385376.902173000,44,ok
1785385376.913043000,44,ok
1785385376.903690000,45,ok
1785385376.917421000,33,ok
1785385376.943543000,38,ok
1785385376.954170000,37,ok
1785385376.962993000,37,ok
1785385376.983265000,38,ok
1785385376.994833000,42,ok
1785385377.000333000,55,ok
1785385376.994982000,42,ok
1785385377.018188000,54,ok
1785385377.017201000,43,ok
1785385377.010004000,53,ok
1785385377.014966000,52,ok
1785385377.017879000,41,ok
1785385377.018708000,50,ok
1785385377.029011000,57,ok
1785385377.020245000,42,ok
1785385377.038564000,42,ok
1785385377.060807000,39,ok
1785385377.071444000,34,ok
1785385377.072852000,41,ok
1785385377.098270000,32,ok
1785385377.090667000,47,ok
1785385377.123364000,51,ok
1785385377.103082000,37,ok
1785385377.135024000,46,ok
1785385377.127625000,61,ok
1785385377.126554000,42,ok
1785385377.138966000,37,ok
1785385377.133550000,46,ok
1785385377.128375000,45,ok
1785385377.137110000,52,ok
1785385377.137035000,37,ok
1785385377.136938000,43,ok
1785385377.179307000,34,ok
1785385377.190099000,41,ok
1785385377.196007000,39,ok
1785385377.203032000,35,ok
1785385377.208096000,55,ok
1785385377.227817000,42,ok
1785385377.220540000,41,ok
1785385377.208025000,37,ok
1785385377.238849000,55,ok
1785385377.237448000,41,ok
1785385377.251303000,53,ok
1785385377.248814000,50,ok
1785385377.246627000,41,ok
1785385377.250406000,40,ok
1785385377.248078000,37,ok
1785385377.267773000,44,ok
1785385377.285722000,29,ok
1785385377.292972000,41,ok
1785385377.291783000,32,ok
1785385377.296000000,33,ok
1785385377.324987000,34,ok
1785385377.325673000,39,ok
1785385377.324679000,47,ok
1785385377.368409000,51,ok
1785385377.367872000,49,ok
1785385377.344041000,54,ok
1785385377.367859000,52,ok
1785385377.359328000,46,ok
1785385377.367200000,63,ok
1785385377.361205000,53,ok
1785385377.375075000,70,ok
1785385377.395282000,41,ok
1785385377.429752000,42,ok
1785385377.427149000,58,ok
1785385377.433329000,60,ok
1785385377.445361000,33,ok
1785385377.433689000,49,ok
1785385377.448265000,44,ok
1785385377.481807000,50,ok
1785385377.470359000,33,ok
1785385377.483123000,36,ok
1785385377.481253000,52,ok
1785385377.473151000,55,ok
1785385377.485685000,57,ok
1785385377.505451000,33,ok
1785385377.489343000,47,ok
1785385377.513628000,47,ok
1785385377.548421000,39,ok
1785385377.521957000,49,ok
1785385377.548795000,40,ok
1785385377.554299000,37,ok
1785385377.553259000,48,ok
1785385377.569947000,56,ok
1785385377.582581000,28,ok
1785385377.600435000,43,ok
1785385377.601357000,42,ok
1785385377.588349000,42,ok
1785385377.596514000,40,ok
1785385377.597851000,49,ok
1785385377.637807000,41,ok
1785385377.645575000,59,ok
1785385377.652099000,48,ok
1785385377.649476000,43,ok
1785385377.645148000,51,ok
1785385377.638942000,52,ok
1785385377.663573000,57,ok
1785385377.684683000,59,ok
1785385377.701204000,43,ok
1785385377.684915000,56,ok
1785385377.700600000,45,ok
1785385377.700824000,53,ok
1785385377.695253000,37,ok
1785385377.719383000,50,ok
1785385377.720173000,50,ok
1785385377.717703000,51,ok
1785385377.748206000,32,ok
1785385377.744177000,31,ok
1785385377.750692000,39,ok
1785385377.775213000,39,ok
1785385377.754919000,38,ok
1785385377.772226000,47,ok
1785385377.808969000,45,ok
1785385377.780968000,55,ok
1785385377.803429000,42,ok
1785385377.810619000,34,ok
1785385377.807537000,45,ok
1785385377.807369000,41,ok
1785385377.813528000,38,ok
1785385377.811549000,43,ok
1785385377.843068000,42,ok
1785385377.829002000,63,ok
1785385377.882957000,45,ok
1785385377.879328000,47,ok
1785385377.899069000,43,ok
1785385377.886940000,43,ok
1785385377.879998000,46,ok
1785385377.867064000,49,ok
1785385377.886816000,51,ok
1785385377.920098000,42,ok
1785385377.916821000,62,ok
1785385377.930842000,48,ok
1785385377.911759000,55,ok
1785385377.927791000,48,ok
1785385377.960831000,46,ok
1785385377.968475000,49,ok
1785385377.987452000,43,ok
1785385377.979904000,33,ok
1785385378.007854000,40,ok
1785385377.980103000,46,ok
1785385377.996227000,41,ok
1785385378.004558000,43,ok
1785385378.018460000,52,ok
1785385378.026547000,38,ok
1785385378.022224000,50,ok
1785385378.026600000,44,ok
1785385378.014507000,43,ok
1785385378.032025000,48,ok
1785385378.040944000,46,ok
1785385378.067397000,56,ok
1785385378.081001000,41,ok
1785385378.078780000,45,ok
1785385378.092201000,44,ok
1785385378.087061000,44,ok
1785385378.106885000,39,ok
1785385378.117076000,49,ok
1785385378.115514000,45,ok
1785385378.117598000,37,ok
1785385378.119494000,51,ok
1785385378.116160000,38,ok
1785385378.130725000,39,ok
1785385378.133738000,46,ok
1785385378.132979000,42,ok
1785385378.153716000,42,ok
1785385378.158781000,47,ok
1785385378.165198000,41,ok
1785385378.188430000,41,ok
1785385378.213861000,47,ok
1785385378.197644000,45,ok
1785385378.214856000,39,ok
1785385378.240989000,39,ok
1785385378.220043000,58,ok
1785385378.221532000,53,ok
1785385378.246946000,38,ok
1785385378.242534000,38,ok
1785385378.242177000,41,ok
1785385378.241680000,31,ok
1785385378.246251000,46,ok
1785385378.258916000,42,ok
1785385378.261668000,35,ok
1785385378.281793000,36,ok
1785385378.290138000,40,ok
1785385378.301052000,38,ok
1785385378.336086000,48,ok
1785385378.332861000,47,ok
1785385378.332435000,31,ok
1785385378.345471000,38,ok
1785385378.337361000,48,ok
1785385378.338488000,36,ok
1785385378.337974000,39,ok
1785385378.341721000,31,ok
1785385378.345015000,37,ok
1785385378.359080000,42,ok
1785385378.374471000,47,ok
1785385378.355051000,43,ok
1785385378.389502000,56,ok
1785385378.393942000,36,ok
1785385378.401391000,40,ok
1785385378.403497000,41,ok
1785385378.462649000,59,ok
1785385378.452121000,57,ok
1785385378.462455000,49,ok
1785385378.463099000,54,ok
1785385378.450892000,43,ok
1785385378.458303000,56,ok
1785385378.460612000,52,ok
1785385378.460247000,48,ok
1785385378.474724000,45,ok
1785385378.479669000,47,ok
1785385378.494412000,41,ok
1785385378.497447000,55,ok
1785385378.515658000,38,ok
1785385378.521454000,30,ok
1785385378.526537000,58,ok
1785385378.531416000,43,ok
1785385378.562150000,37,ok
1785385378.569498000,43,ok
1785385378.561096000,32,ok
1785385378.573169000,39,ok
1785385378.575923000,40,ok
1785385378.577632000,45,ok
1785385378.574809000,61,ok
1785385378.574801000,47,ok
1785385378.599512000,38,ok
1785385378.588188000,38,ok
1785385378.614945000,46,ok
1785385378.626358000,43,ok
1785385378.640059000,49,ok
1785385378.617969000,48,ok
1785385378.640556000,44,ok
1785385378.636280000,36,ok
1785385378.663244000,35,ok
1785385378.661812000,40,ok
1785385378.677532000,38,ok
1785385378.667816000,38,ok
1785385378.684507000,39,ok
1785385378.681208000,37,ok
1785385378.699794000,45,ok
1785385378.689630000,46,ok
1785385378.714650000,41,ok
1785385378.706385000,45,ok
1785385378.717694000,32,ok
1785385378.740559000,40,ok
1785385378.738928000,44,ok
1785385378.740960000,37,ok
1785385378.755470000,42,ok
1785385378.747931000,42,ok
1785385378.771902000,44,ok
1785385378.763382000,41,ok
1785385378.780025000,36,ok
1785385378.777765000,38,ok
1785385378.782212000,46,ok
1785385378.788134000,45,ok
1785385378.795600000,44,ok
1785385378.806718000,37,ok
1785385378.791316000,38,ok
1785385378.807117000,35,ok
1785385378.814929000,28,ok
1785385378.837522000,36,ok
1785385378.840692000,27,ok
1785385378.844743000,35,ok
1785385378.844342000,41,ok
1785385378.835489000,40,ok
1785385378.857432000,35,ok
1785385378.883887000,41,ok
1785385378.878104000,48,ok
1785385378.894549000,52,ok
1785385378.899844000,43,ok
1785385378.896294000,36,ok
1785385378.904788000,37,ok
1785385378.904307000,28,ok
1785385378.911326000,45,ok
1785385378.917209000,31,ok
1785385378.938871000,55,ok
1785385378.934149000,39,ok
1785385378.951799000,36,ok
1785385378.952500000,40,ok
1785385378.950163000,50,ok
1785385378.953662000,38,ok
1785385378.972039000,41,ok
1785385379.009369000,47,ok
1785385378.998302000,37,ok
1785385378.990758000,37,ok
1785385378.998753000,40,ok
1785385379.011772000,46,ok
1785385379.014973000,52,ok
1785385379.027127000,51,ok
1785385379.035892000,60,ok
1785385379.044123000,41,ok
1785385379.049755000,37,ok
1785385379.045653000,34,ok
1785385379.064775000,35,ok
1785385379.065266000,38,ok
1785385379.067026000,42,ok
1785385379.070164000,36,ok
1785385379.091114000,48,ok
1785385379.097477000,35,ok
1785385379.095857000,32,ok
1785385379.111746000,32,ok
1785385379.101764000,40,ok
1785385379.117794000,37,ok
1785385379.120497000,45,ok
1785385379.149967000,36,ok
1785385379.153275000,44,ok
1785385379.142020000,46,ok
1785385379.150242000,46,ok
1785385379.171957000,48,ok
1785385379.151192000,46,ok
1785385379.183928000,37,ok
1785385379.175687000,37,ok
1785385379.171400000,46,ok
1785385379.188411000,40,ok
1785385379.184522000,30,ok
1785385379.205105000,45,ok
1785385379.224068000,43,ok
1785385379.229339000,37,ok
1785385379.226790000,42,ok
1785385379.261383000,54,ok
1785385379.252412000,56,ok
1785385379.269546000,50,ok
1785385379.296887000,66,ok
1785385379.285463000,64,ok
1785385379.301080000,60,ok
1785385379.300374000,50,ok
1785385379.317554000,63,ok
1785385379.291813000,47,ok
1785385379.303579000,59,ok
1785385379.309878000,49,ok
1785385379.314426000,58,ok
1785385379.322530000,34,ok
1785385379.359217000,38,ok
1785385379.353369000,35,ok
1785385379.367466000,36,ok
1785385379.360677000,36,ok
1785385379.379208000,41,ok
1785385379.383749000,37,ok
1785385379.389682000,43,ok
1785385379.397135000,43,ok
1785385379.396776000,43,ok
1785385379.409125000,59,ok
1785385379.417506000,44,ok
1785385379.418562000,45,ok
1785385379.418046000,48,ok
1785385379.415414000,46,ok
1785385379.416766000,52,ok
1785385379.446001000,33,ok
1785385379.440562000,45,ok
1785385379.461971000,40,ok
1785385379.450250000,36,ok
1785385379.462041000,39,ok
1785385379.476000000,39,ok
1785385379.498440000,48,ok
1785385379.501913000,46,ok
1785385379.485933000,36,ok
1785385379.501441000,37,ok
1785385379.507375000,40,ok
1785385379.511162000,28,ok
1785385379.500463000,39,ok
1785385379.525924000,44,ok
1785385379.533728000,42,ok
1785385379.543807000,34,ok
1785385379.524119000,37,ok
1785385379.548947000,34,ok
1785385379.543194000,35,ok
1785385379.578472000,44,ok
1785385379.560857000,41,ok
1785385379.591283000,46,ok
1785385379.617783000,57,ok
1785385379.600167000,48,ok
1785385379.622213000,41,ok
1785385379.614048000,34,ok
1785385379.628666000,68,ok
1785385379.599008000,38,ok
1785385379.639139000,52,ok
1785385379.628835000,43,ok
1785385379.649531000,38,ok
1785385379.637028000,38,ok
1785385379.651142000,33,ok
1785385379.648635000,48,ok
1785385379.651169000,38,ok
1785385379.704792000,45,ok
1785385379.715671000,49,ok
1785385379.719257000,44,ok
1785385379.721971000,36,ok
1785385379.733013000,55,ok
1785385379.704782000,40,ok
1785385379.725082000,54,ok
1785385379.725913000,35,ok
1785385379.726015000,35,ok
1785385379.735267000,34,ok
1785385379.739014000,36,ok
1785385379.736969000,46,ok
1785385379.734868000,43,ok
1785385379.755140000,40,ok
1785385379.751181000,49,ok
1785385379.769200000,37,ok
1785385379.806582000,43,ok
1785385379.821967000,34,ok
1785385379.817752000,41,ok
1785385379.829802000,47,ok
1785385379.828219000,41,ok
1785385379.817475000,50,ok
1785385379.822622000,38,ok
1785385379.839886000,44,ok
1785385379.815873000,34,ok
1785385379.812398000,36,ok
1785385379.831781000,49,ok
1785385379.849276000,35,ok
1785385379.850402000,47,ok
1785385379.861784000,34,ok
1785385379.859856000,42,ok
1785385379.876914000,47,ok
1785385379.891886000,26,ok
1785385379.903353000,33,ok
1785385379.930438000,40,ok
1785385379.917700000,37,ok
1785385379.919857000,44,ok
1785385379.926634000,44,ok
1785385379.918874000,40,ok
1785385379.915730000,35,ok
1785385379.939883000,43,ok
1785385379.929528000,40,ok
1785385379.935365000,45,ok
1785385379.957743000,58,ok
1785385379.955223000,46,ok
1785385379.961175000,39,ok
1785385379.964269000,38,ok
1785385379.989089000,35,ok
1785385379.997306000,35,ok
1785385379.989822000,38,ok
1785385380.017262000,35,ok
1785385380.037681000,39,ok
1785385380.027816000,45,ok
1785385380.036848000,41,ok
1785385380.040236000,48,ok
1785385380.036373000,60,ok
1785385380.036360000,60,ok
1785385380.039565000,41,ok
1785385380.066109000,30,ok
1785385380.055746000,48,ok
1785385380.067705000,42,ok
1785385380.066713000,52,ok
1785385380.071939000,39,ok
1785385380.107750000,49,ok
1785385380.108200000,55,ok
1785385380.108865000,42,ok
1785385380.134584000,47,ok
1785385380.153502000,41,ok
1785385380.149872000,44,ok
1785385380.155575000,39,ok
1785385380.166837000,41,ok
1785385380.150883000,39,ok
1785385380.171197000,43,ok
1785385380.174172000,47,ok
1785385380.166198000,59,ok
1785385380.168635000,44,ok
1785385380.187154000,49,ok
1785385380.187649000,56,ok
1785385380.198771000,36,ok
1785385380.220189000,46,ok
1785385380.223143000,37,ok
1785385380.220862000,36,ok
1785385380.268083000,48,ok
1785385380.255478000,41,ok
1785385380.266331000,38,ok
1785385380.270559000,49,ok
1785385380.289714000,34,ok
1785385380.279699000,47,ok
1785385380.272977000,48,ok
1785385380.267897000,39,ok
1785385380.284315000,42,ok
1785385380.287664000,46,ok
1785385380.288684000,50,ok
1785385380.298567000,38,ok
1785385380.312986000,37,ok
1785385380.332307000,46,ok
1785385380.329379000,40,ok
1785385380.347557000,43,ok
1785385380.358884000,36,ok
1785385380.381184000,44,ok
1785385380.379268000,52,ok
1785385380.381493000,46,ok
1785385380.389830000,46,ok
1785385380.381939000,44,ok
1785385380.374786000,33,ok
1785385380.397291000,51,ok
1785385380.409822000,68,ok
1785385380.406186000,51,ok
1785385380.386025000,49,ok
1785385380.412093000,68,ok
1785385380.446765000,42,ok
1785385380.446648000,58,ok
1785385380.451567000,43,ok
1785385380.470540000,52,ok
1785385380.500154000,39,ok
1785385380.486453000,36,ok
1785385380.501905000,38,ok
1785385380.502392000,35,ok
1785385380.493213000,36,ok
1785385380.520977000,38,ok
1785385380.523273000,40,ok
1785385380.500577000,47,ok
1785385380.517227000,45,ok
1785385380.516406000,50,ok
1785385380.520549000,34,ok
1785385380.523909000,47,ok
1785385380.547653000,32,ok
1785385380.549904000,34,ok
1785385380.571768000,32,ok
1785385380.551809000,32,ok
1785385380.591181000,36,ok
1785385380.599765000,43,ok
1785385380.607696000,38,ok
1785385380.602690000,49,ok
1785385380.593840000,40,ok
1785385380.611752000,42,ok
1785385380.616046000,33,ok
1785385380.619933000,49,ok
1785385380.611907000,34,ok
1785385380.614447000,43,ok
1785385380.613799000,48,ok
1785385380.643677000,38,ok
1785385380.648798000,45,ok
1785385380.655909000,38,ok
1785385380.660976000,30,ok
1785385380.661036000,35,ok
1785385380.690118000,39,ok
1785385380.693352000,39,ok
1785385380.689424000,38,ok
1785385380.688891000,36,ok
1785385380.719671000,46,ok
1785385380.687771000,35,ok
1785385380.726924000,48,ok
1785385380.736457000,41,ok
1785385380.740246000,51,ok
1785385380.728939000,34,ok
1785385380.723900000,42,ok
1785385380.751230000,32,ok
1785385380.752557000,48,ok
1785385380.723526000,39,ok
1785385380.760601000,42,ok
1785385380.786506000,43,ok
1785385380.803075000,39,ok
1785385380.793314000,38,ok
1785385380.802467000,42,ok
1785385380.813789000,45,ok
1785385380.812640000,41,ok
1785385380.817283000,45,ok
1785385380.834968000,32,ok
1785385380.814680000,31,ok
1785385380.834422000,34,ok
1785385380.831378000,40,ok
1785385380.836615000,48,ok
1785385380.846454000,45,ok
1785385380.851693000,47,ok
1785385380.840562000,44,ok
1785385380.870322000,41,ok
1785385380.889262000,40,ok
1785385380.924597000,42,ok
1785385380.922784000,41,ok
1785385380.909851000,51,ok
1785385380.895615000,39,ok
1785385380.915256000,48,ok
1785385380.910893000,39,ok
1785385380.932205000,31,ok
1785385380.921284000,46,ok
1785385380.927657000,44,ok
1785385380.940747000,41,ok
1785385380.955463000,44,ok
1785385380.965736000,38,ok
1785385380.953721000,49,ok
1785385380.962327000,35,ok
1785385381.003458000,51,ok
1785385381.018665000,47,ok
1785385381.026669000,47,ok
1785385381.041139000,55,ok
1785385381.035330000,50,ok
1785385381.043195000,46,ok
1785385381.028267000,42,ok
1785385381.035872000,52,ok
1785385381.058229000,46,ok
1785385381.054731000,41,ok
1785385381.055112000,62,ok
1785385381.060820000,32,ok
1785385381.062401000,37,ok
1785385381.055144000,48,ok
1785385381.074468000,47,ok
1785385381.084713000,39,ok
1785385381.137795000,58,ok
1785385381.141991000,57,ok
1785385381.159134000,64,ok
1785385381.140241000,65,ok
1785385381.160356000,43,ok
1785385381.163474000,47,ok
1785385381.171252000,64,ok
1785385381.174781000,67,ok
1785385381.193378000,56,ok
1785385381.159248000,41,ok
1785385381.163515000,67,ok
1785385381.192566000,49,ok
1785385381.195184000,48,ok
1785385381.195754000,59,ok
1785385381.211415000,32,ok
1785385381.237743000,41,ok
1785385381.256160000,35,ok
1785385381.251898000,36,ok
1785385381.286813000,47,ok
1785385381.293888000,48,ok
1785385381.282535000,52,ok
1785385381.280993000,39,ok
1785385381.275777000,46,ok
1785385381.274375000,46,ok
1785385381.286693000,48,ok
1785385381.296083000,41,ok
1785385381.317180000,66,ok
1785385381.308318000,57,ok
1785385381.310374000,52,ok
1785385381.337177000,44,ok
1785385381.352489000,46,ok
1785385381.356913000,37,ok
1785385381.366654000,44,ok
1785385381.399194000,56,ok
1785385381.392830000,35,ok
1785385381.392312000,37,ok
1785385381.407620000,45,ok
1785385381.396168000,42,ok
1785385381.421470000,39,ok
1785385381.416581000,33,ok
1785385381.413657000,44,ok
1785385381.416561000,58,ok
1785385381.412335000,46,ok
1785385381.421618000,54,ok
1785385381.421408000,51,ok
1785385381.464175000,30,ok
1785385381.454470000,41,ok
1785385381.465666000,40,ok
1785385381.461897000,42,ok
1785385381.502282000,36,ok
1785385381.508563000,41,ok
1785385381.508742000,40,ok
1785385381.506285000,44,ok
1785385381.502310000,45,ok
1785385381.515429000,52,ok
1785385381.506910000,51,ok
1785385381.513942000,46,ok
1785385381.519462000,35,ok
1785385381.520359000,42,ok
1785385381.523688000,47,ok
1785385381.525429000,36,ok
1785385381.554831000,32,ok
1785385381.571928000,45,ok
1785385381.567437000,42,ok
1785385381.592969000,30,ok
1785385381.608052000,34,ok
1785385381.582803000,42,ok
1785385381.604055000,36,ok
1785385381.602984000,32,ok
1785385381.611320000,37,ok
1785385381.625883000,42,ok
1785385381.625870000,31,ok
1785385381.607204000,30,ok
1785385381.608342000,46,ok
1785385381.633755000,49,ok
1785385381.631076000,31,ok
1785385381.640265000,40,ok
1785385381.653633000,42,ok
1785385381.696609000,53,ok
1785385381.714979000,41,ok
1785385381.702900000,60,ok
1785385381.717295000,60,ok
1785385381.724630000,42,ok
1785385381.715773000,55,ok
1785385381.710683000,53,ok
1785385381.722774000,64,ok
1785385381.722005000,53,ok
1785385381.721334000,48,ok
1785385381.747552000,42,ok
1785385381.748382000,38,ok
1785385381.750955000,39,ok
1785385381.756869000,46,ok
1785385381.762353000,41,ok
1785385381.783554000,42,ok
1785385381.796349000,42,ok
1785385381.810591000,38,ok
1785385381.810011000,38,ok
1785385381.827695000,41,ok
1785385381.813192000,32,ok
1785385381.821615000,37,ok
1785385381.829616000,35,ok
1785385381.824937000,47,ok
1785385381.852478000,47,ok
1785385381.862750000,45,ok
1785385381.844753000,33,ok
1785385381.841725000,30,ok
1785385381.853060000,52,ok
1785385381.880476000,41,ok
1785385381.881192000,37,ok
1785385381.886961000,43,ok
1785385381.919411000,47,ok
1785385381.945544000,36,ok
1785385381.928242000,45,ok
1785385381.950631000,39,ok
1785385381.927386000,41,ok
1785385381.953555000,40,ok
1785385381.948573000,45,ok
1785385381.942783000,42,ok
1785385381.928032000,44,ok
1785385381.963346000,39,ok
1785385381.959235000,39,ok
1785385381.975926000,41,ok
1785385381.989485000,40,ok
1785385381.984314000,42,ok
1785385381.981252000,34,ok
1785385381.994566000,33,ok
1785385382.041373000,45,ok
1785385382.038042000,42,ok
1785385382.050445000,34,ok
1785385382.023445000,43,ok
1785385382.045994000,40,ok
1785385382.054372000,39,ok
1785385382.056127000,47,ok
1785385382.052797000,52,ok
1785385382.071816000,61,ok
1785385382.059711000,52,ok
1785385382.089501000,48,ok
1785385382.070949000,35,ok
1785385382.095043000,40,ok
1785385382.094777000,44,ok
1785385382.118352000,41,ok
1785385382.123862000,38,ok
1785385382.139387000,37,ok
1785385382.144119000,36,ok
1785385382.152534000,35,ok
1785385382.152380000,41,ok
1785385382.149576000,39,ok
1785385382.155885000,38,ok
1785385382.169304000,41,ok
1785385382.162952000,33,ok
1785385382.174424000,33,ok
1785385382.182665000,41,ok
1785385382.187533000,42,ok
1785385382.203604000,31,ok
1785385382.202834000,37,ok
1785385382.209527000,38,ok
1785385382.202588000,47,ok
1785385382.260642000,47,ok
1785385382.234210000,40,ok
1785385382.260517000,41,ok
1785385382.263729000,53,ok
1785385382.274020000,54,ok
1785385382.267303000,47,ok
1785385382.271850000,48,ok
1785385382.288681000,57,ok
1785385382.270281000,39,ok
1785385382.284157000,35,ok
1785385382.320220000,39,ok
1785385382.308870000,54,ok
1785385382.311447000,40,ok
1785385382.313174000,47,ok
1785385382.315904000,46,ok
1785385382.337413000,46,ok
1785385382.369233000,46,ok
1785385382.383398000,42,ok
1785385382.378083000,37,ok
1785385382.383699000,46,ok
1785385382.386606000,54,ok
1785385382.368168000,35,ok
1785385382.385181000,49,ok
1785385382.385847000,52,ok
1785385382.385488000,44,ok
1785385382.385359000,32,ok
1785385382.428458000,38,ok
1785385382.417014000,36,ok
1785385382.435648000,37,ok
1785385382.429722000,39,ok
1785385382.444167000,39,ok
1785385382.474977000,37,ok
1785385382.460389000,38,ok
1785385382.486434000,39,ok
1785385382.486147000,44,ok
1785385382.490432000,43,ok
1785385382.501065000,51,ok
1785385382.496010000,50,ok
1785385382.490747000,41,ok
1785385382.497617000,44,ok
1785385382.499950000,41,ok
1785385382.498677000,39,ok
1785385382.541480000,35,ok
1785385382.541189000,38,ok
1785385382.516960000,36,ok
1785385382.544575000,46,ok
1785385382.540617000,45,ok
1785385382.556695000,33,ok
1785385382.596812000,55,ok
1785385382.592452000,47,ok
1785385382.601130000,36,ok
1785385382.602914000,44,ok
1785385382.596489000,63,ok
1785385382.598980000,43,ok
1785385382.609782000,29,ok
1785385382.616877000,51,ok
1785385382.607901000,47,ok
1785385382.638704000,39,ok
1785385382.631069000,53,ok
1785385382.636912000,45,ok
1785385382.653019000,50,ok
1785385382.666358000,41,ok
1785385382.677019000,39,ok
1785385382.665160000,50,ok
1785385382.686112000,31,ok
1785385382.699483000,36,ok
1785385382.712028000,40,ok
1785385382.718405000,48,ok
1785385382.711553000,49,ok
1785385382.718458000,45,ok
1785385382.701221000,40,ok
1785385382.717186000,47,ok
1785385382.728493000,32,ok
1785385382.710113000,40,ok
1785385382.751094000,46,ok
1785385382.747367000,43,ok
1785385382.755632000,36,ok
1785385382.750625000,42,ok
1785385382.763737000,35,ok
1785385382.776531000,36,ok
1785385382.787514000,58,ok
1785385382.814435000,42,ok
1785385382.817055000,39,ok
1785385382.811778000,33,ok
1785385382.816000000,35,ok
1785385382.817195000,45,ok
1785385382.822845000,46,ok
1785385382.823302000,42,ok
1785385382.836180000,46,ok
1785385382.832595000,42,ok
1785385382.840832000,25,ok
1785385382.857198000,31,ok
1785385382.857564000,39,ok
1785385382.853781000,42,ok
1785385382.855956000,34,ok
1785385382.882389000,37,ok
1785385382.904472000,37,ok
1785385382.917336000,34,ok
1785385382.917199000,42,ok
1785385382.921835000,42,ok
1785385382.921175000,44,ok
1785385382.907112000,44,ok
1785385382.916436000,44,ok
1785385382.917953000,40,ok
1785385382.935047000,34,ok
1785385382.951870000,31,ok
1785385382.959798000,39,ok
1785385382.966745000,43,ok
1785385382.967247000,37,ok
1785385382.966765000,48,ok
1785385382.970074000,41,ok
1785385382.978672000,34,ok
1785385383.017781000,36,ok
1785385383.021861000,40,ok
1785385383.023122000,48,ok
1785385383.021762000,47,ok
1785385383.026523000,44,ok
1785385383.033511000,45,ok
1785385383.032628000,44,ok
1785385383.050867000,35,ok
1785385383.060319000,55,ok
1785385383.055109000,51,ok
1785385383.062767000,38,ok
1785385383.069414000,40,ok
1785385383.072339000,41,ok
1785385383.065573000,72,ok
1785385383.093156000,37,ok
1785385383.115837000,45,ok
1785385383.125322000,38,ok
1785385383.134909000,46,ok
1785385383.131232000,44,ok
1785385383.144298000,40,ok
1785385383.142658000,45,ok
1785385383.165646000,35,ok
1785385383.149450000,33,ok
1785385383.165015000,28,ok
1785385383.170647000,43,ok
1785385383.184251000,47,ok
1785385383.186010000,46,ok
1785385383.188874000,49,ok
1785385383.187744000,30,ok
1785385383.192896000,38,ok
1785385383.202722000,44,ok
1785385383.225527000,43,ok
1785385383.221643000,31,ok
1785385383.251496000,33,ok
1785385383.243484000,41,ok
1785385383.240040000,38,ok
1785385383.264199000,52,ok
1785385383.274949000,50,ok
1785385383.272154000,39,ok
1785385383.289266000,34,ok
1785385383.287490000,53,ok
1785385383.285091000,46,ok
1785385383.294534000,59,ok
1785385383.315620000,58,ok
1785385383.300978000,58,ok
1785385383.315686000,36,ok
1785385383.352363000,50,ok
1785385383.349034000,46,ok
1785385383.362115000,42,ok
1785385383.384941000,49,ok
1785385383.387103000,51,ok
1785385383.381811000,45,ok
1785385383.383754000,52,ok
1785385383.397337000,45,ok
1785385383.395040000,32,ok
1785385383.413225000,44,ok
1785385383.434158000,35,ok
1785385383.417268000,40,ok
1785385383.438864000,43,ok
1785385383.438938000,54,ok
1785385383.448439000,41,ok
1785385383.442547000,50,ok
1785385383.433405000,53,ok
1785385383.471141000,35,ok
1785385383.498135000,45,ok
1785385383.487775000,44,ok
1785385383.519170000,38,ok
1785385383.485410000,36,ok
1785385383.521227000,50,ok
1785385383.511161000,40,ok
1785385383.516000000,40,ok
1785385383.519596000,37,ok
1785385383.524794000,38,ok
1785385383.540698000,42,ok
1785385383.545821000,50,ok
1785385383.547487000,33,ok
1785385383.555226000,41,ok
1785385383.551094000,34,ok
1785385383.550405000,37,ok
1785385383.598995000,36,ok
1785385383.613398000,38,ok
1785385383.584664000,33,ok
1785385383.609845000,35,ok
1785385383.602202000,30,ok
1785385383.605594000,37,ok
1785385383.580771000,36,ok
1785385383.609379000,28,ok
1785385383.636710000,38,ok
1785385383.639846000,34,ok
1785385383.641064000,47,ok
1785385383.653667000,42,ok
1785385383.651786000,49,ok
1785385383.652429000,38,ok
1785385383.663146000,51,ok
1785385383.661018000,45,ok
1785385383.703078000,45,ok
1785385383.708948000,45,ok
1785385383.712498000,46,ok
1785385383.706507000,43,ok
1785385383.703104000,38,ok
1785385383.711892000,36,ok
1785385383.711037000,42,ok
1785385383.746932000,33,ok
1785385383.714820000,41,ok
1785385383.750416000,33,ok
1785385383.746911000,40,ok
1785385383.751034000,43,ok
1785385383.759806000,39,ok
1785385383.756117000,43,ok
1785385383.766445000,45,ok
1785385383.785198000,54,ok
1785385383.793875000,31,ok
1785385383.805150000,35,ok
1785385383.820542000,40,ok
1785385383.833238000,37,ok
1785385383.820943000,37,ok
1785385383.827875000,47,ok
1785385383.822189000,47,ok
1785385383.829138000,44,ok
1785385383.845127000,51,ok
1785385383.854790000,36,ok
1785385383.878510000,49,ok
1785385383.868696000,54,ok
1785385383.874010000,49,ok
1785385383.876280000,29,ok
1785385383.882326000,54,ok
1785385383.878802000,42,ok
1785385383.889065000,44,ok
1785385383.920142000,34,ok
1785385383.934479000,43,ok
1785385383.926399000,40,ok
1785385383.938462000,44,ok
1785385383.936017000,36,ok
1785385383.931323000,36,ok
1785385383.933043000,41,ok
1785385383.954421000,42,ok
1785385383.961554000,34,ok
1785385383.970795000,40,ok
1785385383.968027000,28,ok
1785385383.960753000,33,ok
1785385383.981581000,35,ok
1785385383.991894000,40,ok
1785385383.984023000,44,ok
1785385383.989690000,38,ok
1785385384.018160000,36,ok
1785385384.016099000,34,ok
1785385384.036253000,42,ok
1785385384.039208000,38,ok
1785385384.034168000,41,ok
1785385384.036611000,41,ok
1785385384.057797000,38,ok
1785385384.047835000,48,ok
1785385384.055841000,28,ok
1785385384.069297000,40,ok
1785385384.057985000,39,ok
1785385384.060879000,40,ok
1785385384.089090000,35,ok
1785385384.071984000,45,ok
1785385384.102370000,34,ok
1785385384.097546000,46,ok
1785385384.103711000,38,ok
1785385384.123692000,30,ok
1785385384.144219000,39,ok
1785385384.134832000,60,ok
1785385384.141715000,38,ok
1785385384.163108000,47,ok
1785385384.162957000,41,ok
1785385384.168433000,48,ok
1785385384.167606000,38,ok
1785385384.158432000,42,ok
1785385384.174760000,39,ok
1785385384.186460000,35,ok
1785385384.176146000,38,ok
1785385384.187491000,39,ok
1785385384.203580000,32,ok
1785385384.204186000,35,ok
1785385384.226581000,32,ok
1785385384.226637000,43,ok
1785385384.251474000,51,ok
1785385384.253568000,38,ok
1785385384.229772000,37,ok
1785385384.228719000,33,ok
1785385384.265273000,32,ok
1785385384.260291000,32,ok
1785385384.261020000,36,ok
1785385384.283598000,39,ok
1785385384.270111000,49,ok
1785385384.290664000,46,ok
1785385384.294616000,45,ok
1785385384.291896000,44,ok
1785385384.314579000,48,ok
1785385384.315016000,30,ok
1785385384.328656000,40,ok
1785385384.345897000,37,ok
1785385384.333943000,32,ok
1785385384.336850000,45,ok
1785385384.359975000,34,ok
1785385384.374876000,50,ok
1785385384.382237000,38,ok
1785385384.382660000,34,ok
1785385384.394021000,48,ok
1785385384.379859000,43,ok
1785385384.409139000,37,ok
1785385384.391741000,38,ok
1785385384.425229000,41,ok
1785385384.408207000,53,ok
1785385384.410574000,47,ok
1785385384.431035000,45,ok
1785385384.433697000,57,ok
1785385384.446832000,41,ok
1785385384.452312000,42,ok
1785385384.466055000,34,ok
1785385384.477746000,32,ok
1785385384.456894000,38,ok
1785385384.481764000,36,ok
1785385384.489435000,36,ok
1785385384.491808000,34,ok
1785385384.492194000,37,ok
1785385384.515456000,30,ok
1785385384.509875000,28,ok
1785385384.528345000,40,ok
1785385384.519984000,50,ok
1785385384.524530000,38,ok
1785385384.519452000,32,ok
1785385384.518757000,38,ok
1785385384.561308000,34,ok
1785385384.559686000,40,ok
1785385384.563816000,31,ok
1785385384.569240000,44,ok
1785385384.575741000,39,ok
1785385384.579514000,45,ok
1785385384.605276000,45,ok
1785385384.596556000,38,ok
1785385384.599197000,52,ok
1785385384.608224000,32,ok
1785385384.620311000,40,ok
1785385384.627993000,39,ok
1785385384.624538000,38,ok
1785385384.623848000,45,ok
1785385384.642672000,34,ok
1785385384.603414000,37,ok
1785385384.656101000,39,ok
1785385384.655935000,32,ok
1785385384.657226000,28,ok
1785385384.672258000,29,ok
1785385384.671946000,40,ok
1785385384.683028000,35,ok
1785385384.685343000,33,ok
1785385384.705214000,43,ok
1785385384.733850000,58,ok
1785385384.738588000,40,ok
1785385384.735198000,62,ok
1785385384.739061000,53,ok
1785385384.738450000,61,ok
1785385384.746173000,38,ok
1785385384.749936000,48,ok
1785385384.756981000,34,ok
1785385384.765949000,37,ok
1785385384.761055000,59,ok
1785385384.782732000,31,ok
1785385384.770261000,47,ok
1785385384.772903000,47,ok
1785385384.785999000,31,ok
1785385384.807722000,38,ok
1785385384.812523000,36,ok
1785385384.835520000,43,ok
1785385384.843762000,38,ok
1785385384.834081000,44,ok
1785385384.833530000,32,ok
1785385384.836826000,45,ok
1785385384.846129000,41,ok
1785385384.861276000,41,ok
1785385384.854081000,45,ok
1785385384.863643000,38,ok
1785385384.878168000,25,ok
1785385384.886295000,52,ok
1785385384.868226000,40,ok
1785385384.876931000,43,ok
1785385384.895386000,47,ok
1785385384.934056000,38,ok
1785385384.908294000,40,ok
1785385384.927616000,31,ok
1785385384.930104000,37,ok
1785385384.932589000,30,ok
1785385384.937114000,40,ok
1785385384.930143000,37,ok
1785385384.947189000,31,ok
1785385384.950398000,36,ok
1785385384.959304000,38,ok
1785385384.978694000,33,ok
1785385384.976543000,37,ok
1785385384.977651000,37,ok
1785385384.974340000,39,ok
1785385384.981224000,40,ok
1785385384.995186000,36,ok
1785385385.020896000,31,ok
1785385385.024102000,41,ok
1785385385.025379000,42,ok
1785385385.018254000,32,ok
1785385385.027406000,41,ok
1785385385.028608000,27,ok
1785385385.036996000,41,ok
1785385385.046116000,37,ok
1785385385.057754000,36,ok
1785385385.055662000,37,ok
1785385385.082989000,36,ok
1785385385.071048000,37,ok
1785385385.090401000,47,ok
1785385385.084498000,44,ok
1785385385.092002000,50,ok
1785385385.106898000,49,ok
1785385385.114725000,40,ok
1785385385.129563000,43,ok
1785385385.133420000,36,ok
1785385385.133013000,50,ok
1785385385.135651000,33,ok
1785385385.140978000,40,ok
1785385385.147070000,45,ok
1785385385.169653000,48,ok
1785385385.173264000,57,ok
1785385385.194381000,50,ok
1785385385.183271000,41,ok
1785385385.184230000,36,ok
1785385385.176156000,49,ok
1785385385.200342000,40,ok
1785385385.202695000,48,ok
1785385385.220592000,49,ok
1785385385.236329000,35,ok
1785385385.230979000,39,ok
1785385385.242258000,39,ok
1785385385.247392000,41,ok
1785385385.260389000,28,ok
1785385385.262470000,43,ok
1785385385.259375000,40,ok
1785385385.288753000,38,ok
1785385385.288517000,36,ok
1785385385.298449000,46,ok
1785385385.301499000,43,ok
1785385385.297628000,36,ok
1785385385.304610000,38,ok
1785385385.318088000,47,ok
1785385385.312416000,39,ok
1785385385.319286000,31,ok
1785385385.348366000,40,ok
1785385385.339850000,37,ok
1785385385.350524000,36,ok
1785385385.360047000,44,ok
1785385385.365714000,40,ok
1785385385.358864000,48,ok
1785385385.363194000,40,ok
1785385385.407973000,43,ok
1785385385.409063000,43,ok
1785385385.404430000,54,ok
1785385385.407210000,40,ok
1785385385.424769000,40,ok
1785385385.409451000,42,ok
1785385385.436654000,66,ok
1785385385.428158000,41,ok
1785385385.433916000,33,ok
1785385385.431861000,40,ok
1785385385.447901000,37,ok
1785385385.453166000,33,ok
1785385385.454194000,40,ok
1785385385.469374000,42,ok
1785385385.484762000,48,ok
1785385385.475208000,41,ok
1785385385.508687000,39,ok
1785385385.508023000,42,ok
1785385385.501331000,34,ok
1785385385.506945000,35,ok
1785385385.527934000,56,ok
1785385385.525032000,41,ok
1785385385.536889000,36,ok
1785385385.541422000,47,ok
1785385385.540014000,49,ok
1785385385.549824000,51,ok
1785385385.553753000,39,ok
1785385385.573164000,31,ok
1785385385.581429000,35,ok
1785385385.571218000,35,ok
1785385385.579169000,37,ok
1785385385.578010000,31,ok
1785385385.623273000,36,ok
1785385385.613777000,43,ok
1785385385.609934000,31,ok
1785385385.621067000,37,ok
1785385385.637045000,49,ok
1785385385.626974000,35,ok
1785385385.637579000,45,ok
1785385385.666982000,35,ok
1785385385.665039000,46,ok
1785385385.637924000,45,ok
1785385385.660406000,41,ok
1785385385.674828000,36,ok
1785385385.671820000,35,ok
1785385385.675723000,43,ok
1785385385.668064000,47,ok
1785385385.696041000,53,ok
1785385385.714475000,31,ok
1785385385.719176000,33,ok
1785385385.728097000,38,ok
1785385385.730394000,37,ok
1785385385.720324000,33,ok
1785385385.727812000,37,ok
1785385385.751752000,37,ok
1785385385.769686000,48,ok
1785385385.758360000,35,ok
1785385385.756916000,41,ok
1785385385.770443000,43,ok
1785385385.771916000,51,ok
1785385385.782900000,43,ok
1785385385.775467000,55,ok
1785385385.816023000,33,ok
1785385385.792353000,48,ok
1785385385.811023000,45,ok
1785385385.810358000,37,ok
1785385385.803344000,37,ok
1785385385.820823000,41,ok
1785385385.829598000,38,ok
1785385385.858967000,38,ok
1785385385.853756000,35,ok
1785385385.875791000,33,ok
1785385385.864025000,31,ok
1785385385.876943000,38,ok
1785385385.868854000,35,ok
1785385385.885897000,45,ok
1785385385.893218000,52,ok
1785385385.895300000,36,ok
1785385385.884289000,35,ok
1785385385.907129000,35,ok
1785385385.906544000,33,ok
1785385385.916621000,48,ok
1785385385.926489000,44,ok
1785385385.915756000,38,ok
1785385385.950502000,51,ok
1785385385.957479000,36,ok
1785385385.945630000,32,ok
1785385385.983368000,44,ok
1785385385.972322000,33,ok
1785385385.970472000,35,ok
1785385385.998423000,41,ok
1785385386.002582000,51,ok
1785385386.003714000,44,ok
1785385386.005395000,48,ok
1785385386.005076000,30,ok
1785385385.981776000,38,ok
1785385385.992507000,51,ok
1785385386.008918000,40,ok
1785385386.011600000,28,ok
1785385386.030878000,43,ok
1785385386.053613000,39,ok
1785385386.061444000,31,ok
1785385386.049771000,42,ok
1785385386.077351000,35,ok
1785385386.063895000,49,ok
1785385386.080413000,37,ok
1785385386.106204000,51,ok
1785385386.101414000,44,ok
1785385386.105621000,28,ok
1785385386.100963000,34,ok
1785385386.090314000,39,ok
1785385386.103148000,40,ok
1785385386.117910000,40,ok
1785385386.104597000,42,ok
1785385386.104551000,35,ok
1785385386.131193000,38,ok
1785385386.157165000,29,ok
1785385386.159068000,39,ok
1785385386.159698000,40,ok
1785385386.161627000,43,ok
1785385386.195499000,41,ok
1785385386.181358000,43,ok
1785385386.184040000,37,ok
1785385386.195605000,26,ok
1785385386.210632000,42,ok
1785385386.211932000,37,ok
1785385386.207034000,39,ok
1785385386.211112000,46,ok
1785385386.226820000,41,ok
1785385386.195089000,39,ok
1785385386.225022000,39,ok
1785385386.236853000,41,ok
1785385386.262774000,36,ok
1785385386.270559000,35,ok
1785385386.288533000,45,ok
1785385386.270514000,35,ok
1785385386.276761000,47,ok
1785385386.302602000,51,ok
1785385386.303716000,39,ok
1785385386.308743000,32,ok
1785385386.303819000,38,ok
1785385386.311260000,37,ok
1785385386.310677000,39,ok
1785385386.317916000,57,ok
1785385386.312725000,37,ok
1785385386.330195000,36,ok
1785385386.348640000,34,ok
1785385386.349508000,42,ok
1785385386.360828000,31,ok
1785385386.381048000,32,ok
1785385386.381133000,32,ok
1785385386.378217000,37,ok
1785385386.385558000,41,ok
1785385386.406519000,45,ok
1785385386.414039000,37,ok
1785385386.418656000,40,ok
1785385386.416180000,37,ok
1785385386.408048000,40,ok
1785385386.429028000,43,ok
1785385386.410832000,36,ok
1785385386.436393000,35,ok
1785385386.432670000,50,ok
1785385386.453987000,36,ok
1785385386.454937000,32,ok
1785385386.462222000,46,ok
1785385386.477016000,39,ok
1785385386.479149000,39,ok
1785385386.510581000,30,ok
1785385386.482115000,45,ok
1785385386.508056000,57,ok
1785385386.521921000,37,ok
1785385386.518424000,44,ok
1785385386.516694000,44,ok
1785385386.519922000,47,ok
1785385386.537181000,46,ok
1785385386.552812000,44,ok
1785385386.537780000,40,ok
1785385386.543119000,48,ok
1785385386.558028000,37,ok
1785385386.581753000,52,ok
1785385386.575754000,49,ok
1785385386.602706000,42,ok
1785385386.603544000,45,ok
1785385386.594510000,41,ok
1785385386.611874000,39,ok
1785385386.602242000,44,ok
1785385386.621142000,39,ok
1785385386.616461000,44,ok
1785385386.631270000,35,ok
1785385386.627518000,49,ok
1785385386.653437000,36,ok
1785385386.668852000,37,ok
1785385386.665947000,46,ok
1785385386.671645000,39,ok
1785385386.675899000,42,ok
1785385386.669905000,33,ok
1785385386.682205000,40,ok
1785385386.701326000,36,ok
1785385386.694823000,32,ok
1785385386.698575000,36,ok
1785385386.718033000,38,ok
1785385386.724051000,38,ok
1785385386.726760000,41,ok
1785385386.724532000,28,ok
1785385386.729992000,36,ok
1785385386.728063000,35,ok
1785385386.754645000,44,ok
1785385386.770351000,32,ok
1785385386.773060000,46,ok
1785385386.776947000,44,ok
1785385386.776960000,48,ok
1785385386.785272000,37,ok
1785385386.801501000,35,ok
1785385386.794938000,34,ok
1785385386.793358000,47,ok
1785385386.807792000,39,ok
1785385386.825035000,35,ok
1785385386.818618000,43,ok
1785385386.830146000,46,ok
1785385386.825709000,33,ok
1785385386.836525000,43,ok
1785385386.844041000,41,ok
1785385386.885583000,48,ok
1785385386.873789000,52,ok
1785385386.869877000,40,ok
1785385386.891565000,41,ok
1785385386.878007000,30,ok
1785385386.901125000,40,ok
1785385386.897539000,42,ok
1785385386.883766000,41,ok
1785385386.913962000,41,ok
1785385386.894550000,43,ok
1785385386.931479000,49,ok
1785385386.936095000,33,ok
1785385386.941542000,35,ok
1785385386.932559000,40,ok
1785385386.954964000,41,ok
1785385386.935802000,38,ok
1785385386.974348000,35,ok
1785385386.972742000,35,ok
1785385386.976409000,35,ok
1785385386.984910000,32,ok
1785385386.999445000,43,ok
1785385386.998692000,39,ok
1785385386.999422000,35,ok
1785385386.993838000,44,ok
1785385387.027883000,44,ok
1785385387.027507000,49,ok
1785385387.033214000,45,ok
1785385387.044646000,42,ok
1785385387.044495000,38,ok
1785385387.058033000,46,ok
1785385387.042978000,34,ok
1785385387.045841000,36,ok
1785385387.083915000,39,ok
1785385387.084312000,31,ok
1785385387.095340000,42,ok
1785385387.097384000,35,ok
1785385387.107174000,51,ok
1785385387.112341000,38,ok
1785385387.109549000,39,ok
1785385387.116266000,44,ok
1785385387.120181000,53,ok
1785385387.139650000,44,ok
1785385387.125836000,36,ok
1785385387.132336000,46,ok
1785385387.151736000,38,ok
1785385387.151748000,28,ok
1785385387.148225000,37,ok
1785385387.145979000,41,ok
1785385387.188592000,35,ok
1785385387.185327000,38,ok
1785385387.187161000,40,ok
1785385387.230029000,36,ok
1785385387.226112000,40,ok
1785385387.219398000,47,ok
1785385387.233724000,69,ok
1785385387.224224000,43,ok
1785385387.238784000,55,ok
1785385387.221130000,40,ok
1785385387.250064000,30,ok
1785385387.221751000,42,ok
1785385387.248765000,50,ok
1785385387.251927000,36,ok
1785385387.258097000,41,ok
1785385387.267623000,35,ok
1785385387.296785000,37,ok
1785385387.319878000,44,ok
1785385387.312521000,43,ok
1785385387.310156000,40,ok
1785385387.327434000,41,ok
1785385387.306033000,54,ok
1785385387.332261000,46,ok
1785385387.336978000,34,ok
1785385387.355394000,46,ok
1785385387.330271000,43,ok
1785385387.355202000,48,ok
1785385387.353296000,47,ok
1785385387.365257000,42,ok
1785385387.373770000,46,ok
1785385387.366494000,47,ok
1785385387.379475000,35,ok
1785385387.384738000,38,ok
1785385387.414317000,37,ok
1785385387.415898000,37,ok
1785385387.439531000,51,ok
1785385387.442415000,41,ok
1785385387.442391000,40,ok
1785385387.433749000,42,ok
1785385387.419753000,44,ok
1785385387.436965000,44,ok
1785385387.452953000,39,ok
1785385387.437826000,42,ok
1785385387.462288000,47,ok
1785385387.471479000,35,ok
1785385387.471281000,42,ok
1785385387.488283000,38,ok
1785385387.492664000,44,ok
1785385387.540657000,46,ok
1785385387.509110000,42,ok
1785385387.538274000,41,ok
1785385387.514487000,28,ok
1785385387.541674000,44,ok
1785385387.532469000,39,ok
1785385387.562690000,45,ok
1785385387.569023000,47,ok
1785385387.567754000,54,ok
1785385387.560576000,55,ok
1785385387.569282000,32,ok
1785385387.556510000,54,ok
1785385387.581625000,56,ok
1785385387.608973000,36,ok
1785385387.600197000,39,ok
1785385387.618310000,35,ok
1785385387.633471000,35,ok
1785385387.647815000,48,ok
1785385387.654294000,48,ok
1785385387.660261000,44,ok
1785385387.651421000,51,ok
1785385387.664100000,41,ok
1785385387.662994000,41,ok
1785385387.660208000,38,ok
1785385387.696756000,48,ok
1785385387.703525000,56,ok
1785385387.691494000,38,ok
1785385387.703564000,59,ok
1785385387.718509000,50,ok
1785385387.725434000,43,ok
1785385387.731289000,40,ok
1785385387.754838000,43,ok
1785385387.749215000,48,ok
1785385387.756831000,39,ok
1785385387.784590000,52,ok
1785385387.787542000,33,ok
1785385387.787753000,55,ok
1785385387.786644000,46,ok
1785385387.808468000,54,ok
1785385387.801824000,52,ok
1785385387.825535000,40,ok
1785385387.836874000,39,ok
1785385387.835074000,31,ok
1785385387.838222000,47,ok
1785385387.844775000,46,ok
1785385387.856061000,48,ok
1785385387.859626000,37,ok
1785385387.851859000,51,ok
1785385387.859234000,27,ok
1785385387.873137000,36,ok
1785385387.888769000,40,ok
1785385387.916421000,57,ok
1785385387.906515000,39,ok
1785385387.903685000,44,ok
1785385387.925341000,41,ok
1785385387.921613000,52,ok
1785385387.931937000,34,ok
1785385387.941225000,29,ok
1785385387.941864000,51,ok
1785385387.937197000,49,ok
1785385387.928993000,35,ok
1785385387.961628000,39,ok
1785385387.961695000,39,ok
1785385387.968128000,33,ok
1785385387.967530000,37,ok
1785385387.964528000,33,ok
1785385388.030313000,44,ok
1785385387.998836000,43,ok
1785385388.015916000,35,ok
1785385388.024342000,39,ok
1785385388.029335000,59,ok
1785385388.029834000,54,ok
1785385388.000073000,31,ok
1785385388.028745000,32,ok
1785385388.050600000,48,ok
1785385388.052423000,49,ok
1785385388.056960000,45,ok
1785385388.084373000,41,ok
1785385388.066129000,38,ok
1785385388.082115000,34,ok
1785385388.087226000,35,ok
1785385388.082486000,37,ok
1785385388.120184000,35,ok
1785385388.119486000,36,ok
1785385388.127029000,39,ok
1785385388.124032000,34,ok
1785385388.128684000,36,ok
1785385388.150538000,53,ok
1785385388.124530000,44,ok
1785385388.125025000,41,ok
1785385388.155591000,47,ok
1785385388.161170000,33,ok
1785385388.159567000,30,ok
1785385388.158608000,57,ok
1785385388.168636000,42,ok
1785385388.195176000,59,ok
1785385388.197384000,43,ok
1785385388.198871000,45,ok
1785385388.228957000,42,ok
1785385388.225427000,39,ok
1785385388.251128000,38,ok
1785385388.242453000,44,ok
1785385388.265638000,39,ok
1785385388.241420000,38,ok
1785385388.251106000,39,ok
1785385388.249970000,42,ok
1785385388.251999000,36,ok
1785385388.250060000,33,ok
1785385388.287625000,37,ok
1785385388.267673000,37,ok
1785385388.275844000,39,ok
1785385388.291155000,33,ok
1785385388.291482000,39,ok
1785385388.325397000,29,ok
1785385388.294024000,31,ok
1785385388.325064000,32,ok
1785385388.358830000,39,ok
1785385388.358554000,38,ok
1785385388.354450000,40,ok
1785385388.353411000,42,ok
1785385388.361905000,41,ok
1785385388.365098000,42,ok
1785385388.371949000,55,ok
1785385388.358425000,43,ok
1785385388.385286000,49,ok
1785385388.386726000,49,ok
1785385388.396552000,46,ok
1785385388.391388000,46,ok
1785385388.411194000,49,ok
1785385388.425804000,39,ok
1785385388.435166000,48,ok
1785385388.471886000,39,ok
1785385388.470305000,41,ok
1785385388.434951000,38,ok
1785385388.471255000,34,ok
1785385388.475638000,41,ok
1785385388.469822000,35,ok
1785385388.485368000,57,ok
1785385388.496332000,50,ok
1785385388.508162000,57,ok
1785385388.507457000,30,ok
1785385388.516858000,40,ok
1785385388.511321000,47,ok
1785385388.521462000,48,ok
1785385388.519081000,47,ok
1785385388.577004000,51,ok
1785385388.562366000,54,ok
1785385388.577376000,47,ok
1785385388.571468000,47,ok
1785385388.568722000,50,ok
1785385388.569445000,44,ok
1785385388.599242000,48,ok
1785385388.601811000,44,ok
1785385388.618341000,56,ok
1785385388.636493000,43,ok
1785385388.637973000,50,ok
1785385388.599751000,48,ok
1785385388.642564000,58,ok
1785385388.641745000,48,ok
1785385388.637936000,49,ok
1785385388.673075000,46,ok
1785385388.702359000,37,ok
1785385388.699986000,47,ok
1785385388.696754000,49,ok
1785385388.692785000,41,ok
1785385388.706452000,54,ok
1785385388.710413000,51,ok
1785385388.704443000,60,ok
1785385388.707618000,36,ok
1785385388.747136000,36,ok
1785385388.749421000,43,ok
1785385388.754729000,41,ok
1785385388.760837000,51,ok
1785385388.757601000,55,ok
1785385388.779491000,57,ok
1785385388.785964000,39,ok
1785385388.819773000,49,ok
1785385388.785270000,45,ok
1785385388.819405000,41,ok
1785385388.806682000,46,ok
1785385388.813550000,42,ok
1785385388.817436000,48,ok
1785385388.832603000,47,ok
1785385388.826321000,42,ok
1785385388.840604000,40,ok
1785385388.856716000,40,ok
1785385388.859718000,41,ok
1785385388.870194000,32,ok
1785385388.885403000,44,ok
1785385388.894092000,41,ok
1785385388.903851000,40,ok
1785385388.895374000,52,ok
1785385388.899534000,43,ok
1785385388.918483000,34,ok
1785385388.908456000,36,ok
1785385388.912469000,52,ok
1785385388.918565000,43,ok
1785385388.936757000,42,ok
1785385388.919759000,47,ok
1785385388.935027000,42,ok
1785385388.952918000,39,ok
1785385388.944848000,41,ok
1785385388.962271000,34,ok
1785385388.961474000,35,ok
1785385388.990124000,38,ok
1785385388.994744000,34,ok
1785385388.973376000,30,ok
1785385388.977908000,41,ok
1785385389.003137000,36,ok
1785385389.014341000,41,ok
1785385389.017004000,39,ok
1785385389.018282000,36,ok
1785385389.031625000,45,ok
1785385389.033960000,43,ok
1785385389.033524000,48,ok
1785385389.044204000,43,ok
1785385389.056588000,42,ok
1785385389.058845000,29,ok
1785385389.081452000,46,ok
1785385389.067455000,34,ok
1785385389.084069000,37,ok
1785385389.097144000,47,ok
1785385389.109925000,39,ok
1785385389.087228000,37,ok
1785385389.110355000,46,ok
1785385389.105600000,46,ok
1785385389.098021000,41,ok
1785385389.129180000,37,ok
1785385389.127733000,36,ok
1785385389.121632000,35,ok
1785385389.129824000,37,ok
1785385389.155968000,30,ok
1785385389.164744000,34,ok
1785385389.170440000,44,ok
1785385389.168663000,54,ok
1785385389.198868000,59,ok
1785385389.201276000,44,ok
1785385389.190144000,47,ok
1785385389.196661000,42,ok
1785385389.188978000,39,ok
1785385389.205529000,42,ok
1785385389.206195000,37,ok
1785385389.216673000,39,ok
1785385389.234810000,39,ok
1785385389.247187000,52,ok
1785385389.254558000,54,ok
1785385389.269979000,52,ok
1785385389.272326000,41,ok
1785385389.272010000,45,ok
1785385389.271648000,33,ok
1785385389.314268000,44,ok
1785385389.313289000,45,ok
1785385389.311462000,53,ok
1785385389.315210000,54,ok
1785385389.327607000,56,ok
1785385389.351053000,67,ok
1785385389.353308000,77,ok
1785385389.354367000,48,ok
1785385389.372264000,52,ok
1785385389.406827000,43,ok
1785385389.409437000,53,ok
1785385389.397548000,41,ok
1785385389.400421000,48,ok
1785385389.408889000,48,ok
1785385389.424188000,48,ok
1785385389.428355000,40,ok
1785385389.432711000,62,ok
1785385389.447673000,38,ok
1785385389.438570000,49,ok
1785385389.471640000,40,ok
1785385389.463064000,49,ok
1785385389.449781000,42,ok
1785385389.483365000,44,ok
1785385389.486397000,62,ok
1785385389.491954000,47,ok
1785385389.496789000,34,ok
1785385389.513288000,41,ok
1785385389.520987000,44,ok
1785385389.517819000,40,ok
1785385389.538473000,35,ok
1785385389.536287000,48,ok
1785385389.558771000,47,ok
1785385389.558670000,43,ok
1785385389.571713000,38,ok
1785385389.557645000,33,ok
1785385389.566171000,43,ok
1785385389.576356000,50,ok
1785385389.574648000,37,ok
1785385389.589705000,51,ok
1785385389.607582000,37,ok
1785385389.611505000,46,ok
1785385389.607963000,31,ok
1785385389.630510000,46,ok
1785385389.627220000,38,ok
1785385389.631193000,37,ok
1785385389.662517000,45,ok
1785385389.653368000,47,ok
1785385389.666250000,41,ok
1785385389.659755000,34,ok
1785385389.659458000,32,ok
1785385389.663073000,40,ok
1785385389.675074000,33,ok
1785385389.694654000,35,ok
1785385389.682272000,52,ok
1785385389.693170000,34,ok
1785385389.699167000,30,ok
1785385389.720100000,41,ok
1785385389.722778000,40,ok
1785385389.732459000,42,ok
1785385389.716290000,44,ok
1785385389.753857000,38,ok
1785385389.734482000,39,ok
1785385389.758334000,39,ok
1785385389.783998000,37,ok
1785385389.761323000,34,ok
1785385389.776884000,48,ok
1785385389.789712000,42,ok
1785385389.786143000,47,ok
1785385389.793225000,38,ok
1785385389.800695000,40,ok
1785385389.807192000,36,ok
1785385389.811278000,29,ok
1785385389.832438000,33,ok
1785385389.841168000,38,ok
1785385389.837588000,34,ok
1785385389.866848000,42,ok
1785385389.846965000,43,ok
1785385389.863192000,46,ok
1785385389.876739000,45,ok
1785385389.899417000,33,ok
1785385389.874932000,38,ok
1785385389.881204000,46,ok
1785385389.903515000,42,ok
1785385389.910470000,46,ok
1785385389.904715000,47,ok
1785385389.917308000,38,ok
1785385389.923376000,48,ok
1785385389.930652000,41,ok
1785385389.936931000,35,ok
1785385389.970185000,46,ok
1785385389.975412000,49,ok
1785385389.973249000,61,ok
1785385389.979489000,55,ok
1785385389.982230000,46,ok
1785385389.985843000,40,ok
1785385389.979719000,52,ok
1785385390.014351000,40,ok
1785385390.014337000,46,ok
1785385390.031295000,60,ok
1785385390.021740000,47,ok
1785385390.022327000,52,ok
1785385390.042886000,60,ok
1785385390.056264000,41,ok
1785385390.053066000,46,ok
1785385390.070342000,58,ok
1785385390.087168000,44,ok
1785385390.110880000,64,ok
1785385390.111375000,43,ok
1785385390.101911000,49,ok
1785385390.107245000,48,ok
1785385390.107675000,56,ok
1785385390.115510000,52,ok
1785385390.132149000,48,ok
1785385390.130116000,41,ok
1785385390.148298000,57,ok
1785385390.152524000,46,ok
1785385390.169681000,46,ok
1785385390.162010000,45,ok
1785385390.166886000,38,ok
1785385390.171976000,41,ok
1785385390.215170000,42,ok
1785385390.211462000,43,ok
1785385390.219359000,41,ok
1785385390.222162000,40,ok
1785385390.228844000,50,ok
1785385390.219017000,40,ok
1785385390.227055000,48,ok
1785385390.244450000,41,ok
1785385390.240624000,65,ok
1785385390.249727000,55,ok
1785385390.270929000,28,ok
1785385390.257161000,36,ok
1785385390.266338000,31,ok
1785385390.283748000,36,ok
1785385390.277292000,45,ok
1785385390.291700000,41,ok
1785385390.317559000,38,ok
1785385390.324443000,47,ok
1785385390.332239000,41,ok
1785385390.331332000,47,ok
1785385390.350488000,40,ok
1785385390.327268000,41,ok
1785385390.351547000,42,ok
1785385390.328508000,38,ok
1785385390.337454000,43,ok
1785385390.340078000,40,ok
1785385390.370949000,49,ok
1785385390.385310000,41,ok
1785385390.372169000,35,ok
1785385390.377950000,41,ok
1785385390.372400000,38,ok
1785385390.419344000,40,ok
1785385390.427780000,40,ok
1785385390.431654000,33,ok
1785385390.424966000,32,ok
1785385390.431967000,37,ok
1785385390.424693000,39,ok
1785385390.428168000,43,ok
1785385390.421507000,51,ok
1785385390.443777000,34,ok
1785385390.443484000,44,ok
1785385390.461190000,27,ok
1785385390.464316000,37,ok
1785385390.484213000,43,ok
1785385390.480040000,32,ok
1785385390.486049000,43,ok
1785385390.492610000,42,ok
1785385390.499119000,39,ok
1785385390.516150000,30,ok
1785385390.519584000,37,ok
1785385390.530082000,30,ok
1785385390.531484000,37,ok
1785385390.519518000,35,ok
1785385390.540409000,42,ok
1785385390.541123000,42,ok
1785385390.550019000,40,ok
1785385390.555912000,42,ok
1785385390.579503000,38,ok
1785385390.570817000,39,ok
1785385390.570871000,38,ok
1785385390.577572000,30,ok
1785385390.590272000,31,ok
1785385390.597557000,35,ok
1785385390.602542000,36,ok
1785385390.595007000,35,ok
1785385390.631652000,41,ok
1785385390.616724000,42,ok
1785385390.632210000,43,ok
1785385390.638048000,52,ok
1785385390.645563000,36,ok
1785385390.653673000,41,ok
1785385390.671039000,33,ok
1785385390.651701000,43,ok
1785385390.674758000,53,ok
1785385390.682049000,46,ok
1785385390.681590000,32,ok
1785385390.692232000,45,ok
1785385390.693002000,34,ok
1785385390.698131000,44,ok
1785385390.701600000,34,ok
1785385390.701611000,45,ok
1785385390.753004000,44,ok
1785385390.753501000,46,ok
1785385390.741511000,45,ok
1785385390.746365000,48,ok
1785385390.761019000,34,ok
1785385390.769263000,39,ok
1785385390.753043000,45,ok
1785385390.775677000,41,ok
1785385390.754112000,30,ok
1785385390.778986000,34,ok
1785385390.780385000,39,ok
1785385390.793971000,40,ok
1785385390.797141000,39,ok
1785385390.813708000,45,ok
1785385390.815924000,46,ok
1785385390.813017000,40,ok
1785385390.857008000,41,ok
1785385390.854340000,40,ok
1785385390.866740000,36,ok
1785385390.863355000,52,ok
1785385390.858444000,31,ok
1785385390.864452000,42,ok
1785385390.860878000,38,ok
1785385390.889509000,37,ok
1785385390.890854000,48,ok
1785385390.887907000,41,ok
1785385390.895754000,44,ok
1785385390.912451000,33,ok
1785385390.939161000,45,ok
1785385390.919278000,44,ok
1785385390.963538000,45,ok
1785385390.975705000,38,ok
1785385390.967358000,46,ok
1785385390.961256000,44,ok
1785385390.951926000,58,ok
1785385390.945222000,40,ok
1785385390.967687000,44,ok
1785385390.983897000,45,ok
1785385390.984303000,53,ok
1785385390.985793000,37,ok
1785385391.002153000,43,ok
1785385391.004773000,33,ok
1785385391.011928000,38,ok
1785385391.033581000,40,ok
1785385391.039209000,37,ok
1785385391.034629000,42,ok
1785385391.055617000,41,ok
1785385391.075378000,38,ok
1785385391.073098000,38,ok
1785385391.076572000,57,ok
1785385391.079121000,36,ok
1785385391.081192000,43,ok
1785385391.073000000,33,ok
1785385391.084931000,41,ok
1785385391.087075000,42,ok
1785385391.082123000,44,ok
1785385391.082371000,45,ok
1785385391.107903000,41,ok
1785385391.110147000,38,ok
1785385391.137257000,37,ok
1785385391.126112000,37,ok
1785385391.151927000,39,ok
1785385391.146254000,43,ok
1785385391.150899000,29,ok
1785385391.169118000,32,ok
1785385391.177468000,44,ok
1785385391.183706000,40,ok
1785385391.185274000,38,ok
1785385391.180647000,34,ok
1785385391.184201000,41,ok
1785385391.182668000,39,ok
1785385391.195040000,46,ok
1785385391.214538000,30,ok
1785385391.201099000,47,ok
1785385391.215202000,35,ok
1785385391.225927000,36,ok
1785385391.238781000,34,ok
1785385391.241537000,42,ok
1785385391.261443000,42,ok
1785385391.265530000,41,ok
1785385391.267753000,40,ok
1785385391.279654000,32,ok
1785385391.281378000,36,ok
1785385391.270397000,36,ok
1785385391.295386000,47,ok
1785385391.282088000,38,ok
1785385391.287152000,38,ok
1785385391.296923000,36,ok
1785385391.310149000,42,ok
1785385391.310794000,51,ok
1785385391.348207000,37,ok
1785385391.328941000,49,ok
1785385391.333519000,44,ok
1785385391.364357000,38,ok
1785385391.368514000,44,ok
1785385391.356315000,33,ok
1785385391.358551000,42,ok
1785385391.364447000,45,ok
1785385391.367230000,42,ok
1785385391.381896000,40,ok
1785385391.370859000,34,ok
1785385391.390271000,34,ok
1785385391.390514000,56,ok
1785385391.411446000,36,ok
1785385391.417809000,45,ok
1785385391.436565000,43,ok
1785385391.432154000,39,ok
1785385391.437784000,29,ok
1785385391.438391000,29,ok
1785385391.466946000,37,ok
1785385391.467901000,35,ok
1785385391.490743000,53,ok
1785385391.479109000,49,ok
1785385391.479491000,61,ok
1785385391.479274000,54,ok
1785385391.493114000,37,ok
1785385391.476582000,42,ok
1785385391.492184000,48,ok
1785385391.499125000,37,ok
1785385391.540643000,45,ok
1785385391.537565000,46,ok
1785385391.547906000,47,ok
1785385391.552601000,44,ok
1785385391.541226000,38,ok
1785385391.570525000,61,ok
1785385391.595926000,44,ok
1785385391.591578000,46,ok
1785385391.589092000,36,ok
1785385391.596347000,42,ok
1785385391.587803000,41,ok
1785385391.596246000,58,ok
1785385391.623997000,55,ok
1785385391.621539000,41,ok
1785385391.643515000,56,ok
1785385391.639373000,39,ok
1785385391.619885000,44,ok
1785385391.641710000,38,ok
1785385391.638317000,38,ok
1785385391.658316000,52,ok
1785385391.656393000,34,ok
1785385391.688435000,35,ok
1785385391.706093000,43,ok
1785385391.704499000,44,ok
1785385391.709511000,42,ok
1785385391.708173000,40,ok
1785385391.723371000,38,ok
1785385391.709698000,38,ok
1785385391.713511000,47,ok
1785385391.738859000,41,ok
1785385391.723483000,39,ok
1785385391.705353000,41,ok
1785385391.738961000,52,ok
1785385391.745154000,31,ok
1785385391.751315000,38,ok
1785385391.746077000,31,ok
1785385391.761471000,44,ok
1785385391.809905000,40,ok
1785385391.796388000,35,ok
1785385391.805378000,40,ok
1785385391.820562000,50,ok
1785385391.832342000,57,ok
1785385391.829318000,54,ok
1785385391.837492000,51,ok
1785385391.832726000,46,ok
1785385391.842512000,58,ok
1785385391.847938000,51,ok
1785385391.843602000,45,ok
1785385391.843722000,47,ok
1785385391.857066000,44,ok
1785385391.877109000,47,ok
1785385391.877728000,49,ok
1785385391.926326000,30,ok
1785385391.922923000,38,ok
1785385391.918966000,48,ok
1785385391.941410000,47,ok
1785385391.931357000,59,ok
1785385391.942631000,34,ok
1785385391.934327000,44,ok
1785385391.942224000,47,ok
1785385391.957917000,38,ok
1785385391.962685000,40,ok
1785385391.962047000,40,ok
1785385391.958122000,60,ok
1785385391.974707000,36,ok
1785385391.975071000,51,ok
1785385391.981192000,35,ok
1785385391.989625000,37,ok
1785385392.018994000,37,ok
1785385392.027971000,40,ok
1785385392.032998000,40,ok
1785385392.036893000,46,ok
1785385392.048710000,44,ok
1785385392.036850000,39,ok
1785385392.050605000,40,ok
1785385392.062468000,70,ok
1785385392.067542000,43,ok
1785385392.071966000,37,ok
1785385392.076014000,33,ok
1785385392.078378000,41,ok
1785385392.080799000,46,ok
1785385392.095161000,46,ok
1785385392.118014000,34,ok
1785385392.112982000,34,ok
1785385392.119199000,40,ok
1785385392.122164000,32,ok
1785385392.132115000,37,ok
1785385392.141267000,40,ok
1785385392.152803000,32,ok
1785385392.157086000,37,ok
1785385392.150828000,36,ok
1785385392.161592000,47,ok
1785385392.174586000,35,ok
1785385392.171636000,37,ok
1785385392.175165000,34,ok
1785385392.177246000,41,ok
1785385392.180450000,38,ok
1785385392.203086000,43,ok
1785385392.209746000,35,ok
1785385392.214896000,35,ok
1785385392.212698000,38,ok
1785385392.242193000,44,ok
1785385392.237471000,40,ok
1785385392.247305000,34,ok
1785385392.243476000,36,ok
1785385392.246457000,35,ok
1785385392.261379000,46,ok
1785385392.263595000,48,ok
1785385392.260168000,32,ok
1785385392.296922000,36,ok
1785385392.294308000,59,ok
1785385392.286376000,44,ok
1785385392.284629000,47,ok
1785385392.287197000,35,ok
1785385392.313862000,43,ok
1785385392.305309000,40,ok
1785385392.328689000,41,ok
1785385392.334044000,38,ok
1785385392.355708000,44,ok
1785385392.338593000,36,ok
1785385392.352419000,33,ok
1785385392.355938000,37,ok
1785385392.355524000,50,ok
1785385392.376291000,50,ok
1785385392.397406000,43,ok
1785385392.393010000,31,ok
1785385392.406039000,34,ok
1785385392.402790000,44,ok
1785385392.418027000,54,ok
1785385392.414597000,52,ok
1785385392.440141000,36,ok
1785385392.419423000,46,ok
1785385392.417111000,37,ok
1785385392.446421000,32,ok
1785385392.440377000,44,ok
1785385392.451761000,41,ok
1785385392.486078000,40,ok
1785385392.472439000,52,ok
1785385392.467293000,40,ok
1785385392.468888000,33,ok
1785385392.512150000,37,ok
1785385392.488634000,35,ok
1785385392.506820000,30,ok
1785385392.519294000,37,ok
1785385392.498109000,35,ok
1785385392.514845000,44,ok
1785385392.538240000,39,ok
1785385392.544000000,40,ok
1785385392.558857000,45,ok
1785385392.551166000,44,ok
1785385392.549055000,33,ok
1785385392.553726000,37,ok
1785385392.579075000,41,ok
1785385392.581209000,42,ok
1785385392.586672000,44,ok
1785385392.610744000,36,ok
1785385392.586883000,42,ok
1785385392.607254000,39,ok
1785385392.632871000,53,ok
1785385392.614741000,44,ok
1785385392.633020000,38,ok
1785385392.643121000,51,ok
1785385392.644827000,36,ok
1785385392.658831000,39,ok
1785385392.661009000,44,ok
1785385392.665055000,41,ok
1785385392.674832000,34,ok
1785385392.685168000,51,ok
1785385392.693522000,36,ok
1785385392.684841000,43,ok
1785385392.700166000,46,ok
1785385392.723609000,34,ok
1785385392.721202000,47,ok
1785385392.718660000,36,ok
1785385392.723171000,46,ok
1785385392.720459000,55,ok
1785385392.751210000,36,ok
1785385392.765648000,40,ok
1785385392.767873000,30,ok
1785385392.765629000,48,ok
1785385392.769728000,33,ok
1785385392.773881000,43,ok
1785385392.795474000,42,ok
1785385392.778793000,41,ok
1785385392.798983000,47,ok
1785385392.814181000,34,ok
1785385392.802845000,34,ok
1785385392.804339000,35,ok
1785385392.808910000,45,ok
1785385392.820808000,34,ok
1785385392.851081000,35,ok
1785385392.854087000,44,ok
1785385392.844048000,43,ok
1785385392.864122000,42,ok
1785385392.874113000,53,ok
1785385392.887406000,40,ok
1785385392.869441000,41,ok
1785385392.882235000,42,ok
1785385392.906869000,36,ok
1785385392.885728000,35,ok
1785385392.888449000,32,ok
1785385392.912593000,36,ok
1785385392.912630000,44,ok
1785385392.914740000,46,ok
1785385392.925066000,38,ok
1785385392.941726000,34,ok
1785385392.946820000,41,ok
1785385392.955209000,34,ok
1785385392.946812000,48,ok
1785385392.985445000,38,ok
1785385392.978353000,37,ok
1785385392.980406000,43,ok
1785385392.992562000,46,ok
1785385392.986468000,48,ok
1785385393.011858000,37,ok
1785385393.004904000,34,ok
1785385393.012128000,36,ok
1785385393.016087000,45,ok
1785385393.019624000,38,ok
1785385393.012153000,44,ok
1785385393.023549000,29,ok
1785385393.044071000,42,ok
1785385393.048546000,33,ok
1785385393.074486000,37,ok
1785385393.050835000,39,ok
1785385393.074846000,44,ok
1785385393.083294000,42,ok
1785385393.085809000,42,ok
1785385393.113997000,39,ok
1785385393.102077000,44,ok
1785385393.108460000,41,ok
1785385393.123433000,34,ok
1785385393.105582000,38,ok
1785385393.099960000,37,ok
1785385393.114687000,45,ok
1785385393.135901000,49,ok
1785385393.115621000,47,ok
1785385393.149869000,44,ok
1785385393.171740000,41,ok
1785385393.166645000,30,ok
1785385393.177785000,60,ok
1785385393.193503000,28,ok
1785385393.202577000,47,ok
1785385393.207591000,46,ok
1785385393.231011000,46,ok
1785385393.223258000,46,ok
1785385393.241271000,42,ok
1785385393.219621000,50,ok
1785385393.248049000,55,ok
1785385393.226257000,48,ok
1785385393.231316000,49,ok
1785385393.252796000,39,ok
1785385393.262853000,46,ok
1785385393.288457000,47,ok
1785385393.256295000,47,ok
1785385393.287632000,45,ok
1785385393.267140000,39,ok
1785385393.298151000,41,ok
1785385393.329707000,42,ok
1785385393.298055000,29,ok
1785385393.325520000,35,ok
1785385393.326766000,50,ok
1785385393.334422000,38,ok
1785385393.340052000,48,ok
1785385393.323692000,37,ok
1785385393.353822000,49,ok
1785385393.346114000,48,ok
1785385393.369956000,38,ok
1785385393.380019000,34,ok
1785385393.370313000,43,ok
1785385393.358179000,36,ok
1785385393.374842000,40,ok
1785385393.389642000,36,ok
1785385393.399605000,38,ok
1785385393.426600000,39,ok
1785385393.429578000,45,ok
1785385393.427834000,32,ok
1785385393.428565000,41,ok
1785385393.435734000,38,ok
1785385393.432675000,53,ok
1785385393.436321000,41,ok
1785385393.454322000,52,ok
1785385393.468426000,35,ok
1785385393.453628000,33,ok
1785385393.477558000,41,ok
1785385393.469112000,38,ok
1785385393.477989000,37,ok
1785385393.481324000,64,ok
1785385393.501284000,34,ok
1785385393.523812000,41,ok
1785385393.528709000,51,ok
1785385393.512347000,42,ok
1785385393.534812000,38,ok
1785385393.538048000,44,ok
1785385393.531219000,39,ok
1785385393.549503000,48,ok
1785385393.558969000,32,ok
1785385393.561628000,38,ok
1785385393.542066000,41,ok
1785385393.580380000,54,ok
1785385393.582453000,34,ok
1785385393.586462000,40,ok
1785385393.591880000,36,ok
1785385393.593950000,43,ok
1785385393.589699000,34,ok
1785385393.634174000,47,ok
1785385393.626639000,35,ok
1785385393.633664000,39,ok
1785385393.628217000,38,ok
1785385393.636440000,44,ok
1785385393.645303000,44,ok
1785385393.655084000,39,ok
1785385393.665186000,32,ok
1785385393.672184000,43,ok
1785385393.661144000,36,ok
1785385393.681642000,38,ok
1785385393.661266000,52,ok
1785385393.692235000,49,ok
1785385393.698523000,41,ok
1785385393.701297000,49,ok
1785385393.678210000,34,ok
1785385393.747511000,46,ok
1785385393.737692000,43,ok
1785385393.748832000,45,ok
1785385393.738944000,37,ok
1785385393.764784000,39,ok
1785385393.759476000,33,ok
1785385393.748766000,50,ok
1785385393.759251000,48,ok
1785385393.758108000,43,ok
1785385393.771177000,30,ok
1785385393.773661000,44,ok
1785385393.785360000,32,ok
1785385393.785998000,43,ok
1785385393.801671000,35,ok
1785385393.805544000,40,ok
1785385393.811360000,40,ok
1785385393.843470000,34,ok
1785385393.863388000,43,ok
1785385393.849315000,46,ok
1785385393.850677000,36,ok
1785385393.854666000,36,ok
1785385393.850022000,40,ok
1785385393.868400000,45,ok
1785385393.870883000,50,ok
1785385393.867200000,51,ok
1785385393.867731000,45,ok
1785385393.891419000,40,ok
1785385393.900998000,36,ok
1785385393.925319000,52,ok
1785385393.935527000,32,ok
1785385393.926555000,53,ok
1785385393.927096000,37,ok
1785385393.921033000,44,ok
1785385393.947256000,45,ok
1785385393.954595000,27,ok
1785385393.957643000,41,ok
1785385393.960076000,50,ok
1785385393.965390000,39,ok
1785385393.972777000,32,ok
1785385393.975497000,33,ok
1785385393.975246000,35,ok
1785385393.988446000,32,ok
1785385394.000330000,39,ok
1785385393.999242000,37,ok
1785385394.021370000,35,ok
1785385394.029222000,37,ok
1785385394.036713000,37,ok
1785385394.039993000,41,ok
1785385394.054578000,45,ok
1785385394.056464000,50,ok
1785385394.054031000,36,ok
1785385394.051496000,40,ok
1785385394.058552000,37,ok
1785385394.072968000,46,ok
1785385394.073006000,39,ok
1785385394.088883000,34,ok
1785385394.101237000,35,ok
1785385394.091058000,44,ok
1785385394.098408000,44,ok
1785385394.093192000,34,ok
1785385394.131997000,36,ok
1785385394.142423000,36,ok
1785385394.128060000,39,ok
1785385394.150619000,45,ok
1785385394.153506000,37,ok
1785385394.155889000,38,ok
1785385394.140054000,41,ok
1785385394.153179000,32,ok
1785385394.167506000,43,ok
1785385394.176369000,35,ok
1785385394.177040000,39,ok
1785385394.182012000,43,ok
1785385394.192526000,33,ok
1785385394.192007000,38,ok
1785385394.210982000,42,ok
1785385394.217187000,45,ok
1785385394.246194000,44,ok
1785385394.235589000,52,ok
1785385394.260606000,53,ok
1785385394.264956000,50,ok
1785385394.261588000,42,ok
1785385394.268020000,44,ok
1785385394.264703000,30,ok
1785385394.271764000,50,ok
1785385394.293854000,41,ok
1785385394.296941000,36,ok
1785385394.304353000,35,ok
1785385394.300190000,33,ok
1785385394.305172000,35,ok
1785385394.316706000,41,ok
1785385394.330851000,31,ok
1785385394.328986000,44,ok
1785385394.339914000,28,ok
1785385394.356559000,42,ok
1785385394.362750000,31,ok
1785385394.362628000,39,ok
1785385394.352629000,34,ok
1785385394.372877000,43,ok
1785385394.370519000,47,ok
1785385394.372599000,33,ok
1785385394.393813000,34,ok
1785385394.421678000,51,ok
1785385394.416150000,39,ok
1785385394.429831000,50,ok
1785385394.421839000,54,ok
1785385394.429624000,50,ok
1785385394.433995000,43,ok
1785385394.442834000,52,ok
1785385394.470586000,53,ok
1785385394.468690000,53,ok
1785385394.473862000,34,ok
1785385394.473010000,52,ok
1785385394.469235000,36,ok
1785385394.481549000,36,ok
1785385394.478616000,53,ok
1785385394.496812000,30,ok
1785385394.528443000,49,ok
1785385394.504283000,37,ok
1785385394.541484000,48,ok
1785385394.530239000,44,ok
1785385394.533907000,36,ok
1785385394.553571000,48,ok
1785385394.555222000,41,ok
1785385394.553021000,52,ok
1785385394.570596000,36,ok
1785385394.588014000,44,ok
1785385394.581511000,32,ok
1785385394.592313000,41,ok
1785385394.603514000,53,ok
1785385394.602094000,47,ok
1785385394.608580000,48,ok
1785385394.628749000,48,ok
1785385394.631403000,42,ok
1785385394.647513000,39,ok
1785385394.626621000,56,ok
1785385394.660058000,47,ok
1785385394.666198000,39,ok
1785385394.660186000,42,ok
1785385394.665084000,37,ok
1785385394.692344000,54,ok
1785385394.695196000,47,ok
1785385394.712370000,43,ok
1785385394.709125000,51,ok
1785385394.709551000,49,ok
1785385394.711585000,36,ok
1785385394.715189000,47,ok
1785385394.737497000,45,ok
1785385394.743760000,47,ok
1785385394.742625000,40,ok
1785385394.758139000,55,ok
1785385394.738313000,55,ok
1785385394.756328000,38,ok
1785385394.762346000,40,ok
1785385394.773155000,46,ok
1785385394.771123000,40,ok
1785385394.793230000,35,ok
1785385394.797152000,40,ok
1785385394.808677000,45,ok
1785385394.793894000,38,ok
1785385394.813799000,35,ok
1785385394.821118000,40,ok
1785385394.834996000,40,ok
1785385394.837248000,44,ok
1785385394.849325000,40,ok
1785385394.860941000,37,ok
1785385394.875127000,37,ok
1785385394.865649000,46,ok
1785385394.863531000,59,ok
1785385394.887963000,49,ok
1785385394.861697000,38,ok
1785385394.904945000,39,ok
1785385394.902567000,43,ok
1785385394.899206000,40,ok
1785385394.919708000,34,ok
1785385394.918002000,35,ok
1785385394.930275000,46,ok
1785385394.933403000,37,ok
1785385394.938427000,33,ok
1785385394.958348000,42,ok
1785385394.961509000,36,ok
1785385394.969569000,44,ok
1785385394.967014000,32,ok
1785385394.971376000,28,ok
1785385394.971124000,41,ok
1785385394.985880000,41,ok
1785385394.971092000,37,ok
1785385395.017804000,44,ok
1785385395.006811000,35,ok
1785385394.996847000,36,ok
1785385395.037361000,32,ok
1785385395.034792000,50,ok
1785385395.029752000,43,ok
1785385395.057755000,43,ok
1785385395.057844000,57,ok
1785385395.072164000,38,ok
1785385395.075019000,40,ok
1785385395.058902000,38,ok
1785385395.066262000,45,ok
1785385395.091688000,42,ok
1785385395.092683000,49,ok
1785385395.101374000,58,ok
1785385395.104245000,71,ok
1785385395.115461000,34,ok
1785385395.118228000,43,ok
1785385395.124796000,49,ok
1785385395.131347000,40,ok
1785385395.125142000,30,ok
1785385395.137753000,41,ok
1785385395.166039000,29,ok
1785385395.171544000,49,ok
1785385395.170880000,36,ok
1785385395.174788000,40,ok
1785385395.170520000,45,ok
1785385395.176249000,26,ok
1785385395.197526000,42,ok
1785385395.198158000,36,ok
1785385395.210788000,40,ok
1785385395.212383000,43,ok
1785385395.233143000,32,ok
1785385395.229518000,43,ok
1785385395.217886000,40,ok
1785385395.240188000,47,ok
1785385395.269991000,42,ok
1785385395.258835000,39,ok
1785385395.245832000,43,ok
1785385395.260786000,44,ok
1785385395.263929000,34,ok
1785385395.278767000,44,ok
1785385395.293462000,36,ok
1785385395.280039000,38,ok
1785385395.319239000,64,ok
1785385395.290546000,48,ok
1785385395.333664000,38,ok
1785385395.318418000,43,ok
1785385395.353486000,51,ok
1785385395.337888000,44,ok
1785385395.333765000,44,ok
1785385395.374376000,45,ok
1785385395.384947000,52,ok
1785385395.381484000,44,ok
1785385395.368134000,50,ok
1785385395.393455000,32,ok
1785385395.390318000,39,ok
1785385395.379326000,46,ok
1785385395.385458000,52,ok
1785385395.419994000,36,ok
1785385395.404767000,37,ok
1785385395.422175000,32,ok
1785385395.448898000,45,ok
1785385395.443501000,36,ok
1785385395.443661000,57,ok
1785385395.443017000,46,ok
1785385395.450139000,33,ok
1785385395.467809000,37,ok
1785385395.464212000,38,ok
1785385395.486192000,38,ok
1785385395.493060000,33,ok
1785385395.500608000,37,ok
1785385395.499722000,39,ok
1785385395.502214000,36,ok
1785385395.503030000,42,ok
1785385395.498938000,52,ok
1785385395.527930000,41,ok
1785385395.531541000,63,ok
1785385395.523368000,31,ok
1785385395.544464000,34,ok
1785385395.546775000,44,ok
1785385395.563948000,45,ok
1785385395.578830000,43,ok
1785385395.588343000,30,ok
1785385395.591340000,37,ok
1785385395.589981000,40,ok
1785385395.589830000,39,ok
1785385395.586943000,32,ok
1785385395.590015000,45,ok
1785385395.599741000,30,ok
1785385395.620606000,42,ok
1785385395.605298000,35,ok
1785385395.637310000,47,ok
1785385395.621954000,36,ok
1785385395.669208000,51,ok
1785385395.644058000,44,ok
1785385395.679246000,53,ok
1785385395.680424000,42,ok
1785385395.686486000,41,ok
1785385395.685689000,48,ok
1785385395.693567000,48,ok
1785385395.708401000,44,ok
1785385395.706192000,41,ok
1785385395.715450000,39,ok
1785385395.711037000,51,ok
1785385395.723273000,32,ok
1785385395.755022000,47,ok
1785385395.732984000,49,ok
1785385395.743662000,45,ok
1785385395.761494000,51,ok
1785385395.770282000,43,ok
1785385395.787304000,36,ok
1785385395.776343000,34,ok
1785385395.774619000,38,ok
1785385395.774001000,42,ok
1785385395.806066000,47,ok
1785385395.824730000,44,ok
1785385395.825891000,42,ok
1785385395.825289000,28,ok
1785385395.818673000,47,ok
1785385395.797021000,49,ok
1785385395.829581000,42,ok
1785385395.857294000,46,ok
1785385395.861960000,31,ok
1785385395.868309000,47,ok
1785385395.865000000,37,ok
1785385395.871748000,39,ok
1785385395.867703000,36,ok
1785385395.887845000,51,ok
1785385395.890670000,36,ok
1785385395.890785000,35,ok
1785385395.923760000,37,ok
1785385395.920793000,35,ok
1785385395.923175000,49,ok
1785385395.919312000,35,ok
1785385395.925128000,41,ok
1785385395.924461000,43,ok
1785385395.934499000,48,ok
1785385395.960665000,42,ok
1785385395.954165000,36,ok
1785385395.965963000,35,ok
1785385395.965923000,36,ok
1785385395.969837000,44,ok
1785385395.972472000,30,ok
1785385395.977019000,32,ok
1785385395.984092000,48,ok
1785385396.009457000,37,ok
1785385396.010855000,41,ok
1785385396.017732000,44,ok
1785385396.023111000,36,ok
1785385396.022275000,40,ok
1785385396.029644000,35,ok
1785385396.030725000,38,ok
1785385396.058424000,42,ok
1785385396.067834000,49,ok
1785385396.074037000,48,ok
1785385396.067599000,44,ok
1785385396.068210000,65,ok
1785385396.076284000,45,ok
1785385396.071880000,47,ok
1785385396.088908000,31,ok
1785385396.093206000,35,ok
1785385396.124253000,30,ok
1785385396.118489000,37,ok
1785385396.127240000,38,ok
1785385396.129841000,42,ok
1785385396.124125000,55,ok
1785385396.137612000,42,ok
1785385396.151549000,41,ok
1785385396.165870000,35,ok
1785385396.156069000,27,ok
1785385396.137750000,28,ok
1785385396.173264000,34,ok
1785385396.153353000,28,ok
1785385396.188594000,38,ok
1785385396.200258000,34,ok
1785385396.175193000,45,ok
1785385396.202598000,44,ok
1785385396.222282000,45,ok
1785385396.224109000,36,ok
1785385396.221643000,30,ok
1785385396.230311000,35,ok
1785385396.218562000,38,ok
1785385396.228292000,34,ok
1785385396.250302000,36,ok
1785385396.256755000,42,ok
1785385396.269250000,33,ok
1785385396.254929000,44,ok
1785385396.270356000,45,ok
1785385396.296017000,35,ok
1785385396.296278000,34,ok
1785385396.296850000,37,ok
1785385396.299699000,48,ok
1785385396.302042000,66,ok
1785385396.302093000,41,ok
1785385396.300506000,33,ok
1785385396.336856000,34,ok
1785385396.333521000,40,ok
1785385396.350603000,42,ok
1785385396.358928000,42,ok
1785385396.343994000,37,ok
1785385396.362062000,38,ok
1785385396.370918000,29,ok
1785385396.396612000,37,ok
1785385396.375573000,40,ok
1785385396.370812000,34,ok
1785385396.402463000,42,ok
1785385396.394922000,51,ok
1785385396.404719000,42,ok
1785385396.403649000,39,ok
1785385396.420174000,40,ok
1785385396.449982000,41,ok
1785385396.454408000,42,ok
1785385396.452069000,46,ok
1785385396.459391000,38,ok
1785385396.445297000,47,ok
1785385396.454704000,36,ok
1785385396.468412000,46,ok
1785385396.493812000,40,ok
1785385396.479762000,40,ok
1785385396.506248000,41,ok
1785385396.509141000,47,ok
1785385396.492259000,42,ok
1785385396.511868000,48,ok
1785385396.511426000,36,ok
1785385396.511964000,31,ok
1785385396.526752000,40,ok
1785385396.545090000,44,ok
1785385396.553236000,40,ok
1785385396.570780000,42,ok
1785385396.562398000,47,ok
1785385396.570707000,41,ok
1785385396.585292000,38,ok
1785385396.569906000,35,ok
1785385396.596170000,27,ok
1785385396.592760000,46,ok
1785385396.596919000,36,ok
1785385396.610950000,29,ok
1785385396.596753000,31,ok
1785385396.624159000,36,ok
1785385396.607734000,36,ok
1785385396.622690000,38,ok
1785385396.604760000,51,ok
1785385396.641639000,35,ok
1785385396.632923000,29,ok
1785385396.680579000,38,ok
1785385396.675246000,41,ok
1785385396.674818000,32,ok
1785385396.687966000,38,ok
1785385396.685959000,38,ok
1785385396.686367000,44,ok
1785385396.702910000,33,ok
1785385396.701659000,32,ok
1785385396.699461000,38,ok
1785385396.704248000,34,ok
1785385396.716761000,31,ok
1785385396.727069000,29,ok
1785385396.718423000,46,ok
1785385396.720401000,35,ok
1785385396.744456000,36,ok
1785385396.745117000,42,ok
1785385396.769371000,44,ok
1785385396.786411000,36,ok
1785385396.787756000,46,ok
1785385396.802652000,36,ok
1785385396.793701000,50,ok
1785385396.790884000,53,ok
1785385396.802605000,34,ok
1785385396.784937000,32,ok
1785385396.794602000,31,ok
1785385396.811771000,36,ok
1785385396.813856000,40,ok
1785385396.818177000,46,ok
1785385396.816949000,32,ok
1785385396.819919000,33,ok
1785385396.835944000,33,ok
1785385396.857213000,37,ok
1785385396.882239000,45,ok
1785385396.889490000,43,ok
1785385396.884466000,42,ok
1785385396.881902000,33,ok
1785385396.886636000,40,ok
1785385396.898140000,45,ok
1785385396.893964000,44,ok
1785385396.904757000,36,ok
1785385396.901714000,34,ok
1785385396.918476000,36,ok
1785385396.909349000,44,ok
1785385396.916208000,41,ok
1785385396.917931000,41,ok
1785385396.917511000,33,ok
1785385396.935712000,39,ok
1785385396.965898000,49,ok
1785385396.972812000,33,ok
1785385396.972030000,33,ok
1785385396.990148000,44,ok
1785385396.984817000,40,ok
1785385397.003310000,42,ok
1785385397.011236000,55,ok
1785385397.008648000,38,ok
1785385397.006085000,53,ok
1785385397.010941000,36,ok
1785385397.028239000,42,ok
1785385397.032854000,33,ok
1785385397.048971000,49,ok
1785385397.045001000,35,ok
1785385397.044638000,37,ok
1785385397.065644000,44,ok
1785385397.066789000,32,ok
1785385397.085903000,39,ok
1785385397.084332000,29,ok
1785385397.105217000,33,ok
1785385397.116391000,47,ok
1785385397.108879000,51,ok
1785385397.119701000,49,ok
1785385397.107809000,50,ok
1785385397.132203000,48,ok
1785385397.115372000,38,ok
1785385397.156193000,38,ok
1785385397.131004000,27,ok
1785385397.142628000,45,ok
1785385397.155386000,43,ok
1785385397.141405000,38,ok
1785385397.164312000,41,ok
1785385397.180215000,31,ok
1785385397.186680000,47,ok
1785385397.205543000,34,ok
1785385397.188067000,38,ok
1785385397.208862000,30,ok
1785385397.218135000,32,ok
1785385397.210274000,34,ok
1785385397.234595000,33,ok
1785385397.233613000,38,ok
1785385397.231781000,38,ok
1785385397.249938000,39,ok
1785385397.253934000,32,ok
1785385397.262060000,36,ok
1785385397.252514000,35,ok
1785385397.255807000,38,ok
1785385397.276120000,43,ok
1785385397.275275000,32,ok
1785385397.274256000,35,ok
1785385397.308298000,39,ok
1785385397.319512000,34,ok
1785385397.312492000,33,ok
1785385397.321088000,46,ok
1785385397.315037000,41,ok
1785385397.317802000,46,ok
1785385397.344225000,35,ok
1785385397.341013000,35,ok
1785385397.344639000,36,ok
1785385397.345885000,38,ok
1785385397.368250000,46,ok
1785385397.371419000,52,ok
1785385397.372858000,33,ok
1785385397.372378000,42,ok
1785385397.387071000,31,ok
1785385397.387140000,44,ok
1785385397.386200000,33,ok
1785385397.436146000,37,ok
1785385397.427322000,43,ok
1785385397.434998000,49,ok
1785385397.423378000,36,ok
1785385397.439273000,42,ok
1785385397.435431000,44,ok
1785385397.435987000,44,ok
1785385397.437288000,50,ok
1785385397.445503000,41,ok
1785385397.467777000,36,ok
1785385397.470631000,34,ok
1785385397.478224000,43,ok
1785385397.471484000,33,ok
1785385397.470820000,34,ok
1785385397.485890000,35,ok
1785385397.538290000,37,ok
1785385397.514662000,39,ok
1785385397.535662000,49,ok
1785385397.533758000,40,ok
1785385397.530265000,44,ok
1785385397.556772000,39,ok
1785385397.540865000,45,ok
1785385397.555772000,50,ok
1785385397.575820000,38,ok
1785385397.562480000,41,ok
1785385397.565672000,50,ok
1785385397.570329000,34,ok
1785385397.588167000,36,ok
1785385397.574028000,58,ok
1785385397.635030000,42,ok
1785385397.596951000,47,ok
1785385397.615202000,46,ok
1785385397.635390000,36,ok
1785385397.639729000,39,ok
1785385397.663235000,40,ok
1785385397.653878000,54,ok
1785385397.667714000,51,ok
1785385397.663883000,38,ok
1785385397.680224000,45,ok
1785385397.683017000,40,ok
1785385397.678752000,38,ok
1785385397.692545000,37,ok
1785385397.687262000,48,ok
1785385397.697446000,35,ok
1785385397.720478000,34,ok
1785385397.721020000,42,ok
1785385397.707054000,38,ok
1785385397.726035000,39,ok
1785385397.737202000,46,ok
1785385397.747884000,41,ok
1785385397.767687000,39,ok
1785385397.778367000,49,ok
1785385397.778044000,31,ok
1785385397.776183000,45,ok
1785385397.781237000,44,ok
1785385397.797313000,43,ok
1785385397.794031000,51,ok
1785385397.809023000,38,ok
1785385397.792872000,48,ok
1785385397.806754000,42,ok
1785385397.810671000,36,ok
1785385397.817461000,36,ok
1785385397.808675000,41,ok
1785385397.836207000,34,ok
1785385397.834459000,33,ok
1785385397.873199000,46,ok
1785385397.882796000,34,ok
1785385397.871150000,57,ok
1785385397.884235000,49,ok
1785385397.888316000,36,ok
1785385397.901146000,38,ok
1785385397.893936000,49,ok
1785385397.897573000,35,ok
1785385397.893126000,48,ok
1785385397.908297000,52,ok
1785385397.909009000,39,ok
1785385397.932106000,41,ok
1785385397.921156000,44,ok
1785385397.926929000,39,ok
1785385397.930751000,34,ok
1785385397.929036000,32,ok
1785385397.965650000,43,ok
1785385397.984961000,43,ok
1785385397.986600000,34,ok
1785385397.986398000,41,ok
1785385397.992301000,40,ok
1785385397.991577000,39,ok
1785385397.996225000,30,ok
1785385397.990290000,54,ok
1785385397.990635000,39,ok
1785385398.007352000,46,ok
1785385398.020561000,34,ok
1785385398.022205000,35,ok
1785385398.027595000,35,ok
1785385398.031631000,34,ok
1785385398.044112000,38,ok
1785385398.065414000,54,ok
1785385398.082255000,43,ok
1785385398.067344000,38,ok
1785385398.088234000,38,ok
1785385398.086201000,40,ok
1785385398.094833000,33,ok
1785385398.103446000,40,ok
1785385398.102920000,40,ok
1785385398.113618000,44,ok
1785385398.121931000,53,ok
1785385398.109212000,54,ok
1785385398.134392000,52,ok
1785385398.134835000,39,ok
1785385398.158895000,65,ok
1785385398.177658000,47,ok
1785385398.150925000,45,ok
1785385398.145132000,40,ok
1785385398.195190000,44,ok
1785385398.202417000,39,ok
1785385398.220163000,42,ok
1785385398.212461000,54,ok
1785385398.229126000,45,ok
1785385398.234723000,57,ok
1785385398.240889000,37,ok
1785385398.230086000,53,ok
1785385398.241808000,38,ok
1785385398.243630000,38,ok
1785385398.273277000,44,ok
1785385398.265166000,36,ok
1785385398.285481000,34,ok
1785385398.286842000,34,ok
1785385398.283325000,37,ok
1785385398.289471000,45,ok
1785385398.300855000,39,ok
1785385398.316908000,46,ok
1785385398.314493000,44,ok
1785385398.303472000,43,ok
1785385398.324070000,34,ok
1785385398.328910000,28,ok
1785385398.330405000,36,ok
1785385398.325603000,35,ok
1785385398.325561000,33,ok
1785385398.346474000,38,ok
1785385398.376824000,30,ok
1785385398.392708000,41,ok
1785385398.377890000,44,ok
1785385398.389298000,35,ok
1785385398.386383000,44,ok
1785385398.390297000,45,ok
1785385398.402681000,46,ok
1785385398.409277000,48,ok
1785385398.400430000,42,ok
1785385398.427676000,32,ok
1785385398.409964000,34,ok
1785385398.426340000,40,ok
1785385398.422436000,39,ok
1785385398.422650000,37,ok
1785385398.451414000,34,ok
1785385398.436936000,39,ok
1785385398.471273000,37,ok
1785385398.488159000,43,ok
1785385398.484178000,35,ok
1785385398.501627000,38,ok
1785385398.480889000,35,ok
1785385398.487696000,34,ok
1785385398.516870000,33,ok
1785385398.517994000,51,ok
1785385398.526830000,51,ok
1785385398.546092000,52,ok
1785385398.516692000,44,ok
1785385398.557787000,48,ok
1785385398.523125000,46,ok
1785385398.542244000,44,ok
1785385398.566598000,45,ok
1785385398.589086000,58,ok
1785385398.616850000,54,ok
1785385398.612414000,54,ok
1785385398.613396000,60,ok
1785385398.616327000,46,ok
1785385398.649597000,67,ok
1785385398.644032000,50,ok
1785385398.654503000,62,ok
1785385398.661160000,49,ok
1785385398.665973000,51,ok
1785385398.666922000,43,ok
1785385398.663996000,40,ok
1785385398.693613000,39,ok
1785385398.693827000,53,ok
1785385398.689070000,54,ok
1785385398.700508000,51,ok
1785385398.727640000,45,ok
1785385398.725667000,41,ok
1785385398.724566000,41,ok
1785385398.754781000,39,ok
1785385398.751261000,33,ok
1785385398.761637000,60,ok
1785385398.767833000,42,ok
1785385398.770828000,45,ok
1785385398.776942000,36,ok
1785385398.773828000,40,ok
1785385398.787971000,41,ok
1785385398.800233000,39,ok
1785385398.802550000,31,ok
1785385398.781735000,49,ok
1785385398.800214000,33,ok
1785385398.807805000,39,ok
1785385398.833737000,44,ok
1785385398.842727000,58,ok
1785385398.858799000,40,ok
1785385398.835820000,43,ok
1785385398.852069000,41,ok
1785385398.851905000,36,ok
1785385398.855408000,39,ok
1785385398.874054000,36,ok
1785385398.876532000,43,ok
1785385398.876338000,38,ok
1785385398.888746000,37,ok
1785385398.901692000,40,ok
1785385398.913672000,51,ok
1785385398.905483000,43,ok
1785385398.901668000,47,ok
1785385398.914806000,30,ok
1785385398.940722000,39,ok
1785385398.941707000,37,ok
1785385398.936206000,34,ok
1785385398.958172000,31,ok
1785385398.930140000,30,ok
1785385398.952810000,41,ok
1785385398.963463000,39,ok
1785385398.966841000,40,ok
1785385398.974506000,42,ok
1785385398.978157000,41,ok
1785385398.998151000,30,ok
1785385399.003496000,35,ok
1785385399.003984000,44,ok
1785385399.021448000,42,ok
1785385399.004963000,44,ok
1785385399.024124000,42,ok
1785385399.050726000,48,ok
1785385399.044707000,31,ok
1785385399.047768000,39,ok
1785385399.047843000,42,ok
1785385399.052333000,53,ok
1785385399.053241000,44,ok
1785385399.069809000,33,ok
1785385399.069884000,36,ok
1785385399.067419000,38,ok
1785385399.084235000,39,ok
1785385399.098176000,36,ok
1785385399.097718000,32,ok
1785385399.099313000,35,ok
1785385399.131735000,32,ok
1785385399.130950000,37,ok
1785385399.137940000,35,ok
1785385399.132477000,47,ok
1785385399.136349000,44,ok
1785385399.137553000,34,ok
1785385399.151977000,40,ok
1785385399.160993000,37,ok
1785385399.151351000,38,ok
1785385399.165691000,43,ok
1785385399.184695000,45,ok
1785385399.188170000,35,ok
1785385399.188096000,51,ok
1785385399.201125000,34,ok
1785385399.215785000,43,ok
1785385399.215812000,33,ok
1785385399.235455000,46,ok
1785385399.240954000,33,ok
1785385399.254526000,59,ok
1785385399.242690000,36,ok
1785385399.230227000,34,ok
1785385399.250000000,53,ok
1785385399.287141000,42,ok
1785385399.280021000,40,ok
1785385399.274948000,54,ok
1785385399.269166000,41,ok
1785385399.277120000,30,ok
1785385399.290948000,42,ok
1785385399.299120000,30,ok
1785385399.319857000,40,ok
1785385399.323627000,48,ok
1785385399.348750000,61,ok
1785385399.346652000,43,ok
1785385399.359709000,54,ok
1785385399.350501000,48,ok
1785385399.353407000,40,ok
1785385399.364990000,36,ok
1785385399.359194000,46,ok
1785385399.367912000,45,ok
1785385399.383384000,41,ok
1785385399.375149000,31,ok
1785385399.385854000,46,ok
1785385399.399609000,35,ok
1785385399.405263000,35,ok
1785385399.395704000,37,ok
1785385399.430832000,42,ok
1785385399.446128000,53,ok
1785385399.451317000,40,ok
1785385399.450200000,42,ok
1785385399.451582000,38,ok
1785385399.454783000,49,ok
1785385399.454033000,37,ok
1785385399.459011000,48,ok
1785385399.453126000,42,ok
1785385399.460574000,41,ok
1785385399.483027000,45,ok
1785385399.486009000,38,ok
1785385399.513712000,28,ok
1785385399.524722000,42,ok
1785385399.540859000,31,ok
1785385399.490006000,39,ok
1785385399.501008000,33,ok
1785385399.553307000,30,ok
1785385399.558318000,31,ok
1785385399.563188000,39,ok
1785385399.574340000,52,ok
1785385399.559371000,28,ok
1785385399.531683000,37,ok
1785385399.576511000,39,ok
1785385399.574556000,28,ok
1785385399.573004000,35,ok
1785385399.595718000,62,ok
1785385399.596427000,55,ok
1785385399.621240000,43,ok
1785385399.625360000,41,ok
1785385399.638912000,34,ok
1785385399.619056000,38,ok
1785385399.636704000,31,ok
1785385399.659597000,40,ok
1785385399.641075000,39,ok
1785385399.667983000,49,ok
1785385399.670218000,45,ok
1785385399.662455000,38,ok
1785385399.669258000,46,ok
1785385399.678364000,45,ok
1785385399.705815000,43,ok
1785385399.702296000,37,ok
1785385399.686066000,43,ok
1785385399.707771000,41,ok
1785385399.708563000,38,ok
1785385399.738465000,38,ok
1785385399.736619000,35,ok
1785385399.741098000,42,ok
1785385399.751943000,46,ok
1785385399.749606000,39,ok
1785385399.761563000,33,ok
1785385399.769409000,44,ok
1785385399.776926000,33,ok
1785385399.776507000,34,ok
1785385399.787226000,31,ok
1785385399.782195000,37,ok
1785385399.772762000,37,ok
1785385399.786432000,32,ok
1785385399.817930000,40,ok
1785385399.822254000,40,ok
1785385399.826139000,43,ok
1785385399.844924000,53,ok
1785385399.843155000,43,ok
1785385399.862259000,40,ok
1785385399.851860000,32,ok
1785385399.854222000,45,ok
1785385399.870672000,46,ok
1785385399.850261000,44,ok
1785385399.867332000,36,ok
1785385399.882844000,39,ok
1785385399.888994000,36,ok
1785385399.894453000,41,ok
1785385399.897242000,45,ok
1785385399.887127000,44,ok
1785385399.928288000,44,ok
1785385399.924813000,37,ok
1785385399.930115000,51,ok
1785385399.955425000,48,ok
1785385399.946720000,43,ok
1785385399.961419000,34,ok
1785385399.967285000,42,ok
1785385399.961172000,32,ok
1785385399.974218000,39,ok
1785385399.966428000,39,ok
1785385399.998455000,38,ok
1785385399.988310000,47,ok
1785385399.989308000,34,ok
1785385400.016335000,55,ok
1785385400.003622000,51,ok
1785385400.013835000,29,ok
1785385400.012931000,49,ok
1785385400.050774000,48,ok
1785385400.052977000,60,ok
1785385400.069095000,48,ok
1785385400.069022000,54,ok
1785385400.080036000,42,ok
1785385400.080171000,48,ok
1785385400.115339000,53,ok
1785385400.108624000,65,ok
1785385400.117824000,48,ok
1785385400.121860000,52,ok
1785385400.127542000,39,ok
1785385400.119692000,36,ok
1785385400.127657000,40,ok
1785385400.159866000,39,ok
1785385400.159879000,43,ok
1785385400.169091000,45,ok
1785385400.178039000,45,ok
1785385400.170483000,31,ok
1785385400.164560000,54,ok
1785385400.194188000,33,ok
1785385400.205193000,56,ok
1785385400.203852000,52,ok
1785385400.216246000,51,ok
1785385400.202381000,31,ok
1785385400.219072000,47,ok
1785385400.230425000,54,ok
1785385400.230895000,48,ok
1785385400.233479000,45,ok
1785385400.230238000,38,ok
1785385400.253266000,31,ok
1785385400.278132000,39,ok
1785385400.283473000,37,ok
1785385400.281475000,34,ok
1785385400.285278000,34,ok
1785385400.292103000,37,ok
1785385400.295800000,31,ok
1785385400.321391000,42,ok
1785385400.321665000,44,ok
1785385400.324959000,39,ok
1785385400.338417000,48,ok
1785385400.328752000,39,ok
1785385400.319206000,47,ok
1785385400.320352000,52,ok
1785385400.352105000,48,ok
1785385400.334520000,36,ok
1785385400.380400000,31,ok
1785385400.383532000,34,ok
1785385400.396976000,44,ok
1785385400.376474000,49,ok
1785385400.383546000,35,ok
1785385400.414615000,38,ok
1785385400.413488000,39,ok
1785385400.429440000,35,ok
1785385400.423070000,34,ok
1785385400.417998000,60,ok
1785385400.436337000,47,ok
1785385400.427932000,33,ok
1785385400.448939000,62,ok
1785385400.444320000,31,ok
1785385400.442752000,38,ok
1785385400.465631000,48,ok
1785385400.461867000,38,ok
1785385400.486463000,33,ok
1785385400.486227000,33,ok
1785385400.492506000,41,ok
1785385400.487164000,30,ok
1785385400.510619000,35,ok
1785385400.515709000,42,ok
1785385400.518439000,39,ok
1785385400.521030000,36,ok
1785385400.541365000,36,ok
1785385400.541048000,40,ok
1785385400.545509000,52,ok
1785385400.551290000,33,ok
1785385400.550379000,48,ok
1785385400.570741000,33,ok
1785385400.550224000,48,ok
1785385400.569562000,34,ok
1785385400.594117000,38,ok
1785385400.585276000,32,ok
1785385400.579688000,54,ok
1785385400.594674000,40,ok
1785385400.590513000,36,ok
1785385400.608666000,34,ok
1785385400.620377000,34,ok
1785385400.622268000,36,ok
1785385400.667082000,37,ok
1785385400.661731000,48,ok
1785385400.667943000,47,ok
1785385400.672212000,34,ok
1785385400.664525000,49,ok
1785385400.673092000,39,ok
1785385400.670946000,36,ok
1785385400.670647000,37,ok
1785385400.689934000,42,ok
1785385400.706447000,36,ok
1785385400.697068000,37,ok
1785385400.710459000,50,ok
1785385400.730630000,52,ok
1785385400.735025000,36,ok
1785385400.738188000,55,ok
1785385400.759586000,40,ok
1785385400.765586000,36,ok
1785385400.793294000,42,ok
1785385400.787887000,39,ok
1785385400.787870000,51,ok
1785385400.804436000,47,ok
1785385400.773760000,58,ok
1785385400.795209000,47,ok
1785385400.813440000,37,ok
1785385400.818965000,56,ok
1785385400.817190000,38,ok
1785385400.830442000,38,ok
1785385400.829400000,51,ok
1785385400.849669000,42,ok
1785385400.848449000,34,ok
1785385400.851546000,37,ok
1785385400.865633000,36,ok
1785385400.856799000,30,ok
1785385400.874592000,37,ok
1785385400.901121000,44,ok
1785385400.906870000,44,ok
1785385400.906139000,30,ok
1785385400.908192000,47,ok
1785385400.908912000,38,ok
1785385400.906776000,47,ok
1785385400.908928000,42,ok
1785385400.907937000,33,ok
1785385400.948094000,39,ok
1785385400.953167000,50,ok
1785385400.957352000,39,ok
1785385400.942654000,38,ok
1785385400.960346000,38,ok
1785385400.954317000,43,ok
1785385400.957874000,36,ok
1785385400.976481000,35,ok
1785385401.001173000,35,ok
1785385401.014220000,33,ok
1785385401.010858000,42,ok
1785385401.009409000,34,ok
1785385401.000117000,30,ok
1785385401.015128000,45,ok
1785385401.017030000,42,ok
1785385401.020479000,48,ok
1785385401.044211000,38,ok
1785385401.049011000,36,ok
1785385401.059047000,32,ok
1785385401.057392000,37,ok
1785385401.062868000,36,ok
1785385401.068493000,42,ok
1785385401.066459000,38,ok
1785385401.076081000,39,ok
1785385401.103576000,40,ok
1785385401.100851000,37,ok
1785385401.110258000,35,ok
1785385401.099636000,33,ok
1785385401.119106000,46,ok
1785385401.118104000,34,ok
1785385401.117579000,40,ok
1785385401.125366000,36,ok
1785385401.131446000,32,ok
1785385401.131919000,27,ok
1785385401.162086000,40,ok
1785385401.166175000,37,ok
1785385401.174106000,31,ok
1785385401.161863000,38,ok
1785385401.169321000,31,ok
1785385401.174940000,32,ok
1785385401.172380000,41,ok
1785385401.203367000,42,ok
1785385401.216376000,33,ok
1785385401.214548000,44,ok
1785385401.201081000,41,ok
1785385401.210471000,33,ok
1785385401.232985000,26,ok
1785385401.223429000,36,ok
1785385401.237248000,40,ok
1785385401.236968000,31,ok
1785385401.268856000,42,ok
1785385401.274380000,35,ok
1785385401.270540000,33,ok
1785385401.275237000,41,ok
1785385401.275114000,36,ok
1785385401.273184000,40,ok
1785385401.289061000,42,ok
1785385401.302438000,37,ok
1785385401.306190000,31,ok
1785385401.308671000,34,ok
1785385401.309171000,40,ok
1785385401.332160000,38,ok
1785385401.338140000,33,ok
1785385401.339156000,38,ok
1785385401.342876000,36,ok
1785385401.335598000,33,ok
1785385401.366629000,38,ok
1785385401.377684000,46,ok
1785385401.390042000,37,ok
1785385401.378058000,44,ok
1785385401.401396000,42,ok
1785385401.386811000,37,ok
1785385401.386133000,40,ok
1785385401.399793000,45,ok
1785385401.380323000,38,ok
1785385401.407498000,45,ok
1785385401.407251000,34,ok
1785385401.446157000,36,ok
1785385401.436847000,44,ok
1785385401.444295000,41,ok
1785385401.450712000,37,ok
1785385401.442600000,32,ok
1785385401.480030000,34,ok
1785385401.481653000,45,ok
1785385401.474433000,38,ok
1785385401.490556000,32,ok
1785385401.481407000,40,ok
1785385401.485428000,38,ok
1785385401.488922000,36,ok
1785385401.484942000,41,ok
1785385401.494432000,37,ok
1785385401.507461000,49,ok
1785385401.526218000,41,ok
1785385401.544550000,41,ok
1785385401.536366000,33,ok
1785385401.537765000,38,ok
1785385401.570983000,51,ok
1785385401.560278000,37,ok
1785385401.564655000,30,ok
1785385401.586467000,40,ok
1785385401.593341000,46,ok
1785385401.591174000,40,ok
1785385401.588877000,43,ok
1785385401.612826000,44,ok
1785385401.612059000,39,ok
1785385401.592040000,45,ok
1785385401.611105000,49,ok
1785385401.628274000,45,ok
1785385401.623295000,45,ok
1785385401.651510000,35,ok
1785385401.650679000,48,ok
1785385401.655969000,36,ok
1785385401.652364000,38,ok
1785385401.688723000,43,ok
1785385401.685520000,31,ok
1785385401.682678000,50,ok
1785385401.677139000,51,ok
1785385401.696246000,35,ok
1785385401.702871000,37,ok
1785385401.717101000,40,ok
1785385401.738878000,32,ok
1785385401.743318000,59,ok
1785385401.738305000,45,ok
1785385401.739260000,56,ok
1785385401.734874000,51,ok
1785385401.744160000,35,ok
1785385401.770306000,46,ok
1785385401.773070000,38,ok
1785385401.781431000,42,ok
1785385401.792788000,38,ok
1785385401.792028000,38,ok
1785385401.809304000,46,ok
1785385401.816742000,40,ok
1785385401.803417000,41,ok
1785385401.824462000,44,ok
1785385401.818366000,28,ok
1785385401.841181000,29,ok
1785385401.850906000,32,ok
1785385401.848790000,35,ok
1785385401.848978000,32,ok
1785385401.836651000,40,ok
1785385401.848518000,47,ok
1785385401.882449000,46,ok
1785385401.883191000,42,ok
1785385401.917282000,47,ok
1785385401.920442000,44,ok
1785385401.905515000,40,ok
1785385401.927437000,34,ok
1785385401.919383000,45,ok
1785385401.944800000,29,ok
1785385401.935985000,56,ok
1785385401.929743000,28,ok
1785385401.923704000,37,ok
1785385401.932372000,46,ok
1785385401.945140000,47,ok
1785385401.945040000,37,ok
1785385401.941851000,28,ok
1785385401.956762000,36,ok
1785385401.980972000,40,ok
1785385401.988482000,36,ok
1785385402.015842000,47,ok
1785385402.000691000,32,ok
1785385402.024384000,39,ok
1785385402.017049000,35,ok
1785385402.020207000,39,ok
1785385402.036047000,50,ok
1785385402.027006000,39,ok
1785385402.031957000,37,ok
1785385402.041788000,40,ok
1785385402.041175000,40,ok
1785385402.041086000,38,ok
1785385402.043321000,38,ok
1785385402.040483000,43,ok
1785385402.061241000,36,ok
1785385402.077650000,34,ok
1785385402.097727000,35,ok
1785385402.098452000,33,ok
1785385402.109290000,36,ok
1785385402.117525000,40,ok
1785385402.142166000,49,ok
1785385402.124244000,34,ok
1785385402.118653000,33,ok
1785385402.127769000,40,ok
1785385402.136222000,41,ok
1785385402.138950000,36,ok
1785385402.141183000,43,ok
1785385402.141795000,35,ok
1785385402.145992000,33,ok
1785385402.153465000,47,ok
1785385402.174971000,40,ok
1785385402.167098000,38,ok
1785385402.189211000,35,ok
1785385402.213644000,48,ok
1785385402.210123000,40,ok
1785385402.214281000,30,ok
1785385402.229137000,41,ok
1785385402.226873000,34,ok
1785385402.235054000,36,ok
1785385402.233896000,35,ok
1785385402.236397000,39,ok
1785385402.251362000,45,ok
1785385402.256486000,40,ok
1785385402.245550000,37,ok
1785385402.261341000,34,ok
1785385402.253224000,48,ok
1785385402.262522000,30,ok
1785385402.268949000,34,ok
1785385402.276955000,30,ok
1785385402.316993000,39,ok
1785385402.317173000,43,ok
1785385402.315797000,36,ok
1785385402.349880000,40,ok
1785385402.316329000,35,ok
1785385402.337343000,38,ok
1785385402.325977000,35,ok
1785385402.329041000,36,ok
1785385402.364090000,43,ok
1785385402.372919000,35,ok
1785385402.369553000,32,ok
1785385402.353755000,48,ok
1785385402.364471000,33,ok
1785385402.354939000,45,ok
1785385402.408000000,31,ok
1785385402.325478000,34,ok
1785385402.437827000,40,ok
1785385402.443740000,39,ok
1785385402.444368000,41,ok
1785385402.446336000,37,ok
1785385402.448645000,41,ok
1785385402.453977000,30,ok
1785385402.459274000,36,ok
1785385402.454149000,109,ok
1785385402.451787000,43,ok
1785385402.427589000,37,ok
1785385402.469051000,35,ok
1785385402.469801000,36,ok
1785385402.472535000,35,ok
1785385402.472150000,59,ok
1785385402.536825000,38,ok
1785385402.519952000,43,ok
1785385402.526219000,39,ok
1785385402.565629000,60,ok
1785385402.560359000,44,ok
1785385402.571349000,50,ok
1785385402.557482000,56,ok
1785385402.575265000,61,ok
1785385402.563160000,45,ok
1785385402.557289000,38,ok
1785385402.587677000,61,ok
1785385402.599910000,40,ok
1785385402.615277000,62,ok
1785385402.618402000,33,ok
1785385402.616929000,46,ok
1785385402.598139000,53,ok
1785385402.631838000,33,ok
1785385402.651300000,30,ok
1785385402.689742000,48,ok
1785385402.690410000,45,ok
1785385402.687746000,41,ok
1785385402.691031000,52,ok
1785385402.660869000,42,ok
1785385402.695641000,48,ok
1785385402.701318000,43,ok
1785385402.691277000,49,ok
1785385402.724922000,45,ok
1785385402.716865000,31,ok
1785385402.721142000,33,ok
1785385402.722690000,35,ok
1785385402.740526000,42,ok
1785385402.741205000,28,ok
1785385402.737116000,49,ok
1785385402.770013000,30,ok
1785385402.782355000,38,ok
1785385402.768733000,30,ok
1785385402.798227000,53,ok
1785385402.803076000,37,ok
1785385402.802242000,34,ok
1785385402.789654000,37,ok
1785385402.815724000,38,ok
1785385402.797570000,45,ok
1785385402.818803000,43,ok
1785385402.818887000,31,ok
1785385402.817903000,41,ok
1785385402.826619000,28,ok
1785385402.835954000,36,ok
1785385402.860960000,40,ok
1785385402.867929000,36,ok
1785385402.851001000,34,ok
1785385402.889197000,33,ok
1785385402.878718000,32,ok
1785385402.891237000,35,ok
1785385402.890825000,36,ok
1785385402.915094000,41,ok
1785385402.911553000,40,ok
1785385402.912902000,50,ok
1785385402.920778000,37,ok
1785385402.918529000,35,ok
1785385402.915528000,39,ok
1785385402.934517000,43,ok
1785385402.920627000,36,ok
1785385402.929726000,26,ok
1785385402.955726000,39,ok
1785385402.977785000,33,ok
1785385402.976680000,44,ok
1785385402.994797000,39,ok
1785385402.980829000,55,ok
1785385403.010840000,34,ok
1785385403.014318000,42,ok
1785385403.016839000,40,ok
1785385402.996268000,26,ok
1785385403.021781000,47,ok
1785385403.021387000,43,ok
1785385403.036368000,31,ok
1785385403.028327000,34,ok
1785385403.048179000,43,ok
1785385403.043055000,49,ok
1785385403.045256000,35,ok
1785385403.067724000,27,ok
1785385403.072675000,43,ok
1785385403.095609000,47,ok
1785385403.089912000,40,ok
1785385403.091681000,45,ok
1785385403.120842000,44,ok
1785385403.116076000,37,ok
1785385403.134302000,47,ok
1785385403.118575000,47,ok
1785385403.135596000,41,ok
1785385403.140411000,38,ok
1785385403.129226000,50,ok
1785385403.142171000,39,ok
1785385403.140204000,47,ok
1785385403.165830000,39,ok
1785385403.185490000,37,ok
1785385403.186048000,47,ok
1785385403.179246000,32,ok
1785385403.199577000,33,ok
1785385403.193079000,34,ok
1785385403.219774000,41,ok
1785385403.211059000,38,ok
1785385403.228176000,33,ok
1785385403.219482000,38,ok
1785385403.230329000,33,ok
1785385403.243411000,37,ok
1785385403.244448000,42,ok
1785385403.243011000,35,ok
1785385403.253162000,33,ok
1785385403.259746000,31,ok
1785385403.254657000,32,ok
1785385403.297081000,26,ok
1785385403.283857000,38,ok
1785385403.285142000,38,ok
1785385403.295714000,40,ok
1785385403.302005000,28,ok
1785385403.289032000,27,ok
1785385403.311536000,38,ok
1785385403.331599000,37,ok
1785385403.333105000,47,ok
1785385403.344276000,36,ok
1785385403.350539000,36,ok
1785385403.349427000,30,ok
1785385403.349945000,33,ok
1785385403.345321000,44,ok
1785385403.378486000,37,ok
1785385403.375261000,33,ok
1785385403.396725000,43,ok
1785385403.384732000,37,ok
1785385403.408879000,49,ok
1785385403.405462000,41,ok
1785385403.397249000,43,ok
1785385403.412059000,40,ok
1785385403.412339000,37,ok
1785385403.433396000,33,ok
1785385403.427854000,34,ok
1785385403.457828000,40,ok
1785385403.442889000,42,ok
1785385403.457196000,40,ok
1785385403.459537000,46,ok
1785385403.466344000,39,ok
1785385403.492317000,46,ok
1785385403.497363000,50,ok
1785385403.507717000,53,ok
1785385403.503825000,42,ok
1785385403.509100000,51,ok
1785385403.510322000,39,ok
1785385403.510973000,37,ok
1785385403.515030000,42,ok
1785385403.519983000,33,ok
1785385403.546849000,38,ok
1785385403.546812000,33,ok
1785385403.549375000,45,ok
1785385403.551147000,37,ok
1785385403.558033000,39,ok
1785385403.562368000,41,ok
1785385403.596919000,45,ok
1785385403.602701000,36,ok
1785385403.599879000,37,ok
1785385403.597139000,40,ok
1785385403.612044000,37,ok
1785385403.607013000,40,ok
1785385403.616039000,49,ok
1785385403.615081000,43,ok
1785385403.625874000,33,ok
1785385403.632469000,33,ok
1785385403.637479000,56,ok
1785385403.662691000,46,ok
1785385403.649347000,34,ok
1785385403.679818000,45,ok
1785385403.667124000,38,ok
1785385403.688107000,47,ok
1785385403.704031000,30,ok
1785385403.689345000,34,ok
1785385403.709676000,42,ok
1785385403.722464000,39,ok
1785385403.736051000,49,ok
1785385403.719578000,36,ok
1785385403.702774000,40,ok
1785385403.722386000,42,ok
1785385403.756794000,40,ok
1785385403.729986000,33,ok
1785385403.758158000,38,ok
1785385403.760466000,48,ok
1785385403.762237000,45,ok
1785385403.794312000,43,ok
1785385403.820378000,59,ok
1785385403.788124000,43,ok
1785385403.819928000,49,ok
1785385403.837031000,49,ok
1785385403.853287000,65,ok
1785385403.835867000,55,ok
1785385403.870515000,61,ok
1785385403.851068000,44,ok
1785385403.855375000,52,ok
1785385403.874304000,37,ok
1785385403.862458000,37,ok
1785385403.898783000,55,ok
1785385403.899809000,48,ok
1785385403.933382000,42,ok
1785385403.920119000,41,ok
1785385403.926939000,39,ok
1785385403.894846000,44,ok
1785385403.932766000,40,ok
1785385403.923476000,54,ok
1785385403.958080000,45,ok
1785385403.970216000,40,ok
1785385403.979053000,52,ok
1785385403.982088000,44,ok
1785385403.974120000,39,ok
1785385404.012604000,59,ok
1785385404.005837000,51,ok
1785385404.011002000,43,ok
1785385404.055720000,48,ok
1785385404.011863000,49,ok
1785385404.055214000,54,ok
1785385404.054030000,32,ok
1785385404.046015000,64,ok
1785385404.059432000,54,ok
1785385404.053602000,44,ok
1785385404.052592000,47,ok
1785385404.075677000,50,ok
1785385404.094554000,32,ok
1785385404.096054000,45,ok
1785385404.107469000,37,ok
1785385404.129496000,37,ok
1785385404.145225000,48,ok
1785385404.136125000,58,ok
1785385404.160760000,47,ok
1785385404.163795000,36,ok
1785385404.163585000,49,ok
1785385404.180431000,37,ok
1785385404.179402000,31,ok
1785385404.163170000,42,ok
1785385404.186752000,54,ok
1785385404.173419000,37,ok
1785385404.175991000,51,ok
1785385404.175780000,42,ok
1785385404.199917000,32,ok
1785385404.205061000,45,ok
1785385404.195298000,43,ok
1785385404.239802000,44,ok
1785385404.243781000,33,ok
1785385404.249621000,43,ok
1785385404.280456000,46,ok
1785385404.267065000,40,ok
1785385404.275781000,53,ok
1785385404.279368000,55,ok
1785385404.287992000,48,ok
1785385404.284313000,40,ok
1785385404.284218000,48,ok
1785385404.275905000,37,ok
1785385404.302783000,55,ok
1785385404.303060000,64,ok
1785385404.315506000,42,ok
1785385404.317330000,31,ok
1785385404.320381000,40,ok
1785385404.360940000,39,ok
1785385404.355033000,41,ok
1785385404.365747000,38,ok
1785385404.369464000,40,ok
1785385404.371738000,40,ok
1785385404.365030000,36,ok
1785385404.384879000,41,ok
1785385404.384318000,48,ok
1785385404.402437000,47,ok
1785385404.390913000,36,ok
1785385404.416909000,42,ok
1785385404.415257000,38,ok
1785385404.410165000,43,ok
1785385404.423819000,53,ok
1785385404.456980000,58,ok
1785385404.413116000,36,ok
1785385404.479989000,55,ok
1785385404.492511000,44,ok
1785385404.497435000,39,ok
1785385404.497529000,53,ok
1785385404.504715000,47,ok
1785385404.494325000,51,ok
1785385404.513638000,57,ok
1785385404.535571000,58,ok
1785385404.529331000,49,ok
1785385404.527786000,43,ok
1785385404.557100000,49,ok
1785385404.533763000,36,ok
1785385404.558012000,61,ok
1785385404.566190000,44,ok
1785385404.589215000,42,ok
1785385404.573645000,52,ok
1785385404.597446000,59,ok
1785385404.593228000,49,ok
1785385404.617804000,49,ok
1785385404.650631000,31,ok
1785385404.641404000,45,ok
1785385404.630098000,46,ok
1785385404.659133000,46,ok
1785385404.668581000,46,ok
1785385404.683778000,49,ok
1785385404.705760000,69,ok
1785385404.671101000,42,ok
1785385404.718191000,69,ok
1785385404.724984000,47,ok
1785385404.715924000,55,ok
1785385404.765688000,81,ok
1785385404.724341000,79,ok
1785385404.717265000,80,ok
1785385404.796338000,94,ok
1785385404.757922000,73,ok
1785385404.826278000,53,ok
1785385404.805746000,57,ok
1785385404.824508000,66,ok
1785385404.835556000,79,ok
1785385404.870051000,78,ok
1785385404.858791000,69,ok
1785385404.883605000,46,ok
1785385404.865215000,73,ok
1785385404.920529000,57,ok
1785385404.918772000,49,ok
1785385404.907060000,81,ok
1785385404.919836000,61,ok
1785385404.917322000,50,ok
1785385404.933464000,56,ok
1785385404.954166000,49,ok
1785385404.975167000,61,ok
1785385404.968341000,66,ok
1785385404.968550000,43,ok
1785385404.986264000,43,ok
1785385404.974854000,56,ok
1785385405.000403000,41,ok
1785385404.983774000,53,ok
1785385405.016132000,40,ok
1785385404.999775000,45,ok
1785385405.021147000,38,ok
1785385405.027243000,39,ok
1785385405.047845000,56,ok
1785385405.069732000,56,ok
1785385405.088736000,61,ok
1785385405.124409000,88,ok
1785385405.093300000,97,ok
1785385405.130549000,71,ok
1785385405.124820000,90,ok
1785385405.126292000,106,ok
1785385405.139275000,78,ok
1785385405.144882000,75,ok
1785385405.152456000,59,ok
1785385405.152225000,64,ok
1785385405.148162000,80,ok
1785385405.164893000,73,ok
1785385405.171717000,74,ok
1785385405.219558000,46,ok
1785385405.205360000,68,ok
1785385405.253905000,58,ok
1785385405.303616000,73,ok
1785385405.271432000,68,ok
1785385405.286743000,68,ok
1785385405.284149000,52,ok
1785385405.295523000,66,ok
1785385405.305606000,82,ok
1785385405.301421000,60,ok
1785385405.311299000,73,ok
1785385405.307776000,47,ok
1785385405.339783000,73,ok
1785385405.295365000,52,ok
1785385405.359343000,66,ok
1785385405.299886000,77,ok
1785385405.402483000,66,ok
1785385405.389342000,56,ok
1785385405.442240000,81,ok
1785385405.453268000,72,ok
1785385405.457909000,57,ok
1785385405.468886000,73,ok
1785385405.469909000,66,ok
1785385405.480978000,56,ok
1785385405.479703000,74,ok
1785385405.468092000,65,ok
1785385405.494174000,59,ok
1785385405.476058000,42,ok
1785385405.483583000,68,ok
1785385405.518519000,58,ok
1785385405.532368000,69,ok
1785385405.514995000,75,ok
1785385405.514244000,77,ok
1785385405.543306000,54,ok
1785385405.527618000,57,ok
1785385405.542222000,49,ok
1785385405.593976000,66,ok
1785385405.575043000,60,ok
1785385405.604476000,47,ok
1785385405.605330000,46,ok
1785385405.613899000,56,ok
1785385405.614960000,84,ok
1785385405.617649000,63,ok
1785385405.638814000,57,ok
1785385405.663132000,50,ok
1785385405.653056000,70,ok
1785385405.669997000,52,ok
1785385405.666369000,57,ok
1785385405.677234000,46,ok
1785385405.685743000,66,ok
1785385405.678580000,57,ok
1785385405.712229000,57,ok
1785385405.704300000,50,ok
1785385405.716793000,62,ok
1785385405.723968000,48,ok
1785385405.716007000,56,ok
1785385405.746633000,77,ok
1785385405.748831000,58,ok
1785385405.744318000,74,ok
1785385405.769919000,52,ok
1785385405.776703000,60,ok
1785385405.805948000,72,ok
1785385405.810538000,71,ok
1785385405.802624000,72,ok
1785385405.798264000,67,ok
1785385405.805254000,82,ok
1785385405.828707000,82,ok
1785385405.841296000,65,ok
1785385405.860497000,72,ok
1785385405.859271000,64,ok
1785385405.857656000,73,ok
1785385405.866879000,66,ok
1785385405.858791000,78,ok
1785385405.864305000,70,ok
1785385405.863061000,63,ok
1785385405.882374000,47,ok
1785385405.882398000,57,ok
1785385405.903028000,51,ok
1785385405.926018000,63,ok
1785385405.936384000,58,ok
1785385405.947409000,61,ok
1785385405.973265000,73,ok
1785385405.934882000,65,ok
1785385406.006211000,68,ok
1785385406.018536000,80,ok
1785385406.027922000,85,ok
1785385406.025813000,70,ok
1785385406.024932000,59,ok
1785385406.037796000,68,ok
1785385406.055183000,104,ok
1785385406.038691000,87,ok
1785385406.034729000,67,ok
1785385406.052856000,77,ok
1785385406.044856000,72,ok
1785385406.089495000,38,ok
1785385406.094389000,47,ok
1785385406.113618000,46,ok
1785385406.152623000,64,ok
1785385406.162066000,60,ok
1785385406.165152000,49,ok
1785385406.161457000,70,ok
1785385406.152880000,43,ok
1785385406.183150000,76,ok
1785385406.171104000,59,ok
1785385406.164431000,52,ok
1785385406.152533000,47,ok
1785385406.187818000,72,ok
1785385406.187593000,61,ok
1785385406.184828000,62,ok
1785385406.229934000,69,ok
1785385406.247827000,65,ok
1785385406.234545000,66,ok
1785385406.269712000,61,ok
1785385406.277525000,58,ok
1785385406.275924000,40,ok
1785385406.274225000,39,ok
1785385406.273292000,43,ok
1785385406.282168000,45,ok
1785385406.282138000,64,ok
1785385406.304898000,68,ok
1785385406.326262000,63,ok
1785385406.312973000,74,ok
1785385406.324756000,82,ok
1785385406.343895000,67,ok
1785385406.328876000,53,ok
1785385406.364872000,63,ok
1785385406.391380000,52,ok
1785385406.385745000,62,ok
1785385406.389057000,59,ok
1785385406.386230000,53,ok
1785385406.386408000,42,ok
1785385406.384887000,63,ok
1785385406.391671000,71,ok
1785385406.377187000,67,ok
1785385406.383393000,44,ok
1785385406.416824000,54,ok
1785385406.449748000,52,ok
1785385406.458448000,68,ok
1785385406.461127000,58,ok
1785385406.459380000,63,ok
1785385406.458427000,60,ok
1785385406.478685000,44,ok
1785385406.494186000,52,ok
1785385406.497542000,54,ok
1785385406.486970000,49,ok
1785385406.505574000,58,ok
1785385406.516933000,59,ok
1785385406.520312000,77,ok
1785385406.516642000,66,ok
1785385406.532180000,48,ok
1785385406.517864000,65,ok
1785385406.510566000,59,ok
1785385406.542126000,38,ok
1785385406.575676000,55,ok
1785385406.581946000,62,ok
1785385406.608647000,57,ok
1785385406.590043000,65,ok
1785385406.614268000,77,ok
1785385406.608481000,79,ok
1785385406.619364000,62,ok
1785385406.628116000,35,ok
1785385406.627688000,54,ok
1785385406.643537000,53,ok
1785385406.640938000,49,ok
1785385406.633266000,41,ok
1785385406.641706000,37,ok
1785385406.630994000,63,ok
1785385406.639227000,66,ok
1785385406.630619000,59,ok
1785385406.709444000,48,ok
1785385406.727561000,58,ok
1785385406.735918000,63,ok
1785385406.735015000,69,ok
1785385406.742670000,68,ok
1785385406.745477000,53,ok
1785385406.735486000,50,ok
1785385406.746492000,42,ok
1785385406.745939000,50,ok
1785385406.734828000,53,ok
1785385406.759003000,47,ok
1785385406.756159000,45,ok
1785385406.743944000,49,ok
1785385406.752309000,58,ok
1785385406.769973000,56,ok
1785385406.772674000,66,ok
1785385406.816357000,48,ok
1785385406.847518000,50,ok
1785385406.833720000,45,ok
1785385406.856624000,67,ok
1785385406.843442000,38,ok
1785385406.856197000,47,ok
1785385406.869164000,56,ok
1785385406.872897000,57,ok
1785385406.883314000,60,ok
1785385406.885933000,63,ok
1785385406.867257000,54,ok
1785385406.889068000,46,ok
1785385406.875893000,71,ok
1785385406.899697000,46,ok
1785385406.896427000,69,ok
1785385406.928985000,48,ok
1785385406.916333000,45,ok
1785385406.976753000,47,ok
1785385406.979075000,57,ok
1785385406.976517000,58,ok
1785385406.976079000,49,ok
1785385406.984268000,46,ok
1785385407.002313000,50,ok
1785385407.005444000,80,ok
1785385407.003289000,58,ok
1785385407.015110000,53,ok
1785385407.008889000,68,ok
1785385407.011043000,67,ok
1785385407.011806000,53,ok
1785385407.002589000,46,ok
1785385407.011203000,77,ok
1785385407.028660000,41,ok
1785385407.019127000,44,ok
