ts,ms,status
1785385603.934051000,116,ok
1785385603.935581000,117,ok
1785385603.939923000,105,ok
1785385603.941186000,121,ok
1785385603.938633000,122,ok
1785385603.940965000,120,ok
1785385603.941528000,121,ok
1785385603.946203000,126,ok
1785385603.943020000,120,ok
1785385603.944863000,110,ok
1785385603.939131000,113,ok
1785385603.945551000,106,ok
1785385603.945284000,127,ok
1785385603.945146000,123,ok
1785385603.939011000,87,ok
1785385603.942026000,119,ok
1785385604.023511000,42,ok
1785385604.029698000,44,ok
1785385604.027792000,39,ok
1785385604.033379000,43,ok
1785385604.041847000,55,ok
1785385604.047767000,49,ok
1785385604.045908000,42,ok
1785385604.045581000,52,ok
1785385604.037892000,40,ok
1785385604.068977000,57,ok
1785385604.069170000,70,ok
1785385604.067892000,68,ok
1785385604.068780000,74,ok
1785385604.070826000,65,ok
1785385604.073305000,45,ok
1785385604.070851000,42,ok
1785385604.129793000,47,ok
1785385604.150944000,54,ok
1785385604.141954000,49,ok
1785385604.139421000,55,ok
1785385604.154411000,59,ok
1785385604.138376000,42,ok
1785385604.180923000,66,ok
1785385604.175069000,47,ok
1785385604.178921000,38,ok
1785385604.180017000,52,ok
1785385604.159960000,55,ok
1785385604.177477000,41,ok
1785385604.177728000,57,ok
1785385604.172037000,58,ok
1785385604.201574000,62,ok
1785385604.215878000,64,ok
1785385604.248750000,46,ok
1785385604.309655000,45,ok
1785385604.287250000,56,ok
1785385604.314805000,60,ok
1785385604.318721000,66,ok
1785385604.313449000,58,ok
1785385604.315849000,73,ok
1785385604.314614000,57,ok
1785385604.314676000,62,ok
1785385604.314267000,72,ok
1785385604.312135000,52,ok
1785385604.312200000,75,ok
1785385604.322469000,50,ok
1785385604.314574000,73,ok
1785385604.338693000,56,ok
1785385604.364156000,45,ok
1785385604.385393000,48,ok
1785385604.387138000,32,ok
1785385604.427390000,50,ok
1785385604.433673000,49,ok
1785385604.417896000,55,ok
1785385604.427128000,56,ok
1785385604.410121000,40,ok
1785385604.445106000,53,ok
1785385604.414195000,49,ok
1785385604.438380000,55,ok
1785385604.438499000,52,ok
1785385604.440530000,65,ok
1785385604.438338000,59,ok
1785385604.452221000,37,ok
1785385604.441987000,54,ok
1785385604.476049000,40,ok
1785385604.493163000,42,ok
1785385604.521399000,37,ok
1785385604.521980000,34,ok
1785385604.522326000,46,ok
1785385604.519505000,49,ok
1785385604.536151000,49,ok
1785385604.536885000,57,ok
1785385604.533233000,56,ok
1785385604.538248000,59,ok
1785385604.555545000,54,ok
1785385604.558884000,66,ok
1785385604.557145000,46,ok
1785385604.556780000,38,ok
1785385604.567934000,45,ok
1785385604.574902000,35,ok
1785385604.624557000,53,ok
1785385604.624567000,45,ok
1785385604.633195000,54,ok
1785385604.640975000,46,ok
1785385604.642181000,53,ok
1785385604.638575000,59,ok
1785385604.667588000,62,ok
1785385604.656670000,64,ok
1785385604.647900000,56,ok
1785385604.655855000,43,ok
1785385604.689293000,52,ok
1785385604.677244000,54,ok
1785385604.683160000,53,ok
1785385604.678357000,56,ok
1785385604.701353000,37,ok
1785385604.705895000,44,ok
1785385604.741542000,43,ok
1785385604.739241000,46,ok
1785385604.749000000,39,ok
1785385604.750854000,40,ok
1785385604.738556000,40,ok
1785385604.749741000,45,ok
1785385604.778958000,47,ok
1785385604.758609000,43,ok
1785385604.790178000,44,ok
1785385604.795333000,47,ok
1785385604.790582000,37,ok
1785385604.785415000,43,ok
1785385604.790568000,38,ok
1785385604.792033000,52,ok
1785385604.819103000,41,ok
1785385604.839130000,35,ok
1785385604.851834000,53,ok
1785385604.877914000,47,ok
1785385604.859278000,51,ok
1785385604.882096000,38,ok
1785385604.887803000,44,ok
1785385604.873047000,55,ok
1785385604.878143000,49,ok
1785385604.874371000,38,ok
1785385604.877349000,41,ok
1785385604.901761000,41,ok
1785385604.889133000,60,ok
1785385604.903641000,49,ok
1785385604.904770000,50,ok
1785385604.910712000,37,ok
1785385604.966239000,45,ok
1785385604.934213000,40,ok
1785385604.938630000,35,ok
1785385604.961626000,39,ok
1785385604.997987000,62,ok
1785385604.989520000,51,ok
1785385605.010031000,68,ok
1785385604.992773000,50,ok
1785385604.999912000,52,ok
1785385604.989037000,61,ok
1785385605.005541000,54,ok
1785385605.024699000,44,ok
1785385605.038696000,61,ok
1785385605.028935000,51,ok
1785385605.048014000,43,ok
1785385605.089038000,38,ok
1785385605.105402000,45,ok
1785385605.087742000,44,ok
1785385605.094669000,44,ok
1785385605.086654000,48,ok
1785385605.128689000,54,ok
1785385605.118035000,54,ok
1785385605.118728000,46,ok
1785385605.124890000,43,ok
1785385605.134633000,56,ok
1785385605.125841000,35,ok
1785385605.130486000,54,ok
1785385605.148979000,54,ok
1785385605.135268000,45,ok
1785385605.138192000,60,ok
1785385605.156511000,46,ok
1785385605.192319000,35,ok
1785385605.195110000,40,ok
1785385605.205295000,36,ok
1785385605.210605000,48,ok
1785385605.202488000,35,ok
1785385605.238610000,50,ok
1785385605.228877000,44,ok
1785385605.242739000,58,ok
1785385605.250817000,49,ok
1785385605.236473000,50,ok
1785385605.256462000,68,ok
1785385605.246786000,45,ok
1785385605.245165000,51,ok
1785385605.238928000,64,ok
1785385605.252918000,46,ok
1785385605.297700000,43,ok
1785385605.319107000,48,ok
1785385605.313713000,44,ok
1785385605.345645000,35,ok
1785385605.329622000,51,ok
1785385605.346418000,49,ok
1785385605.351873000,56,ok
1785385605.349205000,42,ok
1785385605.339946000,35,ok
1785385605.358037000,46,ok
1785385605.364104000,45,ok
1785385605.378341000,48,ok
1785385605.372511000,30,ok
1785385605.371252000,52,ok
1785385605.382339000,40,ok
1785385605.429235000,45,ok
1785385605.402750000,46,ok
1785385605.425245000,41,ok
1785385605.451511000,45,ok
1785385605.438749000,41,ok
1785385605.456503000,43,ok
1785385605.437493000,44,ok
1785385605.443903000,51,ok
1785385605.453746000,50,ok
1785385605.454216000,51,ok
1785385605.487238000,66,ok
1785385605.481815000,44,ok
1785385605.502349000,59,ok
1785385605.508875000,52,ok
1785385605.499998000,57,ok
1785385605.539887000,52,ok
1785385605.501675000,46,ok
1785385605.536273000,45,ok
1785385605.547019000,39,ok
1785385605.554661000,40,ok
1785385605.566858000,52,ok
1785385605.566117000,64,ok
1785385605.571168000,43,ok
1785385605.580225000,48,ok
1785385605.572316000,34,ok
1785385605.610111000,51,ok
1785385605.613918000,51,ok
1785385605.606264000,51,ok
1785385605.611346000,38,ok
1785385605.619794000,45,ok
1785385605.598772000,45,ok
1785385605.652726000,46,ok
1785385605.654559000,49,ok
1785385605.660052000,45,ok
1785385605.635187000,49,ok
1785385605.659231000,43,ok
1785385605.675089000,46,ok
1785385605.686038000,61,ok
1785385605.681204000,37,ok
1785385605.693220000,45,ok
1785385605.684314000,43,ok
1785385605.736662000,50,ok
1785385605.745543000,48,ok
1785385605.724253000,48,ok
1785385605.744066000,62,ok
1785385605.742854000,47,ok
1785385605.756169000,51,ok
1785385605.756944000,51,ok
1785385605.786193000,64,ok
1785385605.786177000,72,ok
1785385605.788548000,63,ok
1785385605.803827000,61,ok
1785385605.808615000,49,ok
1785385605.812228000,31,ok
1785385605.825669000,45,ok
1785385605.825240000,43,ok
1785385605.834791000,37,ok
1785385605.837427000,56,ok
1785385605.863033000,41,ok
1785385605.871042000,31,ok
1785385605.860130000,39,ok
1785385605.871691000,49,ok
1785385605.866512000,50,ok
1785385605.869768000,34,ok
1785385605.886845000,29,ok
1785385605.869255000,50,ok
1785385605.887950000,43,ok
1785385605.912156000,33,ok
1785385605.914751000,40,ok
1785385605.923982000,49,ok
1785385605.920142000,38,ok
1785385605.938261000,42,ok
1785385605.937268000,33,ok
1785385605.961047000,45,ok
1785385605.970455000,41,ok
1785385605.965053000,45,ok
1785385605.972685000,44,ok
1785385605.967734000,34,ok
1785385605.970511000,41,ok
1785385605.985223000,38,ok
1785385605.986820000,46,ok
1785385605.979140000,38,ok
1785385606.021598000,42,ok
1785385606.029831000,45,ok
1785385606.015761000,44,ok
1785385606.047814000,54,ok
1785385606.050408000,60,ok
1785385606.055077000,40,ok
1785385606.051457000,39,ok
1785385606.060962000,34,ok
1785385606.066283000,41,ok
1785385606.087198000,49,ok
1785385606.091707000,56,ok
1785385606.100154000,52,ok
1785385606.087963000,29,ok
1785385606.097194000,38,ok
1785385606.102773000,39,ok
1785385606.107001000,45,ok
1785385606.148333000,45,ok
1785385606.153241000,34,ok
1785385606.155286000,48,ok
1785385606.156305000,52,ok
1785385606.152414000,49,ok
1785385606.166636000,39,ok
1785385606.160175000,43,ok
1785385606.171148000,46,ok
1785385606.166462000,37,ok
1785385606.170787000,34,ok
1785385606.199424000,54,ok
1785385606.201520000,38,ok
1785385606.201388000,41,ok
1785385606.206464000,28,ok
1785385606.194382000,37,ok
1785385606.204532000,52,ok
1785385606.246602000,43,ok
1785385606.255253000,45,ok
1785385606.246770000,37,ok
1785385606.265233000,34,ok
1785385606.260104000,33,ok
1785385606.268391000,39,ok
1785385606.250031000,45,ok
1785385606.292667000,39,ok
1785385606.298511000,36,ok
1785385606.287256000,50,ok
1785385606.261998000,42,ok
1785385606.302285000,41,ok
1785385606.288474000,36,ok
1785385606.320474000,42,ok
1785385606.316223000,39,ok
1785385606.323641000,32,ok
1785385606.347153000,37,ok
1785385606.367655000,43,ok
1785385606.352720000,46,ok
1785385606.354088000,38,ok
1785385606.381289000,42,ok
1785385606.380955000,58,ok
1785385606.382987000,31,ok
1785385606.383972000,43,ok
1785385606.376648000,49,ok
1785385606.411404000,35,ok
1785385606.388964000,40,ok
1785385606.398211000,49,ok
1785385606.422564000,36,ok
1785385606.417931000,48,ok
1785385606.440834000,39,ok
1785385606.458309000,31,ok
1785385606.484063000,42,ok
1785385606.461917000,49,ok
1785385606.462918000,47,ok
1785385606.492246000,49,ok
1785385606.489979000,44,ok
1785385606.483959000,49,ok
1785385606.489627000,34,ok
1785385606.488911000,57,ok
1785385606.486292000,51,ok
1785385606.523875000,42,ok
1785385606.533798000,40,ok
1785385606.540289000,44,ok
1785385606.537305000,43,ok
1785385606.523214000,43,ok
1785385606.544619000,38,ok
1785385606.574055000,39,ok
1785385606.596289000,41,ok
1785385606.575698000,40,ok
1785385606.595573000,42,ok
1785385606.584442000,36,ok
1785385606.595690000,57,ok
1785385606.584185000,41,ok
1785385606.590258000,41,ok
1785385606.602045000,48,ok
1785385606.619513000,44,ok
1785385606.635115000,41,ok
1785385606.635710000,43,ok
1785385606.646476000,37,ok
1785385606.642688000,46,ok
1785385606.647953000,51,ok
1785385606.667331000,42,ok
1785385606.691033000,43,ok
1785385606.689890000,50,ok
1785385606.694686000,41,ok
1785385606.712855000,52,ok
1785385606.702352000,49,ok
1785385606.709946000,51,ok
1785385606.718402000,48,ok
1785385606.719223000,42,ok
1785385606.718741000,53,ok
1785385606.718533000,53,ok
1785385606.750227000,34,ok
1785385606.758186000,40,ok
1785385606.747900000,42,ok
1785385606.752111000,32,ok
1785385606.798919000,32,ok
1785385606.800776000,57,ok
1785385606.799292000,48,ok
1785385606.789467000,63,ok
1785385606.814785000,45,ok
1785385606.835744000,48,ok
1785385606.834007000,48,ok
1785385606.834291000,45,ok
1785385606.820842000,64,ok
1785385606.870440000,35,ok
1785385606.857435000,85,ok
1785385606.858346000,60,ok
1785385606.876660000,47,ok
1785385606.871470000,74,ok
1785385606.883484000,51,ok
1785385606.922736000,42,ok
1785385606.928244000,43,ok
1785385606.904586000,45,ok
1785385606.916790000,60,ok
1785385606.921069000,47,ok
1785385606.950279000,56,ok
1785385606.951004000,53,ok
1785385606.937103000,44,ok
1785385606.960859000,61,ok
1785385606.947722000,35,ok
1785385606.987788000,42,ok
1785385606.996866000,36,ok
1785385606.992639000,55,ok
1785385606.999035000,42,ok
1785385606.993335000,51,ok
1785385607.001910000,52,ok
1785385607.027588000,47,ok
1785385607.029668000,45,ok
1785385607.031628000,42,ok
1785385607.055812000,48,ok
1785385607.038953000,38,ok
1785385607.030326000,41,ok
1785385607.055768000,40,ok
1785385607.053212000,39,ok
1785385607.065531000,43,ok
1785385607.062500000,38,ok
1785385607.104578000,44,ok
1785385607.103964000,39,ok
1785385607.103203000,46,ok
1785385607.106235000,35,ok
1785385607.108800000,37,ok
1785385607.107835000,39,ok
1785385607.135391000,31,ok
1785385607.137051000,35,ok
1785385607.154749000,54,ok
1785385607.149155000,38,ok
1785385607.158402000,42,ok
1785385607.141315000,37,ok
1785385607.165073000,42,ok
1785385607.182609000,47,ok
1785385607.162762000,48,ok
1785385607.173789000,51,ok
1785385607.205306000,36,ok
1785385607.217805000,52,ok
1785385607.227410000,54,ok
1785385607.227096000,49,ok
1785385607.228180000,49,ok
1785385607.239033000,54,ok
1785385607.233828000,45,ok
1785385607.240315000,42,ok
1785385607.242214000,42,ok
1785385607.246385000,39,ok
1785385607.244881000,41,ok
1785385607.260629000,45,ok
1785385607.273250000,39,ok
1785385607.276238000,33,ok
1785385607.278172000,39,ok
1785385607.288690000,36,ok
1785385607.329593000,42,ok
1785385607.339470000,38,ok
1785385607.318293000,31,ok
1785385607.327776000,39,ok
1785385607.335811000,47,ok
1785385607.344211000,50,ok
1785385607.352600000,49,ok
1785385607.356015000,48,ok
1785385607.342900000,57,ok
1785385607.362187000,37,ok
1785385607.353482000,51,ok
1785385607.360371000,59,ok
1785385607.361695000,38,ok
1785385607.380403000,46,ok
1785385607.387069000,48,ok
1785385607.422873000,46,ok
1785385607.444653000,43,ok
1785385607.430071000,50,ok
1785385607.441722000,41,ok
1785385607.454386000,44,ok
1785385607.463674000,42,ok
1785385607.444638000,42,ok
1785385607.452094000,56,ok
1785385607.466433000,39,ok
1785385607.464657000,45,ok
1785385607.461350000,41,ok
1785385607.469213000,41,ok
1785385607.472465000,41,ok
1785385607.488999000,39,ok
1785385607.492239000,41,ok
1785385607.559191000,45,ok
1785385607.537941000,43,ok
1785385607.539735000,47,ok
1785385607.539715000,68,ok
1785385607.558733000,44,ok
1785385607.550888000,49,ok
1785385607.561508000,44,ok
1785385607.553642000,43,ok
1785385607.569428000,49,ok
1785385607.558649000,38,ok
1785385607.578774000,50,ok
1785385607.580500000,45,ok
1785385607.560049000,58,ok
1785385607.615209000,45,ok
1785385607.621523000,49,ok
1785385607.615632000,52,ok
1785385607.656566000,37,ok
1785385607.679778000,55,ok
1785385607.672574000,50,ok
1785385607.662437000,44,ok
1785385607.653818000,33,ok
1785385607.691977000,44,ok
1785385607.657487000,40,ok
1785385607.659200000,45,ok
1785385607.690859000,64,ok
1785385607.680446000,60,ok
1785385607.695910000,42,ok
1785385607.693054000,57,ok
1785385607.722903000,67,ok
1785385607.743217000,42,ok
1785385607.757358000,38,ok
1785385607.756356000,48,ok
1785385607.757343000,33,ok
1785385607.791432000,51,ok
1785385607.797400000,44,ok
1785385607.788163000,47,ok
1785385607.787204000,42,ok
1785385607.801660000,53,ok
1785385607.807909000,31,ok
1785385607.810614000,49,ok
1785385607.801042000,38,ok
1785385607.809101000,40,ok
1785385607.810636000,45,ok
1785385607.810689000,32,ok
1785385607.853367000,53,ok
1785385607.855700000,35,ok
1785385607.885964000,41,ok
1785385607.865684000,51,ok
1785385607.854045000,35,ok
1785385607.879279000,44,ok
1785385607.871046000,46,ok
1785385607.881818000,38,ok
1785385607.896147000,35,ok
1785385607.893590000,41,ok
1785385607.914042000,43,ok
1785385607.929650000,53,ok
1785385607.927971000,37,ok
1785385607.918793000,47,ok
1785385607.924149000,50,ok
1785385607.931122000,47,ok
1785385607.957630000,44,ok
1785385607.981168000,42,ok
1785385607.971604000,43,ok
1785385607.983174000,43,ok
1785385607.990334000,53,ok
1785385608.010677000,46,ok
1785385607.991585000,40,ok
1785385607.992261000,38,ok
1785385608.016188000,40,ok
1785385608.037572000,49,ok
1785385608.028868000,44,ok
1785385608.034849000,45,ok
1785385608.018119000,41,ok
1785385608.011970000,41,ok
1785385608.038829000,49,ok
1785385608.041665000,47,ok
1785385608.085636000,49,ok
1785385608.099758000,54,ok
1785385608.118826000,53,ok
1785385608.099801000,54,ok
1785385608.111196000,48,ok
1785385608.109431000,56,ok
1785385608.109047000,60,ok
1785385608.117718000,42,ok
1785385608.159854000,40,ok
1785385608.140505000,36,ok
1785385608.152999000,48,ok
1785385608.148798000,44,ok
1785385608.152822000,41,ok
1785385608.160568000,53,ok
1785385608.169079000,45,ok
1785385608.168088000,37,ok
1785385608.170303000,34,ok
1785385608.207084000,51,ok
1785385608.225540000,39,ok
1785385608.224806000,44,ok
1785385608.220524000,43,ok
1785385608.241165000,51,ok
1785385608.235838000,57,ok
1785385608.238359000,49,ok
1785385608.230498000,44,ok
1785385608.254371000,57,ok
1785385608.272768000,50,ok
1785385608.280085000,44,ok
1785385608.274669000,49,ok
1785385608.284549000,53,ok
1785385608.290126000,46,ok
1785385608.301347000,42,ok
1785385608.290792000,47,ok
1785385608.317854000,38,ok
1785385608.341496000,41,ok
1785385608.341793000,37,ok
1785385608.337010000,44,ok
1785385608.347005000,35,ok
1785385608.347619000,42,ok
1785385608.352449000,45,ok
1785385608.356487000,36,ok
1785385608.360120000,52,ok
1785385608.384417000,41,ok
1785385608.382668000,44,ok
1785385608.363241000,34,ok
1785385608.388305000,44,ok
1785385608.407995000,55,ok
1785385608.416654000,43,ok
1785385608.446769000,43,ok
1785385608.418114000,41,ok
1785385608.445994000,62,ok
1785385608.454585000,50,ok
1785385608.467359000,41,ok
1785385608.466215000,43,ok
1785385608.456796000,50,ok
1785385608.451384000,36,ok
1785385608.493136000,54,ok
1785385608.490071000,48,ok
1785385608.492865000,46,ok
1785385608.514645000,44,ok
1785385608.509568000,48,ok
1785385608.520175000,46,ok
1785385608.507549000,57,ok
1785385608.552428000,42,ok
1785385608.560678000,42,ok
1785385608.564756000,31,ok
1785385608.556001000,47,ok
1785385608.559806000,39,ok
1785385608.580808000,47,ok
1785385608.577311000,49,ok
1785385608.581182000,46,ok
1785385608.595239000,34,ok
1785385608.586093000,43,ok
1785385608.622054000,33,ok
1785385608.617551000,49,ok
1785385608.615519000,51,ok
1785385608.621734000,40,ok
1785385608.633023000,42,ok
1785385608.654851000,48,ok
1785385608.672881000,60,ok
1785385608.679756000,43,ok
1785385608.676558000,85,ok
1785385608.673596000,38,ok
1785385608.682152000,49,ok
1785385608.686721000,38,ok
1785385608.680412000,39,ok
1785385608.713703000,52,ok
1785385608.688491000,41,ok
1785385608.715696000,44,ok
1785385608.718528000,39,ok
1785385608.719889000,37,ok
1785385608.729351000,44,ok
1785385608.734311000,37,ok
1785385608.728259000,34,ok
1785385608.788652000,48,ok
1785385608.769910000,40,ok
1785385608.762795000,40,ok
1785385608.785956000,36,ok
1785385608.775813000,38,ok
1785385608.785655000,36,ok
1785385608.812851000,37,ok
1785385608.806379000,50,ok
1785385608.789236000,57,ok
1785385608.813953000,48,ok
1785385608.807907000,35,ok
1785385608.826600000,39,ok
1785385608.803422000,55,ok
1785385608.840134000,39,ok
1785385608.862616000,55,ok
1785385608.879177000,41,ok
1785385608.883087000,29,ok
1785385608.875344000,41,ok
1785385608.897379000,39,ok
1785385608.904075000,41,ok
1785385608.881313000,61,ok
1785385608.909523000,39,ok
1785385608.890700000,39,ok
1785385608.919672000,46,ok
1785385608.909683000,38,ok
1785385608.920063000,39,ok
1785385608.941827000,56,ok
1785385608.939817000,56,ok
1785385608.940627000,45,ok
1785385608.954568000,38,ok
1785385608.981499000,37,ok
1785385608.971977000,36,ok
1785385609.001564000,44,ok
1785385608.988631000,35,ok
1785385609.014778000,48,ok
1785385609.010648000,66,ok
1785385609.019834000,40,ok
1785385609.021087000,40,ok
1785385608.984758000,43,ok
1785385609.022230000,50,ok
1785385609.027687000,45,ok
1785385609.020983000,53,ok
1785385609.040673000,35,ok
1785385609.049570000,38,ok
1785385609.063649000,42,ok
1785385609.072930000,43,ok
1785385609.100963000,51,ok
1785385609.091205000,44,ok
1785385609.105756000,44,ok
1785385609.096130000,45,ok
1785385609.114887000,32,ok
1785385609.105267000,37,ok
1785385609.101176000,39,ok
1785385609.118784000,38,ok
1785385609.108303000,46,ok
1785385609.120335000,38,ok
1785385609.119843000,33,ok
1785385609.134909000,37,ok
1785385609.134634000,35,ok
1785385609.171198000,41,ok
1785385609.170285000,44,ok
1785385609.153700000,50,ok
1785385609.190170000,38,ok
1785385609.191774000,38,ok
1785385609.195193000,29,ok
1785385609.197409000,39,ok
1785385609.185917000,38,ok
1785385609.203352000,35,ok
1785385609.208497000,33,ok
1785385609.212000000,30,ok
1785385609.214282000,43,ok
1785385609.212187000,36,ok
1785385609.227987000,33,ok
1785385609.239047000,35,ok
1785385609.242724000,44,ok
1785385609.272148000,37,ok
1785385609.282599000,45,ok
1785385609.271184000,44,ok
1785385609.282230000,41,ok
1785385609.296110000,47,ok
1785385609.305558000,55,ok
1785385609.318121000,53,ok
1785385609.306971000,50,ok
1785385609.322213000,30,ok
1785385609.316354000,46,ok
1785385609.322793000,40,ok
1785385609.310341000,49,ok
1785385609.326535000,44,ok
1785385609.309603000,48,ok
1785385609.325780000,32,ok
1785385609.350810000,44,ok
1785385609.387789000,42,ok
1785385609.393495000,38,ok
1785385609.381306000,45,ok
1785385609.402015000,55,ok
1785385609.419253000,49,ok
1785385609.373014000,35,ok
1785385609.399043000,51,ok
1785385609.419579000,47,ok
1785385609.421846000,49,ok
1785385609.421591000,49,ok
1785385609.418757000,48,ok
1785385609.426998000,49,ok
1785385609.432462000,40,ok
1785385609.465860000,33,ok
1785385609.460382000,56,ok
1785385609.462038000,41,ok
1785385609.510776000,41,ok
1785385609.499661000,36,ok
1785385609.492627000,46,ok
1785385609.495277000,45,ok
1785385609.512768000,42,ok
1785385609.509711000,48,ok
1785385609.510182000,41,ok
1785385609.514014000,38,ok
1785385609.507671000,35,ok
1785385609.516601000,33,ok
1785385609.531423000,40,ok
1785385609.534978000,44,ok
1785385609.541141000,35,ok
1785385609.572698000,37,ok
1785385609.574957000,41,ok
1785385609.572685000,42,ok
1785385609.597832000,41,ok
1785385609.599348000,39,ok
1785385609.589286000,37,ok
1785385609.588160000,33,ok
1785385609.602894000,39,ok
1785385609.607795000,37,ok
1785385609.617017000,46,ok
1785385609.616900000,28,ok
1785385609.620615000,38,ok
1785385609.617701000,31,ok
1785385609.640395000,38,ok
1785385609.640556000,37,ok
1785385609.640723000,38,ok
1785385609.666700000,41,ok
1785385609.689697000,31,ok
1785385609.691826000,38,ok
1785385609.688217000,31,ok
1785385609.694781000,48,ok
1785385609.691591000,35,ok
1785385609.694332000,41,ok
1785385609.692969000,40,ok
1785385609.706485000,46,ok
1785385609.701082000,53,ok
1785385609.734200000,45,ok
1785385609.712197000,40,ok
1785385609.727389000,35,ok
1785385609.739976000,41,ok
1785385609.737490000,40,ok
1785385609.738251000,34,ok
1785385609.743110000,31,ok
1785385609.784000000,44,ok
1785385609.795784000,36,ok
1785385609.803273000,50,ok
1785385609.821400000,37,ok
1785385609.805996000,51,ok
1785385609.796999000,36,ok
1785385609.802682000,47,ok
1785385609.805257000,44,ok
1785385609.798578000,45,ok
1785385609.802450000,31,ok
1785385609.834333000,38,ok
1785385609.806628000,55,ok
1785385609.834917000,39,ok
1785385609.838245000,45,ok
1785385609.844638000,41,ok
1785385609.854937000,50,ok
1785385609.902856000,44,ok
1785385609.910895000,43,ok
1785385609.910299000,40,ok
1785385609.907355000,43,ok
1785385609.901000000,48,ok
1785385609.907188000,37,ok
1785385609.915400000,41,ok
1785385609.911970000,41,ok
1785385609.903977000,49,ok
1785385609.935343000,31,ok
1785385609.911035000,43,ok
1785385609.943456000,43,ok
1785385609.936233000,45,ok
1785385609.941890000,59,ok
1785385609.957752000,51,ok
1785385609.967888000,41,ok
1785385610.013140000,51,ok
1785385610.012519000,41,ok
1785385610.012836000,42,ok
1785385610.013732000,37,ok
1785385610.008733000,38,ok
1785385610.014805000,44,ok
1785385610.021125000,45,ok
1785385610.013020000,44,ok
1785385610.016633000,34,ok
1785385610.044727000,53,ok
1785385610.060525000,44,ok
1785385610.039188000,43,ok
1785385610.055977000,45,ok
1785385610.084618000,46,ok
1785385610.051639000,43,ok
1785385610.072694000,46,ok
1785385610.125102000,45,ok
1785385610.113876000,36,ok
1785385610.123334000,45,ok
1785385610.123184000,36,ok
1785385610.122183000,45,ok
1785385610.134883000,38,ok
1785385610.129795000,36,ok
1785385610.128180000,41,ok
1785385610.140562000,46,ok
1785385610.177470000,41,ok
1785385610.181824000,43,ok
1785385610.178348000,47,ok
1785385610.179599000,41,ok
1785385610.189662000,43,ok
1785385610.190673000,52,ok
1785385610.192709000,44,ok
1785385610.220429000,37,ok
1785385610.226670000,37,ok
1785385610.225894000,32,ok
1785385610.236422000,32,ok
1785385610.232751000,35,ok
1785385610.243206000,38,ok
1785385610.242688000,41,ok
1785385610.249340000,45,ok
1785385610.266193000,33,ok
1785385610.271294000,35,ok
1785385610.261948000,41,ok
1785385610.289241000,37,ok
1785385610.284187000,38,ok
1785385610.304722000,51,ok
1785385610.289724000,39,ok
1785385610.296511000,37,ok
1785385610.326489000,37,ok
1785385610.329285000,34,ok
1785385610.327158000,39,ok
1785385610.340534000,37,ok
1785385610.344617000,40,ok
1785385610.346535000,31,ok
1785385610.350169000,48,ok
1785385610.367958000,44,ok
1785385610.370531000,40,ok
1785385610.367361000,29,ok
1785385610.381345000,27,ok
1785385610.382588000,40,ok
1785385610.393342000,45,ok
1785385610.401955000,47,ok
1785385610.416463000,43,ok
1785385610.445562000,55,ok
1785385610.437717000,37,ok
1785385610.424064000,61,ok
1785385610.432029000,51,ok
1785385610.429059000,43,ok
1785385610.448039000,35,ok
1785385610.440008000,36,ok
1785385610.455067000,49,ok
1785385610.468314000,32,ok
1785385610.466438000,44,ok
1785385610.483788000,38,ok
1785385610.480476000,39,ok
1785385610.484099000,43,ok
1785385610.503512000,33,ok
1785385610.507354000,32,ok
1785385610.528220000,38,ok
1785385610.524437000,30,ok
1785385610.532227000,39,ok
1785385610.549189000,43,ok
1785385610.556506000,52,ok
1785385610.564986000,44,ok
1785385610.577954000,34,ok
1785385610.578915000,38,ok
1785385610.577780000,32,ok
1785385610.590223000,35,ok
1785385610.553372000,49,ok
1785385610.583746000,43,ok
1785385610.587292000,34,ok
1785385610.589779000,37,ok
1785385610.589510000,44,ok
1785385610.615474000,34,ok
1785385610.615516000,30,ok
1785385610.618870000,38,ok
1785385610.623390000,36,ok
1785385610.660523000,36,ok
1785385610.664400000,35,ok
1785385610.672474000,33,ok
1785385610.669003000,46,ok
1785385610.681257000,46,ok
1785385610.656618000,36,ok
1785385610.675185000,34,ok
1785385610.675051000,36,ok
1785385610.671908000,40,ok
1785385610.682240000,44,ok
1785385610.702999000,45,ok
1785385610.712465000,40,ok
1785385610.707644000,54,ok
1785385610.713332000,33,ok
1785385610.718041000,36,ok
1785385610.742969000,38,ok
1785385610.774277000,34,ok
1785385610.772740000,48,ok
1785385610.799288000,51,ok
1785385610.778543000,58,ok
1785385610.797393000,50,ok
1785385610.784746000,40,ok
1785385610.795848000,47,ok
1785385610.802331000,31,ok
1785385610.801247000,61,ok
1785385610.798537000,49,ok
1785385610.804991000,39,ok
1785385610.798375000,50,ok
1785385610.804636000,40,ok
1785385610.829057000,38,ok
1785385610.834344000,41,ok
1785385610.847782000,37,ok
1785385610.871751000,40,ok
1785385610.895893000,44,ok
1785385610.897567000,41,ok
1785385610.888378000,33,ok
1785385610.898955000,34,ok
1785385610.894772000,43,ok
1785385610.890425000,51,ok
1785385610.895211000,47,ok
1785385610.896046000,46,ok
1785385610.910002000,47,ok
1785385610.909483000,32,ok
1785385610.914303000,49,ok
1785385610.949085000,34,ok
1785385610.928150000,39,ok
1785385610.948043000,38,ok
1785385610.947080000,39,ok
1785385610.981125000,32,ok
1785385610.971196000,42,ok
1785385610.988338000,35,ok
1785385610.996006000,49,ok
1785385610.986244000,38,ok
1785385610.993153000,37,ok
1785385610.992342000,42,ok
1785385611.014131000,34,ok
1785385610.997868000,42,ok
1785385611.013079000,35,ok
1785385611.018299000,47,ok
1785385611.014690000,47,ok
1785385611.041784000,36,ok
1785385611.057791000,43,ok
1785385611.054248000,49,ok
1785385611.057607000,36,ok
1785385611.076276000,39,ok
1785385611.090559000,49,ok
1785385611.087813000,35,ok
1785385611.106030000,35,ok
1785385611.081574000,49,ok
1785385611.101140000,42,ok
1785385611.112253000,40,ok
1785385611.088979000,48,ok
1785385611.103233000,58,ok
1785385611.116700000,46,ok
1785385611.114260000,51,ok
1785385611.134781000,60,ok
1785385611.155725000,42,ok
1785385611.161930000,33,ok
1785385611.174848000,40,ok
1785385611.213106000,47,ok
1785385611.210072000,37,ok
1785385611.209729000,37,ok
1785385611.193701000,41,ok
1785385611.208741000,40,ok
1785385611.222710000,39,ok
1785385611.224748000,34,ok
1785385611.218549000,41,ok
1785385611.216782000,40,ok
1785385611.223719000,38,ok
1785385611.219492000,40,ok
1785385611.240375000,41,ok
1785385611.244849000,30,ok
1785385611.239889000,36,ok
1785385611.277835000,33,ok
1785385611.279134000,41,ok
1785385611.299448000,37,ok
1785385611.299528000,42,ok
1785385611.294929000,42,ok
1785385611.318004000,46,ok
1785385611.305230000,38,ok
1785385611.334364000,44,ok
1785385611.338692000,33,ok
1785385611.325403000,35,ok
1785385611.330545000,54,ok
1785385611.332125000,44,ok
1785385611.338885000,34,ok
1785385611.339875000,37,ok
1785385611.341796000,47,ok
1785385611.350815000,45,ok
1785385611.369008000,38,ok
1785385611.395715000,31,ok
1785385611.417883000,43,ok
1785385611.409906000,39,ok
1785385611.405756000,36,ok
1785385611.412154000,49,ok
1785385611.407129000,43,ok
1785385611.414497000,44,ok
1785385611.416820000,29,ok
1785385611.441534000,49,ok
1785385611.447651000,43,ok
1785385611.441325000,42,ok
1785385611.444333000,39,ok
1785385611.445160000,58,ok
1785385611.456937000,34,ok
1785385611.456311000,47,ok
1785385611.468751000,34,ok
1785385611.489558000,32,ok
1785385611.514984000,41,ok
1785385611.512899000,40,ok
1785385611.518704000,45,ok
1785385611.524106000,53,ok
1785385611.522642000,44,ok
1785385611.508078000,34,ok
1785385611.528586000,52,ok
1785385611.551454000,43,ok
1785385611.553304000,35,ok
1785385611.568739000,41,ok
1785385611.556605000,40,ok
1785385611.575811000,38,ok
1785385611.552200000,40,ok
1785385611.548826000,45,ok
1785385611.570594000,51,ok
1785385611.583730000,27,ok
1785385611.613889000,38,ok
1785385611.618066000,41,ok
1785385611.621550000,37,ok
1785385611.612207000,36,ok
1785385611.616738000,43,ok
1785385611.607891000,37,ok
1785385611.654304000,50,ok
1785385611.646337000,54,ok
1785385611.666492000,51,ok
1785385611.661994000,42,ok
1785385611.675502000,47,ok
1785385611.682819000,40,ok
1785385611.683033000,60,ok
1785385611.693220000,42,ok
1785385611.694506000,53,ok
1785385611.733053000,59,ok
1785385611.747659000,61,ok
1785385611.744825000,53,ok
1785385611.745721000,41,ok
1785385611.720459000,39,ok
1785385611.751319000,46,ok
1785385611.777138000,45,ok
1785385611.752583000,46,ok
1785385611.780138000,49,ok
1785385611.779645000,53,ok
1785385611.792854000,51,ok
1785385611.798354000,41,ok
1785385611.790461000,44,ok
1785385611.800839000,32,ok
1785385611.797787000,44,ok
1785385611.813189000,35,ok
1785385611.841554000,42,ok
1785385611.849455000,45,ok
1785385611.846466000,39,ok
1785385611.854401000,42,ok
1785385611.857612000,45,ok
1785385611.873736000,41,ok
1785385611.876750000,51,ok
1785385611.896331000,49,ok
1785385611.892690000,40,ok
1785385611.886548000,44,ok
1785385611.878832000,42,ok
1785385611.916301000,54,ok
1785385611.919659000,49,ok
1785385611.922245000,47,ok
1785385611.940875000,48,ok
1785385611.951020000,39,ok
1785385611.975681000,45,ok
1785385611.976390000,38,ok
1785385611.989066000,34,ok
1785385611.978973000,42,ok
1785385611.989589000,35,ok
1785385611.979649000,49,ok
1785385611.993823000,38,ok
1785385611.992575000,33,ok
1785385612.002465000,31,ok
1785385611.997898000,37,ok
1785385612.001269000,48,ok
1785385612.008378000,32,ok
1785385612.044071000,37,ok
1785385612.047179000,50,ok
1785385612.062033000,41,ok
1785385612.057715000,39,ok
1785385612.083476000,35,ok
1785385612.060366000,32,ok
1785385612.090056000,42,ok
1785385612.087166000,40,ok
1785385612.093696000,44,ok
1785385612.093281000,37,ok
1785385612.088700000,45,ok
1785385612.090042000,42,ok
1785385612.099228000,39,ok
1785385612.087836000,36,ok
1785385612.104511000,34,ok
1785385612.122554000,45,ok
1785385612.141047000,28,ok
1785385612.143566000,34,ok
1785385612.138567000,38,ok
1785385612.141109000,40,ok
1785385612.157744000,35,ok
1785385612.183307000,40,ok
1785385612.179494000,43,ok
1785385612.176314000,38,ok
1785385612.191420000,36,ok
1785385612.187726000,44,ok
1785385612.185828000,40,ok
1785385612.174474000,35,ok
1785385612.191830000,45,ok
1785385612.221837000,34,ok
1785385612.205363000,46,ok
1785385612.222684000,44,ok
1785385612.250359000,48,ok
1785385612.253623000,39,ok
1785385612.256906000,40,ok
1785385612.249137000,41,ok
1785385612.275057000,38,ok
1785385612.268654000,42,ok
1785385612.271548000,30,ok
1785385612.280652000,34,ok
1785385612.284507000,38,ok
1785385612.300931000,37,ok
1785385612.309752000,41,ok
1785385612.303324000,35,ok
1785385612.312723000,40,ok
1785385612.317041000,39,ok
1785385612.315325000,32,ok
1785385612.327522000,39,ok
1785385612.341591000,35,ok
1785385612.363302000,41,ok
1785385612.363354000,33,ok
1785385612.363411000,46,ok
1785385612.362948000,36,ok
1785385612.369331000,38,ok
1785385612.383478000,35,ok
1785385612.376160000,36,ok
1785385612.397682000,42,ok
1785385612.386370000,47,ok
1785385612.402840000,35,ok
1785385612.396260000,33,ok
1785385612.425981000,33,ok
1785385612.419318000,40,ok
1785385612.419480000,43,ok
1785385612.427137000,38,ok
1785385612.452850000,43,ok
1785385612.459029000,47,ok
1785385612.457557000,45,ok
1785385612.467431000,38,ok
1785385612.469801000,32,ok
1785385612.471287000,42,ok
1785385612.487194000,42,ok
1785385612.508866000,46,ok
1785385612.504845000,36,ok
1785385612.511708000,43,ok
1785385612.493559000,39,ok
1785385612.522244000,31,ok
1785385612.534052000,43,ok
1785385612.519026000,41,ok
1785385612.549637000,35,ok
1785385612.553096000,34,ok
1785385612.552988000,48,ok
1785385612.560486000,39,ok
1785385612.577204000,38,ok
1785385612.563481000,34,ok
1785385612.557405000,35,ok
1785385612.596165000,26,ok
1785385612.583418000,41,ok
1785385612.593407000,37,ok
1785385612.594544000,40,ok
1785385612.607481000,31,ok
1785385612.605398000,31,ok
1785385612.620307000,36,ok
1785385612.625896000,35,ok
1785385612.628805000,42,ok
1785385612.657831000,49,ok
1785385612.657764000,42,ok
1785385612.661119000,40,ok
1785385612.658929000,34,ok
1785385612.674380000,36,ok
1785385612.681346000,45,ok
1785385612.695658000,39,ok
1785385612.703277000,34,ok
1785385612.691229000,43,ok
1785385612.695978000,37,ok
1785385612.697419000,44,ok
1785385612.707528000,46,ok
1785385612.719490000,33,ok
1785385612.718537000,40,ok
1785385612.711363000,35,ok
1785385612.737965000,40,ok
1785385612.761939000,40,ok
1785385612.774277000,49,ok
1785385612.778627000,48,ok
1785385612.789369000,49,ok
1785385612.789848000,36,ok
1785385612.790767000,45,ok
1785385612.799742000,38,ok
1785385612.789688000,41,ok
1785385612.791654000,48,ok
1785385612.804128000,50,ok
1785385612.807601000,49,ok
1785385612.826173000,38,ok
1785385612.825420000,34,ok
1785385612.820498000,41,ok
1785385612.822698000,35,ok
1785385612.855352000,34,ok
1785385612.856406000,35,ok
1785385612.886815000,42,ok
1785385612.874662000,44,ok
1785385612.885348000,54,ok
1785385612.892593000,36,ok
1785385612.886107000,44,ok
1785385612.885181000,41,ok
1785385612.892135000,39,ok
1785385612.909578000,44,ok
1785385612.920034000,33,ok
1785385612.931420000,38,ok
1785385612.923117000,32,ok
1785385612.925293000,43,ok
1785385612.919958000,34,ok
1785385612.942293000,39,ok
1785385612.960582000,39,ok
1785385612.970760000,32,ok
1785385612.968520000,27,ok
1785385612.959692000,40,ok
1785385612.970343000,40,ok
1785385612.988621000,42,ok
1785385612.971500000,31,ok
1785385612.998051000,34,ok
1785385613.019899000,54,ok
1785385613.026422000,39,ok
1785385613.006673000,50,ok
1785385613.036911000,44,ok
1785385613.035732000,41,ok
1785385613.051049000,30,ok
1785385613.039220000,34,ok
1785385613.067247000,35,ok
1785385613.054412000,46,ok
1785385613.075650000,41,ok
1785385613.082977000,50,ok
1785385613.081711000,50,ok
1785385613.079875000,45,ok
1785385613.092709000,38,ok
1785385613.101950000,30,ok
1785385613.105282000,35,ok
1785385613.100948000,41,ok
1785385613.136187000,37,ok
1785385613.138359000,45,ok
1785385613.156650000,49,ok
1785385613.157738000,41,ok
1785385613.175963000,44,ok
1785385613.177161000,41,ok
1785385613.170581000,38,ok
1785385613.176019000,53,ok
1785385613.181486000,38,ok
1785385613.171895000,31,ok
1785385613.181868000,45,ok
1785385613.182120000,39,ok
1785385613.220552000,42,ok
1785385613.217972000,35,ok
1785385613.221710000,40,ok
1785385613.238062000,43,ok
1785385613.232269000,45,ok
1785385613.244298000,26,ok
1785385613.267706000,50,ok
1785385613.268394000,33,ok
1785385613.270484000,41,ok
1785385613.259348000,31,ok
1785385613.263774000,47,ok
1785385613.275986000,46,ok
1785385613.269205000,33,ok
1785385613.289874000,39,ok
1785385613.288760000,50,ok
1785385613.300882000,47,ok
1785385613.347439000,45,ok
1785385613.342433000,49,ok
1785385613.370787000,50,ok
1785385613.345230000,60,ok
1785385613.378180000,34,ok
1785385613.374715000,38,ok
1785385613.377143000,47,ok
1785385613.365257000,49,ok
1785385613.383624000,40,ok
1785385613.374308000,53,ok
1785385613.386978000,47,ok
1785385613.384221000,33,ok
1785385613.398501000,48,ok
1785385613.412757000,39,ok
1785385613.409035000,35,ok
1785385613.453951000,36,ok
1785385613.462962000,54,ok
1785385613.431425000,44,ok
1785385613.475069000,40,ok
1785385613.472082000,32,ok
1785385613.478314000,42,ok
1785385613.472345000,53,ok
1785385613.457892000,46,ok
1785385613.484357000,47,ok
1785385613.473212000,41,ok
1785385613.477625000,44,ok
1785385613.483337000,36,ok
1785385613.476727000,48,ok
1785385613.518286000,41,ok
1785385613.521852000,36,ok
1785385613.520595000,41,ok
1785385613.557436000,55,ok
1785385613.551534000,39,ok
1785385613.570619000,39,ok
1785385613.554283000,44,ok
1785385613.560578000,36,ok
1785385613.566636000,39,ok
1785385613.568061000,49,ok
1785385613.570600000,52,ok
1785385613.567356000,42,ok
1785385613.580098000,50,ok
1785385613.572053000,44,ok
1785385613.593769000,39,ok
1785385613.592459000,53,ok
1785385613.606608000,37,ok
1785385613.627707000,47,ok
1785385613.620604000,35,ok
1785385613.646693000,31,ok
1785385613.633534000,39,ok
1785385613.647818000,33,ok
1785385613.645767000,35,ok
1785385613.671555000,47,ok
1785385613.675284000,44,ok
1785385613.669096000,44,ok
1785385613.669167000,37,ok
1785385613.677144000,42,ok
1785385613.682273000,43,ok
1785385613.692022000,42,ok
1785385613.692805000,47,ok
1785385613.718047000,48,ok
1785385613.716839000,38,ok
1785385613.735594000,42,ok
1785385613.737628000,43,ok
1785385613.739807000,45,ok
1785385613.739097000,36,ok
1785385613.733686000,35,ok
1785385613.775736000,37,ok
1785385613.787019000,37,ok
1785385613.796062000,57,ok
1785385613.776267000,34,ok
1785385613.775336000,47,ok
1785385613.792228000,33,ok
1785385613.792102000,51,ok
1785385613.793621000,45,ok
1785385613.792091000,45,ok
1785385613.802012000,27,ok
1785385613.804354000,33,ok
1785385613.839745000,43,ok
1785385613.839387000,31,ok
1785385613.839628000,38,ok
1785385613.848336000,38,ok
1785385613.847152000,41,ok
1785385613.858280000,31,ok
1785385613.880118000,35,ok
1785385613.888577000,48,ok
1785385613.898219000,39,ok
1785385613.902730000,46,ok
1785385613.887051000,40,ok
1785385613.903422000,38,ok
1785385613.894828000,42,ok
1785385613.911355000,56,ok
1785385613.911894000,49,ok
1785385613.908150000,47,ok
1785385613.949064000,37,ok
1785385613.952133000,38,ok
1785385613.955857000,38,ok
1785385613.949286000,38,ok
1785385613.945719000,41,ok
1785385613.966654000,35,ok
1785385613.998023000,43,ok
1785385614.002262000,45,ok
1785385614.009469000,56,ok
1785385614.002300000,39,ok
1785385613.991293000,36,ok
1785385614.004774000,38,ok
1785385614.023471000,34,ok
1785385614.008450000,46,ok
1785385614.012607000,48,ok
1785385614.022603000,36,ok
1785385614.052900000,49,ok
1785385614.047151000,33,ok
1785385614.054511000,41,ok
1785385614.055582000,41,ok
1785385614.065990000,45,ok
1785385614.083685000,37,ok
1785385614.081425000,31,ok
1785385614.079960000,34,ok
1785385614.092652000,38,ok
1785385614.107241000,44,ok
1785385614.094402000,31,ok
1785385614.131147000,46,ok
1785385614.136874000,43,ok
1785385614.130382000,33,ok
1785385614.125819000,41,ok
1785385614.126217000,39,ok
1785385614.168802000,44,ok
1785385614.179457000,48,ok
1785385614.169202000,47,ok
1785385614.189611000,47,ok
1785385614.191961000,48,ok
1785385614.191746000,46,ok
1785385614.176816000,49,ok
1785385614.199511000,51,ok
1785385614.208104000,38,ok
1785385614.219665000,34,ok
1785385614.226713000,32,ok
1785385614.242737000,33,ok
1785385614.261784000,45,ok
1785385614.270999000,39,ok
1785385614.249760000,43,ok
1785385614.279081000,42,ok
1785385614.279215000,39,ok
1785385614.271925000,45,ok
1785385614.272748000,46,ok
1785385614.275124000,44,ok
1785385614.301279000,43,ok
1785385614.299973000,43,ok
1785385614.307504000,39,ok
1785385614.299147000,45,ok
1785385614.306499000,38,ok
1785385614.325295000,38,ok
1785385614.335396000,32,ok
1785385614.342765000,37,ok
1785385614.335742000,43,ok
1785385614.353674000,36,ok
1785385614.362908000,41,ok
1785385614.380768000,41,ok
1785385614.386864000,44,ok
1785385614.392559000,42,ok
1785385614.376649000,43,ok
1785385614.412215000,45,ok
1785385614.393901000,35,ok
1785385614.407496000,37,ok
1785385614.387270000,38,ok
1785385614.408904000,38,ok
1785385614.406443000,39,ok
1785385614.456425000,41,ok
1785385614.453071000,36,ok
1785385614.447534000,44,ok
1785385614.460231000,38,ok
1785385614.461158000,35,ok
1785385614.456788000,41,ok
1785385614.483660000,32,ok
1785385614.506886000,35,ok
1785385614.503681000,44,ok
1785385614.509949000,39,ok
1785385614.505882000,37,ok
1785385614.505958000,37,ok
1785385614.506149000,39,ok
1785385614.509357000,38,ok
1785385614.520923000,50,ok
1785385614.548629000,35,ok
1785385614.538691000,41,ok
1785385614.548434000,33,ok
1785385614.549894000,37,ok
1785385614.549302000,34,ok
1785385614.569189000,37,ok
1785385614.556108000,35,ok
1785385614.578962000,29,ok
1785385614.605312000,40,ok
1785385614.605364000,32,ok
1785385614.610966000,42,ok
1785385614.618483000,52,ok
1785385614.612843000,42,ok
1785385614.614477000,39,ok
1785385614.611451000,36,ok
1785385614.635254000,31,ok
1785385614.630828000,38,ok
1785385614.654667000,42,ok
1785385614.659522000,48,ok
1785385614.657065000,33,ok
1785385614.660838000,46,ok
1785385614.651823000,43,ok
1785385614.665019000,37,ok
1785385614.686188000,40,ok
1785385614.701696000,41,ok
1785385614.705033000,44,ok
1785385614.700740000,42,ok
1785385614.709326000,41,ok
1785385614.720629000,42,ok
1785385614.713957000,43,ok
1785385614.739755000,39,ok
1785385614.731901000,39,ok
1785385614.736741000,51,ok
1785385614.748949000,34,ok
1785385614.753599000,35,ok
1785385614.767744000,31,ok
1785385614.761431000,40,ok
1785385614.760759000,41,ok
1785385614.769605000,47,ok
1785385614.779712000,37,ok
1785385614.814269000,46,ok
1785385614.820876000,41,ok
1785385614.808425000,35,ok
1785385614.815137000,45,ok
1785385614.813003000,32,ok
1785385614.815670000,37,ok
1785385614.818911000,41,ok
1785385614.842907000,49,ok
1785385614.840061000,32,ok
1785385614.853194000,39,ok
1785385614.856125000,30,ok
1785385614.852315000,47,ok
1785385614.867080000,38,ok
1785385614.868838000,37,ok
1785385614.866395000,32,ok
1785385614.888931000,32,ok
1785385614.918370000,49,ok
1785385614.915021000,37,ok
1785385614.930457000,53,ok
1785385614.928010000,46,ok
1785385614.931805000,38,ok
1785385614.956266000,42,ok
1785385614.922526000,51,ok
1785385614.927221000,41,ok
1785385614.924635000,44,ok
1785385614.972739000,49,ok
1785385614.975215000,36,ok
1785385614.954894000,35,ok
1785385614.953143000,42,ok
1785385614.979519000,50,ok
1785385614.980706000,36,ok
1785385615.031738000,36,ok
1785385615.014873000,43,ok
1785385615.019715000,31,ok
1785385615.033842000,33,ok
1785385615.042404000,45,ok
1785385615.047976000,39,ok
1785385615.044064000,50,ok
1785385615.045622000,39,ok
1785385615.069702000,36,ok
1785385615.071352000,44,ok
1785385615.067244000,34,ok
1785385615.071562000,50,ok
1785385615.072073000,34,ok
1785385615.081364000,39,ok
1785385615.089819000,41,ok
1785385615.077612000,33,ok
1785385615.118221000,39,ok
1785385615.131678000,43,ok
1785385615.116646000,29,ok
1785385615.142309000,41,ok
1785385615.142289000,31,ok
1785385615.145168000,43,ok
1785385615.173612000,45,ok
1785385615.176697000,42,ok
1785385615.147139000,38,ok
1785385615.174155000,32,ok
1785385615.171717000,38,ok
1785385615.172319000,46,ok
1785385615.173729000,44,ok
1785385615.191488000,39,ok
1785385615.181395000,32,ok
1785385615.185456000,42,ok
1785385615.228854000,32,ok
1785385615.234181000,38,ok
1785385615.232199000,40,ok
1785385615.231119000,42,ok
1785385615.234587000,35,ok
1785385615.252065000,46,ok
1785385615.260122000,40,ok
1785385615.269947000,41,ok
1785385615.273335000,47,ok
1785385615.265588000,34,ok
1785385615.271653000,49,ok
1785385615.264932000,36,ok
1785385615.270725000,33,ok
1785385615.293148000,37,ok
1785385615.289583000,37,ok
1785385615.288649000,33,ok
1785385615.317165000,30,ok
1785385615.323474000,37,ok
1785385615.322009000,35,ok
1785385615.334941000,34,ok
1785385615.338097000,44,ok
1785385615.332930000,33,ok
1785385615.355123000,48,ok
1785385615.366475000,38,ok
1785385615.367208000,47,ok
1785385615.375831000,45,ok
1785385615.369838000,36,ok
1785385615.377082000,42,ok
1785385615.372069000,43,ok
1785385615.394110000,42,ok
1785385615.398299000,46,ok
1785385615.412088000,44,ok
1785385615.414264000,40,ok
1785385615.412544000,40,ok
1785385615.421254000,38,ok
1785385615.454437000,34,ok
1785385615.459472000,54,ok
1785385615.445371000,46,ok
1785385615.450179000,38,ok
1785385615.464670000,38,ok
1785385615.461984000,39,ok
1785385615.477873000,49,ok
1785385615.490124000,41,ok
1785385615.468481000,40,ok
1785385615.486469000,35,ok
1785385615.503348000,40,ok
1785385615.545777000,48,ok
1785385615.533949000,36,ok
1785385615.540463000,38,ok
1785385615.518137000,47,ok
1785385615.537278000,44,ok
1785385615.560153000,39,ok
1785385615.569534000,40,ok
1785385615.548019000,39,ok
1785385615.567347000,48,ok
1785385615.585864000,34,ok
1785385615.565983000,51,ok
1785385615.588258000,50,ok
1785385615.592213000,47,ok
1785385615.607622000,37,ok
1785385615.586559000,32,ok
1785385615.614047000,41,ok
1785385615.631107000,30,ok
1785385615.632300000,33,ok
1785385615.646126000,36,ok
1785385615.648309000,46,ok
1785385615.649850000,40,ok
1785385615.654025000,38,ok
1785385615.652400000,40,ok
1785385615.672767000,46,ok
1785385615.661369000,39,ok
1785385615.683021000,44,ok
1785385615.695555000,30,ok
1785385615.681812000,27,ok
1785385615.678150000,42,ok
1785385615.682754000,40,ok
1785385615.686155000,35,ok
1785385615.722629000,39,ok
1785385615.729448000,36,ok
1785385615.725530000,32,ok
1785385615.726637000,52,ok
1785385615.734233000,26,ok
1785385615.735553000,42,ok
1785385615.779712000,42,ok
1785385615.795819000,47,ok
1785385615.789020000,62,ok
1785385615.798664000,49,ok
1785385615.787656000,60,ok
1785385615.784960000,51,ok
1785385615.789251000,50,ok
1785385615.786288000,51,ok
1785385615.796089000,50,ok
1785385615.798643000,54,ok
1785385615.819649000,29,ok
1785385615.833292000,42,ok
1785385615.839387000,30,ok
1785385615.840226000,38,ok
1785385615.832394000,39,ok
1785385615.855828000,50,ok
1785385615.886924000,40,ok
1785385615.876498000,35,ok
1785385615.893116000,39,ok
1785385615.885765000,33,ok
1785385615.882220000,40,ok
1785385615.888746000,37,ok
1785385615.890190000,40,ok
1785385615.903838000,34,ok
1785385615.903407000,44,ok
1785385615.905341000,40,ok
1785385615.922783000,35,ok
1785385615.938437000,39,ok
1785385615.938770000,40,ok
1785385615.945072000,36,ok
1785385615.939455000,38,ok
1785385615.942315000,39,ok
1785385615.980218000,42,ok
1785385615.982544000,32,ok
1785385615.989922000,33,ok
1785385615.989770000,45,ok
1785385615.990892000,37,ok
1785385615.991818000,40,ok
1785385616.014859000,44,ok
1785385616.004978000,44,ok
1785385616.015716000,48,ok
1785385616.037821000,40,ok
1785385616.029105000,47,ok
1785385616.039694000,35,ok
1785385616.040233000,31,ok
1785385616.043540000,42,ok
1785385616.042988000,40,ok
1785385616.055341000,36,ok
1785385616.085482000,29,ok
1785385616.098544000,47,ok
1785385616.098140000,32,ok
1785385616.088085000,51,ok
1785385616.089203000,32,ok
1785385616.120126000,50,ok
1785385616.121234000,39,ok
1785385616.119373000,45,ok
1785385616.148376000,54,ok
1785385616.169331000,51,ok
1785385616.163884000,44,ok
1785385616.158533000,43,ok
1785385616.169469000,43,ok
1785385616.178441000,39,ok
1785385616.171643000,46,ok
1785385616.169348000,45,ok
1785385616.195806000,38,ok
1785385616.202438000,30,ok
1785385616.195973000,30,ok
1785385616.214211000,31,ok
1785385616.213901000,45,ok
1785385616.223344000,36,ok
1785385616.220856000,42,ok
1785385616.219990000,39,ok
1785385616.255598000,32,ok
1785385616.261444000,31,ok
1785385616.273638000,39,ok
1785385616.254285000,33,ok
1785385616.280461000,40,ok
1785385616.276233000,37,ok
1785385616.288633000,43,ok
1785385616.286420000,38,ok
1785385616.278162000,46,ok
1785385616.295589000,42,ok
1785385616.307718000,40,ok
1785385616.322584000,38,ok
1785385616.326713000,39,ok
1785385616.329454000,40,ok
1785385616.331228000,42,ok
1785385616.344095000,55,ok
1785385616.356518000,35,ok
1785385616.343943000,34,ok
1785385616.369936000,46,ok
1785385616.364423000,42,ok
1785385616.374563000,55,ok
1785385616.415358000,42,ok
1785385616.405235000,45,ok
1785385616.402545000,33,ok
1785385616.423086000,51,ok
1785385616.398749000,50,ok
1785385616.412686000,47,ok
1785385616.441522000,48,ok
1785385616.448278000,38,ok
1785385616.470206000,47,ok
1785385616.447108000,42,ok
1785385616.487326000,33,ok
1785385616.470956000,44,ok
1785385616.475000000,40,ok
1785385616.483689000,51,ok
1785385616.477324000,30,ok
1785385616.484765000,36,ok
1785385616.510707000,34,ok
1785385616.541156000,39,ok
1785385616.524963000,37,ok
1785385616.529947000,42,ok
1785385616.513906000,31,ok
1785385616.562688000,41,ok
1785385616.548914000,50,ok
1785385616.554239000,50,ok
1785385616.564359000,56,ok
1785385616.561738000,41,ok
1785385616.591184000,47,ok
1785385616.591638000,44,ok
1785385616.600572000,45,ok
1785385616.594407000,47,ok
1785385616.601027000,44,ok
1785385616.602947000,37,ok
1785385616.630673000,41,ok
1785385616.641905000,41,ok
1785385616.645492000,33,ok
1785385616.644451000,40,ok
1785385616.645861000,38,ok
1785385616.667948000,50,ok
1785385616.673451000,36,ok
1785385616.676232000,47,ok
1785385616.693403000,40,ok
1785385616.670905000,41,ok
1785385616.677579000,42,ok
1785385616.698043000,51,ok
1785385616.700560000,32,ok
1785385616.707760000,40,ok
1785385616.707482000,49,ok
1785385616.736082000,46,ok
1785385616.759480000,47,ok
1785385616.761782000,32,ok
1785385616.745261000,36,ok
1785385616.764382000,46,ok
1785385616.763088000,38,ok
1785385616.775651000,35,ok
1785385616.762267000,36,ok
1785385616.783157000,41,ok
1785385616.802807000,46,ok
1785385616.803419000,48,ok
1785385616.801204000,42,ok
1785385616.806094000,39,ok
1785385616.805663000,47,ok
1785385616.803725000,48,ok
1785385616.828256000,36,ok
1785385616.850187000,32,ok
1785385616.849656000,43,ok
1785385616.858044000,28,ok
1785385616.862558000,35,ok
1785385616.862780000,39,ok
1785385616.871478000,47,ok
1785385616.871305000,36,ok
1785385616.874177000,39,ok
1785385616.873079000,42,ok
1785385616.904214000,37,ok
1785385616.903765000,33,ok
1785385616.906637000,33,ok
1785385616.909706000,37,ok
1785385616.910013000,46,ok
1785385616.919554000,35,ok
1785385616.908118000,39,ok
1785385616.961547000,32,ok
1785385616.959308000,33,ok
1785385616.963604000,39,ok
1785385616.959376000,41,ok
1785385616.972037000,50,ok
1785385616.955205000,35,ok
1785385616.983463000,31,ok
1785385616.988761000,46,ok
1785385617.019927000,43,ok
1785385617.016865000,52,ok
1785385617.021396000,47,ok
1785385617.022098000,31,ok
1785385617.021916000,42,ok
1785385617.019425000,35,ok
1785385617.017941000,41,ok
1785385617.019944000,41,ok
1785385617.069647000,37,ok
1785385617.068818000,41,ok
1785385617.063879000,42,ok
1785385617.077535000,42,ok
1785385617.084837000,45,ok
1785385617.082345000,48,ok
1785385617.106193000,51,ok
1785385617.109538000,34,ok
1785385617.110579000,44,ok
1785385617.111196000,46,ok
1785385617.115631000,36,ok
1785385617.126306000,41,ok
1785385617.117275000,43,ok
1785385617.130869000,40,ok
1785385617.128512000,43,ok
1785385617.139851000,48,ok
1785385617.177082000,39,ok
1785385617.187148000,48,ok
1785385617.191948000,46,ok
1785385617.180603000,47,ok
1785385617.184511000,50,ok
1785385617.221764000,50,ok
1785385617.239112000,83,ok
1785385617.212830000,61,ok
1785385617.253173000,49,ok
1785385617.247084000,37,ok
1785385617.242189000,65,ok
1785385617.252618000,46,ok
1785385617.269078000,70,ok
1785385617.256471000,45,ok
1785385617.286875000,34,ok
1785385617.303813000,51,ok
1785385617.319722000,35,ok
1785385617.319973000,46,ok
1785385617.313753000,47,ok
1785385617.337927000,41,ok
1785385617.335023000,44,ok
1785385617.339921000,37,ok
1785385617.352912000,46,ok
1785385617.333704000,37,ok
1785385617.345623000,34,ok
1785385617.345963000,37,ok
1785385617.361122000,41,ok
1785385617.363658000,40,ok
1785385617.365713000,40,ok
1785385617.379267000,44,ok
1785385617.397414000,52,ok
1785385617.404701000,35,ok
1785385617.405734000,35,ok
1785385617.424092000,39,ok
1785385617.405012000,41,ok
1785385617.434029000,34,ok
1785385617.438274000,42,ok
1785385617.434307000,41,ok
1785385617.439890000,37,ok
1785385617.458646000,36,ok
1785385617.451069000,49,ok
1785385617.463415000,31,ok
1785385617.458233000,38,ok
1785385617.465356000,45,ok
1785385617.479137000,39,ok
1785385617.495601000,42,ok
1785385617.513861000,38,ok
1785385617.511418000,41,ok
1785385617.518637000,46,ok
1785385617.518405000,38,ok
1785385617.527121000,40,ok
1785385617.517514000,46,ok
1785385617.532208000,38,ok
1785385617.538897000,35,ok
1785385617.533579000,29,ok
1785385617.558620000,49,ok
1785385617.569263000,35,ok
1785385617.551310000,43,ok
1785385617.567504000,40,ok
1785385617.562927000,43,ok
1785385617.572567000,39,ok
1785385617.598169000,45,ok
1785385617.606961000,48,ok
1785385617.616967000,40,ok
1785385617.616169000,42,ok
1785385617.621219000,36,ok
1785385617.613407000,32,ok
1785385617.623254000,43,ok
1785385617.645812000,44,ok
1785385617.652515000,41,ok
1785385617.661946000,39,ok
1785385617.653644000,38,ok
1785385617.642146000,51,ok
1785385617.675984000,43,ok
1785385617.680777000,50,ok
1785385617.683713000,37,ok
1785385617.682360000,60,ok
1785385617.703944000,29,ok
1785385617.710154000,40,ok
1785385617.729008000,40,ok
1785385617.725197000,28,ok
1785385617.737483000,40,ok
1785385617.737573000,30,ok
1785385617.733882000,41,ok
1785385617.756326000,35,ok
1785385617.770127000,53,ok
1785385617.770120000,47,ok
1785385617.774435000,35,ok
1785385617.785060000,46,ok
1785385617.781478000,38,ok
1785385617.785001000,48,ok
1785385617.790156000,34,ok
1785385617.792760000,43,ok
1785385617.794261000,33,ok
1785385617.823199000,28,ok
1785385617.822084000,32,ok
1785385617.826875000,36,ok
1785385617.825557000,36,ok
1785385617.826776000,35,ok
1785385617.851956000,29,ok
1785385617.850761000,38,ok
1785385617.851991000,45,ok
1785385617.881222000,42,ok
1785385617.880529000,30,ok
1785385617.885147000,36,ok
1785385617.878391000,42,ok
1785385617.885860000,46,ok
1785385617.899455000,41,ok
1785385617.910179000,44,ok
1785385617.906053000,37,ok
1785385617.921440000,44,ok
1785385617.907063000,35,ok
1785385617.927827000,39,ok
1785385617.926202000,37,ok
1785385617.929883000,44,ok
1785385617.949219000,35,ok
1785385617.952208000,38,ok
1785385617.953027000,40,ok
1785385617.959854000,33,ok
1785385617.972499000,42,ok
1785385617.981039000,34,ok
1785385618.001545000,34,ok
1785385617.987837000,39,ok
1785385618.005036000,49,ok
1785385618.015359000,51,ok
1785385618.023631000,41,ok
1785385618.039618000,45,ok
1785385618.020661000,39,ok
1785385618.035194000,47,ok
1785385618.027987000,51,ok
1785385618.045627000,40,ok
1785385618.063119000,43,ok
1785385618.077491000,43,ok
1785385618.069362000,41,ok
1785385618.061778000,37,ok
1785385618.091632000,48,ok
1785385618.089199000,45,ok
1785385618.098530000,42,ok
1785385618.109753000,32,ok
1785385618.106561000,40,ok
1785385618.107382000,35,ok
1785385618.112148000,25,ok
1785385618.116669000,40,ok
1785385618.126373000,29,ok
1785385618.138424000,37,ok
1785385618.156203000,41,ok
1785385618.165990000,31,ok
1785385618.136837000,33,ok
1785385618.168758000,41,ok
1785385618.167853000,36,ok
1785385618.170051000,35,ok
1785385618.191701000,41,ok
1785385618.185375000,37,ok
1785385618.195288000,33,ok
1785385618.191358000,33,ok
1785385618.203736000,41,ok
1785385618.208699000,41,ok
1785385618.223066000,47,ok
1785385618.221163000,37,ok
1785385618.245638000,36,ok
1785385618.284275000,51,ok
1785385618.273189000,52,ok
1785385618.280425000,56,ok
1785385618.275577000,44,ok
1785385618.286412000,43,ok
1785385618.287769000,49,ok
1785385618.277743000,52,ok
1785385618.301767000,43,ok
1785385618.316082000,26,ok
1785385618.314264000,32,ok
1785385618.316515000,44,ok
1785385618.318112000,37,ok
1785385618.316472000,38,ok
1785385618.320521000,39,ok
1785385618.333276000,30,ok
1785385618.354077000,33,ok
1785385618.380726000,34,ok
1785385618.381775000,37,ok
1785385618.379205000,38,ok
1785385618.396790000,33,ok
1785385618.373072000,32,ok
1785385618.402203000,42,ok
1785385618.381039000,37,ok
1785385618.406862000,52,ok
1785385618.419415000,49,ok
1785385618.408133000,39,ok
1785385618.414872000,38,ok
1785385618.417772000,39,ok
1785385618.421146000,35,ok
1785385618.425133000,49,ok
1785385618.445618000,38,ok
1785385618.449954000,34,ok
1785385618.485676000,43,ok
1785385618.474812000,39,ok
1785385618.483913000,43,ok
1785385618.489845000,32,ok
1785385618.490565000,39,ok
1785385618.490797000,37,ok
1785385618.514910000,33,ok
1785385618.505662000,47,ok
1785385618.502680000,48,ok
1785385618.511387000,35,ok
1785385618.525558000,36,ok
1785385618.527635000,34,ok
1785385618.538832000,35,ok
1785385618.555255000,37,ok
1785385618.550962000,39,ok
1785385618.568698000,44,ok
1785385618.575684000,37,ok
1785385618.578931000,42,ok
1785385618.589304000,37,ok
1785385618.598822000,38,ok
1785385618.599036000,29,ok
1785385618.589008000,33,ok
1785385618.587993000,37,ok
1785385618.587497000,35,ok
1785385618.595750000,33,ok
1785385618.613885000,33,ok
1785385618.621233000,32,ok
1785385618.638336000,28,ok
1785385618.646834000,40,ok
1785385618.637045000,44,ok
1785385618.652578000,34,ok
1785385618.666127000,40,ok
1785385618.664967000,29,ok
1785385618.663644000,38,ok
1785385618.670024000,35,ok
1785385618.684565000,30,ok
1785385618.691116000,41,ok
1785385618.694893000,40,ok
1785385618.700620000,32,ok
1785385618.699069000,40,ok
1785385618.697457000,29,ok
1785385618.719213000,33,ok
1785385618.721302000,39,ok
1785385618.735603000,35,ok
1785385618.763637000,44,ok
1785385618.759287000,47,ok
1785385618.759561000,37,ok
1785385618.768425000,51,ok
1785385618.781558000,44,ok
1785385618.778688000,37,ok
1785385618.782102000,39,ok
1785385618.802093000,37,ok
1785385618.801897000,32,ok
1785385618.796161000,46,ok
1785385618.815730000,42,ok
1785385618.824588000,40,ok
1785385618.811768000,33,ok
1785385618.815660000,45,ok
1785385618.831595000,29,ok
1785385618.837143000,39,ok
1785385618.862114000,34,ok
1785385618.860051000,35,ok
1785385618.868608000,38,ok
1785385618.864395000,32,ok
1785385618.889667000,35,ok
1785385618.881021000,33,ok
1785385618.889028000,38,ok
1785385618.893115000,38,ok
1785385618.891000000,48,ok
1785385618.893871000,42,ok
1785385618.912819000,33,ok
1785385618.934332000,40,ok
1785385618.931422000,26,ok
1785385618.928874000,33,ok
1785385618.932009000,33,ok
1785385618.933795000,42,ok
1785385618.951639000,39,ok
1785385618.980454000,50,ok
1785385618.984994000,52,ok
1785385618.966550000,39,ok
1785385618.992034000,44,ok
1785385618.991214000,46,ok
1785385618.991824000,44,ok
1785385618.989906000,41,ok
1785385618.994869000,39,ok
1785385618.990499000,46,ok
1785385619.025168000,37,ok
1785385619.028255000,35,ok
1785385619.032024000,41,ok
1785385619.039582000,48,ok
1785385619.044328000,46,ok
1785385619.065239000,45,ok
1785385619.046177000,45,ok
1785385619.083239000,30,ok
1785385619.092360000,46,ok
1785385619.094245000,49,ok
1785385619.096318000,41,ok
1785385619.097919000,36,ok
1785385619.098624000,43,ok
1785385619.101759000,43,ok
1785385619.100963000,47,ok
1785385619.119176000,46,ok
1785385619.139568000,38,ok
1785385619.142342000,32,ok
1785385619.161855000,35,ok
1785385619.149755000,35,ok
1785385619.147154000,36,ok
1785385619.162859000,41,ok
1785385619.148488000,34,ok
1785385619.173133000,33,ok
1785385619.181722000,32,ok
1785385619.183401000,31,ok
1785385619.191921000,36,ok
1785385619.200992000,49,ok
1785385619.210487000,33,ok
1785385619.201472000,39,ok
1785385619.204660000,38,ok
1785385619.216586000,40,ok
1785385619.229233000,26,ok
1785385619.248137000,34,ok
1785385619.246569000,37,ok
1785385619.263967000,43,ok
1785385619.250357000,37,ok
1785385619.251575000,34,ok
1785385619.259185000,35,ok
1785385619.279941000,41,ok
1785385619.283457000,44,ok
1785385619.289050000,40,ok
1785385619.289849000,36,ok
1785385619.304132000,57,ok
1785385619.325889000,36,ok
1785385619.306468000,43,ok
1785385619.324890000,37,ok
1785385619.336236000,31,ok
1785385619.335222000,33,ok
1785385619.335241000,50,ok
1785385619.363392000,45,ok
1785385619.380145000,45,ok
1785385619.383630000,32,ok
1785385619.374142000,42,ok
1785385619.381492000,57,ok
1785385619.380700000,44,ok
1785385619.392756000,39,ok
1785385619.408717000,37,ok
1785385619.408105000,49,ok
1785385619.414469000,39,ok
1785385619.392461000,46,ok
1785385619.426407000,38,ok
1785385619.427786000,44,ok
1785385619.443415000,34,ok
1785385619.440293000,36,ok
1785385619.447327000,39,ok
1785385619.452937000,33,ok
1785385619.475881000,37,ok
1785385619.484818000,36,ok
1785385619.472683000,34,ok
1785385619.479464000,31,ok
1785385619.503241000,34,ok
1785385619.491522000,41,ok
1785385619.499423000,43,ok
1785385619.497396000,34,ok
1785385619.507937000,37,ok
1785385619.511092000,40,ok
1785385619.523175000,33,ok
1785385619.532027000,31,ok
1785385619.530570000,41,ok
1785385619.552153000,43,ok
1785385619.561738000,41,ok
1785385619.562703000,33,ok
1785385619.558066000,31,ok
1785385619.570172000,37,ok
1785385619.582557000,30,ok
1785385619.585329000,30,ok
1785385619.606576000,30,ok
1785385619.591051000,44,ok
1785385619.610634000,33,ok
1785385619.614868000,40,ok
1785385619.609992000,51,ok
1785385619.623646000,32,ok
1785385619.612089000,34,ok
1785385619.614118000,31,ok
1785385619.618349000,47,ok
1785385619.657658000,42,ok
1785385619.653229000,35,ok
1785385619.655309000,34,ok
1785385619.651932000,33,ok
1785385619.683582000,38,ok
1785385619.685356000,43,ok
1785385619.693166000,33,ok
1785385619.689637000,35,ok
1785385619.694927000,31,ok
1785385619.706631000,47,ok
1785385619.700455000,40,ok
1785385619.708829000,38,ok
1785385619.717845000,41,ok
1785385619.721111000,40,ok
1785385619.711138000,49,ok
1785385619.720569000,39,ok
1785385619.757646000,37,ok
1785385619.753009000,34,ok
1785385619.772062000,42,ok
1785385619.760240000,36,ok
1785385619.782909000,30,ok
1785385619.761920000,43,ok
1785385619.778443000,34,ok
1785385619.804679000,42,ok
1785385619.781782000,35,ok
1785385619.791123000,36,ok
1785385619.806147000,48,ok
1785385619.827142000,40,ok
1785385619.808626000,40,ok
1785385619.825316000,33,ok
1785385619.824091000,36,ok
1785385619.825672000,45,ok
1785385619.858853000,37,ok
1785385619.858432000,37,ok
1785385619.877559000,28,ok
1785385619.887117000,49,ok
1785385619.885866000,31,ok
1785385619.881471000,39,ok
1785385619.889474000,45,ok
1785385619.896813000,50,ok
1785385619.898553000,39,ok
1785385619.901653000,40,ok
1785385619.925310000,43,ok
1785385619.920020000,34,ok
1785385619.914292000,48,ok
1785385619.933685000,40,ok
1785385619.929069000,28,ok
1785385619.933046000,41,ok
1785385619.973779000,42,ok
1785385619.961097000,30,ok
1785385619.977760000,38,ok
1785385619.974819000,38,ok
1785385619.970100000,36,ok
1785385619.988584000,41,ok
1785385619.990186000,45,ok
1785385620.001483000,41,ok
1785385620.012378000,37,ok
1785385620.022328000,49,ok
1785385620.010919000,39,ok
1785385620.008883000,41,ok
1785385620.036520000,45,ok
1785385620.033633000,43,ok
1785385620.030690000,36,ok
1785385620.032513000,34,ok
1785385620.077953000,38,ok
1785385620.078619000,42,ok
1785385620.084074000,43,ok
1785385620.096335000,36,ok
1785385620.103276000,49,ok
1785385620.115231000,31,ok
1785385620.084957000,39,ok
1785385620.083474000,45,ok
1785385620.091608000,28,ok
1785385620.111624000,33,ok
1785385620.121128000,50,ok
1785385620.120817000,44,ok
1785385620.133783000,36,ok
1785385620.140522000,44,ok
1785385620.136629000,43,ok
1785385620.136636000,30,ok
1785385620.191367000,44,ok
1785385620.181077000,36,ok
1785385620.187350000,34,ok
1785385620.196683000,39,ok
1785385620.187884000,42,ok
1785385620.204490000,42,ok
1785385620.209608000,48,ok
1785385620.186657000,31,ok
1785385620.202378000,41,ok
1785385620.200349000,46,ok
1785385620.219526000,43,ok
1785385620.248145000,33,ok
1785385620.256190000,59,ok
1785385620.251234000,40,ok
1785385620.240669000,48,ok
1785385620.284936000,41,ok
1785385620.276475000,42,ok
1785385620.300621000,49,ok
1785385620.290679000,72,ok
1785385620.310241000,43,ok
1785385620.326922000,41,ok
1785385620.323790000,36,ok
1785385620.324437000,34,ok
1785385620.332659000,41,ok
1785385620.327445000,45,ok
1785385620.318606000,43,ok
1785385620.327239000,45,ok
1785385620.375418000,33,ok
1785385620.364369000,28,ok
1785385620.362544000,43,ok
1785385620.385534000,45,ok
1785385620.387150000,44,ok
1785385620.394802000,41,ok
1785385620.383380000,41,ok
1785385620.413180000,59,ok
1785385620.417968000,39,ok
1785385620.418917000,43,ok
1785385620.417594000,32,ok
1785385620.426089000,36,ok
1785385620.427514000,40,ok
1785385620.441984000,47,ok
1785385620.428740000,40,ok
1785385620.451093000,50,ok
1785385620.468483000,43,ok
1785385620.469171000,35,ok
1785385620.469415000,44,ok
1785385620.473783000,40,ok
1785385620.505309000,28,ok
1785385620.494184000,37,ok
1785385620.499443000,32,ok
1785385620.490862000,40,ok
1785385620.504543000,36,ok
1785385620.491729000,46,ok
1785385620.504159000,31,ok
1785385620.525926000,46,ok
1785385620.532042000,27,ok
1785385620.536025000,42,ok
1785385620.534396000,46,ok
1785385620.563320000,41,ok
1785385620.579385000,39,ok
1785385620.573662000,48,ok
1785385620.587801000,43,ok
1785385620.594879000,34,ok
1785385620.601070000,48,ok
1785385620.598201000,46,ok
1785385620.598751000,33,ok
1785385620.596982000,24,ok
1785385620.613383000,42,ok
1785385620.612678000,38,ok
1785385620.599008000,45,ok
1785385620.638263000,36,ok
1785385620.643183000,38,ok
1785385620.643075000,38,ok
1785385620.653120000,43,ok
1785385620.667604000,40,ok
1785385620.686744000,35,ok
1785385620.686877000,40,ok
1785385620.683933000,39,ok
1785385620.672117000,38,ok
1785385620.697573000,44,ok
1785385620.692754000,32,ok
1785385620.680913000,25,ok
1785385620.702571000,36,ok
1785385620.704440000,40,ok
1785385620.701233000,38,ok
1785385620.707439000,36,ok
1785385620.741522000,31,ok
1785385620.741831000,43,ok
1785385620.747639000,33,ok
1785385620.744067000,35,ok
1785385620.758226000,37,ok
1785385620.774706000,36,ok
1785385620.785584000,45,ok
1785385620.774215000,34,ok
1785385620.796642000,52,ok
1785385620.789347000,48,ok
1785385620.785553000,48,ok
1785385620.796226000,39,ok
1785385620.800612000,48,ok
1785385620.820021000,41,ok
1785385620.820341000,57,ok
1785385620.820368000,43,ok
1785385620.843755000,38,ok
1785385620.842740000,46,ok
1785385620.873195000,34,ok
1785385620.846731000,40,ok
1785385620.860685000,41,ok
1785385620.882433000,43,ok
1785385620.910998000,46,ok
1785385620.900640000,53,ok
1785385620.904588000,50,ok
1785385620.912183000,55,ok
1785385620.916076000,43,ok
1785385620.923316000,48,ok
1785385620.926631000,41,ok
1785385620.921984000,68,ok
1785385620.937976000,48,ok
1785385620.933509000,47,ok
1785385620.965346000,38,ok
1785385620.963933000,37,ok
1785385620.976924000,31,ok
1785385620.978376000,34,ok
1785385620.990493000,37,ok
1785385620.989091000,33,ok
1785385621.025912000,40,ok
1785385621.016369000,42,ok
1785385621.013557000,36,ok
1785385621.024794000,43,ok
1785385621.016585000,40,ok
1785385621.020068000,37,ok
1785385621.025604000,41,ok
1785385621.040466000,48,ok
1785385621.045874000,34,ok
1785385621.042340000,39,ok
1785385621.081866000,36,ok
1785385621.076620000,45,ok
1785385621.055980000,35,ok
1785385621.080733000,38,ok
1785385621.091157000,33,ok
1785385621.092895000,39,ok
1785385621.118134000,33,ok
1785385621.120546000,32,ok
1785385621.140677000,30,ok
1785385621.131579000,36,ok
1785385621.129910000,41,ok
1785385621.128442000,33,ok
1785385621.145530000,37,ok
1785385621.162667000,41,ok
1785385621.142758000,42,ok
1785385621.162427000,48,ok
1785385621.177061000,44,ok
1785385621.173397000,43,ok
1785385621.183116000,44,ok
1785385621.201761000,33,ok
1785385621.175866000,40,ok
1785385621.205670000,46,ok
1785385621.219646000,46,ok
1785385621.211282000,33,ok
1785385621.220472000,33,ok
1785385621.237062000,35,ok
1785385621.243323000,33,ok
1785385621.237392000,32,ok
1785385621.250821000,42,ok
1785385621.234605000,44,ok
1785385621.253557000,34,ok
1785385621.264005000,38,ok
1785385621.265466000,45,ok
1785385621.293494000,46,ok
1785385621.305535000,35,ok
1785385621.301085000,50,ok
1785385621.306569000,29,ok
1785385621.296451000,49,ok
1785385621.300970000,53,ok
1785385621.305107000,29,ok
1785385621.305814000,30,ok
1785385621.352336000,41,ok
1785385621.344875000,49,ok
1785385621.344018000,41,ok
1785385621.339286000,38,ok
1785385621.333376000,36,ok
1785385621.353105000,46,ok
1785385621.367485000,37,ok
1785385621.367625000,47,ok
1785385621.388247000,47,ok
1785385621.404119000,39,ok
1785385621.389265000,37,ok
1785385621.403059000,47,ok
1785385621.413227000,40,ok
1785385621.410963000,41,ok
1785385621.419615000,42,ok
1785385621.436701000,29,ok
1785385621.414754000,35,ok
1785385621.450107000,33,ok
1785385621.455992000,42,ok
1785385621.455898000,40,ok
1785385621.450552000,42,ok
1785385621.452966000,35,ok
1785385621.465789000,43,ok
1785385621.467359000,39,ok
1785385621.498592000,37,ok
1785385621.497051000,54,ok
1785385621.508145000,39,ok
1785385621.494365000,38,ok
1785385621.506851000,36,ok
1785385621.508097000,35,ok
1785385621.504065000,36,ok
1785385621.537718000,46,ok
1785385621.536018000,46,ok
1785385621.548375000,38,ok
1785385621.551624000,35,ok
1785385621.557734000,37,ok
1785385621.560570000,42,ok
1785385621.556672000,38,ok
1785385621.559945000,41,ok
1785385621.561855000,42,ok
1785385621.570678000,35,ok
1785385621.607863000,37,ok
1785385621.611765000,37,ok
1785385621.611179000,42,ok
1785385621.607139000,41,ok
1785385621.618476000,32,ok
1785385621.639506000,45,ok
1785385621.626591000,41,ok
1785385621.632420000,49,ok
1785385621.642668000,38,ok
1785385621.652619000,41,ok
1785385621.665477000,43,ok
1785385621.648555000,40,ok
1785385621.658315000,37,ok
1785385621.670815000,38,ok
1785385621.674460000,41,ok
1785385621.687505000,32,ok
1785385621.683242000,46,ok
1785385621.699256000,38,ok
1785385621.716615000,43,ok
1785385621.708922000,36,ok
1785385621.734312000,35,ok
1785385621.736408000,43,ok
1785385621.737033000,33,ok
1785385621.733011000,39,ok
1785385621.747608000,39,ok
1785385621.751202000,33,ok
1785385621.755149000,50,ok
1785385621.764509000,38,ok
1785385621.764897000,39,ok
1785385621.780856000,37,ok
1785385621.785541000,39,ok
1785385621.779906000,36,ok
1785385621.792767000,33,ok
1785385621.784276000,34,ok
1785385621.824969000,30,ok
1785385621.821867000,34,ok
1785385621.830943000,31,ok
1785385621.823465000,45,ok
1785385621.824217000,35,ok
1785385621.837679000,40,ok
1785385621.866070000,38,ok
1785385621.851458000,52,ok
1785385621.868595000,59,ok
1785385621.871735000,41,ok
1785385621.873625000,48,ok
1785385621.887901000,35,ok
1785385621.880187000,42,ok
1785385621.885142000,43,ok
1785385621.909524000,41,ok
1785385621.922177000,33,ok
1785385621.922336000,34,ok
1785385621.938082000,34,ok
1785385621.920275000,38,ok
1785385621.942737000,42,ok
1785385621.938999000,42,ok
1785385621.970661000,45,ok
1785385621.962637000,43,ok
1785385621.952528000,39,ok
1785385621.958365000,32,ok
1785385621.993027000,36,ok
1785385621.990820000,49,ok
1785385621.988466000,45,ok
1785385621.996541000,52,ok
1785385622.038093000,38,ok
1785385622.040024000,46,ok
1785385621.999885000,49,ok
1785385622.034327000,47,ok
1785385622.051584000,58,ok
1785385622.043097000,61,ok
1785385622.067720000,42,ok
1785385622.075089000,48,ok
1785385622.084271000,53,ok
1785385622.077330000,58,ok
1785385622.105822000,47,ok
1785385622.103603000,57,ok
1785385622.116478000,46,ok
1785385622.110801000,49,ok
1785385622.118903000,53,ok
1785385622.126103000,46,ok
1785385622.133289000,41,ok
1785385622.143420000,45,ok
1785385622.147538000,34,ok
1785385622.151521000,28,ok
1785385622.157089000,34,ok
1785385622.146400000,38,ok
1785385622.156775000,35,ok
1785385622.184279000,40,ok
1785385622.193816000,39,ok
1785385622.189814000,37,ok
1785385622.189694000,35,ok
1785385622.205516000,36,ok
1785385622.206087000,42,ok
1785385622.206326000,37,ok
1785385622.219490000,33,ok
1785385622.220039000,34,ok
1785385622.252573000,51,ok
1785385622.259390000,39,ok
1785385622.222800000,31,ok
1785385622.251251000,44,ok
1785385622.255978000,42,ok
1785385622.258376000,48,ok
1785385622.261633000,52,ok
1785385622.286836000,34,ok
1785385622.292995000,32,ok
1785385622.293883000,39,ok
1785385622.298361000,39,ok
1785385622.303632000,32,ok
1785385622.302607000,30,ok
1785385622.320414000,43,ok
1785385622.327036000,39,ok
1785385622.328010000,32,ok
1785385622.354900000,43,ok
1785385622.348488000,36,ok
1785385622.351653000,38,ok
1785385622.347362000,42,ok
1785385622.357136000,29,ok
1785385622.364063000,44,ok
1785385622.371036000,38,ok
1785385622.369111000,34,ok
1785385622.390078000,37,ok
1785385622.396273000,44,ok
1785385622.395194000,30,ok
1785385622.418367000,39,ok
1785385622.406453000,38,ok
1785385622.405671000,36,ok
1785385622.442074000,46,ok
1785385622.446579000,36,ok
1785385622.420268000,38,ok
1785385622.442302000,28,ok
1785385622.450067000,48,ok
1785385622.455390000,33,ok
1785385622.452386000,49,ok
1785385622.460446000,41,ok
1785385622.468057000,42,ok
1785385622.472161000,29,ok
1785385622.501950000,42,ok
1785385622.504867000,41,ok
1785385622.510460000,38,ok
1785385622.509883000,38,ok
1785385622.512799000,40,ok
1785385622.525982000,39,ok
1785385622.551085000,34,ok
1785385622.545170000,35,ok
1785385622.544469000,40,ok
1785385622.550932000,41,ok
1785385622.586520000,42,ok
1785385622.588580000,44,ok
1785385622.578408000,45,ok
1785385622.575445000,42,ok
1785385622.607088000,53,ok
1785385622.602471000,39,ok
1785385622.606835000,52,ok
1785385622.626349000,40,ok
1785385622.610870000,40,ok
1785385622.623122000,35,ok
1785385622.628976000,44,ok
1785385622.630124000,36,ok
1785385622.649483000,38,ok
1785385622.655818000,36,ok
1785385622.671282000,44,ok
1785385622.681807000,39,ok
1785385622.664662000,41,ok
1785385622.687965000,42,ok
1785385622.695422000,37,ok
1785385622.678342000,26,ok
1785385622.706560000,37,ok
1785385622.704008000,52,ok
1785385622.723248000,45,ok
1785385622.718136000,29,ok
1785385622.732727000,33,ok
1785385622.728458000,35,ok
1785385622.729838000,42,ok
1785385622.725977000,44,ok
1785385622.747251000,29,ok
1785385622.761809000,35,ok
1785385622.747159000,29,ok
1785385622.777114000,27,ok
1785385622.778567000,43,ok
1785385622.785226000,45,ok
1785385622.795639000,34,ok
1785385622.792845000,44,ok
1785385622.780058000,34,ok
1785385622.814338000,29,ok
1785385622.828833000,43,ok
1785385622.820799000,40,ok
1785385622.851106000,46,ok
1785385622.839527000,42,ok
1785385622.860779000,38,ok
1785385622.849265000,62,ok
1785385622.854997000,53,ok
1785385622.855546000,51,ok
1785385622.868781000,45,ok
1785385622.886702000,46,ok
1785385622.908204000,49,ok
1785385622.917621000,41,ok
1785385622.906411000,39,ok
1785385622.901586000,33,ok
1785385622.904743000,45,ok
1785385622.930221000,42,ok
1785385622.924645000,41,ok
1785385622.952372000,52,ok
1785385622.935799000,41,ok
1785385622.963136000,38,ok
1785385622.962044000,40,ok
1785385622.962149000,44,ok
1785385622.964787000,33,ok
1785385622.962003000,38,ok
1785385622.970419000,47,ok
1785385623.007665000,33,ok
1785385623.004286000,41,ok
1785385623.024120000,38,ok
1785385623.018808000,41,ok
1785385623.013576000,29,ok
1785385623.011043000,45,ok
1785385623.040761000,42,ok
1785385623.018958000,40,ok
1785385623.054906000,37,ok
1785385623.056842000,41,ok
1785385623.055385000,36,ok
1785385623.051239000,47,ok
1785385623.074880000,46,ok
1785385623.070595000,51,ok
1785385623.086619000,38,ok
1785385623.086631000,46,ok
1785385623.125851000,42,ok
1785385623.126561000,51,ok
1785385623.118832000,34,ok
1785385623.126576000,39,ok
1785385623.138561000,49,ok
1785385623.137925000,31,ok
1785385623.173394000,37,ok
1785385623.168351000,37,ok
1785385623.174776000,42,ok
1785385623.178619000,44,ok
1785385623.171060000,35,ok
1785385623.185877000,45,ok
1785385623.193516000,51,ok
1785385623.201129000,45,ok
1785385623.206846000,38,ok
1785385623.201750000,41,ok
1785385623.232672000,34,ok
1785385623.230282000,37,ok
1785385623.235948000,38,ok
1785385623.226947000,34,ok
1785385623.252340000,46,ok
1785385623.279057000,48,ok
1785385623.269872000,40,ok
1785385623.252870000,39,ok
1785385623.285557000,36,ok
1785385623.284607000,35,ok
1785385623.287971000,46,ok
1785385623.277642000,39,ok
1785385623.295918000,42,ok
1785385623.281228000,38,ok
1785385623.320710000,29,ok
1785385623.324190000,52,ok
1785385623.328799000,54,ok
1785385623.342533000,53,ok
1785385623.348588000,48,ok
1785385623.351358000,53,ok
1785385623.354448000,31,ok
1785385623.395704000,36,ok
1785385623.389014000,49,ok
1785385623.400809000,38,ok
1785385623.409345000,48,ok
1785385623.409302000,48,ok
1785385623.406419000,52,ok
1785385623.399173000,44,ok
1785385623.410466000,46,ok
1785385623.407889000,43,ok
1785385623.430929000,38,ok
1785385623.419397000,39,ok
1785385623.435819000,39,ok
1785385623.449480000,32,ok
1785385623.460863000,32,ok
1785385623.462509000,43,ok
1785385623.467190000,42,ok
1785385623.456577000,55,ok
1785385623.505964000,33,ok
1785385623.488302000,34,ok
1785385623.501247000,31,ok
1785385623.517093000,30,ok
1785385623.506625000,39,ok
1785385623.521036000,50,ok
1785385623.510603000,40,ok
1785385623.518709000,47,ok
1785385623.518187000,41,ok
1785385623.532848000,31,ok
1785385623.544393000,39,ok
1785385623.540451000,47,ok
1785385623.556369000,44,ok
1785385623.577164000,53,ok
1785385623.557262000,31,ok
1785385623.594349000,32,ok
1785385623.586096000,54,ok
1785385623.591076000,32,ok
1785385623.595731000,38,ok
1785385623.613790000,34,ok
1785385623.608823000,37,ok
1785385623.603672000,28,ok
1785385623.626337000,36,ok
1785385623.629817000,43,ok
1785385623.643858000,56,ok
1785385623.642825000,38,ok
1785385623.643954000,58,ok
1785385623.656608000,37,ok
1785385623.652486000,48,ok
1785385623.666044000,37,ok
1785385623.690023000,33,ok
1785385623.689061000,35,ok
1785385623.688125000,39,ok
1785385623.675714000,33,ok
1785385623.692340000,35,ok
1785385623.711606000,35,ok
1785385623.710249000,37,ok
1785385623.730419000,55,ok
1785385623.731145000,38,ok
1785385623.728410000,31,ok
1785385623.730275000,37,ok
1785385623.758312000,35,ok
1785385623.755255000,47,ok
1785385623.751333000,48,ok
1785385623.755433000,36,ok
1785385623.777478000,33,ok
1785385623.772341000,46,ok
1785385623.790919000,37,ok
1785385623.788227000,41,ok
1785385623.791832000,36,ok
1785385623.821588000,41,ok
1785385623.797170000,32,ok
1785385623.832683000,31,ok
1785385623.834942000,48,ok
1785385623.831296000,38,ok
1785385623.842294000,32,ok
1785385623.842045000,39,ok
1785385623.847787000,34,ok
1785385623.844646000,41,ok
1785385623.855817000,40,ok
1785385623.867401000,44,ok
1785385623.864107000,37,ok
1785385623.871976000,35,ok
1785385623.888290000,36,ok
1785385623.898136000,41,ok
1785385623.923201000,41,ok
1785385623.910318000,49,ok
1785385623.925089000,39,ok
1785385623.914970000,39,ok
1785385623.934917000,40,ok
1785385623.940491000,41,ok
1785385623.976707000,58,ok
1785385623.961916000,57,ok
1785385623.975695000,50,ok
1785385623.977831000,52,ok
1785385623.981660000,53,ok
1785385623.972058000,60,ok
1785385623.971488000,50,ok
1785385623.987889000,41,ok
1785385624.026653000,38,ok
1785385624.011337000,48,ok
1785385624.020107000,39,ok
1785385624.012547000,50,ok
1785385624.009991000,47,ok
1785385624.043944000,66,ok
1785385624.042267000,51,ok
1785385624.059245000,49,ok
1785385624.105056000,44,ok
1785385624.111232000,46,ok
1785385624.110584000,51,ok
1785385624.117649000,55,ok
1785385624.135066000,72,ok
1785385624.125365000,60,ok
1785385624.110317000,39,ok
1785385624.140762000,45,ok
1785385624.105635000,43,ok
1785385624.144591000,43,ok
1785385624.145011000,44,ok
1785385624.147129000,66,ok
1785385624.159364000,41,ok
1785385624.140061000,39,ok
1785385624.189403000,37,ok
1785385624.189859000,45,ok
1785385624.227050000,38,ok
1785385624.233891000,53,ok
1785385624.249180000,40,ok
1785385624.243830000,43,ok
1785385624.239264000,34,ok
1785385624.242729000,44,ok
1785385624.245961000,45,ok
1785385624.246021000,44,ok
1785385624.243094000,40,ok
1785385624.246431000,49,ok
1785385624.252621000,41,ok
1785385624.265828000,47,ok
1785385624.285489000,39,ok
1785385624.293677000,36,ok
1785385624.296774000,38,ok
1785385624.283897000,38,ok
1785385624.332569000,44,ok
1785385624.342975000,34,ok
1785385624.347873000,39,ok
1785385624.348561000,38,ok
1785385624.351092000,41,ok
1785385624.360486000,49,ok
1785385624.370462000,52,ok
1785385624.363454000,34,ok
1785385624.366202000,47,ok
1785385624.357560000,50,ok
1785385624.376207000,47,ok
1785385624.360666000,49,ok
1785385624.397023000,44,ok
1785385624.398427000,30,ok
1785385624.406970000,36,ok
1785385624.421341000,40,ok
1785385624.444205000,38,ok
1785385624.452809000,43,ok
1785385624.453571000,39,ok
1785385624.471147000,43,ok
1785385624.443514000,41,ok
1785385624.458534000,35,ok
1785385624.466306000,35,ok
1785385624.461965000,42,ok
1785385624.467690000,40,ok
1785385624.470248000,52,ok
1785385624.465682000,39,ok
1785385624.466549000,47,ok
1785385624.504700000,40,ok
1785385624.510278000,40,ok
1785385624.517312000,37,ok
1785385624.533943000,32,ok
1785385624.562050000,37,ok
1785385624.564734000,35,ok
1785385624.556348000,33,ok
1785385624.563305000,37,ok
1785385624.562042000,39,ok
1785385624.576218000,45,ok
1785385624.564082000,54,ok
1785385624.569242000,38,ok
1785385624.571533000,54,ok
1785385624.589364000,37,ok
1785385624.579355000,43,ok
1785385624.581429000,29,ok
1785385624.608606000,32,ok
1785385624.603607000,34,ok
1785385624.629875000,32,ok
1785385624.653372000,43,ok
1785385624.643654000,41,ok
1785385624.653903000,41,ok
1785385624.654965000,38,ok
1785385624.661062000,39,ok
1785385624.660319000,38,ok
1785385624.662528000,41,ok
1785385624.651471000,30,ok
1785385624.672832000,43,ok
1785385624.680714000,38,ok
1785385624.679002000,31,ok
1785385624.681734000,38,ok
1785385624.679094000,41,ok
1785385624.705556000,34,ok
1785385624.729131000,34,ok
1785385624.735150000,33,ok
1785385624.720585000,34,ok
1785385624.730662000,40,ok
1785385624.752480000,40,ok
1785385624.754847000,42,ok
1785385624.755823000,40,ok
1785385624.774304000,45,ok
1785385624.772340000,46,ok
1785385624.772063000,38,ok
1785385624.774678000,43,ok
1785385624.770841000,39,ok
1785385624.773919000,51,ok
1785385624.775202000,38,ok
1785385624.786031000,30,ok
1785385624.799020000,36,ok
1785385624.819636000,32,ok
1785385624.828598000,34,ok
1785385624.821272000,42,ok
1785385624.826423000,29,ok
1785385624.837002000,32,ok
1785385624.854513000,46,ok
1785385624.846041000,34,ok
1785385624.869823000,39,ok
1785385624.860978000,39,ok
1785385624.873440000,41,ok
1785385624.865720000,39,ok
1785385624.870897000,39,ok
1785385624.869777000,31,ok
1785385624.871319000,33,ok
1785385624.886775000,43,ok
1785385624.903526000,36,ok
1785385624.912511000,27,ok
1785385624.920473000,35,ok
1785385624.916663000,32,ok
1785385624.944492000,40,ok
1785385624.953175000,38,ok
1785385624.952460000,43,ok
1785385624.954024000,34,ok
1785385624.958488000,44,ok
1785385624.954958000,44,ok
1785385624.956741000,37,ok
1785385624.957308000,36,ok
1785385624.959464000,39,ok
1785385624.961824000,37,ok
1785385624.970135000,43,ok
1785385625.011870000,48,ok
1785385625.007877000,51,ok
1785385625.019398000,41,ok
1785385625.037114000,34,ok
1785385625.018271000,37,ok
1785385625.019475000,41,ok
1785385625.041419000,40,ok
1785385625.039367000,35,ok
1785385625.043794000,37,ok
1785385625.055445000,35,ok
1785385625.042961000,34,ok
1785385625.052456000,35,ok
1785385625.054633000,44,ok
1785385625.065681000,42,ok
1785385625.043566000,37,ok
1785385625.087478000,39,ok
1785385625.102552000,30,ok
1785385625.106274000,35,ok
1785385625.108499000,34,ok
1785385625.113062000,33,ok
1785385625.139403000,40,ok
1785385625.142697000,31,ok
1785385625.140765000,52,ok
1785385625.140592000,49,ok
1785385625.137013000,52,ok
1785385625.136059000,36,ok
1785385625.154724000,47,ok
1785385625.141526000,39,ok
1785385625.149449000,34,ok
1785385625.146129000,37,ok
1785385625.153256000,36,ok
1785385625.191081000,42,ok
1785385625.191366000,29,ok
1785385625.202415000,43,ok
1785385625.199714000,35,ok
1785385625.227201000,42,ok
1785385625.231714000,40,ok
1785385625.238109000,41,ok
1785385625.228569000,55,ok
1785385625.243335000,38,ok
1785385625.244557000,37,ok
1785385625.243382000,32,ok
1785385625.243172000,43,ok
1785385625.245833000,42,ok
1785385625.235175000,31,ok
1785385625.253216000,40,ok
1785385625.263392000,39,ok
1785385625.297466000,36,ok
1785385625.299421000,33,ok
1785385625.325307000,39,ok
1785385625.326774000,50,ok
1785385625.327584000,32,ok
1785385625.321665000,41,ok
1785385625.322019000,35,ok
1785385625.337481000,38,ok
1785385625.334857000,34,ok
1785385625.352198000,49,ok
1785385625.342043000,31,ok
1785385625.343322000,27,ok
1785385625.337551000,43,ok
1785385625.344916000,41,ok
1785385625.368816000,42,ok
1785385625.374448000,37,ok
1785385625.392392000,37,ok
1785385625.420898000,40,ok
1785385625.423174000,44,ok
1785385625.421576000,36,ok
1785385625.424778000,37,ok
1785385625.432008000,36,ok
1785385625.417422000,47,ok
1785385625.433386000,39,ok
1785385625.440830000,45,ok
1785385625.443065000,38,ok
1785385625.443147000,40,ok
1785385625.439686000,49,ok
1785385625.445633000,42,ok
1785385625.448231000,41,ok
1785385625.463070000,35,ok
1785385625.508294000,37,ok
1785385625.508478000,40,ok
1785385625.486439000,42,ok
1785385625.514433000,35,ok
1785385625.517537000,49,ok
1785385625.516242000,34,ok
1785385625.543131000,43,ok
1785385625.549747000,46,ok
1785385625.517928000,41,ok
1785385625.556081000,50,ok
1785385625.547510000,46,ok
1785385625.527523000,44,ok
1785385625.551333000,43,ok
1785385625.559760000,48,ok
1785385625.561018000,53,ok
1785385625.556157000,59,ok
1785385625.638126000,52,ok
1785385625.617471000,46,ok
1785385625.602635000,33,ok
1785385625.618581000,45,ok
1785385625.642401000,36,ok
1785385625.632686000,41,ok
1785385625.637477000,46,ok
1785385625.640277000,41,ok
1785385625.662173000,45,ok
1785385625.669797000,31,ok
1785385625.652076000,50,ok
1785385625.656651000,43,ok
1785385625.653055000,40,ok
1785385625.659030000,40,ok
1785385625.673718000,46,ok
1785385625.686612000,56,ok
1785385625.729042000,45,ok
1785385625.736587000,32,ok
1785385625.733591000,37,ok
1785385625.731156000,45,ok
1785385625.732496000,37,ok
1785385625.747698000,39,ok
1785385625.748043000,36,ok
1785385625.736369000,31,ok
1785385625.740111000,39,ok
1785385625.772533000,44,ok
1785385625.768202000,50,ok
1785385625.767404000,39,ok
1785385625.772667000,47,ok
1785385625.777031000,40,ok
1785385625.781974000,46,ok
1785385625.804326000,36,ok
1785385625.829553000,34,ok
1785385625.834526000,39,ok
1785385625.839133000,41,ok
1785385625.837076000,45,ok
1785385625.840047000,43,ok
1785385625.833600000,40,ok
1785385625.843189000,38,ok
1785385625.839585000,38,ok
1785385625.856238000,34,ok
1785385625.855709000,41,ok
1785385625.854558000,27,ok
1785385625.871296000,44,ok
1785385625.879925000,37,ok
1785385625.887891000,35,ok
1785385625.914560000,39,ok
1785385625.901748000,50,ok
1785385625.941236000,37,ok
1785385625.938638000,39,ok
1785385625.939850000,36,ok
1785385625.940003000,43,ok
1785385625.937867000,40,ok
1785385625.943541000,34,ok
1785385625.934773000,40,ok
1785385625.941213000,41,ok
1785385625.944108000,38,ok
1785385625.953094000,35,ok
1785385625.979624000,40,ok
1785385625.980272000,48,ok
1785385625.987850000,37,ok
1785385625.985226000,33,ok
1785385626.041141000,39,ok
1785385626.041606000,47,ok
1785385626.034732000,41,ok
1785385626.029105000,44,ok
1785385626.055801000,29,ok
1785385626.061559000,44,ok
1785385626.056142000,59,ok
1785385626.064997000,43,ok
1785385626.058763000,51,ok
1785385626.061302000,53,ok
1785385626.059811000,51,ok
1785385626.066182000,40,ok
1785385626.091530000,36,ok
1785385626.086810000,29,ok
1785385626.095039000,40,ok
1785385626.124946000,56,ok
1785385626.137757000,37,ok
1785385626.152493000,39,ok
1785385626.155201000,50,ok
1785385626.154620000,54,ok
1785385626.157256000,51,ok
1785385626.155374000,41,ok
1785385626.153393000,34,ok
1785385626.168964000,37,ok
1785385626.184567000,48,ok
1785385626.177621000,55,ok
1785385626.185311000,49,ok
1785385626.188757000,36,ok
1785385626.205764000,47,ok
1785385626.209046000,31,ok
1785385626.208251000,40,ok
1785385626.227248000,41,ok
1785385626.248080000,37,ok
1785385626.252037000,36,ok
1785385626.255081000,36,ok
1785385626.271852000,47,ok
1785385626.249671000,33,ok
1785385626.254012000,40,ok
1785385626.269308000,40,ok
1785385626.256765000,33,ok
1785385626.275238000,53,ok
1785385626.287438000,56,ok
1785385626.318169000,37,ok
1785385626.302245000,44,ok
1785385626.319682000,46,ok
1785385626.314591000,43,ok
1785385626.308896000,48,ok
1785385626.385618000,54,ok
1785385626.381019000,60,ok
1785385626.388278000,52,ok
1785385626.402312000,61,ok
1785385626.407469000,33,ok
1785385626.406220000,56,ok
1785385626.397583000,75,ok
1785385626.404202000,67,ok
1785385626.407635000,69,ok
1785385626.407775000,40,ok
1785385626.406922000,36,ok
1785385626.437688000,39,ok
1785385626.439229000,33,ok
1785385626.446979000,48,ok
1785385626.459546000,42,ok
1785385626.465802000,32,ok
1785385626.491035000,34,ok
1785385626.487803000,49,ok
1785385626.483968000,35,ok
1785385626.515922000,45,ok
1785385626.504923000,42,ok
1785385626.497813000,37,ok
1785385626.505025000,37,ok
1785385626.506446000,36,ok
1785385626.522743000,56,ok
1785385626.529161000,51,ok
1785385626.504616000,35,ok
1785385626.553661000,37,ok
1785385626.556645000,35,ok
1785385626.561677000,39,ok
1785385626.577963000,39,ok
1785385626.599121000,38,ok
1785385626.584792000,41,ok
1785385626.599034000,32,ok
1785385626.600478000,32,ok
1785385626.585105000,45,ok
1785385626.595694000,43,ok
1785385626.604839000,34,ok
1785385626.597242000,39,ok
1785385626.620370000,40,ok
1785385626.624602000,30,ok
1785385626.622664000,40,ok
1785385626.628094000,39,ok
1785385626.668398000,36,ok
1785385626.657056000,37,ok
1785385626.658420000,42,ok
1785385626.683907000,32,ok
1785385626.682506000,30,ok
1785385626.689371000,37,ok
1785385626.687172000,45,ok
1785385626.671106000,45,ok
1785385626.700461000,41,ok
1785385626.698334000,37,ok
1785385626.696168000,38,ok
1785385626.703004000,47,ok
1785385626.722505000,47,ok
1785385626.737263000,39,ok
1785385626.741557000,36,ok
1785385626.732237000,34,ok
1785385626.768093000,33,ok
1785385626.776377000,40,ok
1785385626.769288000,34,ok
1785385626.781130000,43,ok
1785385626.790478000,33,ok
1785385626.786183000,28,ok
1785385626.788877000,34,ok
1785385626.781451000,39,ok
1785385626.800629000,52,ok
1785385626.803090000,33,ok
1785385626.793051000,44,ok
1785385626.794532000,47,ok
1785385626.818895000,35,ok
1785385626.829559000,39,ok
1785385626.840292000,36,ok
1785385626.852034000,42,ok
1785385626.868824000,31,ok
1785385626.881949000,47,ok
1785385626.890859000,50,ok
1785385626.881985000,41,ok
1785385626.883445000,40,ok
1785385626.914897000,43,ok
1785385626.907808000,55,ok
1785385626.914632000,38,ok
1785385626.909283000,60,ok
1785385626.901252000,30,ok
1785385626.918487000,36,ok
1785385626.914171000,52,ok
1785385626.909797000,39,ok
1785385626.947131000,29,ok
1785385626.948752000,38,ok
1785385626.960745000,37,ok
1785385626.976734000,32,ok
1785385626.976365000,39,ok
1785385626.997043000,26,ok
1785385627.003061000,34,ok
1785385626.987292000,36,ok
1785385626.997661000,38,ok
1785385626.991629000,34,ok
1785385626.997099000,43,ok
1785385627.012195000,45,ok
1785385627.013042000,34,ok
1785385627.020852000,43,ok
1785385627.006630000,36,ok
1785385627.018302000,51,ok
1785385627.034679000,31,ok
1785385627.059499000,30,ok
1785385627.052900000,43,ok
1785385627.051306000,34,ok
1785385627.090012000,40,ok
1785385627.086558000,38,ok
1785385627.080809000,43,ok
1785385627.082354000,37,ok
1785385627.102495000,39,ok
1785385627.111058000,43,ok
1785385627.100938000,45,ok
1785385627.122024000,46,ok
1785385627.127018000,37,ok
1785385627.130579000,38,ok
1785385627.135853000,51,ok
1785385627.127575000,36,ok
1785385627.156738000,39,ok
1785385627.162168000,40,ok
1785385627.161130000,34,ok
1785385627.181589000,33,ok
1785385627.180529000,29,ok
1785385627.197366000,45,ok
1785385627.205213000,50,ok
1785385627.209370000,38,ok
1785385627.179288000,43,ok
1785385627.202380000,45,ok
1785385627.223609000,50,ok
1785385627.248555000,38,ok
1785385627.248763000,35,ok
1785385627.258610000,44,ok
1785385627.252134000,51,ok
1785385627.261757000,43,ok
1785385627.281692000,44,ok
1785385627.290042000,61,ok
1785385627.297517000,43,ok
1785385627.306197000,45,ok
1785385627.314679000,36,ok
1785385627.318066000,49,ok
1785385627.318105000,44,ok
1785385627.315786000,61,ok
1785385627.308945000,43,ok
1785385627.315639000,46,ok
1785385627.359581000,60,ok
1785385627.353159000,34,ok
1785385627.361870000,39,ok
1785385627.356217000,32,ok
1785385627.371846000,34,ok
1785385627.361878000,33,ok
1785385627.356721000,42,ok
1785385627.414774000,39,ok
1785385627.394548000,42,ok
1785385627.412462000,38,ok
1785385627.414695000,43,ok
1785385627.402013000,39,ok
1785385627.416372000,41,ok
1785385627.429346000,34,ok
1785385627.429695000,50,ok
1785385627.427082000,48,ok
1785385627.455993000,38,ok
1785385627.454507000,36,ok
1785385627.458364000,36,ok
1785385627.477309000,43,ok
1785385627.474440000,33,ok
1785385627.473432000,28,ok
1785385627.475437000,33,ok
1785385627.512284000,43,ok
1785385627.509490000,42,ok
1785385627.517477000,46,ok
1785385627.517761000,45,ok
1785385627.498835000,31,ok
1785385627.527255000,37,ok
1785385627.519107000,38,ok
1785385627.526479000,36,ok
1785385627.543256000,33,ok
1785385627.569479000,40,ok
1785385627.561226000,43,ok
1785385627.552973000,35,ok
1785385627.561042000,32,ok
1785385627.572182000,38,ok
1785385627.575179000,40,ok
1785385627.575634000,35,ok
1785385627.603546000,32,ok
1785385627.615377000,36,ok
1785385627.603939000,33,ok
1785385627.612264000,41,ok
1785385627.615705000,43,ok
1785385627.619029000,38,ok
1785385627.623482000,46,ok
1785385627.622915000,38,ok
1785385627.659780000,50,ok
1785385627.661980000,40,ok
1785385627.659255000,32,ok
1785385627.663921000,29,ok
1785385627.653614000,35,ok
1785385627.664708000,37,ok
1785385627.674715000,39,ok
1785385627.676072000,25,ok
1785385627.709582000,40,ok
1785385627.715752000,37,ok
1785385627.706781000,42,ok
1785385627.701741000,32,ok
1785385627.717393000,41,ok
1785385627.725366000,36,ok
1785385627.718268000,41,ok
1785385627.753580000,30,ok
1785385627.737513000,39,ok
1785385627.737524000,40,ok
1785385627.751087000,34,ok
1785385627.759663000,40,ok
1785385627.761475000,41,ok
1785385627.782746000,51,ok
1785385627.779518000,33,ok
1785385627.795400000,29,ok
1785385627.781272000,39,ok
1785385627.799073000,29,ok
1785385627.811942000,34,ok
1785385627.808560000,36,ok
1785385627.825566000,39,ok
1785385627.812851000,31,ok
1785385627.820818000,44,ok
1785385627.839321000,33,ok
1785385627.856153000,38,ok
1785385627.867749000,42,ok
1785385627.852650000,31,ok
1785385627.847633000,31,ok
1785385627.883848000,41,ok
1785385627.862485000,40,ok
1785385627.893278000,37,ok
1785385627.891669000,32,ok
1785385627.898057000,35,ok
1785385627.892543000,26,ok
1785385627.875543000,34,ok
1785385627.924726000,37,ok
1785385627.919128000,40,ok
1785385627.929574000,39,ok
1785385627.922425000,45,ok
1785385627.937893000,35,ok
1785385627.953770000,41,ok
1785385627.961925000,39,ok
1785385627.963339000,38,ok
1785385627.961121000,29,ok
1785385627.963008000,33,ok
1785385627.967576000,36,ok
1785385627.991518000,37,ok
1785385627.993957000,41,ok
1785385627.994957000,39,ok
1785385627.997818000,32,ok
1785385627.986146000,38,ok
1785385628.021451000,32,ok
1785385628.028008000,35,ok
1785385628.031895000,43,ok
1785385628.039487000,37,ok
1785385628.035452000,35,ok
1785385628.059657000,41,ok
1785385628.059447000,51,ok
1785385628.054951000,34,ok
1785385628.041850000,34,ok
1785385628.069516000,43,ok
1785385628.071840000,39,ok
1785385628.091578000,38,ok
1785385628.082111000,38,ok
1785385628.104338000,50,ok
1785385628.114220000,39,ok
1785385628.105606000,42,ok
1785385628.108004000,39,ok
1785385628.127391000,30,ok
1785385628.135565000,35,ok
1785385628.129144000,33,ok
1785385628.138834000,37,ok
1785385628.147405000,39,ok
1785385628.157040000,31,ok
1785385628.154282000,44,ok
1785385628.167648000,49,ok
1785385628.174076000,47,ok
1785385628.183471000,28,ok
1785385628.178180000,47,ok
1785385628.187502000,40,ok
1785385628.207607000,40,ok
1785385628.204569000,45,ok
1785385628.219911000,48,ok
1785385628.215554000,35,ok
1785385628.239120000,40,ok
1785385628.239214000,40,ok
1785385628.241192000,40,ok
1785385628.235254000,29,ok
1785385628.275187000,55,ok
1785385628.271310000,37,ok
1785385628.253703000,57,ok
1785385628.260177000,34,ok
1785385628.259148000,48,ok
1785385628.284565000,47,ok
1785385628.299960000,40,ok
1785385628.307408000,37,ok
1785385628.327810000,39,ok
1785385628.323039000,43,ok
1785385628.317961000,34,ok
1785385628.340504000,48,ok
1785385628.359522000,55,ok
1785385628.349824000,38,ok
1785385628.357866000,38,ok
1785385628.369084000,38,ok
1785385628.359034000,50,ok
1785385628.369813000,31,ok
1785385628.372786000,32,ok
1785385628.361489000,44,ok
1785385628.371491000,34,ok
1785385628.373155000,37,ok
1785385628.421473000,40,ok
1785385628.421886000,45,ok
1785385628.423115000,40,ok
1785385628.419956000,39,ok
1785385628.440122000,36,ok
1785385628.422314000,37,ok
1785385628.452460000,44,ok
1785385628.444447000,35,ok
1785385628.455410000,33,ok
1785385628.460176000,41,ok
1785385628.460144000,42,ok
1785385628.446817000,42,ok
1785385628.463339000,38,ok
1785385628.463432000,40,ok
1785385628.483187000,44,ok
1785385628.472132000,35,ok
1785385628.525535000,40,ok
1785385628.536288000,47,ok
1785385628.540153000,42,ok
1785385628.534035000,49,ok
1785385628.529785000,41,ok
1785385628.545981000,37,ok
1785385628.561133000,39,ok
1785385628.541079000,39,ok
1785385628.567517000,40,ok
1785385628.563835000,57,ok
1785385628.556668000,34,ok
1785385628.571330000,39,ok
1785385628.572673000,29,ok
1785385628.572011000,34,ok
1785385628.584189000,45,ok
1785385628.608169000,39,ok
1785385628.617045000,39,ok
1785385628.640127000,40,ok
1785385628.640093000,39,ok
1785385628.638287000,43,ok
1785385628.640057000,37,ok
1785385628.642989000,39,ok
1785385628.643041000,31,ok
1785385628.667329000,26,ok
1785385628.662079000,37,ok
1785385628.662287000,44,ok
1785385628.669124000,48,ok
1785385628.667425000,49,ok
1785385628.667573000,41,ok
1785385628.666024000,29,ok
1785385628.667027000,52,ok
1785385628.703881000,29,ok
1785385628.707276000,36,ok
1785385628.734287000,38,ok
1785385628.731432000,34,ok
1785385628.744817000,40,ok
1785385628.730330000,41,ok
1785385628.735981000,44,ok
1785385628.737944000,41,ok
1785385628.749716000,41,ok
1785385628.750992000,31,ok
1785385628.759882000,37,ok
1785385628.756781000,32,ok
1785385628.767738000,53,ok
1785385628.773530000,34,ok
1785385628.778515000,47,ok
1785385628.788684000,34,ok
1785385628.819232000,47,ok
1785385628.818381000,36,ok
1785385628.818042000,40,ok
1785385628.850865000,49,ok
1785385628.846574000,41,ok
1785385628.841551000,37,ok
1785385628.840055000,38,ok
1785385628.847203000,55,ok
1785385628.867243000,56,ok
1785385628.870188000,38,ok
1785385628.864801000,41,ok
1785385628.880537000,28,ok
1785385628.888357000,48,ok
1785385628.903526000,52,ok
1785385628.891840000,46,ok
1785385628.909495000,45,ok
1785385628.925073000,45,ok
1785385628.937477000,53,ok
1785385628.932477000,43,ok
1785385628.952496000,38,ok
1785385628.955939000,42,ok
1785385628.973203000,36,ok
1785385628.985964000,41,ok
1785385628.972418000,37,ok
1785385628.979600000,35,ok
1785385628.982812000,47,ok
1785385628.987948000,48,ok
1785385628.991389000,30,ok
1785385629.001787000,36,ok
1785385628.989318000,47,ok
1785385628.998896000,33,ok
1785385629.019378000,31,ok
1785385629.025218000,29,ok
1785385629.031189000,35,ok
1785385629.025825000,35,ok
1785385629.043434000,35,ok
1785385629.068730000,38,ok
1785385629.063774000,33,ok
1785385629.069042000,37,ok
1785385629.075361000,45,ok
1785385629.085514000,41,ok
1785385629.077244000,42,ok
1785385629.101945000,40,ok
1785385629.088861000,46,ok
1785385629.088959000,43,ok
1785385629.101623000,38,ok
1785385629.102919000,35,ok
1785385629.108232000,44,ok
1785385629.120144000,30,ok
1785385629.136689000,38,ok
1785385629.125989000,38,ok
1785385629.135760000,37,ok
1785385629.165137000,44,ok
1785385629.170984000,40,ok
1785385629.159809000,32,ok
1785385629.173758000,32,ok
1785385629.170999000,44,ok
1785385629.188427000,42,ok
1785385629.198588000,40,ok
1785385629.212614000,38,ok
1785385629.186539000,48,ok
1785385629.209617000,38,ok
1785385629.204454000,43,ok
1785385629.206081000,46,ok
1785385629.209688000,45,ok
1785385629.229916000,30,ok
1785385629.230957000,33,ok
1785385629.252099000,29,ok
1785385629.243564000,36,ok
1785385629.254739000,40,ok
1785385629.273796000,38,ok
1785385629.268737000,38,ok
1785385629.289644000,51,ok
1785385629.295583000,49,ok
1785385629.297422000,37,ok
1785385629.299754000,38,ok
1785385629.324521000,29,ok
1785385629.316815000,46,ok
1785385629.317016000,43,ok
1785385629.309883000,51,ok
1785385629.317780000,42,ok
1785385629.336599000,43,ok
1785385629.363104000,38,ok
1785385629.374162000,33,ok
1785385629.360607000,35,ok
1785385629.360060000,36,ok
1785385629.364382000,44,ok
1785385629.394335000,32,ok
1785385629.385283000,48,ok
1785385629.391141000,34,ok
1785385629.390395000,37,ok
1785385629.422963000,57,ok
1785385629.431665000,39,ok
1785385629.427882000,51,ok
1785385629.435109000,49,ok
1785385629.426440000,47,ok
1785385629.433384000,51,ok
1785385629.480218000,48,ok
1785385629.470120000,48,ok
1785385629.470296000,48,ok
1785385629.483677000,48,ok
1785385629.491438000,45,ok
1785385629.489054000,51,ok
1785385629.487642000,30,ok
1785385629.513298000,37,ok
1785385629.502183000,31,ok
1785385629.527261000,39,ok
1785385629.520047000,35,ok
1785385629.537909000,28,ok
1785385629.537855000,45,ok
1785385629.538380000,36,ok
1785385629.555024000,36,ok
1785385629.568350000,33,ok
1785385629.536321000,39,ok
1785385629.568544000,37,ok
1785385629.588770000,42,ok
1785385629.593668000,50,ok
1785385629.587453000,48,ok
1785385629.590685000,39,ok
1785385629.596792000,43,ok
1785385629.599291000,35,ok
1785385629.603342000,49,ok
1785385629.621589000,41,ok
1785385629.647478000,38,ok
1785385629.660223000,41,ok
1785385629.647966000,41,ok
1785385629.647172000,37,ok
1785385629.647028000,34,ok
1785385629.665505000,40,ok
1785385629.661155000,35,ok
1785385629.676148000,29,ok
1785385629.692966000,36,ok
1785385629.670387000,46,ok
1785385629.688271000,35,ok
1785385629.694329000,44,ok
1785385629.696356000,41,ok
1785385629.702210000,50,ok
1785385629.711094000,43,ok
1785385629.743096000,34,ok
1785385629.722791000,41,ok
1785385629.749296000,38,ok
1785385629.747734000,31,ok
1785385629.755288000,37,ok
1785385629.749874000,32,ok
1785385629.765466000,39,ok
1785385629.762082000,38,ok
1785385629.774634000,30,ok
1785385629.780361000,36,ok
1785385629.794506000,33,ok
1785385629.770117000,31,ok
1785385629.800379000,48,ok
1785385629.794690000,37,ok
1785385629.797533000,35,ok
1785385629.825150000,47,ok
1785385629.828872000,25,ok
1785385629.841070000,41,ok
1785385629.838619000,37,ok
1785385629.844324000,37,ok
1785385629.849119000,27,ok
1785385629.852265000,36,ok
1785385629.853372000,38,ok
1785385629.852445000,35,ok
1785385629.871551000,43,ok
1785385629.870267000,48,ok
1785385629.874031000,36,ok
1785385629.880975000,37,ok
1785385629.892555000,31,ok
1785385629.896366000,36,ok
1785385629.901571000,35,ok
1785385629.939256000,50,ok
1785385629.937269000,41,ok
1785385629.942429000,36,ok
1785385629.944207000,34,ok
1785385629.940491000,32,ok
1785385629.938175000,40,ok
1785385629.942870000,37,ok
1785385629.946915000,36,ok
1785385629.967438000,51,ok
1785385629.977066000,41,ok
1785385629.968005000,36,ok
1785385629.973422000,34,ok
1785385629.984578000,29,ok
1785385629.999702000,35,ok
1785385629.984929000,44,ok
1785385629.988736000,33,ok
1785385630.030827000,41,ok
1785385630.029931000,36,ok
1785385630.042015000,36,ok
1785385630.044971000,40,ok
1785385630.047510000,49,ok
1785385630.059802000,32,ok
1785385630.046659000,49,ok
1785385630.075640000,32,ok
1785385630.049689000,44,ok
1785385630.067232000,32,ok
1785385630.081974000,30,ok
1785385630.072522000,30,ok
1785385630.096858000,34,ok
1785385630.088934000,71,ok
1785385630.096493000,37,ok
1785385630.135789000,31,ok
1785385630.132622000,89,ok
1785385630.132327000,38,ok
1785385630.136516000,44,ok
1785385630.146523000,43,ok
1785385630.127146000,33,ok
1785385630.143709000,38,ok
1785385630.160492000,32,ok
1785385630.142549000,36,ok
1785385630.145161000,37,ok
1785385630.149352000,32,ok
1785385630.175561000,35,ok
1785385630.182543000,30,ok
1785385630.190175000,36,ok
1785385630.180664000,36,ok
1785385630.199391000,40,ok
1785385630.241769000,32,ok
1785385630.237859000,45,ok
1785385630.238994000,40,ok
1785385630.238422000,37,ok
1785385630.243702000,55,ok
1785385630.247205000,39,ok
1785385630.241798000,39,ok
1785385630.242850000,42,ok
1785385630.259711000,54,ok
1785385630.260019000,56,ok
1785385630.264199000,56,ok
1785385630.294241000,48,ok
1785385630.298409000,37,ok
1785385630.295840000,31,ok
1785385630.296575000,44,ok
1785385630.322861000,30,ok
1785385630.345797000,39,ok
1785385630.345051000,42,ok
1785385630.350097000,39,ok
1785385630.351121000,39,ok
1785385630.342453000,37,ok
1785385630.352961000,40,ok
1785385630.362501000,40,ok
1785385630.360783000,33,ok
1785385630.355258000,44,ok
1785385630.355849000,41,ok
1785385630.366295000,37,ok
1785385630.393196000,41,ok
1785385630.396385000,38,ok
1785385630.391060000,45,ok
1785385630.402647000,37,ok
1785385630.425863000,35,ok
1785385630.440649000,42,ok
1785385630.428690000,38,ok
1785385630.450744000,29,ok
1785385630.457685000,50,ok
1785385630.446274000,40,ok
1785385630.468447000,47,ok
1785385630.464320000,33,ok
1785385630.468839000,48,ok
1785385630.486275000,50,ok
1785385630.472708000,37,ok
1785385630.490268000,39,ok
1785385630.510922000,41,ok
1785385630.511377000,32,ok
1785385630.502990000,49,ok
1785385630.510019000,39,ok
1785385630.531732000,45,ok
1785385630.537992000,37,ok
1785385630.534547000,39,ok
1785385630.554220000,41,ok
1785385630.570442000,36,ok
1785385630.572968000,37,ok
1785385630.584908000,32,ok
1785385630.575701000,36,ok
1785385630.572541000,50,ok
1785385630.574013000,38,ok
1785385630.582336000,41,ok
1785385630.604677000,38,ok
1785385630.618532000,36,ok
1785385630.621978000,37,ok
1785385630.626923000,40,ok
1785385630.622112000,46,ok
1785385630.638827000,36,ok
1785385630.623595000,34,ok
1785385630.660849000,33,ok
1785385630.659055000,46,ok
1785385630.656025000,43,ok
1785385630.677319000,36,ok
1785385630.684327000,33,ok
1785385630.686815000,31,ok
1785385630.689285000,41,ok
1785385630.707262000,39,ok
1785385630.713291000,39,ok
1785385630.718451000,40,ok
1785385630.727790000,34,ok
1785385630.729070000,36,ok
1785385630.735488000,45,ok
1785385630.734209000,47,ok
1785385630.735978000,30,ok
1785385630.757066000,32,ok
1785385630.759546000,41,ok
1785385630.758395000,29,ok
1785385630.762992000,42,ok
1785385630.783547000,41,ok
1785385630.786619000,36,ok
1785385630.797758000,33,ok
1785385630.805694000,29,ok
1785385630.810410000,31,ok
1785385630.806362000,41,ok
1785385630.786394000,41,ok
1785385630.818996000,31,ok
1785385630.818372000,37,ok
1785385630.845088000,46,ok
1785385630.840897000,35,ok
1785385630.860647000,42,ok
1785385630.862359000,32,ok
1785385630.854886000,41,ok
1785385630.865257000,47,ok
1785385630.874876000,37,ok
1785385630.891910000,43,ok
1785385630.886427000,42,ok
1785385630.889062000,27,ok
1785385630.901644000,30,ok
1785385630.907955000,35,ok
1785385630.904159000,43,ok
1785385630.900390000,40,ok
1785385630.904984000,31,ok
1785385630.923640000,37,ok
1785385630.933810000,32,ok
1785385630.939053000,26,ok
1785385630.961389000,35,ok
1785385630.939768000,29,ok
1785385630.975796000,34,ok
1785385630.968397000,31,ok
1785385630.967508000,37,ok
1785385630.978209000,39,ok
1785385630.973779000,31,ok
1785385630.988880000,40,ok
1785385631.002251000,38,ok
1785385630.986039000,43,ok
1785385631.010941000,37,ok
1785385631.017047000,40,ok
1785385631.021188000,45,ok
1785385631.032233000,39,ok
1785385631.031289000,30,ok
1785385631.029368000,43,ok
1785385631.030432000,29,ok
1785385631.076691000,39,ok
1785385631.070598000,33,ok
1785385631.054180000,47,ok
1785385631.070523000,33,ok
1785385631.084017000,38,ok
1785385631.072228000,34,ok
1785385631.087547000,43,ok
1785385631.096289000,42,ok
1785385631.100066000,38,ok
1785385631.111180000,47,ok
1785385631.123740000,36,ok
1785385631.127412000,40,ok
1785385631.139486000,39,ok
1785385631.138985000,47,ok
1785385631.141092000,42,ok
1785385631.158546000,34,ok
1785385631.145226000,52,ok
1785385631.174730000,32,ok
1785385631.175462000,31,ok
1785385631.171747000,39,ok
1785385631.171504000,33,ok
1785385631.175538000,35,ok
1785385631.192776000,36,ok
1785385631.194651000,24,ok
1785385631.213193000,31,ok
1785385631.212124000,45,ok
1785385631.238331000,46,ok
1785385631.244918000,37,ok
1785385631.245679000,32,ok
1785385631.244303000,35,ok
1785385631.248131000,32,ok
1785385631.237667000,38,ok
1785385631.253308000,40,ok
1785385631.262443000,42,ok
1785385631.270202000,38,ok
1785385631.272973000,38,ok
1785385631.271326000,39,ok
1785385631.271113000,38,ok
1785385631.295706000,38,ok
1785385631.308897000,39,ok
1785385631.318021000,40,ok
1785385631.311500000,38,ok
1785385631.342308000,44,ok
1785385631.353086000,51,ok
1785385631.347939000,33,ok
1785385631.358312000,50,ok
1785385631.361176000,40,ok
1785385631.358305000,46,ok
1785385631.358115000,33,ok
1785385631.356895000,38,ok
1785385631.348931000,40,ok
1785385631.365654000,39,ok
1785385631.385766000,37,ok
1785385631.380608000,51,ok
1785385631.405303000,38,ok
1785385631.400803000,37,ok
1785385631.412508000,36,ok
1785385631.400970000,32,ok
1785385631.436078000,40,ok
1785385631.438641000,34,ok
1785385631.439520000,34,ok
1785385631.453184000,48,ok
1785385631.453521000,38,ok
1785385631.446983000,35,ok
1785385631.459551000,42,ok
1785385631.465293000,52,ok
1785385631.480732000,27,ok
1785385631.472478000,47,ok
1785385631.486042000,32,ok
1785385631.483663000,42,ok
1785385631.492140000,41,ok
1785385631.504036000,42,ok
1785385631.507015000,36,ok
1785385631.520242000,44,ok
1785385631.525761000,28,ok
1785385631.522140000,28,ok
1785385631.548319000,38,ok
1785385631.542019000,45,ok
1785385631.540838000,35,ok
1785385631.557195000,40,ok
1785385631.562136000,39,ok
1785385631.560309000,33,ok
1785385631.569219000,41,ok
1785385631.584305000,36,ok
1785385631.582325000,43,ok
1785385631.611365000,42,ok
1785385631.597027000,42,ok
1785385631.609944000,31,ok
1785385631.612699000,33,ok
1785385631.647349000,30,ok
1785385631.620990000,40,ok
1785385631.647612000,37,ok
1785385631.655438000,53,ok
1785385631.653271000,33,ok
1785385631.645962000,55,ok
1785385631.666372000,37,ok
1785385631.653075000,49,ok
1785385631.662194000,31,ok
1785385631.675280000,39,ok
1785385631.692253000,43,ok
1785385631.705293000,48,ok
1785385631.701741000,38,ok
1785385631.712997000,40,ok
1785385631.731881000,36,ok
1785385631.718865000,33,ok
1785385631.716995000,42,ok
1785385631.749368000,41,ok
1785385631.760204000,38,ok
1785385631.771986000,49,ok
1785385631.762741000,49,ok
1785385631.765794000,49,ok
1785385631.765869000,45,ok
1785385631.765110000,46,ok
1785385631.794386000,41,ok
1785385631.783497000,44,ok
1785385631.795888000,36,ok
1785385631.800645000,36,ok
1785385631.817299000,43,ok
1785385631.834475000,40,ok
1785385631.830384000,36,ok
1785385631.829526000,43,ok
1785385631.836216000,26,ok
1785385631.886886000,56,ok
1785385631.874140000,37,ok
1785385631.890611000,44,ok
1785385631.885584000,46,ok
1785385631.889493000,59,ok
1785385631.892120000,56,ok
1785385631.895225000,55,ok
1785385631.886699000,41,ok
1785385631.900475000,61,ok
1785385631.914341000,40,ok
1785385631.952680000,45,ok
1785385631.942668000,48,ok
1785385631.956322000,39,ok
1785385631.954082000,36,ok
1785385631.953305000,36,ok
1785385631.983829000,35,ok
1785385631.983996000,38,ok
1785385631.996025000,42,ok
1785385631.994402000,30,ok
1785385631.982577000,51,ok
1785385632.003239000,40,ok
1785385631.995679000,42,ok
1785385631.998881000,38,ok
1785385632.005693000,47,ok
1785385632.026544000,45,ok
1785385632.027735000,38,ok
1785385632.076604000,62,ok
1785385632.063992000,43,ok
1785385632.070273000,43,ok
1785385632.072541000,39,ok
1785385632.062558000,52,ok
1785385632.070526000,52,ok
1785385632.084634000,31,ok
1785385632.095159000,37,ok
1785385632.128664000,54,ok
1785385632.128541000,59,ok
1785385632.121516000,51,ok
1785385632.139177000,64,ok
1785385632.138947000,65,ok
1785385632.147961000,60,ok
1785385632.182650000,60,ok
1785385632.202009000,77,ok
1785385632.206849000,37,ok
1785385632.229517000,59,ok
1785385632.208258000,52,ok
1785385632.233345000,34,ok
1785385632.208858000,38,ok
1785385632.238965000,64,ok
1785385632.246683000,48,ok
1785385632.254050000,46,ok
1785385632.241890000,43,ok
1785385632.261020000,58,ok
1785385632.269421000,42,ok
1785385632.288634000,43,ok
1785385632.299781000,46,ok
1785385632.300995000,48,ok
1785385632.308070000,41,ok
1785385632.304741000,55,ok
1785385632.303316000,32,ok
1785385632.336379000,47,ok
1785385632.349731000,48,ok
1785385632.360908000,37,ok
1785385632.358173000,47,ok
1785385632.352196000,64,ok
1785385632.361321000,44,ok
1785385632.364316000,45,ok
1785385632.360112000,51,ok
1785385632.361580000,37,ok
1785385632.372174000,46,ok
1785385632.401194000,37,ok
1785385632.405371000,50,ok
1785385632.405350000,42,ok
1785385632.419469000,38,ok
1785385632.433963000,51,ok
1785385632.408041000,45,ok
1785385632.439817000,40,ok
1785385632.445509000,38,ok
1785385632.437620000,34,ok
1785385632.467862000,41,ok
1785385632.450703000,47,ok
1785385632.462401000,50,ok
1785385632.470372000,37,ok
1785385632.447488000,42,ok
1785385632.479908000,36,ok
1785385632.503260000,45,ok
1785385632.509827000,37,ok
1785385632.509642000,32,ok
1785385632.534993000,43,ok
1785385632.518477000,46,ok
1785385632.524376000,38,ok
1785385632.531934000,33,ok
1785385632.537609000,38,ok
1785385632.558996000,30,ok
1785385632.561203000,42,ok
1785385632.576854000,44,ok
1785385632.569209000,34,ok
1785385632.578540000,33,ok
1785385632.573749000,45,ok
1785385632.593717000,43,ok
1785385632.614950000,41,ok
1785385632.617147000,30,ok
1785385632.607596000,41,ok
1785385632.609244000,40,ok
1785385632.640604000,41,ok
1785385632.644769000,48,ok
1785385632.644880000,42,ok
1785385632.644091000,38,ok
1785385632.647479000,50,ok
1785385632.649282000,31,ok
1785385632.672653000,41,ok
1785385632.671213000,45,ok
1785385632.644377000,42,ok
1785385632.675205000,37,ok
1785385632.671345000,44,ok
1785385632.693986000,39,ok
1785385632.712344000,35,ok
1785385632.722794000,42,ok
1785385632.718714000,47,ok
1785385632.737946000,35,ok
1785385632.734686000,37,ok
1785385632.734933000,42,ok
1785385632.736877000,47,ok
1785385632.737737000,38,ok
1785385632.766147000,41,ok
1785385632.780243000,42,ok
1785385632.784818000,56,ok
1785385632.784367000,61,ok
1785385632.779314000,42,ok
1785385632.793167000,45,ok
1785385632.777975000,47,ok
1785385632.838946000,46,ok
1785385632.816083000,50,ok
1785385632.821846000,49,ok
1785385632.835488000,48,ok
1785385632.836033000,36,ok
1785385632.852984000,46,ok
1785385632.834765000,36,ok
1785385632.867799000,39,ok
1785385632.854128000,46,ok
1785385632.878938000,32,ok
1785385632.867850000,47,ok
1785385632.881655000,34,ok
1785385632.905238000,50,ok
1785385632.902601000,36,ok
1785385632.908863000,38,ok
1785385632.902585000,45,ok
1785385632.922528000,36,ok
1785385632.927549000,41,ok
1785385632.933618000,36,ok
1785385632.930140000,32,ok
1785385632.952333000,46,ok
1785385632.966070000,46,ok
1785385632.969930000,39,ok
1785385632.967894000,32,ok
1785385632.966501000,40,ok
1785385632.967546000,29,ok
1785385632.969919000,47,ok
1785385632.970066000,35,ok
1785385633.005698000,38,ok
1785385633.003097000,29,ok
1785385633.005500000,32,ok
1785385633.008505000,33,ok
1785385633.014248000,38,ok
1785385633.018716000,38,ok
1785385633.028666000,33,ok
1785385633.038596000,44,ok
1785385633.069336000,50,ok
1785385633.068446000,53,ok
1785385633.063829000,32,ok
1785385633.076586000,46,ok
1785385633.071882000,37,ok
1785385633.074086000,33,ok
1785385633.068065000,41,ok
1785385633.073609000,38,ok
1785385633.095082000,34,ok
1785385633.095210000,40,ok
1785385633.115157000,36,ok
1785385633.103769000,33,ok
1785385633.115934000,29,ok
1785385633.137578000,45,ok
1785385633.138914000,37,ok
1785385633.166171000,51,ok
1785385633.171599000,37,ok
1785385633.145721000,41,ok
1785385633.170931000,29,ok
1785385633.155065000,40,ok
1785385633.171105000,34,ok
1785385633.169980000,27,ok
1785385633.166721000,43,ok
1785385633.171949000,35,ok
1785385633.209674000,47,ok
1785385633.223060000,45,ok
1785385633.200743000,37,ok
1785385633.209961000,39,ok
1785385633.240499000,52,ok
1785385633.260635000,38,ok
1785385633.253587000,52,ok
1785385633.268046000,45,ok
1785385633.280125000,45,ok
1785385633.287238000,48,ok
1785385633.283891000,46,ok
1785385633.275909000,42,ok
1785385633.289447000,57,ok
1785385633.291833000,49,ok
1785385633.297914000,37,ok
1785385633.324677000,42,ok
1785385633.334384000,50,ok
1785385633.305631000,39,ok
1785385633.325697000,46,ok
1785385633.324362000,39,ok
1785385633.357671000,40,ok
1785385633.372303000,45,ok
1785385633.373319000,38,ok
1785385633.373915000,35,ok
1785385633.387819000,34,ok
1785385633.413627000,61,ok
1785385633.394638000,27,ok
1785385633.423700000,37,ok
1785385633.416120000,55,ok
1785385633.403461000,49,ok
1785385633.427263000,35,ok
1785385633.431744000,45,ok
1785385633.427958000,43,ok
1785385633.429945000,60,ok
1785385633.431926000,53,ok
1785385633.427831000,49,ok
1785385633.467170000,36,ok
1785385633.487969000,39,ok
1785385633.491916000,37,ok
1785385633.493834000,38,ok
1785385633.492657000,48,ok
1785385633.488727000,36,ok
1785385633.499328000,51,ok
1785385633.511644000,40,ok
1785385633.514941000,34,ok
1785385633.527063000,42,ok
1785385633.527468000,33,ok
1785385633.530266000,30,ok
1785385633.531448000,40,ok
1785385633.553935000,48,ok
1785385633.551271000,41,ok
1785385633.553050000,42,ok
1785385633.570832000,39,ok
1785385633.598588000,39,ok
1785385633.592997000,37,ok
1785385633.602997000,43,ok
1785385633.607840000,47,ok
1785385633.612125000,41,ok
1785385633.597416000,40,ok
1785385633.598827000,41,ok
1785385633.622799000,33,ok
1785385633.620890000,33,ok
1785385633.620936000,28,ok
1785385633.632210000,38,ok
1785385633.648145000,29,ok
1785385633.628326000,33,ok
1785385633.649725000,31,ok
1785385633.649087000,31,ok
1785385633.687126000,29,ok
1785385633.679716000,41,ok
1785385633.691029000,37,ok
1785385633.690150000,33,ok
1785385633.704031000,43,ok
1785385633.711350000,46,ok
1785385633.720896000,41,ok
1785385633.714469000,48,ok
1785385633.723717000,52,ok
1785385633.742001000,41,ok
1785385633.720579000,35,ok
1785385633.737991000,34,ok
1785385633.741807000,40,ok
1785385633.745105000,33,ok
1785385633.752272000,36,ok
1785385633.763839000,32,ok
1785385633.772950000,42,ok
1785385633.785063000,43,ok
1785385633.789780000,37,ok
1785385633.813158000,44,ok
1785385633.805823000,45,ok
1785385633.810462000,39,ok
1785385633.821515000,30,ok
1785385633.830948000,43,ok
1785385633.826262000,37,ok
1785385633.828382000,39,ok
1785385633.836624000,47,ok
1785385633.835642000,48,ok
1785385633.839701000,26,ok
1785385633.867079000,42,ok
1785385633.871397000,38,ok
1785385633.846382000,40,ok
1785385633.863572000,29,ok
1785385633.885974000,34,ok
1785385633.886215000,39,ok
1785385633.913583000,33,ok
1785385633.911610000,43,ok
1785385633.912465000,39,ok
1785385633.942921000,38,ok
1785385633.938215000,56,ok
1785385633.944698000,39,ok
1785385633.939272000,54,ok
1785385633.967203000,48,ok
1785385633.952640000,46,ok
1785385633.951650000,41,ok
1785385633.969694000,45,ok
1785385633.976318000,32,ok
1785385633.979175000,39,ok
1785385633.977932000,32,ok
1785385634.001082000,35,ok
1785385633.997277000,37,ok
1785385634.015334000,30,ok
1785385634.024323000,41,ok
1785385634.015989000,33,ok
1785385634.039524000,35,ok
1785385634.045888000,43,ok
1785385634.041688000,43,ok
1785385634.053704000,35,ok
1785385634.060458000,42,ok
1785385634.058272000,39,ok
1785385634.066618000,42,ok
1785385634.069396000,33,ok
1785385634.094626000,31,ok
1785385634.100050000,40,ok
1785385634.080709000,43,ok
1785385634.103535000,37,ok
1785385634.097340000,44,ok
1785385634.111563000,40,ok
1785385634.114926000,30,ok
1785385634.118888000,39,ok
1785385634.134835000,40,ok
1785385634.144163000,36,ok
1785385634.145818000,44,ok
1785385634.158475000,35,ok
1785385634.143776000,33,ok
1785385634.168399000,38,ok
1785385634.167365000,38,ok
1785385634.170389000,45,ok
1785385634.193103000,31,ok
1785385634.188779000,32,ok
1785385634.194286000,35,ok
1785385634.188886000,30,ok
1785385634.196409000,30,ok
1785385634.219652000,43,ok
1785385634.220549000,39,ok
1785385634.221260000,36,ok
1785385634.232519000,44,ok
1785385634.248108000,34,ok
1785385634.255125000,53,ok
1785385634.243446000,26,ok
1785385634.243246000,35,ok
1785385634.261924000,37,ok
1785385634.270649000,38,ok
1785385634.277738000,39,ok
1785385634.292770000,31,ok
1785385634.286583000,36,ok
1785385634.306330000,38,ok
1785385634.299683000,36,ok
1785385634.297429000,41,ok
1785385634.324756000,37,ok
1785385634.323157000,36,ok
1785385634.323856000,31,ok
1785385634.337916000,43,ok
1785385634.352070000,50,ok
1785385634.354060000,33,ok
1785385634.353481000,38,ok
1785385634.346723000,33,ok
1785385634.365459000,45,ok
1785385634.358844000,36,ok
1785385634.382821000,42,ok
1785385634.411131000,43,ok
1785385634.404543000,35,ok
1785385634.398894000,38,ok
1785385634.397380000,34,ok
1785385634.420774000,39,ok
1785385634.403630000,45,ok
1785385634.425076000,51,ok
1785385634.453815000,37,ok
1785385634.451788000,42,ok
1785385634.452168000,41,ok
1785385634.461138000,41,ok
1785385634.454453000,39,ok
1785385634.478180000,50,ok
1785385634.462958000,51,ok
1785385634.476664000,44,ok
1785385634.496311000,29,ok
1785385634.497927000,37,ok
1785385634.510631000,37,ok
1785385634.513452000,40,ok
1785385634.504389000,37,ok
1785385634.517330000,38,ok
1785385634.536317000,55,ok
1785385634.545572000,27,ok
1785385634.544884000,33,ok
1785385634.541992000,46,ok
1785385634.562094000,36,ok
1785385634.565852000,35,ok
1785385634.567998000,37,ok
1785385634.564750000,40,ok
1785385634.582853000,49,ok
1785385634.586206000,28,ok
1785385634.586643000,48,ok
1785385634.595044000,40,ok
1785385634.605916000,33,ok
1785385634.615844000,30,ok
1785385634.615506000,35,ok
1785385634.617491000,35,ok
1785385634.639233000,37,ok
1785385634.641381000,38,ok
1785385634.643575000,36,ok
1785385634.665356000,42,ok
1785385634.653202000,34,ok
1785385634.663452000,39,ok
1785385634.661199000,39,ok
1785385634.659728000,31,ok
1785385634.678342000,28,ok
1785385634.693218000,32,ok
1785385634.705217000,42,ok
1785385634.709083000,38,ok
1785385634.720350000,44,ok
1785385634.709473000,37,ok
1785385634.713444000,45,ok
1785385634.728804000,38,ok
1785385634.720590000,47,ok
1785385634.741926000,27,ok
1785385634.739150000,35,ok
1785385634.758485000,35,ok
1785385634.764900000,43,ok
1785385634.756612000,36,ok
1785385634.774717000,49,ok
1785385634.772577000,34,ok
1785385634.773289000,37,ok
1785385634.796456000,40,ok
1785385634.805624000,34,ok
1785385634.803981000,33,ok
1785385634.814920000,41,ok
1785385634.820426000,31,ok
1785385634.813611000,34,ok
1785385634.820078000,37,ok
1785385634.818292000,39,ok
1785385634.843394000,45,ok
1785385634.841979000,47,ok
1785385634.858072000,38,ok
1785385634.870648000,32,ok
1785385634.867824000,46,ok
1785385634.872860000,29,ok
1785385634.867858000,39,ok
1785385634.878476000,42,ok
1785385634.906515000,35,ok
1785385634.900979000,39,ok
1785385634.914066000,34,ok
1785385634.910638000,47,ok
1785385634.921150000,42,ok
1785385634.941720000,39,ok
1785385634.938492000,44,ok
1785385634.917997000,39,ok
1785385634.938181000,32,ok
1785385634.934859000,43,ok
1785385634.958139000,38,ok
1785385634.963456000,33,ok
1785385634.964583000,29,ok
1785385634.960100000,34,ok
1785385634.979291000,31,ok
1785385634.996471000,36,ok
1785385635.009468000,44,ok
1785385635.011592000,49,ok
1785385634.983117000,41,ok
1785385635.013069000,50,ok
1785385635.037558000,50,ok
1785385635.041873000,44,ok
1785385635.059941000,56,ok
1785385635.072190000,42,ok
1785385635.050990000,43,ok
1785385635.081689000,54,ok
1785385635.076353000,59,ok
1785385635.070194000,34,ok
1785385635.099289000,34,ok
1785385635.111343000,43,ok
1785385635.094234000,45,ok
1785385635.129120000,41,ok
1785385635.128414000,40,ok
1785385635.130862000,52,ok
1785385635.124921000,46,ok
1785385635.146547000,60,ok
1785385635.168349000,33,ok
1785385635.156332000,36,ok
1785385635.156094000,41,ok
1785385635.161649000,38,ok
1785385635.171308000,36,ok
1785385635.195795000,35,ok
1785385635.193203000,41,ok
1785385635.198066000,30,ok
1785385635.210183000,36,ok
1785385635.195263000,38,ok
1785385635.204461000,37,ok
1785385635.212094000,28,ok
1785385635.220774000,35,ok
1785385635.248839000,37,ok
1785385635.245538000,40,ok
1785385635.247768000,30,ok
1785385635.277829000,40,ok
1785385635.273697000,38,ok
1785385635.274377000,46,ok
1785385635.276678000,38,ok
1785385635.284695000,44,ok
1785385635.287506000,52,ok
1785385635.291578000,39,ok
1785385635.311456000,38,ok
1785385635.293098000,39,ok
1785385635.301842000,34,ok
1785385635.302635000,42,ok
1785385635.323755000,40,ok
1785385635.326175000,35,ok
1785385635.346383000,41,ok
1785385635.368410000,57,ok
1785385635.367852000,44,ok
1785385635.379617000,51,ok
1785385635.389748000,54,ok
1785385635.372368000,44,ok
1785385635.400447000,34,ok
1785385635.407011000,32,ok
1785385635.401337000,54,ok
1785385635.404732000,47,ok
1785385635.409301000,34,ok
1785385635.409977000,39,ok
1785385635.402437000,52,ok
1785385635.408695000,57,ok
1785385635.426520000,40,ok
1785385635.457450000,34,ok
1785385635.449162000,43,ok
1785385635.464864000,34,ok
1785385635.465837000,47,ok
1785385635.491450000,47,ok
1785385635.484462000,45,ok
1785385635.493908000,54,ok
1785385635.510911000,42,ok
1785385635.505095000,52,ok
1785385635.489449000,33,ok
1785385635.507461000,50,ok
1785385635.523000000,51,ok
1785385635.520955000,45,ok
1785385635.521392000,44,ok
1785385635.503756000,36,ok
1785385635.564512000,43,ok
1785385635.538466000,50,ok
1785385635.560916000,37,ok
1785385635.561114000,38,ok
1785385635.600450000,40,ok
1785385635.596647000,56,ok
1785385635.599832000,39,ok
1785385635.599090000,39,ok
1785385635.611541000,40,ok
1785385635.600951000,42,ok
1785385635.594708000,54,ok
1785385635.631761000,51,ok
1785385635.636221000,44,ok
1785385635.645568000,54,ok
1785385635.645288000,38,ok
1785385635.651024000,35,ok
1785385635.668693000,41,ok
1785385635.673711000,36,ok
1785385635.677983000,49,ok
1785385635.697991000,36,ok
1785385635.696790000,35,ok
1785385635.684815000,35,ok
1785385635.687484000,37,ok
1785385635.684590000,40,ok
1785385635.688133000,30,ok
1785385635.703054000,32,ok
1785385635.702117000,42,ok
1785385635.734381000,38,ok
1785385635.742791000,30,ok
1785385635.749615000,43,ok
1785385635.742610000,36,ok
1785385635.741990000,33,ok
1785385635.775864000,32,ok
1785385635.782097000,39,ok
1785385635.787811000,35,ok
1785385635.775826000,38,ok
1785385635.791812000,38,ok
1785385635.769488000,37,ok
1785385635.786755000,36,ok
1785385635.796096000,35,ok
1785385635.792246000,38,ok
1785385635.797241000,42,ok
1785385635.808490000,45,ok
1785385635.838026000,41,ok
1785385635.855800000,49,ok
1785385635.842646000,40,ok
1785385635.838933000,37,ok
1785385635.862891000,35,ok
1785385635.859866000,40,ok
1785385635.869478000,38,ok
1785385635.871614000,36,ok
1785385635.868709000,38,ok
1785385635.877357000,42,ok
1785385635.878536000,36,ok
1785385635.880889000,36,ok
1785385635.902648000,37,ok
1785385635.904960000,41,ok
1785385635.900348000,38,ok
1785385635.907258000,37,ok
1785385635.943305000,41,ok
1785385635.936919000,38,ok
1785385635.951231000,35,ok
1785385635.941972000,36,ok
1785385635.953506000,39,ok
1785385635.952226000,30,ok
1785385635.957525000,38,ok
1785385635.974592000,37,ok
1785385635.973180000,35,ok
1785385635.982669000,32,ok
1785385635.970788000,38,ok
1785385635.987874000,36,ok
1785385635.999387000,46,ok
1785385635.987937000,35,ok
1785385635.999946000,32,ok
1785385636.008343000,34,ok
1785385636.043630000,43,ok
1785385636.037607000,40,ok
1785385636.042330000,39,ok
1785385636.063442000,40,ok
1785385636.056089000,35,ok
1785385636.055785000,41,ok
1785385636.060709000,48,ok
1785385636.067362000,36,ok
1785385636.065556000,39,ok
1785385636.057697000,39,ok
1785385636.068294000,30,ok
1785385636.083190000,42,ok
1785385636.082235000,35,ok
1785385636.101085000,48,ok
1785385636.115418000,39,ok
1785385636.131619000,44,ok
1785385636.166251000,39,ok
1785385636.140872000,42,ok
1785385636.159806000,45,ok
1785385636.153408000,51,ok
1785385636.146165000,43,ok
1785385636.168611000,45,ok
1785385636.172012000,45,ok
1785385636.180445000,43,ok
1785385636.184189000,42,ok
1785385636.185294000,42,ok
1785385636.182110000,29,ok
1785385636.178672000,42,ok
1785385636.189519000,43,ok
1785385636.209681000,38,ok
1785385636.220669000,41,ok
1785385636.251350000,29,ok
1785385636.247328000,35,ok
1785385636.257135000,42,ok
1785385636.238384000,37,ok
1785385636.247275000,33,ok
1785385636.239573000,39,ok
1785385636.246135000,29,ok
1785385636.265965000,49,ok
1785385636.262203000,28,ok
1785385636.274279000,48,ok
1785385636.276598000,42,ok
1785385636.286202000,32,ok
1785385636.292777000,37,ok
1785385636.295772000,34,ok
1785385636.311596000,32,ok
1785385636.330883000,34,ok
1785385636.314426000,30,ok
1785385636.336856000,36,ok
1785385636.356441000,49,ok
1785385636.355814000,53,ok
1785385636.350421000,37,ok
1785385636.366129000,53,ok
1785385636.364778000,46,ok
1785385636.368845000,33,ok
1785385636.380724000,44,ok
1785385636.371400000,37,ok
1785385636.402069000,47,ok
1785385636.408153000,52,ok
1785385636.406142000,54,ok
1785385636.405968000,33,ok
1785385636.435584000,41,ok
1785385636.447438000,27,ok
1785385636.433705000,37,ok
1785385636.448316000,54,ok
1785385636.453701000,50,ok
1785385636.433912000,41,ok
1785385636.454097000,33,ok
1785385636.474136000,38,ok
1785385636.458608000,31,ok
1785385636.484412000,46,ok
1785385636.481882000,32,ok
1785385636.496550000,40,ok
1785385636.485884000,36,ok
1785385636.507081000,41,ok
1785385636.496905000,44,ok
1785385636.504148000,34,ok
1785385636.520655000,41,ok
1785385636.541342000,39,ok
1785385636.552734000,42,ok
1785385636.553834000,40,ok
1785385636.552137000,38,ok
1785385636.543660000,36,ok
1785385636.569906000,50,ok
1785385636.549551000,28,ok
1785385636.582565000,40,ok
1785385636.579520000,40,ok
1785385636.584589000,45,ok
1785385636.599892000,40,ok
1785385636.592321000,38,ok
1785385636.596609000,31,ok
1785385636.602991000,29,ok
1785385636.589586000,45,ok
1785385636.626155000,37,ok
1785385636.652750000,43,ok
1785385636.657257000,40,ok
1785385636.644716000,45,ok
1785385636.639674000,29,ok
1785385636.655361000,44,ok
1785385636.664856000,57,ok
1785385636.668463000,49,ok
1785385636.687459000,49,ok
1785385636.687249000,43,ok
1785385636.676639000,25,ok
1785385636.697026000,33,ok
1785385636.679865000,43,ok
1785385636.705035000,36,ok
1785385636.706707000,42,ok
1785385636.730179000,37,ok
1785385636.714812000,47,ok
1785385636.765521000,59,ok
1785385636.775095000,41,ok
1785385636.783686000,37,ok
1785385636.780653000,37,ok
1785385636.782301000,48,ok
1785385636.773642000,59,ok
1785385636.774210000,48,ok
1785385636.792532000,37,ok
1785385636.791201000,35,ok
1785385636.784809000,43,ok
1785385636.781137000,43,ok
1785385636.798385000,37,ok
1785385636.811431000,33,ok
1785385636.832373000,37,ok
1785385636.834377000,39,ok
1785385636.836111000,43,ok
1785385636.859320000,38,ok
1785385636.874891000,43,ok
1785385636.878053000,40,ok
1785385636.870625000,36,ok
1785385636.882767000,52,ok
1785385636.875642000,37,ok
1785385636.883121000,40,ok
1785385636.873600000,38,ok
1785385636.877894000,32,ok
1785385636.887659000,39,ok
1785385636.887566000,36,ok
1785385636.891432000,42,ok
1785385636.900152000,30,ok
1785385636.936500000,36,ok
1785385636.940383000,40,ok
1785385636.947007000,35,ok
1785385636.959580000,33,ok
1785385636.964006000,35,ok
1785385636.955565000,35,ok
1785385636.970271000,40,ok
1785385636.961822000,37,ok
1785385636.976790000,52,ok
1785385636.975358000,41,ok
1785385636.977507000,43,ok
1785385636.975732000,27,ok
1785385636.995324000,46,ok
1785385636.984913000,45,ok
1785385636.996367000,32,ok
1785385637.022287000,31,ok
1785385637.021749000,49,ok
1785385637.051287000,38,ok
1785385637.036870000,40,ok
1785385637.036543000,33,ok
1785385637.065185000,30,ok
1785385637.050581000,35,ok
1785385637.063556000,37,ok
1785385637.072081000,41,ok
1785385637.071983000,35,ok
1785385637.075280000,39,ok
1785385637.081400000,43,ok
1785385637.072026000,29,ok
1785385637.102542000,46,ok
1785385637.101828000,40,ok
1785385637.099236000,34,ok
1785385637.115321000,37,ok
1785385637.132357000,32,ok
1785385637.137620000,39,ok
1785385637.156989000,44,ok
1785385637.141004000,40,ok
1785385637.153683000,46,ok
1785385637.157752000,46,ok
1785385637.168098000,38,ok
1785385637.169041000,37,ok
1785385637.166925000,42,ok
1785385637.170128000,50,ok
1785385637.198744000,50,ok
1785385637.177856000,35,ok
1785385637.210617000,41,ok
1785385637.204570000,46,ok
1785385637.229723000,46,ok
1785385637.218223000,49,ok
1785385637.251231000,42,ok
1785385637.245994000,29,ok
1785385637.258240000,38,ok
1785385637.268755000,43,ok
1785385637.271391000,35,ok
1785385637.277448000,38,ok
1785385637.297864000,29,ok
1785385637.285698000,42,ok
1785385637.286085000,37,ok
1785385637.294115000,41,ok
1785385637.310230000,48,ok
1785385637.316970000,36,ok
1785385637.327772000,37,ok
1785385637.322482000,39,ok
1785385637.337532000,35,ok
1785385637.321334000,45,ok
1785385637.336741000,41,ok
1785385637.366319000,35,ok
1785385637.353290000,43,ok
1785385637.388970000,42,ok
1785385637.393931000,40,ok
1785385637.387958000,51,ok
1785385637.371090000,43,ok
1785385637.389332000,39,ok
1785385637.391444000,39,ok
1785385637.398196000,40,ok
1785385637.400805000,43,ok
1785385637.397979000,38,ok
1785385637.447632000,42,ok
1785385637.430064000,27,ok
1785385637.449170000,41,ok
1785385637.438758000,45,ok
1785385637.462885000,35,ok
1785385637.432417000,40,ok
1785385637.464168000,39,ok
1785385637.483085000,41,ok
1785385637.484188000,35,ok
1785385637.486216000,40,ok
1785385637.489475000,47,ok
1785385637.483319000,32,ok
1785385637.502558000,33,ok
1785385637.500382000,35,ok
1785385637.498261000,36,ok
1785385637.498805000,42,ok
1785385637.533110000,32,ok
1785385637.540107000,35,ok
1785385637.545953000,35,ok
1785385637.531272000,30,ok
1785385637.536514000,36,ok
1785385637.575237000,38,ok
1785385637.564923000,44,ok
1785385637.568828000,36,ok
1785385637.577308000,29,ok
1785385637.576329000,38,ok
1785385637.598417000,30,ok
1785385637.572647000,47,ok
1785385637.601969000,36,ok
1785385637.597162000,38,ok
1785385637.597493000,41,ok
1785385637.617261000,36,ok
1785385637.643062000,38,ok
1785385637.633627000,37,ok
1785385637.647607000,34,ok
1785385637.654912000,42,ok
1785385637.647979000,43,ok
1785385637.684104000,39,ok
1785385637.678184000,36,ok
1785385637.676942000,38,ok
1785385637.676454000,38,ok
1785385637.678789000,40,ok
1785385637.689598000,36,ok
1785385637.690543000,43,ok
1785385637.706060000,56,ok
1785385637.686400000,41,ok
1785385637.700174000,47,ok
1785385637.726626000,35,ok
1785385637.724142000,34,ok
1785385637.728630000,35,ok
1785385637.742242000,37,ok
1785385637.750282000,31,ok
1785385637.754055000,32,ok
1785385637.770898000,39,ok
1785385637.765090000,38,ok
1785385637.777029000,34,ok
1785385637.791216000,36,ok
1785385637.784455000,37,ok
1785385637.789494000,37,ok
1785385637.796619000,39,ok
1785385637.796358000,36,ok
1785385637.814331000,40,ok
1785385637.825998000,34,ok
1785385637.795572000,36,ok
1785385637.826476000,41,ok
1785385637.829046000,29,ok
1785385637.847691000,37,ok
1785385637.845547000,38,ok
1785385637.873874000,37,ok
1785385637.869815000,32,ok
1785385637.873645000,30,ok
1785385637.868645000,46,ok
1785385637.870725000,49,ok
1785385637.891117000,47,ok
1785385637.901096000,28,ok
1785385637.897775000,39,ok
1785385637.912293000,28,ok
1785385637.910036000,27,ok
1785385637.918530000,32,ok
1785385637.904888000,37,ok
1785385637.945425000,46,ok
1785385637.933078000,40,ok
1785385637.956926000,35,ok
1785385637.953270000,38,ok
1785385637.958645000,37,ok
1785385637.964889000,36,ok
1785385638.005971000,30,ok
1785385637.991004000,40,ok
1785385637.986099000,41,ok
1785385637.987573000,34,ok
1785385637.981625000,46,ok
1785385637.990403000,39,ok
1785385637.990167000,45,ok
1785385638.007416000,37,ok
1785385638.006422000,32,ok
1785385638.008388000,35,ok
1785385638.036917000,41,ok
1785385638.033225000,38,ok
1785385638.054495000,44,ok
1785385638.063360000,44,ok
1785385638.057341000,36,ok
1785385638.096054000,41,ok
1785385638.085480000,39,ok
1785385638.078012000,33,ok
1785385638.096162000,42,ok
1785385638.099230000,42,ok
1785385638.079429000,43,ok
1785385638.094462000,42,ok
1785385638.114839000,28,ok
1785385638.107824000,39,ok
1785385638.112795000,38,ok
1785385638.144653000,40,ok
1785385638.142227000,32,ok
1785385638.140658000,38,ok
1785385638.143889000,36,ok
1785385638.163694000,36,ok
1785385638.171194000,36,ok
1785385638.183207000,36,ok
1785385638.187874000,35,ok
1785385638.191279000,46,ok
1785385638.185271000,43,ok
1785385638.188345000,34,ok
1785385638.202096000,45,ok
1785385638.186867000,39,ok
1785385638.208680000,46,ok
1785385638.203942000,37,ok
1785385638.253640000,56,ok
1785385638.262881000,41,ok
1785385638.243407000,52,ok
1785385638.288080000,56,ok
1785385638.246282000,50,ok
1785385638.282169000,67,ok
1785385638.296947000,67,ok
1785385638.310945000,47,ok
1785385638.325838000,30,ok
1785385638.316571000,63,ok
1785385638.319376000,40,ok
1785385638.330416000,50,ok
1785385638.335568000,46,ok
1785385638.348576000,45,ok
1785385638.335444000,43,ok
1785385638.359541000,36,ok
1785385638.367501000,28,ok
1785385638.358131000,44,ok
1785385638.397913000,40,ok
1785385638.370113000,43,ok
1785385638.412975000,41,ok
1785385638.414596000,40,ok
1785385638.392188000,43,ok
1785385638.402851000,43,ok
1785385638.423896000,32,ok
1785385638.397969000,40,ok
1785385638.420301000,55,ok
1785385638.440792000,49,ok
1785385638.455551000,46,ok
1785385638.447066000,40,ok
1785385638.465815000,36,ok
1785385638.468396000,34,ok
1785385638.465846000,46,ok
1785385638.463876000,46,ok
1785385638.497160000,33,ok
1785385638.525729000,55,ok
1785385638.504078000,32,ok
1785385638.545520000,57,ok
1785385638.542976000,56,ok
1785385638.534268000,53,ok
1785385638.544331000,60,ok
1785385638.539518000,69,ok
1785385638.525067000,68,ok
1785385638.573854000,46,ok
1785385638.591500000,42,ok
1785385638.572834000,39,ok
1785385638.592755000,46,ok
1785385638.591822000,38,ok
1785385638.631035000,45,ok
1785385638.625475000,59,ok
1785385638.624521000,62,ok
1785385638.656658000,48,ok
1785385638.653274000,52,ok
1785385638.631907000,45,ok
1785385638.665126000,53,ok
1785385638.645229000,45,ok
1785385638.672720000,44,ok
1785385638.663871000,44,ok
1785385638.695117000,41,ok
1785385638.688081000,34,ok
1785385638.670798000,37,ok
1785385638.701095000,41,ok
1785385638.701302000,41,ok
1785385638.724153000,34,ok
1785385638.739128000,51,ok
1785385638.736746000,35,ok
1785385638.762574000,33,ok
1785385638.762482000,33,ok
1785385638.762992000,44,ok
1785385638.768059000,53,ok
1785385638.756494000,53,ok
1785385638.762840000,39,ok
1785385638.785070000,37,ok
1785385638.767927000,38,ok
1785385638.778205000,42,ok
1785385638.788314000,40,ok
1785385638.809563000,34,ok
1785385638.822201000,40,ok
1785385638.817217000,52,ok
1785385638.845581000,46,ok
1785385638.867264000,44,ok
1785385638.849137000,41,ok
1785385638.859994000,58,ok
1785385638.875818000,48,ok
1785385638.884682000,46,ok
1785385638.887544000,49,ok
1785385638.892741000,39,ok
1785385638.891095000,49,ok
1785385638.899337000,59,ok
1785385638.886891000,41,ok
1785385638.891783000,53,ok
1785385638.908916000,41,ok
1785385638.914695000,35,ok
1785385638.944142000,40,ok
1785385638.952713000,47,ok
1785385638.961949000,39,ok
1785385638.981578000,36,ok
1785385638.958703000,41,ok
1785385638.990610000,35,ok
1785385638.988038000,40,ok
1785385638.961029000,38,ok
1785385638.990405000,36,ok
1785385638.995638000,47,ok
1785385638.987939000,57,ok
1785385638.998529000,41,ok
1785385638.993385000,34,ok
1785385639.008939000,42,ok
1785385639.012350000,45,ok
1785385639.025700000,44,ok
1785385639.040345000,33,ok
1785385639.085739000,45,ok
1785385639.070596000,40,ok
1785385639.070579000,40,ok
1785385639.068535000,51,ok
1785385639.085994000,44,ok
1785385639.098029000,48,ok
1785385639.075912000,47,ok
1785385639.086551000,43,ok
1785385639.095538000,30,ok
1785385639.093058000,43,ok
1785385639.102981000,41,ok
1785385639.125752000,46,ok
1785385639.135337000,47,ok
1785385639.121085000,31,ok
1785385639.149908000,43,ok
1785385639.190537000,39,ok
1785385639.188548000,40,ok
1785385639.176479000,53,ok
1785385639.187664000,44,ok
1785385639.195016000,56,ok
1785385639.194978000,55,ok
1785385639.192636000,45,ok
1785385639.191604000,37,ok
1785385639.190440000,38,ok
1785385639.221150000,45,ok
1785385639.208319000,36,ok
1785385639.229493000,46,ok
1785385639.238264000,42,ok
1785385639.238080000,34,ok
1785385639.242465000,42,ok
1785385639.267971000,46,ok
1785385639.280813000,39,ok
1785385639.296179000,30,ok
1785385639.304246000,58,ok
1785385639.291507000,42,ok
1785385639.281079000,37,ok
1785385639.304820000,46,ok
1785385639.296326000,41,ok
1785385639.305033000,51,ok
1785385639.301121000,48,ok
1785385639.340487000,50,ok
1785385639.354865000,49,ok
1785385639.339406000,48,ok
1785385639.350805000,57,ok
1785385639.352365000,33,ok
1785385639.365277000,46,ok
1785385639.369907000,44,ok
1785385639.379263000,34,ok
1785385639.407525000,38,ok
1785385639.385639000,37,ok
1785385639.416739000,37,ok
1785385639.420268000,44,ok
1785385639.410681000,43,ok
1785385639.420158000,40,ok
1785385639.440441000,56,ok
1785385639.461807000,37,ok
1785385639.431600000,50,ok
1785385639.465158000,39,ok
1785385639.467633000,37,ok
1785385639.468903000,51,ok
1785385639.477592000,39,ok
1785385639.462149000,43,ok
1785385639.487876000,56,ok
1785385639.484147000,44,ok
1785385639.509693000,33,ok
1785385639.514956000,32,ok
1785385639.519446000,54,ok
1785385639.518176000,32,ok
1785385639.545308000,41,ok
1785385639.545243000,49,ok
1785385639.554732000,52,ok
1785385639.555062000,45,ok
1785385639.569956000,39,ok
1785385639.570309000,33,ok
1785385639.593258000,58,ok
1785385639.587287000,43,ok
1785385639.584590000,54,ok
1785385639.589176000,46,ok
1785385639.617934000,32,ok
1785385639.601349000,37,ok
1785385639.611421000,48,ok
1785385639.615363000,50,ok
1785385639.629136000,29,ok
1785385639.660113000,36,ok
1785385639.653431000,47,ok
1785385639.660699000,34,ok
1785385639.661051000,42,ok
1785385639.664027000,42,ok
1785385639.659368000,47,ok
1785385639.661878000,30,ok
1785385639.712239000,51,ok
1785385639.707627000,39,ok
1785385639.718410000,40,ok
1785385639.702595000,27,ok
1785385639.700405000,38,ok
1785385639.715648000,50,ok
1785385639.718746000,38,ok
1785385639.724200000,44,ok
1785385639.742016000,42,ok
1785385639.747728000,37,ok
1785385639.760785000,42,ok
1785385639.771242000,52,ok
1785385639.763077000,46,ok
1785385639.778783000,44,ok
1785385639.772384000,50,ok
1785385639.778035000,36,ok
1785385639.818786000,36,ok
1785385639.818446000,29,ok
1785385639.817724000,34,ok
1785385639.826981000,37,ok
1785385639.821506000,35,ok
1785385639.827159000,43,ok
1785385639.834847000,45,ok
1785385639.821452000,46,ok
1785385639.848656000,30,ok
1785385639.857584000,34,ok
1785385639.875513000,32,ok
1785385639.860762000,32,ok
1785385639.870444000,45,ok
1785385639.882941000,42,ok
1785385639.881573000,34,ok
1785385639.885099000,41,ok
1785385639.927333000,41,ok
1785385639.934125000,47,ok
1785385639.934646000,41,ok
1785385639.933200000,43,ok
1785385639.930647000,38,ok
1785385639.930238000,45,ok
1785385639.930007000,44,ok
1785385639.950312000,37,ok
1785385639.964751000,43,ok
1785385639.965160000,37,ok
1785385639.954410000,53,ok
1785385639.987911000,44,ok
1785385639.987737000,31,ok
1785385639.989224000,46,ok
1785385640.003976000,43,ok
1785385640.040138000,40,ok
1785385640.040093000,46,ok
1785385640.012568000,49,ok
1785385640.038906000,38,ok
1785385640.046093000,44,ok
1785385640.052683000,44,ok
1785385640.056280000,42,ok
1785385640.086033000,59,ok
1785385640.064557000,57,ok
1785385640.075844000,55,ok
1785385640.092589000,29,ok
1785385640.080256000,35,ok
1785385640.058860000,41,ok
1785385640.121039000,34,ok
1785385640.119391000,38,ok
1785385640.126076000,42,ok
1785385640.130766000,35,ok
1785385640.144260000,41,ok
1785385640.147227000,51,ok
1785385640.146308000,40,ok
1785385640.162048000,36,ok
1785385640.179840000,38,ok
1785385640.188495000,37,ok
1785385640.185439000,40,ok
1785385640.178243000,40,ok
1785385640.184496000,48,ok
1785385640.199343000,45,ok
1785385640.200150000,38,ok
1785385640.195952000,42,ok
1785385640.221484000,24,ok
1785385640.237624000,44,ok
1785385640.238748000,41,ok
1785385640.236058000,42,ok
1785385640.248542000,43,ok
1785385640.232241000,46,ok
1785385640.245253000,43,ok
1785385640.288703000,37,ok
1785385640.276204000,37,ok
1785385640.293210000,36,ok
1785385640.307343000,37,ok
1785385640.286337000,51,ok
1785385640.311757000,54,ok
1785385640.305377000,40,ok
1785385640.316227000,35,ok
1785385640.318787000,39,ok
1785385640.328825000,42,ok
1785385640.340742000,44,ok
1785385640.346457000,40,ok
1785385640.339698000,54,ok
1785385640.371336000,51,ok
1785385640.368885000,44,ok
1785385640.370810000,38,ok
1785385640.380377000,31,ok
1785385640.390601000,35,ok
1785385640.389574000,43,ok
1785385640.426668000,42,ok
1785385640.428435000,56,ok
1785385640.434844000,40,ok
1785385640.436863000,42,ok
1785385640.426219000,40,ok
1785385640.423082000,43,ok
1785385640.438440000,45,ok
1785385640.464050000,45,ok
1785385640.481197000,41,ok
1785385640.464258000,41,ok
1785385640.482636000,40,ok
1785385640.482377000,42,ok
1785385640.495842000,43,ok
1785385640.481103000,39,ok
1785385640.497806000,43,ok
1785385640.522679000,32,ok
1785385640.535912000,32,ok
1785385640.523289000,45,ok
1785385640.542016000,36,ok
1785385640.558562000,52,ok
1785385640.549837000,50,ok
1785385640.556113000,50,ok
1785385640.572223000,37,ok
1785385640.581665000,43,ok
1785385640.578325000,56,ok
1785385640.589332000,50,ok
1785385640.594640000,38,ok
1785385640.592072000,32,ok
1785385640.619259000,47,ok
1785385640.621144000,52,ok
1785385640.641399000,44,ok
1785385640.637920000,36,ok
1785385640.634965000,56,ok
1785385640.659386000,31,ok
1785385640.658776000,41,ok
1785385640.667873000,38,ok
1785385640.670678000,39,ok
1785385640.664775000,48,ok
1785385640.688920000,42,ok
1785385640.678481000,40,ok
1785385640.705577000,42,ok
1785385640.695682000,40,ok
1785385640.697297000,27,ok
1785385640.721320000,50,ok
1785385640.735818000,37,ok
1785385640.718270000,30,ok
1785385640.736316000,41,ok
1785385640.742317000,37,ok
1785385640.736827000,35,ok
1785385640.765258000,33,ok
1785385640.768993000,40,ok
1785385640.761401000,40,ok
1785385640.781935000,33,ok
1785385640.776579000,39,ok
1785385640.780371000,42,ok
1785385640.804434000,56,ok
1785385640.797943000,38,ok
1785385640.812500000,46,ok
1785385640.826748000,37,ok
1785385640.845669000,49,ok
1785385640.820633000,48,ok
1785385640.862104000,42,ok
1785385640.853986000,41,ok
1785385640.871098000,34,ok
1785385640.873523000,51,ok
1785385640.851974000,45,ok
1785385640.871712000,42,ok
1785385640.871465000,45,ok
1785385640.901277000,45,ok
1785385640.903572000,40,ok
1785385640.904671000,41,ok
1785385640.898023000,28,ok
1785385640.918554000,33,ok
1785385640.941188000,36,ok
1785385640.942952000,35,ok
1785385640.927147000,42,ok
1785385640.933596000,38,ok
1785385640.969030000,48,ok
1785385640.958074000,43,ok
1785385640.973524000,36,ok
1785385640.969990000,41,ok
1785385640.981037000,41,ok
1785385640.982491000,45,ok
1785385640.985456000,53,ok
1785385641.011923000,35,ok
1785385641.022243000,44,ok
1785385641.012249000,32,ok
1785385641.015001000,30,ok
1785385641.019627000,35,ok
1785385641.034229000,31,ok
1785385641.043869000,31,ok
1785385641.053107000,60,ok
1785385641.070260000,40,ok
1785385641.050435000,34,ok
1785385641.062842000,44,ok
1785385641.063634000,44,ok
1785385641.080873000,50,ok
1785385641.103750000,42,ok
1785385641.095029000,37,ok
1785385641.085400000,35,ok
1785385641.121082000,33,ok
1785385641.118946000,34,ok
1785385641.107165000,34,ok
1785385641.121342000,34,ok
1785385641.144358000,51,ok
1785385641.145014000,36,ok
1785385641.165144000,33,ok
1785385641.142056000,43,ok
1785385641.137747000,39,ok
1785385641.184458000,48,ok
1785385641.181082000,49,ok
1785385641.187563000,49,ok
1785385641.193794000,50,ok
1785385641.191100000,36,ok
1785385641.199218000,41,ok
1785385641.193380000,44,ok
1785385641.232116000,29,ok
1785385641.232038000,52,ok
1785385641.239768000,39,ok
1785385641.237720000,34,ok
1785385641.243992000,37,ok
1785385641.221538000,35,ok
1785385641.248182000,43,ok
1785385641.252554000,37,ok
1785385641.290217000,34,ok
1785385641.280497000,52,ok
1785385641.275322000,36,ok
1785385641.301659000,40,ok
1785385641.297272000,40,ok
1785385641.308905000,50,ok
1785385641.328160000,53,ok
1785385641.309288000,47,ok
1785385641.339338000,44,ok
1785385641.337834000,40,ok
1785385641.350871000,35,ok
1785385641.344810000,38,ok
1785385641.350809000,41,ok
1785385641.360547000,44,ok
1785385641.346061000,43,ok
1785385641.338747000,44,ok
1785385641.408163000,40,ok
1785385641.394226000,46,ok
1785385641.398279000,31,ok
1785385641.409517000,40,ok
1785385641.402762000,51,ok
1785385641.413583000,33,ok
1785385641.431606000,39,ok
1785385641.453267000,39,ok
1785385641.462931000,43,ok
1785385641.454014000,40,ok
1785385641.444247000,38,ok
1785385641.455079000,50,ok
1785385641.475029000,58,ok
1785385641.479071000,51,ok
1785385641.481302000,47,ok
1785385641.472504000,49,ok
1785385641.531949000,45,ok
1785385641.547718000,50,ok
1785385641.535273000,50,ok
1785385641.547537000,62,ok
1785385641.541631000,46,ok
1785385641.529464000,45,ok
1785385641.548626000,50,ok
1785385641.571920000,50,ok
1785385641.576357000,41,ok
1785385641.564505000,45,ok
1785385641.594390000,53,ok
1785385641.618722000,42,ok
1785385641.595564000,27,ok
1785385641.624244000,58,ok
1785385641.591103000,54,ok
1785385641.613474000,54,ok
1785385641.658472000,40,ok
1785385641.663778000,39,ok
1785385641.655982000,32,ok
1785385641.664133000,35,ok
1785385641.631422000,42,ok
1785385641.684326000,46,ok
1785385641.671590000,39,ok
1785385641.687708000,41,ok
1785385641.688497000,43,ok
1785385641.691394000,40,ok
1785385641.742212000,42,ok
1785385641.734431000,44,ok
1785385641.738214000,42,ok
1785385641.715531000,34,ok
1785385641.742482000,41,ok
1785385641.749096000,44,ok
1785385641.776694000,53,ok
1785385641.780964000,31,ok
1785385641.769843000,39,ok
1785385641.792937000,53,ok
1785385641.802479000,44,ok
1785385641.789090000,39,ok
1785385641.788464000,49,ok
1785385641.785422000,43,ok
1785385641.823321000,46,ok
1785385641.820228000,34,ok
1785385641.849328000,44,ok
1785385641.848081000,47,ok
1785385641.851226000,46,ok
1785385641.853618000,45,ok
1785385641.848770000,38,ok
1785385641.854247000,49,ok
1785385641.869718000,40,ok
1785385641.891518000,41,ok
1785385641.889477000,38,ok
1785385641.896131000,37,ok
1785385641.889241000,33,ok
1785385641.918358000,45,ok
1785385641.920688000,34,ok
1785385641.911702000,48,ok
1785385641.919469000,41,ok
1785385641.920354000,50,ok
1785385641.930979000,35,ok
1785385641.949506000,30,ok
1785385641.951428000,38,ok
1785385641.958188000,32,ok
1785385641.956989000,40,ok
1785385642.000755000,38,ok
1785385641.998231000,34,ok
1785385642.008397000,41,ok
1785385641.984500000,44,ok
1785385642.007903000,34,ok
1785385642.014512000,36,ok
1785385641.992268000,46,ok
1785385642.032643000,53,ok
1785385642.020000000,37,ok
1785385642.029552000,49,ok
1785385642.045413000,50,ok
1785385642.052306000,79,ok
1785385642.058786000,62,ok
1785385642.073706000,37,ok
1785385642.073578000,51,ok
1785385642.077050000,43,ok
1785385642.092619000,32,ok
1785385642.100025000,35,ok
1785385642.112361000,39,ok
1785385642.128987000,40,ok
1785385642.117515000,40,ok
1785385642.110083000,36,ok
1785385642.129203000,27,ok
1785385642.129399000,40,ok
1785385642.125752000,44,ok
1785385642.137815000,49,ok
1785385642.143065000,28,ok
1785385642.139467000,32,ok
1785385642.147671000,38,ok
1785385642.179851000,41,ok
1785385642.178778000,36,ok
1785385642.175317000,32,ok
1785385642.199805000,39,ok
1785385642.194482000,37,ok
1785385642.206819000,31,ok
1785385642.226596000,36,ok
1785385642.223686000,41,ok
1785385642.234570000,35,ok
1785385642.242246000,56,ok
1785385642.236521000,43,ok
1785385642.243683000,47,ok
1785385642.237450000,45,ok
1785385642.232496000,46,ok
1785385642.258632000,52,ok
1785385642.274682000,50,ok
1785385642.284417000,37,ok
1785385642.292859000,45,ok
1785385642.323889000,56,ok
1785385642.306793000,29,ok
1785385642.307853000,35,ok
1785385642.341849000,53,ok
1785385642.352989000,43,ok
1785385642.348473000,46,ok
1785385642.364792000,45,ok
1785385642.357758000,47,ok
1785385642.347240000,65,ok
1785385642.349911000,31,ok
1785385642.381778000,60,ok
1785385642.377674000,55,ok
1785385642.363231000,45,ok
1785385642.390392000,55,ok
1785385642.420124000,45,ok
1785385642.402971000,43,ok
1785385642.447079000,48,ok
1785385642.459552000,50,ok
1785385642.447858000,32,ok
1785385642.473510000,66,ok
1785385642.502604000,49,ok
1785385642.511546000,59,ok
1785385642.512668000,53,ok
1785385642.507770000,51,ok
1785385642.510968000,48,ok
1785385642.527832000,60,ok
1785385642.521221000,52,ok
1785385642.515488000,62,ok
1785385642.556795000,47,ok
1785385642.553328000,45,ok
1785385642.536260000,71,ok
1785385642.556634000,45,ok
1785385642.572909000,37,ok
1785385642.587037000,40,ok
1785385642.625360000,40,ok
1785385642.621592000,44,ok
1785385642.627686000,43,ok
1785385642.634076000,40,ok
1785385642.643408000,50,ok
1785385642.642032000,44,ok
1785385642.644909000,51,ok
1785385642.651336000,30,ok
1785385642.657763000,55,ok
1785385642.659011000,34,ok
1785385642.658428000,48,ok
1785385642.657597000,35,ok
1785385642.674686000,36,ok
1785385642.677354000,32,ok
1785385642.684707000,32,ok
1785385642.703648000,33,ok
1785385642.721391000,32,ok
1785385642.730208000,40,ok
1785385642.731341000,28,ok
1785385642.733214000,32,ok
1785385642.726104000,43,ok
1785385642.764486000,38,ok
1785385642.730597000,36,ok
1785385642.753145000,38,ok
1785385642.759789000,27,ok
1785385642.749640000,40,ok
1785385642.766150000,43,ok
1785385642.776943000,27,ok
1785385642.761986000,40,ok
1785385642.786291000,30,ok
1785385642.788165000,49,ok
1785385642.825421000,36,ok
1785385642.821688000,37,ok
1785385642.823303000,45,ok
1785385642.828487000,36,ok
1785385642.822449000,31,ok
1785385642.846389000,35,ok
1785385642.840602000,38,ok
1785385642.853447000,46,ok
1785385642.855285000,38,ok
1785385642.848210000,47,ok
1785385642.858242000,37,ok
1785385642.860033000,36,ok
1785385642.876911000,33,ok
1785385642.876541000,50,ok
1785385642.887912000,39,ok
1785385642.885976000,30,ok
1785385642.918246000,33,ok
1785385642.926000000,37,ok
1785385642.919135000,33,ok
1785385642.932740000,33,ok
1785385642.922442000,34,ok
1785385642.927641000,29,ok
1785385642.918670000,36,ok
1785385642.936241000,39,ok
1785385642.940120000,31,ok
1785385642.957639000,41,ok
1785385642.971072000,39,ok
1785385642.966893000,39,ok
1785385642.958421000,26,ok
1785385642.970626000,35,ok
1785385642.989313000,34,ok
1785385642.992469000,47,ok
1785385643.007698000,32,ok
1785385643.008862000,36,ok
1785385643.012537000,26,ok
1785385643.027809000,39,ok
1785385643.021511000,41,ok
1785385643.029321000,32,ok
1785385643.019695000,44,ok
1785385643.037318000,29,ok
