ts,ms,status
1785385722.781883000,93,ok
1785385722.789903000,116,ok
1785385722.797673000,120,ok
1785385722.799607000,101,ok
1785385722.787993000,113,ok
1785385722.793630000,120,ok
1785385722.785586000,116,ok
1785385722.781448000,108,ok
1785385722.805069000,123,ok
1785385722.803734000,98,ok
1785385722.806645000,134,ok
1785385722.792454000,111,ok
1785385722.805821000,117,ok
1785385722.806200000,137,ok
1785385722.800377000,128,ok
1785385722.814259000,115,ok
1785385722.934035000,90,ok
1785385722.934048000,90,ok
1785385722.961104000,99,ok
1785385722.952005000,90,ok
1785385722.957611000,106,ok
1785385722.970123000,90,ok
1785385722.967583000,110,ok
1785385722.963884000,118,ok
1785385722.971184000,92,ok
1785385722.969432000,99,ok
1785385722.970141000,99,ok
1785385722.964664000,92,ok
1785385722.974452000,94,ok
1785385722.974534000,104,ok
1785385722.963940000,107,ok
1785385722.980809000,102,ok
1785385723.038513000,86,ok
1785385723.039361000,87,ok
1785385723.079349000,80,ok
1785385723.086295000,82,ok
1785385723.086280000,80,ok
1785385723.088731000,81,ok
1785385723.092592000,82,ok
1785385723.095026000,91,ok
1785385723.096806000,85,ok
1785385723.102734000,88,ok
1785385723.104808000,91,ok
1785385723.114663000,97,ok
1785385723.114924000,94,ok
1785385723.117799000,79,ok
1785385723.116958000,92,ok
1785385723.113867000,94,ok
1785385723.144128000,85,ok
1785385723.149288000,90,ok
1785385723.192839000,89,ok
1785385723.206718000,79,ok
1785385723.210220000,86,ok
1785385723.214246000,76,ok
1785385723.225595000,86,ok
1785385723.244662000,90,ok
1785385723.232078000,83,ok
1785385723.255676000,84,ok
1785385723.252894000,94,ok
1785385723.254696000,96,ok
1785385723.250987000,91,ok
1785385723.242649000,85,ok
1785385723.260633000,95,ok
1785385723.267458000,83,ok
1785385723.269873000,89,ok
1785385723.262639000,94,ok
1785385723.311210000,96,ok
1785385723.321156000,90,ok
1785385723.344119000,87,ok
1785385723.355303000,85,ok
1785385723.370780000,84,ok
1785385723.380768000,87,ok
1785385723.379047000,84,ok
1785385723.399339000,88,ok
1785385723.397286000,91,ok
1785385723.390036000,86,ok
1785385723.401097000,96,ok
1785385723.384578000,94,ok
1785385723.403505000,87,ok
1785385723.403265000,96,ok
1785385723.409706000,84,ok
1785385723.409438000,84,ok
1785385723.433522000,88,ok
1785385723.426945000,84,ok
1785385723.443711000,82,ok
1785385723.471394000,99,ok
1785385723.488727000,89,ok
1785385723.518254000,78,ok
1785385723.528163000,84,ok
1785385723.531124000,83,ok
1785385723.532236000,83,ok
1785385723.541407000,87,ok
1785385723.540868000,83,ok
1785385723.544165000,92,ok
1785385723.555731000,95,ok
1785385723.555465000,84,ok
1785385723.568814000,79,ok
1785385723.556055000,82,ok
1785385723.557512000,106,ok
1785385723.571662000,83,ok
1785385723.568173000,82,ok
1785385723.582946000,78,ok
1785385723.589616000,80,ok
1785385723.619572000,83,ok
1785385723.632152000,81,ok
1785385723.640041000,77,ok
1785385723.640115000,80,ok
1785385723.661768000,86,ok
1785385723.665494000,83,ok
1785385723.666957000,78,ok
1785385723.681022000,83,ok
1785385723.682936000,76,ok
1785385723.685682000,81,ok
1785385723.691798000,80,ok
1785385723.696414000,81,ok
1785385723.695252000,79,ok
1785385723.702323000,83,ok
1785385723.703501000,81,ok
1785385723.703874000,82,ok
1785385723.724909000,80,ok
1785385723.736328000,79,ok
1785385723.727312000,76,ok
1785385723.736898000,78,ok
1785385723.761815000,82,ok
1785385723.764063000,81,ok
1785385723.764448000,79,ok
1785385723.793197000,78,ok
1785385723.792566000,78,ok
1785385723.801419000,84,ok
1785385723.806581000,86,ok
1785385723.806267000,82,ok
1785385723.812359000,90,ok
1785385723.819172000,85,ok
1785385723.828419000,86,ok
1785385723.814895000,82,ok
1785385723.841451000,79,ok
1785385723.846654000,82,ok
1785385723.851577000,84,ok
1785385723.852424000,82,ok
1785385723.868724000,85,ok
1785385723.870480000,80,ok
1785385723.869585000,82,ok
1785385723.901507000,83,ok
1785385723.902581000,86,ok
1785385723.905890000,78,ok
1785385723.922636000,82,ok
1785385723.928275000,76,ok
1785385723.924905000,87,ok
1785385723.928627000,81,ok
1785385723.936903000,82,ok
1785385723.946330000,85,ok
1785385723.959119000,80,ok
1785385723.955225000,79,ok
1785385723.966777000,79,ok
1785385723.968170000,80,ok
1785385723.981246000,78,ok
1785385723.980753000,79,ok
1785385723.981793000,84,ok
1785385724.018157000,94,ok
1785385724.019734000,96,ok
1785385724.019822000,91,ok
1785385724.030338000,82,ok
1785385724.030588000,84,ok
1785385724.031224000,84,ok
1785385724.036423000,77,ok
1785385724.039348000,76,ok
1785385724.045514000,77,ok
1785385724.075128000,84,ok
1785385724.077729000,91,ok
1785385724.080745000,87,ok
1785385724.082837000,80,ok
1785385724.077441000,97,ok
1785385724.083826000,79,ok
1785385724.083353000,80,ok
1785385724.118747000,79,ok
1785385724.118754000,77,ok
1785385724.119906000,81,ok
1785385724.135168000,79,ok
1785385724.138584000,76,ok
1785385724.139559000,75,ok
1785385724.141498000,80,ok
1785385724.143225000,77,ok
1785385724.139658000,80,ok
1785385724.176086000,76,ok
1785385724.184717000,84,ok
1785385724.187889000,86,ok
1785385724.186334000,85,ok
1785385724.189465000,85,ok
1785385724.189765000,86,ok
1785385724.188476000,86,ok
1785385724.225095000,81,ok
1785385724.224782000,83,ok
1785385724.225076000,82,ok
1785385724.241866000,78,ok
1785385724.243935000,80,ok
1785385724.250068000,84,ok
1785385724.253056000,84,ok
1785385724.251974000,84,ok
1785385724.255036000,86,ok
1785385724.286917000,80,ok
1785385724.289053000,82,ok
1785385724.290201000,80,ok
1785385724.288820000,80,ok
1785385724.290085000,79,ok
1785385724.291203000,80,ok
1785385724.295866000,85,ok
1785385724.326033000,82,ok
1785385724.327352000,84,ok
1785385724.326768000,83,ok
1785385724.346259000,79,ok
1785385724.346725000,81,ok
1785385724.348448000,77,ok
1785385724.351583000,77,ok
1785385724.353101000,79,ok
1785385724.354901000,78,ok
1785385724.390808000,77,ok
1785385724.393808000,75,ok
1785385724.392687000,77,ok
1785385724.392753000,77,ok
1785385724.397801000,80,ok
1785385724.398404000,82,ok
1785385724.399171000,82,ok
1785385724.426141000,81,ok
1785385724.425211000,79,ok
1785385724.424977000,77,ok
1785385724.443941000,73,ok
1785385724.444324000,72,ok
1785385724.446533000,73,ok
1785385724.446499000,73,ok
1785385724.452124000,76,ok
1785385724.452343000,77,ok
1785385724.491653000,77,ok
1785385724.491768000,77,ok
1785385724.491677000,76,ok
1785385724.492093000,77,ok
1785385724.491925000,79,ok
1785385724.500742000,79,ok
1785385724.502655000,82,ok
1785385724.527082000,80,ok
1785385724.527843000,80,ok
1785385724.527444000,80,ok
1785385724.546796000,73,ok
1785385724.544166000,76,ok
1785385724.542714000,72,ok
1785385724.545358000,74,ok
1785385724.548325000,77,ok
1785385724.549623000,76,ok
1785385724.587754000,76,ok
1785385724.592815000,80,ok
1785385724.594370000,81,ok
1785385724.594329000,79,ok
1785385724.597476000,83,ok
1785385724.601956000,78,ok
1785385724.603739000,83,ok
1785385724.631767000,82,ok
1785385724.635435000,82,ok
1785385724.635841000,82,ok
1785385724.653453000,84,ok
1785385724.652620000,83,ok
1785385724.653122000,79,ok
1785385724.654069000,82,ok
1785385724.654591000,81,ok
1785385724.655461000,82,ok
1785385724.687419000,77,ok
1785385724.695639000,80,ok
1785385724.705183000,85,ok
1785385724.704892000,86,ok
1785385724.704562000,79,ok
1785385724.706199000,87,ok
1785385724.707407000,82,ok
1785385724.736007000,78,ok
1785385724.740542000,81,ok
1785385724.739984000,81,ok
1785385724.761453000,78,ok
1785385724.759312000,80,ok
1785385724.760776000,80,ok
1785385724.765330000,81,ok
1785385724.761752000,76,ok
1785385724.766045000,79,ok
1785385724.787700000,78,ok
1785385724.810866000,82,ok
1785385724.811954000,83,ok
1785385724.812812000,91,ok
1785385724.814648000,86,ok
1785385724.813530000,82,ok
1785385724.815149000,80,ok
1785385724.837753000,77,ok
1785385724.839746000,81,ok
1785385724.843844000,79,ok
1785385724.870997000,84,ok
1785385724.870603000,79,ok
1785385724.875628000,81,ok
1785385724.876769000,80,ok
1785385724.870412000,83,ok
1785385724.879711000,81,ok
1785385724.899710000,80,ok
1785385724.926907000,82,ok
1785385724.938536000,93,ok
1785385724.935826000,91,ok
1785385724.926589000,83,ok
1785385724.938506000,91,ok
1785385724.937928000,87,ok
1785385724.946020000,80,ok
1785385724.958516000,86,ok
1785385724.961376000,85,ok
1785385724.982656000,84,ok
1785385724.993178000,87,ok
1785385724.993201000,81,ok
1785385724.994626000,92,ok
1785385724.993458000,92,ok
1785385724.998593000,96,ok
1785385725.013399000,84,ok
1785385725.039677000,80,ok
1785385725.052963000,88,ok
1785385725.054686000,88,ok
1785385725.055818000,90,ok
1785385725.055843000,84,ok
1785385725.055855000,85,ok
1785385725.061356000,82,ok
1785385725.077992000,81,ok
1785385725.081582000,81,ok
1785385725.100231000,77,ok
1785385725.107500000,80,ok
1785385725.105197000,80,ok
1785385725.103066000,78,ok
1785385725.107870000,84,ok
1785385725.110999000,80,ok
1785385725.117880000,75,ok
1785385725.140735000,78,ok
1785385725.154515000,76,ok
1785385725.154626000,80,ok
1785385725.161840000,80,ok
1785385725.163509000,83,ok
1785385725.165612000,75,ok
1785385725.163589000,80,ok
1785385725.179116000,77,ok
1785385725.182876000,76,ok
1785385725.204356000,73,ok
1785385725.203536000,77,ok
1785385725.206621000,74,ok
1785385725.208954000,77,ok
1785385725.213239000,78,ok
1785385725.215187000,75,ok
1785385725.213438000,78,ok
1785385725.236215000,77,ok
1785385725.255242000,79,ok
1785385725.257245000,80,ok
1785385725.261879000,75,ok
1785385725.264915000,76,ok
1785385725.265750000,80,ok
1785385725.267100000,78,ok
1785385725.283009000,79,ok
1785385725.284916000,80,ok
1785385725.309930000,80,ok
1785385725.310830000,75,ok
1785385725.313092000,76,ok
1785385725.311338000,82,ok
1785385725.316475000,79,ok
1785385725.315606000,78,ok
1785385725.314486000,74,ok
1785385725.335325000,77,ok
1785385725.360222000,82,ok
1785385725.361930000,81,ok
1785385725.368122000,78,ok
1785385725.366172000,78,ok
1785385725.366566000,81,ok
1785385725.370362000,80,ok
1785385725.387190000,81,ok
1785385725.386968000,80,ok
1785385725.411494000,76,ok
1785385725.415801000,77,ok
1785385725.414530000,76,ok
1785385725.423272000,83,ok
1785385725.423529000,82,ok
1785385725.414468000,77,ok
1785385725.423110000,84,ok
1785385725.436457000,79,ok
1785385725.464178000,75,ok
1785385725.464365000,82,ok
1785385725.478975000,85,ok
1785385725.482292000,90,ok
1785385725.480133000,88,ok
1785385725.481861000,90,ok
1785385725.491390000,77,ok
1785385725.491196000,77,ok
1785385725.518292000,80,ok
1785385725.521551000,74,ok
1785385725.520972000,77,ok
1785385725.523167000,76,ok
1785385725.533243000,83,ok
1785385725.536547000,85,ok
1785385725.538315000,86,ok
1785385725.541188000,83,ok
1785385725.568787000,79,ok
1785385725.571762000,77,ok
1785385725.583064000,78,ok
1785385725.584796000,80,ok
1785385725.585564000,79,ok
1785385725.588583000,83,ok
1785385725.587880000,76,ok
1785385725.592297000,76,ok
1785385725.617844000,76,ok
1785385725.623217000,77,ok
1785385725.623416000,77,ok
1785385725.626754000,79,ok
1785385725.631315000,73,ok
1785385725.638462000,78,ok
1785385725.637764000,77,ok
1785385725.638975000,74,ok
1785385725.666990000,76,ok
1785385725.667548000,78,ok
1785385725.683902000,76,ok
1785385725.684654000,77,ok
1785385725.688332000,77,ok
1785385725.692215000,82,ok
1785385725.692473000,83,ok
1785385725.692567000,79,ok
1785385725.723932000,77,ok
1785385725.722002000,79,ok
1785385725.731240000,84,ok
1785385725.736794000,87,ok
1785385725.736046000,82,ok
1785385725.737116000,76,ok
1785385725.737132000,75,ok
1785385725.737304000,76,ok
1785385725.768645000,83,ok
1785385725.770213000,85,ok
1785385725.786992000,78,ok
1785385725.789068000,79,ok
1785385725.791039000,78,ok
1785385725.791648000,79,ok
1785385725.794109000,77,ok
1785385725.795137000,80,ok
1785385725.833559000,79,ok
1785385725.833693000,81,ok
1785385725.834100000,75,ok
1785385725.839768000,78,ok
1785385725.838690000,77,ok
1785385725.838357000,78,ok
1785385725.842413000,81,ok
1785385725.843645000,80,ok
1785385725.871197000,79,ok
1785385725.872559000,82,ok
1785385725.884432000,73,ok
1785385725.891111000,77,ok
1785385725.890646000,76,ok
1785385725.895274000,81,ok
1785385725.896296000,79,ok
1785385725.895659000,79,ok
1785385725.933838000,76,ok
1785385725.934756000,75,ok
1785385725.934164000,78,ok
1785385725.937718000,76,ok
1785385725.938106000,76,ok
1785385725.941013000,79,ok
1785385725.939151000,74,ok
1785385725.943536000,78,ok
1785385725.973237000,78,ok
1785385725.973032000,81,ok
1785385725.984404000,75,ok
1785385725.988187000,71,ok
1785385725.991212000,74,ok
1785385725.996756000,77,ok
1785385725.996046000,77,ok
1785385725.999556000,80,ok
1785385726.036404000,78,ok
1785385726.038900000,80,ok
1785385726.039597000,77,ok
1785385726.040216000,77,ok
1785385726.038950000,80,ok
1785385726.046891000,83,ok
1785385726.045158000,81,ok
1785385726.048528000,82,ok
1785385726.075251000,83,ok
1785385726.075075000,82,ok
1785385726.083361000,77,ok
1785385726.092358000,75,ok
1785385726.095228000,74,ok
1785385726.096582000,78,ok
1785385726.100087000,79,ok
1785385726.100955000,78,ok
1785385726.139354000,74,ok
1785385726.142472000,76,ok
1785385726.144524000,75,ok
1785385726.143116000,75,ok
1785385726.151344000,80,ok
1785385726.153592000,84,ok
1785385726.154198000,82,ok
1785385726.158414000,79,ok
1785385726.188388000,80,ok
1785385726.183694000,81,ok
1785385726.185338000,82,ok
1785385726.194651000,75,ok
1785385726.189735000,74,ok
1785385726.193539000,75,ok
1785385726.195463000,74,ok
1785385726.198276000,75,ok
1785385726.239478000,77,ok
1785385726.241675000,76,ok
1785385726.247282000,77,ok
1785385726.245727000,77,ok
1785385726.250089000,77,ok
1785385726.259520000,83,ok
1785385726.261038000,78,ok
1785385726.260353000,84,ok
1785385726.292263000,79,ok
1785385726.300009000,85,ok
1785385726.292935000,81,ok
1785385726.302815000,84,ok
1785385726.300451000,82,ok
1785385726.301790000,83,ok
1785385726.304332000,80,ok
1785385726.303842000,83,ok
1785385726.349409000,78,ok
1785385726.353297000,82,ok
1785385726.351922000,88,ok
1785385726.352854000,86,ok
1785385726.354049000,83,ok
1785385726.366407000,81,ok
1785385726.368840000,82,ok
1785385726.367682000,84,ok
1785385726.403648000,77,ok
1785385726.403854000,74,ok
1785385726.407272000,78,ok
1785385726.416928000,86,ok
1785385726.420381000,88,ok
1785385726.421154000,89,ok
1785385726.421124000,91,ok
1785385726.421060000,89,ok
1785385726.452775000,80,ok
1785385726.462182000,82,ok
1785385726.472454000,78,ok
1785385726.469165000,90,ok
1785385726.466653000,84,ok
1785385726.466679000,83,ok
1785385726.475625000,79,ok
1785385726.472385000,78,ok
1785385726.508010000,80,ok
1785385726.509827000,81,ok
1785385726.523971000,86,ok
1785385726.524511000,80,ok
1785385726.529008000,79,ok
1785385726.531238000,81,ok
1785385726.529380000,77,ok
1785385726.535471000,85,ok
1785385726.558738000,77,ok
1785385726.563682000,73,ok
1785385726.577230000,78,ok
1785385726.578041000,81,ok
1785385726.580354000,83,ok
1785385726.580706000,81,ok
1785385726.580925000,82,ok
1785385726.582088000,86,ok
1785385726.601617000,76,ok
1785385726.612490000,79,ok
1785385726.623200000,71,ok
1785385726.623776000,75,ok
1785385726.626491000,72,ok
1785385726.626780000,78,ok
1785385726.632059000,77,ok
1785385726.629628000,75,ok
1785385726.654818000,76,ok
1785385726.658459000,75,ok
1785385726.673880000,73,ok
1785385726.676459000,74,ok
1785385726.678269000,77,ok
1785385726.680369000,75,ok
1785385726.682347000,77,ok
1785385726.683577000,78,ok
1785385726.699668000,77,ok
1785385726.710638000,77,ok
1785385726.720012000,75,ok
1785385726.722060000,73,ok
1785385726.724743000,78,ok
1785385726.729750000,78,ok
1785385726.727846000,79,ok
1785385726.730822000,75,ok
1785385726.753083000,79,ok
1785385726.755151000,79,ok
1785385726.771934000,75,ok
1785385726.771811000,74,ok
1785385726.779289000,75,ok
1785385726.781623000,76,ok
1785385726.782235000,80,ok
1785385726.782295000,80,ok
1785385726.795602000,75,ok
1785385726.811657000,77,ok
1785385726.818748000,75,ok
1785385726.828003000,76,ok
1785385726.827546000,80,ok
1785385726.829098000,83,ok
1785385726.829877000,77,ok
1785385726.830019000,76,ok
1785385726.852033000,80,ok
1785385726.856414000,81,ok
1785385726.877383000,81,ok
1785385726.877770000,80,ok
1785385726.879537000,77,ok
1785385726.881634000,77,ok
1785385726.881127000,74,ok
1785385726.886244000,80,ok
1785385726.897525000,79,ok
1785385726.921316000,79,ok
1785385726.923617000,75,ok
1785385726.938638000,81,ok
1785385726.938921000,81,ok
1785385726.938836000,81,ok
1785385726.939301000,82,ok
1785385726.939750000,83,ok
1785385726.961296000,79,ok
1785385726.964679000,82,ok
1785385726.985049000,78,ok
1785385726.985929000,75,ok
1785385726.985995000,83,ok
1785385726.985266000,82,ok
1785385726.987717000,82,ok
1785385726.987835000,84,ok
1785385726.994058000,77,ok
1785385727.017881000,76,ok
1785385727.017903000,78,ok
1785385727.043385000,83,ok
1785385727.046127000,86,ok
1785385727.048272000,86,ok
1785385727.045858000,84,ok
1785385727.050058000,88,ok
1785385727.064102000,77,ok
1785385727.067513000,76,ok
1785385727.088371000,74,ok
1785385727.095778000,78,ok
1785385727.102922000,83,ok
1785385727.104997000,87,ok
1785385727.106367000,87,ok
1785385727.105942000,89,ok
1785385727.105035000,83,ok
1785385727.114747000,76,ok
1785385727.115850000,76,ok
1785385727.146192000,77,ok
1785385727.146953000,81,ok
1785385727.146843000,76,ok
1785385727.145102000,78,ok
1785385727.147786000,84,ok
1785385727.164157000,76,ok
1785385727.162254000,77,ok
1785385727.195471000,80,ok
1785385727.206391000,75,ok
1785385727.206423000,80,ok
1785385727.206917000,75,ok
1785385727.213145000,79,ok
1785385727.216973000,79,ok
1785385727.222702000,86,ok
1785385727.230393000,78,ok
1785385727.231834000,82,ok
1785385727.255503000,80,ok
1785385727.256853000,81,ok
1785385727.260620000,73,ok
1785385727.261000000,80,ok
1785385727.260018000,83,ok
1785385727.260658000,84,ok
1785385727.266069000,75,ok
1785385727.291454000,76,ok
1785385727.309856000,78,ok
1785385727.309758000,80,ok
1785385727.309863000,81,ok
1785385727.319371000,78,ok
1785385727.320684000,78,ok
1785385727.332816000,78,ok
1785385727.330855000,78,ok
1785385727.337132000,78,ok
1785385727.354748000,74,ok
1785385727.363739000,77,ok
1785385727.365569000,78,ok
1785385727.367949000,78,ok
1785385727.369146000,81,ok
1785385727.368730000,82,ok
1785385727.369130000,81,ok
1785385727.389788000,76,ok
1785385727.407636000,77,ok
1785385727.412867000,78,ok
1785385727.412558000,80,ok
1785385727.415059000,73,ok
1785385727.417463000,75,ok
1785385727.431233000,74,ok
1785385727.433342000,78,ok
1785385727.446657000,87,ok
1785385727.453950000,75,ok
1785385727.467674000,75,ok
1785385727.469443000,80,ok
1785385727.468841000,77,ok
1785385727.473238000,78,ok
1785385727.474292000,77,ok
1785385727.474581000,79,ok
1785385727.489412000,76,ok
1785385727.513666000,78,ok
1785385727.513878000,80,ok
1785385727.516818000,86,ok
1785385727.513517000,79,ok
1785385727.517096000,77,ok
1785385727.532994000,76,ok
1785385727.533457000,78,ok
1785385727.542681000,77,ok
1785385727.552843000,79,ok
1785385727.570681000,77,ok
1785385727.572801000,78,ok
1785385727.576531000,78,ok
1785385727.576328000,81,ok
1785385727.578289000,79,ok
1785385727.576540000,80,ok
1785385727.595359000,78,ok
1785385727.613504000,76,ok
1785385727.619771000,76,ok
1785385727.619967000,79,ok
1785385727.619661000,77,ok
1785385727.622015000,80,ok
1785385727.637393000,77,ok
1785385727.638933000,81,ok
1785385727.638402000,73,ok
1785385727.652431000,79,ok
1785385727.666545000,72,ok
1785385727.669339000,72,ok
1785385727.680683000,80,ok
1785385727.682120000,81,ok
1785385727.680503000,81,ok
1785385727.681366000,79,ok
1785385727.693100000,75,ok
1785385727.710940000,74,ok
1785385727.719152000,78,ok
1785385727.719365000,73,ok
1785385727.718921000,78,ok
1785385727.719605000,78,ok
1785385727.737969000,77,ok
1785385727.734813000,76,ok
1785385727.737395000,76,ok
1785385727.747957000,76,ok
1785385727.765239000,77,ok
1785385727.767627000,75,ok
1785385727.786279000,82,ok
1785385727.787604000,84,ok
1785385727.786712000,83,ok
1785385727.787308000,84,ok
1785385727.787945000,76,ok
1785385727.817317000,79,ok
1785385727.828385000,84,ok
1785385727.827384000,85,ok
1785385727.826888000,84,ok
1785385727.829678000,85,ok
1785385727.844064000,79,ok
1785385727.844794000,80,ok
1785385727.847292000,83,ok
1785385727.848772000,78,ok
1785385727.866969000,80,ok
1785385727.867202000,75,ok
1785385727.887527000,78,ok
1785385727.889231000,78,ok
1785385727.891776000,82,ok
1785385727.893883000,83,ok
1785385727.892415000,84,ok
1785385727.920001000,77,ok
1785385727.934914000,81,ok
1785385727.935435000,81,ok
1785385727.935031000,80,ok
1785385727.936539000,81,ok
1785385727.952324000,82,ok
1785385727.955853000,79,ok
1785385727.960223000,86,ok
1785385727.962705000,82,ok
1785385727.974150000,79,ok
1785385727.974752000,79,ok
1785385727.986291000,74,ok
1785385727.986428000,73,ok
1785385727.988988000,75,ok
1785385727.992432000,78,ok
1785385727.994826000,80,ok
1785385728.016171000,78,ok
1785385728.030619000,77,ok
1785385728.034586000,79,ok
1785385728.035200000,79,ok
1785385728.034611000,79,ok
1785385728.048480000,75,ok
1785385728.055469000,76,ok
1785385728.060764000,78,ok
1785385728.072869000,79,ok
1785385728.078450000,77,ok
1785385728.080588000,74,ok
1785385728.096252000,80,ok
1785385728.097286000,78,ok
1785385728.097127000,80,ok
1785385728.101702000,81,ok
1785385728.100932000,80,ok
1785385728.119935000,80,ok
1785385728.142657000,84,ok
1785385728.142040000,84,ok
1785385728.142968000,85,ok
1785385728.142986000,82,ok
1785385728.154896000,78,ok
1785385728.159685000,79,ok
1785385728.162141000,80,ok
1785385728.179087000,80,ok
1785385728.187573000,79,ok
1785385728.189608000,84,ok
1785385728.204338000,83,ok
1785385728.204936000,79,ok
1785385728.207828000,82,ok
1785385728.205805000,83,ok
1785385728.206462000,83,ok
1785385728.222814000,80,ok
1785385728.249905000,84,ok
1785385728.253705000,87,ok
1785385728.253412000,87,ok
1785385728.255220000,82,ok
1785385728.265087000,82,ok
1785385728.267129000,81,ok
1785385728.272273000,79,ok
1785385728.293025000,79,ok
1785385728.302913000,79,ok
1785385728.301459000,82,ok
1785385728.323036000,88,ok
1785385728.311038000,78,ok
1785385728.324938000,85,ok
1785385728.327149000,93,ok
1785385728.328392000,94,ok
1785385728.331051000,77,ok
1785385728.353530000,79,ok
1785385728.359287000,84,ok
1785385728.357276000,80,ok
1785385728.358407000,80,ok
1785385728.372916000,82,ok
1785385728.372436000,82,ok
1785385728.381449000,86,ok
1785385728.410583000,77,ok
1785385728.411539000,75,ok
1785385728.414378000,74,ok
1785385728.426299000,73,ok
1785385728.428683000,79,ok
1785385728.436699000,79,ok
1785385728.439425000,81,ok
1785385728.437731000,80,ok
1785385728.443609000,86,ok
1785385728.459169000,76,ok
1785385728.460700000,75,ok
1785385728.465404000,78,ok
1785385728.464087000,78,ok
1785385728.471984000,76,ok
1785385728.474484000,79,ok
1785385728.476788000,74,ok
1785385728.505285000,76,ok
1785385728.504918000,77,ok
1785385728.508902000,78,ok
1785385728.527367000,75,ok
1785385728.526525000,77,ok
1785385728.535851000,76,ok
1785385728.539050000,77,ok
1785385728.540713000,80,ok
1785385728.544785000,75,ok
1785385728.565631000,76,ok
1785385728.561655000,76,ok
1785385728.568171000,77,ok
1785385728.569448000,75,ok
1785385728.566955000,76,ok
1785385728.575962000,78,ok
1785385728.578436000,80,ok
1785385728.601208000,78,ok
1785385728.601225000,78,ok
1785385728.601962000,75,ok
1785385728.628464000,81,ok
1785385728.627676000,81,ok
1785385728.631162000,76,ok
1785385728.638212000,77,ok
1785385728.638241000,79,ok
1785385728.647725000,78,ok
1785385728.669486000,76,ok
1785385728.676234000,81,ok
1785385728.680523000,84,ok
1785385728.681249000,82,ok
1785385728.688896000,83,ok
1785385728.689410000,85,ok
1785385728.688215000,86,ok
1785385728.710236000,79,ok
1785385728.711488000,79,ok
1785385728.716184000,81,ok
1785385728.728448000,72,ok
1785385728.731548000,79,ok
1785385728.731390000,78,ok
1785385728.736401000,76,ok
1785385728.737456000,77,ok
1785385728.747695000,78,ok
1785385728.765180000,73,ok
1785385728.779790000,77,ok
1785385728.788210000,79,ok
1785385728.789521000,81,ok
1785385728.788432000,78,ok
1785385728.791722000,78,ok
1785385728.792568000,80,ok
1785385728.818040000,80,ok
1785385728.819746000,79,ok
1785385728.826294000,74,ok
1785385728.824498000,77,ok
1785385728.833756000,75,ok
1785385728.831750000,77,ok
1785385728.838298000,77,ok
1785385728.839179000,75,ok
1785385728.845571000,74,ok
1785385728.859299000,76,ok
1785385728.878346000,78,ok
1785385728.885217000,77,ok
1785385728.891621000,75,ok
1785385728.891301000,79,ok
1785385728.892203000,82,ok
1785385728.895122000,84,ok
1785385728.926210000,81,ok
1785385728.926674000,85,ok
1785385728.935344000,76,ok
1785385728.939826000,85,ok
1785385728.941548000,78,ok
1785385728.940053000,86,ok
1785385728.943375000,78,ok
1785385728.943798000,80,ok
1785385728.950163000,77,ok
1785385728.962593000,79,ok
1785385728.978305000,77,ok
1785385728.988600000,77,ok
1785385728.987603000,79,ok
1785385728.996590000,78,ok
1785385728.995760000,81,ok
1785385728.999319000,84,ok
1785385729.029646000,79,ok
1785385729.036375000,82,ok
1785385729.042579000,76,ok
1785385729.049512000,76,ok
1785385729.049610000,74,ok
1785385729.052794000,79,ok
1785385729.055714000,79,ok
1785385729.068385000,84,ok
1785385729.070213000,81,ok
1785385729.076911000,77,ok
1785385729.092799000,78,ok
1785385729.093854000,78,ok
1785385729.099640000,79,ok
1785385729.098025000,77,ok
1785385729.099367000,77,ok
1785385729.102926000,80,ok
1785385729.126495000,76,ok
1785385729.129698000,75,ok
1785385729.140273000,79,ok
1785385729.153584000,81,ok
1785385729.156428000,78,ok
1785385729.159393000,82,ok
1785385729.154363000,82,ok
1785385729.165513000,76,ok
1785385729.171332000,77,ok
1785385729.185415000,81,ok
1785385729.208401000,85,ok
1785385729.204710000,78,ok
1785385729.207668000,86,ok
1785385729.213627000,90,ok
1785385729.214629000,87,ok
1785385729.231518000,80,ok
1785385729.218961000,89,ok
1785385729.233791000,79,ok
1785385729.255435000,82,ok
1785385729.265752000,83,ok
1785385729.268195000,81,ok
1785385729.273381000,84,ok
1785385729.275790000,84,ok
1785385729.285292000,82,ok
1785385729.288208000,85,ok
1785385729.301708000,81,ok
1785385729.320492000,79,ok
1785385729.323619000,80,ok
1785385729.324333000,76,ok
1785385729.328273000,80,ok
1785385729.332512000,77,ok
1785385729.335775000,80,ok
1785385729.340511000,81,ok
1785385729.343730000,79,ok
1785385729.368558000,80,ok
1785385729.368892000,76,ok
1785385729.369852000,77,ok
1785385729.373490000,73,ok
1785385729.377058000,75,ok
1785385729.384553000,74,ok
1785385729.384622000,77,ok
1785385729.396674000,74,ok
1785385729.419625000,74,ok
1785385729.422505000,73,ok
1785385729.424438000,73,ok
1785385729.428362000,74,ok
1785385729.431676000,76,ok
1785385729.434288000,75,ok
1785385729.438950000,76,ok
1785385729.452937000,83,ok
1785385729.468229000,77,ok
1785385729.468504000,73,ok
1785385729.473302000,75,ok
1785385729.472806000,75,ok
1785385729.475985000,73,ok
1785385729.480093000,73,ok
1785385729.483393000,75,ok
1785385729.495403000,77,ok
1785385729.524056000,73,ok
1785385729.521996000,79,ok
1785385729.522651000,80,ok
1785385729.527781000,81,ok
1785385729.530629000,73,ok
1785385729.541758000,83,ok
1785385729.542412000,81,ok
1785385729.561649000,80,ok
1785385729.575536000,82,ok
1785385729.574477000,78,ok
1785385729.578319000,80,ok
1785385729.576730000,75,ok
1785385729.581027000,76,ok
1785385729.585699000,80,ok
1785385729.586666000,77,ok
1785385729.597613000,80,ok
1785385729.623269000,76,ok
1785385729.627292000,79,ok
1785385729.628479000,78,ok
1785385729.628950000,76,ok
1785385729.635865000,74,ok
1785385729.644717000,79,ok
1785385729.645294000,79,ok
1785385729.667754000,80,ok
1785385729.686389000,81,ok
1785385729.686777000,82,ok
1785385729.687826000,79,ok
1785385729.689922000,82,ok
1785385729.690098000,77,ok
1785385729.686006000,80,ok
1785385729.691378000,78,ok
1785385729.704289000,75,ok
1785385729.732583000,83,ok
1785385729.734503000,74,ok
1785385729.735435000,85,ok
1785385729.732784000,81,ok
1785385729.735442000,80,ok
1785385729.743548000,74,ok
1785385729.744520000,76,ok
1785385729.763765000,78,ok
1785385729.789138000,77,ok
1785385729.791426000,74,ok
1785385729.795218000,83,ok
1785385729.788078000,77,ok
1785385729.794999000,80,ok
1785385729.794706000,81,ok
1785385729.796442000,82,ok
1785385729.815929000,79,ok
1785385729.838273000,82,ok
1785385729.838421000,79,ok
1785385729.839686000,79,ok
1785385729.842523000,71,ok
1785385729.842337000,81,ok
1785385729.844730000,78,ok
1785385729.840842000,85,ok
1785385729.859748000,75,ok
1785385729.889492000,75,ok
1785385729.902559000,79,ok
1785385729.899213000,80,ok
1785385729.904684000,84,ok
1785385729.903838000,84,ok
1785385729.906540000,85,ok
1785385729.905375000,82,ok
1785385729.938735000,79,ok
1785385729.945324000,78,ok
1785385729.949691000,81,ok
1785385729.955752000,84,ok
1785385729.954712000,84,ok
1785385729.957671000,84,ok
1785385729.957829000,84,ok
1785385729.959637000,85,ok
1785385729.971800000,82,ok
1785385729.994046000,79,ok
1785385730.011174000,84,ok
1785385730.011588000,82,ok
1785385730.015645000,85,ok
1785385730.015662000,87,ok
1785385730.015004000,84,ok
1785385730.014824000,88,ok
1785385730.044980000,80,ok
1785385730.057076000,78,ok
1785385730.059268000,79,ok
1785385730.062011000,77,ok
1785385730.071261000,82,ok
1785385730.072193000,85,ok
1785385730.072422000,79,ok
1785385730.071465000,84,ok
1785385730.087746000,82,ok
1785385730.096803000,78,ok
1785385730.117897000,78,ok
1785385730.122730000,83,ok
1785385730.128539000,86,ok
1785385730.126215000,86,ok
1785385730.122371000,83,ok
1785385730.127517000,90,ok
1785385730.145690000,78,ok
1785385730.164089000,80,ok
1785385730.166142000,74,ok
1785385730.164063000,78,ok
1785385730.178954000,79,ok
1785385730.178422000,79,ok
1785385730.185166000,79,ok
1785385730.185969000,80,ok
1785385730.188263000,77,ok
1785385730.198971000,80,ok
1785385730.222171000,76,ok
1785385730.226167000,77,ok
1785385730.224404000,74,ok
1785385730.220147000,78,ok
1785385730.231178000,80,ok
1785385730.233903000,83,ok
1785385730.254543000,85,ok
1785385730.272517000,82,ok
1785385730.272527000,82,ok
1785385730.274783000,82,ok
1785385730.289825000,79,ok
1785385730.292668000,83,ok
1785385730.292726000,78,ok
1785385730.297686000,88,ok
1785385730.302645000,85,ok
1785385730.305973000,80,ok
1785385730.345821000,92,ok
1785385730.347205000,94,ok
1785385730.349765000,92,ok
1785385730.352870000,90,ok
1785385730.354844000,90,ok
1785385730.349867000,94,ok
1785385730.381599000,86,ok
1785385730.397929000,89,ok
1785385730.397960000,90,ok
1785385730.405776000,85,ok
1785385730.420710000,88,ok
1785385730.420551000,83,ok
1785385730.421878000,93,ok
1785385730.437315000,82,ok
1785385730.439416000,81,ok
1785385730.440713000,79,ok
1785385730.461150000,78,ok
1785385730.462614000,79,ok
1785385730.466604000,81,ok
1785385730.465402000,79,ok
1785385730.470148000,83,ok
1785385730.472704000,88,ok
1785385730.480832000,74,ok
1785385730.491973000,72,ok
1785385730.494293000,76,ok
1785385730.498896000,75,ok
1785385730.517188000,76,ok
1785385730.518851000,77,ok
1785385730.519435000,78,ok
1785385730.536175000,78,ok
1785385730.535957000,77,ok
1785385730.536063000,78,ok
1785385730.560090000,75,ok
1785385730.562416000,78,ok
1785385730.566601000,78,ok
1785385730.566792000,78,ok
1785385730.571821000,77,ok
1785385730.572602000,75,ok
1785385730.589422000,77,ok
1785385730.596164000,81,ok
1785385730.595909000,79,ok
1785385730.599691000,81,ok
1785385730.619108000,78,ok
1785385730.618074000,79,ok
1785385730.619272000,80,ok
1785385730.635684000,80,ok
1785385730.637661000,82,ok
1785385730.638037000,82,ok
1785385730.661981000,79,ok
1785385730.664957000,79,ok
1785385730.664762000,76,ok
1785385730.671344000,77,ok
1785385730.680224000,82,ok
1785385730.680548000,83,ok
1785385730.701743000,79,ok
1785385730.704959000,82,ok
1785385730.705548000,83,ok
1785385730.711520000,83,ok
1785385730.722002000,78,ok
1785385730.722236000,78,ok
1785385730.723959000,80,ok
1785385730.740437000,77,ok
1785385730.737053000,79,ok
1785385730.739431000,78,ok
1785385730.767064000,78,ok
1785385730.767966000,76,ok
1785385730.769973000,83,ok
1785385730.769086000,81,ok
1785385730.779865000,75,ok
1785385730.779076000,79,ok
1785385730.801078000,74,ok
1785385730.809195000,78,ok
1785385730.811430000,75,ok
1785385730.811716000,81,ok
1785385730.828114000,75,ok
1785385730.827620000,76,ok
1785385730.831528000,80,ok
1785385730.836665000,76,ok
1785385730.835921000,75,ok
1785385730.843236000,79,ok
1785385730.866656000,76,ok
1785385730.867077000,79,ok
1785385730.872458000,72,ok
1785385730.866685000,79,ok
1785385730.872837000,74,ok
1785385730.872907000,82,ok
1785385730.892267000,73,ok
1785385730.901278000,73,ok
1785385730.910469000,82,ok
1785385730.910308000,80,ok
1785385730.926985000,74,ok
1785385730.931398000,75,ok
1785385730.935916000,80,ok
1785385730.936912000,76,ok
1785385730.936926000,76,ok
1785385730.947895000,76,ok
1785385730.969468000,77,ok
1785385730.976518000,82,ok
1785385730.975252000,82,ok
1785385730.975036000,80,ok
1785385730.977845000,84,ok
1785385730.981744000,85,ok
1785385730.987834000,74,ok
1785385730.998103000,77,ok
1785385731.006173000,78,ok
1785385731.009599000,81,ok
1785385731.032647000,78,ok
1785385731.031682000,81,ok
1785385731.038409000,78,ok
1785385731.038789000,80,ok
1785385731.038098000,80,ok
1785385731.055691000,76,ok
1785385731.082834000,74,ok
1785385731.086432000,76,ok
1785385731.090040000,78,ok
1785385731.089000000,79,ok
1785385731.090271000,79,ok
1785385731.098183000,78,ok
1785385731.096916000,76,ok
1785385731.110856000,74,ok
1785385731.111660000,77,ok
1785385731.114600000,76,ok
1785385731.139437000,78,ok
1785385731.138640000,77,ok
1785385731.137893000,77,ok
1785385731.139514000,82,ok
1785385731.149496000,75,ok
1785385731.139648000,81,ok
1785385731.183169000,76,ok
1785385731.192840000,77,ok
1785385731.193514000,80,ok
1785385731.198105000,81,ok
1785385731.198415000,80,ok
1785385731.213976000,80,ok
1785385731.224193000,78,ok
1785385731.222700000,83,ok
1785385731.225982000,75,ok
1785385731.230725000,75,ok
1785385731.240315000,74,ok
1785385731.247128000,77,ok
1785385731.244647000,75,ok
1785385731.247287000,77,ok
1785385731.248191000,73,ok
1785385731.251192000,76,ok
1785385731.277245000,76,ok
1785385731.289936000,78,ok
1785385731.287966000,76,ok
1785385731.291394000,75,ok
1785385731.296303000,79,ok
1785385731.313664000,76,ok
1785385731.331354000,78,ok
1785385731.330693000,78,ok
1785385731.331333000,79,ok
1785385731.338196000,77,ok
1785385731.352346000,79,ok
1785385731.351458000,74,ok
1785385731.354171000,74,ok
1785385731.358065000,76,ok
1785385731.357380000,76,ok
1785385731.361235000,77,ok
1785385731.380852000,74,ok
1785385731.388908000,76,ok
1785385731.389274000,79,ok
1785385731.390672000,74,ok
1785385731.389646000,80,ok
1785385731.408519000,77,ok
1785385731.430179000,78,ok
1785385731.431212000,79,ok
1785385731.433616000,80,ok
1785385731.441777000,77,ok
1785385731.462540000,84,ok
1785385731.459557000,79,ok
1785385731.462812000,78,ok
1785385731.463860000,85,ok
1785385731.469017000,82,ok
1785385731.470036000,87,ok
1785385731.483296000,76,ok
1785385731.487842000,73,ok
1785385731.496722000,81,ok
1785385731.497393000,81,ok
1785385731.497596000,81,ok
1785385731.507349000,77,ok
1785385731.533388000,80,ok
1785385731.533943000,83,ok
1785385731.534063000,83,ok
1785385731.541966000,80,ok
1785385731.566898000,78,ok
1785385731.568180000,79,ok
1785385731.571360000,83,ok
1785385731.572614000,84,ok
1785385731.573717000,81,ok
1785385731.574328000,78,ok
1785385731.591186000,76,ok
1785385731.594845000,76,ok
1785385731.598988000,76,ok
1785385731.597069000,73,ok
1785385731.602287000,74,ok
1785385731.601180000,79,ok
1785385731.627307000,74,ok
1785385731.627320000,76,ok
1785385731.627096000,75,ok
1785385731.629729000,71,ok
1785385731.663083000,74,ok
1785385731.670448000,79,ok
1785385731.670465000,76,ok
1785385731.670621000,78,ok
1785385731.673066000,78,ok
1785385731.674646000,76,ok
1785385731.703841000,75,ok
1785385731.701180000,78,ok
1785385731.705923000,76,ok
1785385731.708821000,83,ok
1785385731.710759000,84,ok
1785385731.709187000,78,ok
1785385731.725292000,73,ok
1785385731.724453000,74,ok
1785385731.728362000,75,ok
1785385731.731102000,79,ok
1785385731.755902000,74,ok
1785385731.772783000,83,ok
1785385731.774056000,84,ok
1785385731.776923000,86,ok
1785385731.775160000,82,ok
1785385731.775201000,84,ok
1785385731.806845000,77,ok
1785385731.807927000,75,ok
1785385731.817715000,80,ok
1785385731.818959000,79,ok
1785385731.819422000,81,ok
1785385731.819982000,81,ok
1785385731.832247000,82,ok
1785385731.838044000,82,ok
1785385731.839344000,81,ok
1785385731.842196000,82,ok
1785385731.863401000,76,ok
1785385731.866915000,71,ok
1785385731.877500000,79,ok
1785385731.878557000,81,ok
1785385731.880424000,83,ok
1785385731.881323000,83,ok
1785385731.906062000,78,ok
1785385731.906185000,78,ok
1785385731.915463000,76,ok
1785385731.918020000,78,ok
1785385731.920724000,77,ok
1785385731.920783000,77,ok
1785385731.938563000,79,ok
1785385731.941240000,78,ok
1785385731.938451000,77,ok
1785385731.942256000,82,ok
1785385731.961465000,78,ok
1785385731.964593000,76,ok
1785385731.973595000,76,ok
1785385731.980615000,80,ok
1785385731.983117000,82,ok
1785385731.975422000,77,ok
1785385732.004303000,77,ok
1785385732.004291000,75,ok
1785385732.016961000,78,ok
1785385732.018409000,80,ok
1785385732.020913000,77,ok
1785385732.023536000,75,ok
1785385732.044829000,79,ok
1785385732.047373000,81,ok
1785385732.046696000,77,ok
1785385732.045647000,81,ok
1785385732.063132000,75,ok
1785385732.067697000,73,ok
1785385732.069655000,73,ok
1785385732.073961000,73,ok
1785385732.082787000,77,ok
1785385732.084035000,78,ok
1785385732.105035000,77,ok
1785385732.105741000,78,ok
1785385732.108920000,73,ok
1785385732.112884000,75,ok
1785385732.113617000,73,ok
1785385732.122615000,77,ok
1785385732.145430000,80,ok
1785385732.146239000,78,ok
1785385732.147366000,78,ok
1785385732.146960000,78,ok
1785385732.161447000,73,ok
1785385732.167378000,74,ok
1785385732.170582000,78,ok
1785385732.171367000,75,ok
1785385732.182766000,79,ok
1785385732.182101000,77,ok
1785385732.204424000,76,ok
1785385732.208417000,75,ok
1785385732.205942000,76,ok
1785385732.207699000,74,ok
1785385732.208250000,82,ok
1785385732.219266000,77,ok
1785385732.245423000,78,ok
1785385732.246766000,80,ok
1785385732.248271000,79,ok
1785385732.245071000,80,ok
1785385732.265452000,77,ok
1785385732.279063000,85,ok
1785385732.278935000,82,ok
1785385732.277136000,81,ok
1785385732.287293000,76,ok
1785385732.290187000,79,ok
1785385732.309475000,78,ok
1785385732.319947000,79,ok
1785385732.320008000,83,ok
1785385732.317535000,80,ok
1785385732.319344000,83,ok
1785385732.325935000,79,ok
1785385732.341691000,74,ok
1785385732.341413000,76,ok
1785385732.347938000,77,ok
1785385732.348634000,76,ok
1785385732.367270000,78,ok
1785385732.380776000,81,ok
1785385732.384258000,83,ok
1785385732.382493000,81,ok
1785385732.391324000,81,ok
1785385732.392596000,81,ok
1785385732.418330000,78,ok
1785385732.421777000,76,ok
1785385732.422097000,75,ok
1785385732.428639000,81,ok
1785385732.426535000,77,ok
1785385732.431954000,78,ok
1785385732.443041000,76,ok
1785385732.446748000,76,ok
1785385732.448943000,74,ok
1785385732.456439000,78,ok
1785385732.466299000,75,ok
1785385732.474129000,73,ok
1785385732.481754000,76,ok
1785385732.483845000,77,ok
1785385732.487194000,77,ok
1785385732.488963000,76,ok
1785385732.516400000,76,ok
1785385732.519456000,77,ok
1785385732.523587000,76,ok
1785385732.527291000,74,ok
1785385732.525791000,76,ok
1785385732.536377000,80,ok
1785385732.547578000,77,ok
1785385732.550784000,78,ok
1785385732.555615000,78,ok
1785385732.561170000,77,ok
1785385732.572568000,77,ok
1785385732.585424000,77,ok
1785385732.580865000,81,ok
1785385732.587904000,77,ok
1785385732.592303000,81,ok
1785385732.593177000,80,ok
1785385732.616985000,78,ok
1785385732.626617000,77,ok
1785385732.627599000,78,ok
1785385732.633024000,82,ok
1785385732.632340000,80,ok
1785385732.648049000,79,ok
1785385732.647794000,76,ok
1785385732.652855000,77,ok
1785385732.658003000,78,ok
1785385732.666734000,80,ok
1785385732.676700000,76,ok
1785385732.684669000,76,ok
1785385732.687428000,77,ok
1785385732.693403000,80,ok
1785385732.695195000,81,ok
1785385732.694754000,82,ok
1785385732.718653000,80,ok
1785385732.725293000,78,ok
1785385732.737262000,84,ok
1785385732.736161000,82,ok
1785385732.737689000,81,ok
1785385732.756703000,77,ok
1785385732.758222000,81,ok
1785385732.764113000,77,ok
1785385732.761706000,76,ok
1785385732.777197000,78,ok
1785385732.780304000,75,ok
1785385732.798839000,84,ok
1785385732.798375000,79,ok
1785385732.802660000,84,ok
1785385732.803787000,85,ok
1785385732.805635000,87,ok
1785385732.820927000,80,ok
1785385732.823978000,76,ok
1785385732.837836000,80,ok
1785385732.835434000,78,ok
1785385732.838887000,81,ok
1785385732.854098000,75,ok
1785385732.862888000,77,ok
1785385732.859317000,78,ok
1785385732.866225000,78,ok
1785385732.879871000,82,ok
1785385732.880747000,77,ok
1785385732.902429000,78,ok
1785385732.903395000,79,ok
1785385732.907056000,82,ok
1785385732.906588000,81,ok
1785385732.906812000,78,ok
1785385732.924293000,78,ok
1785385732.924994000,77,ok
1785385732.943607000,81,ok
1785385732.942523000,83,ok
1785385732.944201000,78,ok
1785385732.961930000,75,ok
1785385732.962063000,80,ok
1785385732.962340000,77,ok
1785385732.961959000,73,ok
1785385732.976020000,77,ok
1785385732.975751000,78,ok
1785385733.006330000,77,ok
1785385733.006224000,81,ok
1785385733.005958000,78,ok
1785385733.006983000,77,ok
1785385733.006834000,76,ok
1785385733.027075000,74,ok
1785385733.031040000,77,ok
1785385733.043059000,77,ok
1785385733.047442000,75,ok
1785385733.047574000,78,ok
1785385733.060632000,75,ok
1785385733.064578000,76,ok
1785385733.065201000,75,ok
1785385733.066353000,77,ok
1785385733.072364000,74,ok
1785385733.074850000,76,ok
1785385733.102912000,77,ok
1785385733.103825000,77,ok
1785385733.104654000,77,ok
1785385733.104312000,76,ok
1785385733.106353000,78,ok
1785385733.122705000,74,ok
1785385733.126383000,75,ok
1785385733.138764000,76,ok
1785385733.146521000,75,ok
1785385733.146813000,77,ok
1785385733.159243000,75,ok
1785385733.165724000,76,ok
1785385733.163082000,75,ok
1785385733.167375000,77,ok
1785385733.168119000,73,ok
1785385733.174252000,77,ok
1785385733.197629000,76,ok
1785385733.205634000,80,ok
1785385733.205609000,79,ok
1785385733.206367000,82,ok
1785385733.207111000,82,ok
1785385733.219080000,76,ok
1785385733.222086000,76,ok
1785385733.235912000,80,ok
1785385733.247137000,79,ok
1785385733.247464000,79,ok
1785385733.262316000,75,ok
1785385733.262564000,79,ok
1785385733.267553000,79,ok
1785385733.266966000,78,ok
1785385733.267685000,76,ok
1785385733.275040000,77,ok
1785385733.307626000,80,ok
1785385733.308063000,74,ok
1785385733.309262000,81,ok
1785385733.311149000,79,ok
1785385733.311038000,81,ok
1785385733.324574000,76,ok
1785385733.326657000,74,ok
1785385733.340264000,78,ok
1785385733.346061000,76,ok
1785385733.351304000,77,ok
1785385733.369804000,80,ok
1785385733.373366000,81,ok
1785385733.369830000,77,ok
1785385733.372936000,81,ok
1785385733.371985000,83,ok
1785385733.373302000,75,ok
1785385733.406991000,76,ok
1785385733.408932000,77,ok
1785385733.404526000,75,ok
1785385733.409422000,76,ok
1785385733.411836000,76,ok
1785385733.427416000,76,ok
1785385733.428646000,76,ok
1785385733.447731000,78,ok
1785385733.447788000,81,ok
1785385733.447433000,82,ok
1785385733.474818000,81,ok
1785385733.475765000,79,ok
1785385733.476351000,80,ok
1785385733.472172000,77,ok
1785385733.477879000,80,ok
1785385733.478710000,82,ok
1785385733.510859000,79,ok
1785385733.509319000,81,ok
1785385733.512138000,82,ok
1785385733.513115000,83,ok
1785385733.513041000,82,ok
1785385733.525137000,74,ok
1785385733.529266000,75,ok
1785385733.546833000,80,ok
1785385733.546507000,79,ok
1785385733.546293000,79,ok
1785385733.569959000,73,ok
1785385733.572532000,74,ok
1785385733.580275000,80,ok
1785385733.578200000,79,ok
1785385733.579660000,80,ok
1785385733.579326000,80,ok
1785385733.617228000,82,ok
1785385733.618171000,85,ok
1785385733.619024000,84,ok
1785385733.619092000,84,ok
1785385733.618822000,85,ok
1785385733.624463000,77,ok
1785385733.627473000,73,ok
1785385733.646238000,77,ok
1785385733.649740000,81,ok
1785385733.649509000,81,ok
1785385733.671266000,73,ok
1785385733.668758000,73,ok
1785385733.679372000,77,ok
1785385733.674379000,75,ok
1785385733.678788000,75,ok
1785385733.680803000,78,ok
1785385733.714438000,76,ok
1785385733.716299000,76,ok
1785385733.717788000,77,ok
1785385733.721038000,80,ok
1785385733.722903000,82,ok
1785385733.723273000,73,ok
1785385733.722346000,73,ok
1785385733.745342000,76,ok
1785385733.750088000,77,ok
1785385733.749375000,80,ok
1785385733.767904000,72,ok
1785385733.767570000,72,ok
1785385733.774074000,75,ok
1785385733.774820000,76,ok
1785385733.773343000,72,ok
1785385733.775551000,77,ok
1785385733.814889000,74,ok
1785385733.813876000,77,ok
1785385733.813784000,77,ok
1785385733.818632000,79,ok
1785385733.820650000,72,ok
1785385733.819689000,73,ok
1785385733.820845000,74,ok
1785385733.846732000,80,ok
1785385733.849164000,77,ok
1785385733.849573000,79,ok
1785385733.868833000,74,ok
1785385733.867567000,75,ok
1785385733.870079000,73,ok
1785385733.870382000,74,ok
1785385733.871462000,74,ok
1785385733.870147000,78,ok
1785385733.917529000,78,ok
1785385733.917548000,79,ok
1785385733.917660000,80,ok
1785385733.917881000,80,ok
1785385733.922470000,81,ok
1785385733.923893000,82,ok
1785385733.922456000,80,ok
1785385733.951952000,82,ok
1785385733.951908000,81,ok
1785385733.953153000,82,ok
1785385733.969161000,75,ok
1785385733.970794000,77,ok
1785385733.975407000,78,ok
1785385733.978283000,81,ok
1785385733.976075000,79,ok
1785385733.977042000,80,ok
1785385734.014679000,73,ok
1785385734.014701000,77,ok
1785385734.018300000,77,ok
1785385734.022279000,77,ok
1785385734.020759000,77,ok
1785385734.025867000,81,ok
1785385734.025582000,79,ok
1785385734.056452000,81,ok
1785385734.059264000,84,ok
1785385734.058283000,85,ok
1785385734.071923000,73,ok
1785385734.070188000,75,ok
1785385734.070635000,74,ok
1785385734.080709000,81,ok
1785385734.081560000,81,ok
1785385734.079066000,79,ok
1785385734.114777000,77,ok
1785385734.117796000,78,ok
1785385734.120142000,76,ok
1785385734.123908000,81,ok
1785385734.123574000,77,ok
1785385734.125019000,75,ok
1785385734.126895000,79,ok
1785385734.161314000,80,ok
1785385734.161335000,80,ok
1785385734.161871000,81,ok
1785385734.169656000,73,ok
1785385734.172740000,71,ok
1785385734.171177000,75,ok
1785385734.186386000,80,ok
1785385734.190396000,84,ok
1785385734.187047000,79,ok
1785385734.214407000,78,ok
1785385734.220288000,77,ok
1785385734.216932000,76,ok
1785385734.222903000,77,ok
1785385734.222384000,78,ok
1785385734.226071000,77,ok
1785385734.227238000,81,ok
1785385734.264232000,80,ok
1785385734.265295000,80,ok
1785385734.264919000,79,ok
1785385734.279632000,80,ok
1785385734.279679000,81,ok
1785385734.280057000,81,ok
1785385734.290938000,77,ok
1785385734.292340000,75,ok
1785385734.292712000,76,ok
1785385734.317189000,76,ok
1785385734.318509000,74,ok
1785385734.320859000,74,ok
1785385734.326298000,77,ok
1785385734.322539000,77,ok
1785385734.327140000,79,ok
1785385734.322396000,75,ok
1785385734.363649000,80,ok
1785385734.366434000,82,ok
1785385734.365359000,81,ok
1785385734.381679000,77,ok
1785385734.382266000,78,ok
1785385734.381505000,79,ok
1785385734.391919000,78,ok
1785385734.397526000,82,ok
1785385734.396252000,83,ok
1785385734.419652000,77,ok
1785385734.421861000,77,ok
1785385734.422594000,76,ok
1785385734.429746000,79,ok
1785385734.428780000,78,ok
1785385734.430526000,80,ok
1785385734.437916000,87,ok
1785385734.458351000,74,ok
1785385734.465346000,78,ok
1785385734.465215000,80,ok
1785385734.477771000,74,ok
1785385734.484418000,78,ok
1785385734.484573000,78,ok
1785385734.490040000,76,ok
1785385734.498474000,77,ok
1785385734.499354000,79,ok
1785385734.525013000,76,ok
1785385734.524641000,76,ok
1785385734.529642000,77,ok
1785385734.533642000,77,ok
1785385734.538584000,77,ok
1785385734.538050000,81,ok
1785385734.539384000,76,ok
1785385734.568371000,81,ok
1785385734.568162000,79,ok
1785385734.571273000,81,ok
1785385734.580274000,71,ok
1785385734.583196000,75,ok
1785385734.583303000,76,ok
1785385734.588564000,74,ok
1785385734.597414000,78,ok
1785385734.599629000,79,ok
1785385734.621817000,76,ok
1785385734.624922000,74,ok
1785385734.631651000,75,ok
1785385734.633978000,77,ok
1785385734.637267000,77,ok
1785385734.635738000,75,ok
1785385734.636989000,78,ok
1785385734.671335000,80,ok
1785385734.671460000,81,ok
1785385734.674827000,73,ok
1785385734.678865000,72,ok
1785385734.684204000,77,ok
1785385734.686122000,77,ok
1785385734.688143000,75,ok
1785385734.690551000,73,ok
1785385734.697317000,76,ok
1785385734.725865000,80,ok
1785385734.728594000,78,ok
1785385734.728632000,73,ok
1785385734.733874000,78,ok
1785385734.738385000,79,ok
1785385734.740982000,82,ok
1785385734.738880000,81,ok
1785385734.777510000,80,ok
1785385734.786546000,89,ok
1785385734.789917000,78,ok
1785385734.785905000,89,ok
1785385734.788814000,81,ok
1785385734.789727000,81,ok
1785385734.790941000,78,ok
1785385734.792710000,76,ok
1785385734.810864000,85,ok
1785385734.836262000,83,ok
1785385734.837682000,88,ok
1785385734.840354000,79,ok
1785385734.840229000,81,ok
1785385734.843854000,82,ok
1785385734.839941000,86,ok
1785385734.844816000,86,ok
1785385734.887572000,77,ok
1785385734.893905000,76,ok
1785385734.896503000,81,ok
1785385734.897467000,83,ok
1785385734.897005000,81,ok
1785385734.897350000,78,ok
1785385734.904765000,80,ok
1785385734.906570000,82,ok
1785385734.925349000,79,ok
1785385734.938630000,72,ok
1785385734.937425000,75,ok
1785385734.942071000,73,ok
1785385734.942593000,76,ok
1785385734.947658000,77,ok
1785385734.947608000,77,ok
1785385734.951983000,82,ok
1785385734.986288000,76,ok
1785385734.990272000,76,ok
1785385734.994061000,73,ok
1785385735.001042000,80,ok
1785385734.999119000,77,ok
1785385735.003478000,83,ok
1785385735.007809000,77,ok
1785385735.015936000,80,ok
1785385735.032894000,81,ok
1785385735.039721000,76,ok
1785385735.049249000,78,ok
1785385735.047555000,77,ok
1785385735.045044000,75,ok
1785385735.052700000,78,ok
1785385735.051343000,81,ok
1785385735.052770000,78,ok
1785385735.089622000,79,ok
1785385735.094084000,82,ok
1785385735.095124000,74,ok
1785385735.096816000,72,ok
1785385735.103083000,77,ok
1785385735.104636000,80,ok
1785385735.109353000,76,ok
1785385735.113516000,76,ok
1785385735.135101000,78,ok
1785385735.138992000,70,ok
1785385735.145249000,73,ok
1785385735.149210000,77,ok
1785385735.152963000,79,ok
1785385735.152853000,79,ok
1785385735.152226000,76,ok
1785385735.155437000,81,ok
1785385735.187631000,77,ok
1785385735.191280000,74,ok
1785385735.193591000,75,ok
1785385735.192482000,73,ok
1785385735.204900000,76,ok
1785385735.206856000,75,ok
1785385735.207642000,79,ok
1785385735.210447000,73,ok
1785385735.231697000,76,ok
1785385735.236263000,73,ok
1785385735.241072000,70,ok
1785385735.249482000,75,ok
1785385735.247087000,74,ok
1785385735.250310000,75,ok
1785385735.252517000,78,ok
1785385735.252859000,76,ok
1785385735.286363000,80,ok
1785385735.286155000,72,ok
1785385735.287606000,77,ok
1785385735.289663000,75,ok
1785385735.309723000,80,ok
1785385735.309391000,80,ok
1785385735.310185000,77,ok
1785385735.310885000,81,ok
1785385735.328381000,74,ok
1785385735.336557000,70,ok
1785385735.338344000,76,ok
1785385735.343861000,72,ok
1785385735.343291000,72,ok
1785385735.350582000,76,ok
1785385735.352505000,78,ok
1785385735.354585000,79,ok
1785385735.379173000,75,ok
1785385735.382904000,78,ok
1785385735.383025000,79,ok
1785385735.383705000,76,ok
1785385735.408190000,77,ok
1785385735.407227000,77,ok
1785385735.409775000,79,ok
1785385735.410520000,81,ok
1785385735.428145000,78,ok
1785385735.436002000,75,ok
1785385735.435992000,73,ok
1785385735.445910000,77,ok
1785385735.445836000,78,ok
1785385735.450346000,79,ok
1785385735.451975000,75,ok
1785385735.451419000,76,ok
1785385735.479193000,79,ok
1785385735.478629000,76,ok
1785385735.479682000,77,ok
1785385735.487088000,87,ok
1785385735.504386000,76,ok
1785385735.504218000,78,ok
1785385735.503979000,78,ok
1785385735.505363000,77,ok
1785385735.527568000,77,ok
1785385735.536326000,80,ok
1785385735.536669000,78,ok
1785385735.543298000,75,ok
1785385735.547333000,76,ok
1785385735.548753000,78,ok
1785385735.554697000,80,ok
1785385735.554578000,80,ok
1785385735.583377000,78,ok
1785385735.587507000,82,ok
1785385735.587566000,76,ok
1785385735.587820000,81,ok
1785385735.604544000,77,ok
1785385735.604150000,75,ok
1785385735.604570000,78,ok
1785385735.605907000,75,ok
1785385735.626724000,76,ok
1785385735.633386000,76,ok
1785385735.632149000,72,ok
1785385735.642655000,72,ok
1785385735.642857000,75,ok
1785385735.643915000,71,ok
1785385735.647938000,72,ok
1785385735.649098000,74,ok
1785385735.680957000,78,ok
1785385735.682541000,75,ok
1785385735.683919000,75,ok
1785385735.684843000,76,ok
1785385735.699564000,74,ok
1785385735.701950000,75,ok
1785385735.704538000,78,ok
1785385735.706169000,80,ok
1785385735.722651000,74,ok
1785385735.731289000,73,ok
1785385735.734705000,77,ok
1785385735.743967000,78,ok
1785385735.743770000,77,ok
1785385735.744860000,72,ok
1785385735.743903000,74,ok
1785385735.742980000,74,ok
1785385735.777882000,78,ok
1785385735.779924000,78,ok
1785385735.781303000,81,ok
1785385735.782281000,80,ok
1785385735.799658000,75,ok
1785385735.803249000,80,ok
1785385735.803157000,77,ok
1785385735.803865000,77,ok
1785385735.828350000,73,ok
1785385735.837618000,75,ok
1785385735.839940000,75,ok
1785385735.841549000,73,ok
1785385735.846409000,75,ok
1785385735.848705000,76,ok
1785385735.848801000,77,ok
1785385735.850029000,79,ok
1785385735.876220000,73,ok
1785385735.878582000,77,ok
1785385735.880259000,77,ok
1785385735.881758000,82,ok
1785385735.894072000,69,ok
1785385735.898447000,76,ok
1785385735.898519000,75,ok
1785385735.898953000,76,ok
1785385735.920892000,75,ok
1785385735.931592000,72,ok
1785385735.937306000,73,ok
1785385735.936523000,73,ok
1785385735.947624000,78,ok
1785385735.947206000,76,ok
1785385735.951166000,80,ok
1785385735.948510000,79,ok
1785385735.973277000,75,ok
1785385735.978422000,78,ok
1785385735.978736000,76,ok
1785385735.978212000,77,ok
1785385735.994040000,77,ok
1785385735.996099000,77,ok
1785385735.994377000,75,ok
1785385735.999218000,78,ok
1785385736.018265000,80,ok
1785385736.027898000,73,ok
1785385736.034084000,74,ok
1785385736.036814000,76,ok
1785385736.052430000,81,ok
1785385736.051221000,79,ok
1785385736.054802000,83,ok
1785385736.055302000,83,ok
1785385736.074571000,74,ok
1785385736.078933000,75,ok
1785385736.080430000,75,ok
1785385736.083828000,75,ok
1785385736.092230000,74,ok
1785385736.097303000,76,ok
1785385736.096713000,73,ok
1785385736.096106000,76,ok
1785385736.115696000,74,ok
1785385736.130949000,71,ok
1785385736.131250000,76,ok
1785385736.131924000,76,ok
1785385736.150375000,77,ok
1785385736.150487000,77,ok
1785385736.150541000,73,ok
1785385736.152632000,80,ok
1785385736.177656000,75,ok
1785385736.180710000,74,ok
1785385736.178722000,78,ok
1785385736.178576000,74,ok
1785385736.194864000,75,ok
1785385736.197019000,77,ok
1785385736.197410000,77,ok
1785385736.197938000,78,ok
1785385736.214938000,77,ok
1785385736.228076000,76,ok
1785385736.228673000,77,ok
1785385736.228228000,77,ok
1785385736.247162000,75,ok
1785385736.248527000,78,ok
1785385736.247036000,76,ok
1785385736.250074000,80,ok
1785385736.272240000,75,ok
1785385736.273201000,72,ok
1785385736.277316000,73,ok
1785385736.277631000,75,ok
1785385736.294194000,75,ok
1785385736.296165000,76,ok
1785385736.296512000,76,ok
1785385736.295882000,74,ok
1785385736.317249000,80,ok
1785385736.321922000,74,ok
1785385736.325057000,75,ok
1785385736.325704000,78,ok
1785385736.348477000,78,ok
1785385736.350107000,80,ok
1785385736.350561000,81,ok
1785385736.349985000,81,ok
1785385736.375207000,79,ok
1785385736.377798000,75,ok
1785385736.377341000,81,ok
1785385736.377096000,76,ok
1785385736.395043000,75,ok
1785385736.404807000,81,ok
1785385736.406346000,84,ok
1785385736.405531000,83,ok
1785385736.428862000,78,ok
1785385736.432801000,77,ok
1785385736.432354000,82,ok
1785385736.429483000,85,ok
1785385736.455183000,79,ok
1785385736.455409000,81,ok
1785385736.461792000,83,ok
1785385736.463045000,84,ok
1785385736.483611000,77,ok
1785385736.483805000,75,ok
1785385736.484084000,76,ok
1785385736.488314000,75,ok
1785385736.500824000,78,ok
1785385736.509362000,75,ok
1785385736.509930000,71,ok
1785385736.512513000,72,ok
1785385736.528719000,74,ok
1785385736.531794000,73,ok
1785385736.532875000,78,ok
1785385736.532636000,78,ok
1785385736.552917000,76,ok
1785385736.552900000,77,ok
1785385736.558331000,73,ok
1785385736.558070000,76,ok
1785385736.578358000,74,ok
1785385736.580082000,77,ok
1785385736.579589000,75,ok
1785385736.582345000,73,ok
1785385736.597919000,76,ok
1785385736.606416000,77,ok
1785385736.608246000,75,ok
1785385736.608325000,79,ok
1785385736.630256000,76,ok
1785385736.636396000,83,ok
1785385736.635965000,83,ok
1785385736.636296000,83,ok
1785385736.649331000,75,ok
1785385736.652990000,79,ok
1785385736.655664000,76,ok
1785385736.655883000,73,ok
1785385736.674830000,75,ok
1785385736.680407000,76,ok
1785385736.681480000,76,ok
1785385736.683434000,81,ok
1785385736.694304000,73,ok
1785385736.702679000,73,ok
1785385736.703915000,74,ok
1785385736.706334000,77,ok
1785385736.725043000,72,ok
1785385736.736045000,78,ok
1785385736.736295000,78,ok
1785385736.735904000,77,ok
1785385736.743409000,72,ok
1785385736.748844000,73,ok
1785385736.753992000,77,ok
1785385736.755066000,78,ok
1785385736.770110000,74,ok
1785385736.775536000,75,ok
1785385736.781420000,78,ok
1785385736.779425000,77,ok
1785385736.787399000,72,ok
1785385736.799873000,76,ok
1785385736.806173000,80,ok
1785385736.802878000,79,ok
1785385736.822985000,79,ok
1785385736.836609000,77,ok
1785385736.836357000,76,ok
1785385736.838880000,80,ok
1785385736.839668000,76,ok
1785385736.849491000,77,ok
1785385736.857538000,78,ok
1785385736.854576000,76,ok
1785385736.879525000,77,ok
1785385736.879888000,75,ok
1785385736.879937000,78,ok
1785385736.883934000,80,ok
1785385736.891499000,79,ok
1785385736.905546000,78,ok
1785385736.905948000,79,ok
1785385736.904851000,78,ok
1785385736.921426000,78,ok
1785385736.937456000,78,ok
1785385736.938162000,79,ok
1785385736.938440000,76,ok
1785385736.938191000,73,ok
1785385736.945267000,73,ok
1785385736.954294000,77,ok
1785385736.954546000,77,ok
1785385736.977516000,80,ok
1785385736.978925000,79,ok
1785385736.978971000,76,ok
1785385736.982530000,77,ok
1785385736.984139000,71,ok
1785385737.006719000,78,ok
1785385737.006413000,78,ok
1785385737.005988000,78,ok
1785385737.015452000,75,ok
1785385737.037117000,76,ok
1785385737.039189000,79,ok
1785385737.040533000,74,ok
1785385737.037079000,77,ok
1785385737.041137000,78,ok
1785385737.051115000,75,ok
1785385737.053617000,75,ok
1785385737.071372000,74,ok
1785385737.072514000,73,ok
1785385737.080271000,78,ok
1785385737.079653000,79,ok
1785385737.080985000,78,ok
1785385737.103808000,78,ok
1785385737.104618000,78,ok
1785385737.106322000,78,ok
1785385737.107900000,74,ok
1785385737.136369000,77,ok
1785385737.136892000,77,ok
1785385737.138469000,76,ok
1785385737.138509000,77,ok
1785385737.141462000,76,ok
1785385737.152113000,76,ok
1785385737.157172000,74,ok
1785385737.173332000,77,ok
1785385737.173543000,78,ok
1785385737.180606000,79,ok
1785385737.183876000,81,ok
1785385737.185583000,82,ok
1785385737.207727000,78,ok
1785385737.204564000,77,ok
1785385737.211637000,79,ok
1785385737.211035000,80,ok
1785385737.240424000,78,ok
1785385737.249008000,85,ok
1785385737.241683000,78,ok
1785385737.250165000,85,ok
1785385737.248022000,86,ok
1785385737.252404000,79,ok
1785385737.262769000,77,ok
1785385737.281963000,83,ok
1785385737.281693000,79,ok
1785385737.283642000,84,ok
1785385737.290784000,78,ok
1785385737.290207000,80,ok
1785385737.312747000,80,ok
1785385737.314258000,80,ok
1785385737.318787000,83,ok
1785385737.318544000,84,ok
1785385737.349883000,76,ok
1785385737.354662000,80,ok
1785385737.355418000,76,ok
1785385737.354116000,80,ok
1785385737.358805000,78,ok
1785385737.357797000,79,ok
1785385737.376336000,79,ok
1785385737.391933000,79,ok
1785385737.397320000,79,ok
1785385737.397109000,76,ok
1785385737.396194000,75,ok
1785385737.397492000,79,ok
1785385737.414687000,78,ok
1785385737.416585000,74,ok
1785385737.413177000,74,ok
1785385737.415241000,73,ok
1785385737.443610000,75,ok
1785385737.451814000,77,ok
1785385737.451350000,75,ok
1785385737.453824000,76,ok
1785385737.454466000,76,ok
1785385737.456791000,81,ok
1785385737.474781000,77,ok
1785385737.491501000,76,ok
1785385737.494012000,74,ok
1785385737.496125000,75,ok
1785385737.498857000,74,ok
1785385737.500430000,76,ok
1785385737.518690000,78,ok
1785385737.518531000,79,ok
1785385737.521845000,81,ok
1785385737.522009000,83,ok
1785385737.540829000,72,ok
1785385737.553061000,75,ok
1785385737.554244000,79,ok
1785385737.554781000,81,ok
1785385737.556481000,81,ok
1785385737.554397000,80,ok
1785385737.568553000,75,ok
1785385737.587746000,77,ok
1785385737.591744000,74,ok
1785385737.595009000,74,ok
1785385737.597157000,79,ok
1785385737.597212000,76,ok
1785385737.614636000,73,ok
1785385737.617239000,76,ok
1785385737.617479000,75,ok
1785385737.626323000,81,ok
1785385737.641352000,73,ok
1785385737.656541000,79,ok
1785385737.656519000,78,ok
1785385737.656213000,79,ok
1785385737.656663000,80,ok
1785385737.659175000,81,ok
1785385737.665210000,75,ok
1785385737.687718000,75,ok
1785385737.687677000,77,ok
1785385737.692973000,76,ok
1785385737.692784000,76,ok
1785385737.695085000,75,ok
1785385737.710357000,73,ok
1785385737.712194000,73,ok
1785385737.714145000,74,ok
1785385737.720291000,73,ok
1785385737.737914000,74,ok
1785385737.750707000,75,ok
1785385737.751987000,74,ok
1785385737.755420000,76,ok
1785385737.755402000,77,ok
1785385737.755513000,78,ok
1785385737.758644000,74,ok
1785385737.789721000,75,ok
1785385737.788192000,76,ok
1785385737.790494000,78,ok
1785385737.792393000,82,ok
1785385737.792324000,82,ok
1785385737.809582000,73,ok
1785385737.809925000,78,ok
1785385737.811755000,71,ok
1785385737.810035000,76,ok
1785385737.833342000,76,ok
1785385737.844740000,72,ok
1785385737.845687000,72,ok
1785385737.853115000,76,ok
1785385737.855013000,78,ok
1785385737.858140000,80,ok
1785385737.862836000,86,ok
1785385737.894993000,73,ok
1785385737.895358000,75,ok
1785385737.897185000,79,ok
1785385737.896999000,71,ok
1785385737.896016000,78,ok
1785385737.916560000,82,ok
1785385737.913548000,80,ok
1785385737.919676000,83,ok
1785385737.916060000,82,ok
1785385737.929955000,77,ok
1785385737.941388000,77,ok
1785385737.943097000,73,ok
1785385737.949057000,73,ok
1785385737.950445000,76,ok
1785385737.951439000,73,ok
1785385737.953142000,70,ok
1785385737.993272000,77,ok
1785385737.997117000,77,ok
1785385737.998700000,79,ok
1785385738.001917000,82,ok
1785385738.001743000,81,ok
1785385738.028487000,81,ok
1785385738.028712000,81,ok
1785385738.030656000,84,ok
1785385738.033418000,84,ok
1785385738.036185000,75,ok
1785385738.045911000,72,ok
1785385738.044438000,72,ok
1785385738.055465000,74,ok
1785385738.055501000,74,ok
1785385738.055643000,76,ok
1785385738.056815000,77,ok
1785385738.085550000,74,ok
1785385738.091587000,75,ok
1785385738.096230000,76,ok
1785385738.097349000,79,ok
1785385738.097176000,76,ok
1785385738.129066000,75,ok
1785385738.128823000,78,ok
1785385738.131485000,76,ok
1785385738.135864000,75,ok
1785385738.135890000,76,ok
1785385738.151440000,75,ok
1785385738.154855000,80,ok
1785385738.157146000,75,ok
1785385738.160167000,77,ok
1785385738.160189000,79,ok
1785385738.165146000,80,ok
1785385738.187746000,72,ok
1785385738.188263000,76,ok
1785385738.183637000,76,ok
1785385738.189677000,74,ok
1785385738.187110000,72,ok
1785385738.221685000,74,ok
1785385738.228196000,77,ok
1785385738.228850000,79,ok
1785385738.235130000,77,ok
1785385738.234896000,78,ok
1785385738.261341000,76,ok
1785385738.267768000,76,ok
1785385738.272848000,80,ok
1785385738.271015000,81,ok
1785385738.271645000,79,ok
1785385738.274356000,80,ok
1785385738.296364000,78,ok
1785385738.292247000,77,ok
1785385738.295699000,79,ok
1785385738.295942000,84,ok
1785385738.303727000,86,ok
1785385738.329624000,81,ok
1785385738.330043000,87,ok
1785385738.334653000,84,ok
1785385738.334728000,81,ok
1785385738.336583000,83,ok
1785385738.369404000,82,ok
1785385738.383488000,88,ok
1785385738.384350000,84,ok
1785385738.385855000,77,ok
1785385738.388060000,83,ok
1785385738.401817000,95,ok
1785385738.419580000,77,ok
1785385738.424747000,78,ok
1785385738.424172000,77,ok
1785385738.427154000,77,ok
1785385738.430390000,72,ok
1785385738.429431000,80,ok
1785385738.436688000,74,ok
1785385738.440034000,76,ok
1785385738.440056000,73,ok
1785385738.439110000,73,ok
1785385738.468379000,79,ok
1785385738.477157000,74,ok
1785385738.479491000,74,ok
1785385738.482830000,75,ok
1785385738.484327000,78,ok
1785385738.494502000,74,ok
1785385738.523886000,76,ok
1785385738.533124000,77,ok
1785385738.532851000,80,ok
1785385738.535975000,83,ok
1785385738.536423000,81,ok
1785385738.541291000,84,ok
1785385738.542616000,79,ok
1785385738.543486000,76,ok
1785385738.543929000,75,ok
1785385738.554534000,81,ok
1785385738.575560000,74,ok
1785385738.577691000,77,ok
1785385738.570088000,78,ok
1785385738.577669000,75,ok
1785385738.582273000,77,ok
1785385738.583807000,72,ok
1785385738.625850000,80,ok
1785385738.639158000,79,ok
1785385738.641002000,76,ok
1785385738.647042000,80,ok
1785385738.651904000,79,ok
1785385738.651446000,82,ok
1785385738.654429000,79,ok
1785385738.658680000,80,ok
1785385738.667442000,84,ok
1785385738.669718000,78,ok
1785385738.693865000,82,ok
1785385738.693973000,79,ok
1785385738.698482000,81,ok
1785385738.697435000,82,ok
1785385738.700309000,82,ok
1785385738.694398000,80,ok
1785385738.719601000,75,ok
1785385738.745602000,81,ok
1785385738.747033000,84,ok
1785385738.752167000,76,ok
1785385738.753576000,75,ok
1785385738.756420000,76,ok
1785385738.764768000,78,ok
1785385738.768003000,81,ok
1785385738.783855000,81,ok
1785385738.784931000,80,ok
1785385738.797641000,74,ok
1785385738.804709000,75,ok
1785385738.808782000,75,ok
1785385738.806973000,81,ok
1785385738.806808000,73,ok
1785385738.805792000,77,ok
1785385738.815391000,74,ok
1785385738.842633000,78,ok
1785385738.844972000,76,ok
1785385738.850094000,75,ok
1785385738.849785000,76,ok
1785385738.855744000,76,ok
1785385738.867388000,77,ok
1785385738.867907000,78,ok
1785385738.886099000,76,ok
1785385738.886116000,76,ok
1785385738.901021000,76,ok
1785385738.903335000,72,ok
1785385738.906208000,75,ok
1785385738.913225000,80,ok
1785385738.912450000,79,ok
1785385738.914400000,75,ok
1785385738.913777000,80,ok
1785385738.941414000,73,ok
1785385738.943396000,80,ok
1785385738.947936000,76,ok
1785385738.946862000,76,ok
1785385738.953408000,76,ok
1785385738.959646000,72,ok
1785385738.960422000,71,ok
1785385738.981867000,78,ok
1785385738.983684000,80,ok
1785385738.997659000,75,ok
1785385738.998692000,72,ok
1785385739.013349000,82,ok
1785385739.014921000,79,ok
1785385739.017867000,82,ok
1785385739.016000000,81,ok
1785385739.019463000,84,ok
1785385739.049771000,74,ok
1785385739.041670000,76,ok
1785385739.049580000,79,ok
1785385739.048198000,76,ok
1785385739.048225000,76,ok
1785385739.063764000,76,ok
1785385739.062684000,77,ok
1785385739.087624000,77,ok
1785385739.086364000,79,ok
1785385739.103737000,76,ok
1785385739.106736000,76,ok
1785385739.111276000,71,ok
1785385739.126055000,78,ok
1785385739.128004000,79,ok
1785385739.129015000,80,ok
1785385739.129657000,79,ok
1785385739.150402000,74,ok
1785385739.147663000,73,ok
1785385739.156010000,79,ok
1785385739.153959000,78,ok
1785385739.154654000,78,ok
1785385739.162172000,74,ok
1785385739.160838000,74,ok
1785385739.177357000,73,ok
1785385739.179808000,75,ok
1785385739.198440000,77,ok
1785385739.202775000,77,ok
1785385739.203505000,74,ok
1785385739.219428000,74,ok
1785385739.224401000,77,ok
1785385739.227423000,77,ok
1785385739.228404000,79,ok
1785385739.254463000,76,ok
1785385739.255350000,75,ok
1785385739.253589000,77,ok
1785385739.257983000,75,ok
1785385739.263357000,81,ok
1785385739.263382000,75,ok
1785385739.263759000,77,ok
1785385739.273905000,74,ok
1785385739.275272000,72,ok
1785385739.292079000,74,ok
1785385739.297109000,77,ok
1785385739.298202000,77,ok
1785385739.317103000,76,ok
1785385739.316528000,73,ok
1785385739.320944000,75,ok
1785385739.324184000,77,ok
1785385739.355100000,77,ok
1785385739.355868000,77,ok
1785385739.356865000,75,ok
1785385739.357594000,71,ok
1785385739.373196000,85,ok
1785385739.373784000,80,ok
1785385739.377473000,75,ok
1785385739.377130000,79,ok
1785385739.380020000,73,ok
1785385739.399971000,79,ok
1785385739.403432000,81,ok
1785385739.402554000,80,ok
1785385739.418010000,77,ok
1785385739.421829000,79,ok
1785385739.422016000,80,ok
1785385739.423638000,77,ok
1785385739.448906000,75,ok
1785385739.455601000,80,ok
1785385739.456539000,81,ok
1785385739.464553000,87,ok
1785385739.480277000,75,ok
1785385739.479517000,77,ok
1785385739.486658000,79,ok
1785385739.485386000,78,ok
1785385739.490681000,79,ok
1785385739.506547000,76,ok
1785385739.511277000,76,ok
1785385739.522145000,83,ok
1785385739.524219000,79,ok
1785385739.525893000,77,ok
1785385739.525834000,77,ok
1785385739.528880000,78,ok
1785385739.547203000,75,ok
1785385739.556542000,78,ok
1785385739.556799000,73,ok
1785385739.557132000,79,ok
1785385739.576376000,73,ok
1785385739.575725000,72,ok
1785385739.585169000,75,ok
1785385739.584316000,77,ok
1785385739.585648000,78,ok
1785385739.604434000,74,ok
1785385739.607225000,73,ok
1785385739.616992000,73,ok
1785385739.618513000,72,ok
1785385739.623726000,75,ok
1785385739.622572000,75,ok
1785385739.624700000,76,ok
1785385739.646513000,77,ok
1785385739.650646000,77,ok
1785385739.652143000,76,ok
1785385739.653735000,78,ok
1785385739.672351000,74,ok
1785385739.672916000,75,ok
1785385739.679538000,75,ok
1785385739.680989000,76,ok
1785385739.682908000,78,ok
1785385739.700733000,74,ok
1785385739.703683000,74,ok
1785385739.712166000,73,ok
1785385739.719516000,76,ok
1785385739.721308000,79,ok
1785385739.723031000,80,ok
1785385739.722024000,75,ok
1785385739.740462000,73,ok
1785385739.746384000,76,ok
1785385739.746097000,76,ok
1785385739.745801000,74,ok
1785385739.768222000,74,ok
1785385739.770991000,77,ok
1785385739.776875000,75,ok
1785385739.778070000,74,ok
1785385739.774449000,75,ok
1785385739.794912000,75,ok
1785385739.800070000,74,ok
1785385739.809819000,75,ok
1785385739.821784000,77,ok
1785385739.822433000,76,ok
1785385739.826510000,77,ok
1785385739.827652000,82,ok
1785385739.840407000,75,ok
1785385739.851830000,81,ok
1785385739.852161000,80,ok
1785385739.855292000,83,ok
1785385739.869259000,75,ok
1785385739.872625000,79,ok
1785385739.872879000,73,ok
1785385739.876237000,74,ok
1785385739.877676000,77,ok
1785385739.892320000,76,ok
1785385739.893063000,73,ok
1785385739.903868000,75,ok
1785385739.917646000,74,ok
1785385739.919484000,74,ok
1785385739.923100000,75,ok
1785385739.924209000,74,ok
1785385739.936264000,75,ok
1785385739.949999000,78,ok
1785385739.952943000,75,ok
1785385739.954430000,81,ok
1785385739.966184000,72,ok
1785385739.968554000,73,ok
1785385739.975503000,73,ok
1785385739.976600000,79,ok
1785385739.975466000,76,ok
1785385739.988996000,75,ok
1785385740.002495000,79,ok
1785385739.994128000,77,ok
1785385740.017868000,77,ok
1785385740.019131000,76,ok
1785385740.022272000,80,ok
1785385740.020392000,83,ok
1785385740.040226000,83,ok
1785385740.056240000,80,ok
1785385740.061137000,89,ok
1785385740.054735000,85,ok
1785385740.087266000,84,ok
1785385740.086246000,89,ok
1785385740.082617000,88,ok
1785385740.085635000,82,ok
1785385740.098333000,86,ok
1785385740.101610000,82,ok
1785385740.121666000,82,ok
1785385740.123632000,83,ok
1785385740.140596000,78,ok
1785385740.144296000,79,ok
1785385740.143316000,80,ok
1785385740.146744000,81,ok
1785385740.152116000,76,ok
1785385740.165479000,79,ok
1785385740.179410000,78,ok
1785385740.181524000,85,ok
1785385740.190244000,78,ok
1785385740.194128000,81,ok
1785385740.194073000,79,ok
1785385740.195009000,78,ok
1785385740.203257000,75,ok
1785385740.202083000,79,ok
1785385740.223210000,79,ok
1785385740.224656000,80,ok
1785385740.242586000,77,ok
1785385740.246237000,76,ok
1785385740.246734000,78,ok
1785385740.252443000,78,ok
1785385740.248768000,78,ok
1785385740.264653000,79,ok
1785385740.287807000,80,ok
1785385740.296734000,81,ok
1785385740.296742000,77,ok
1785385740.289107000,83,ok
1785385740.307824000,79,ok
1785385740.307815000,82,ok
1785385740.307574000,83,ok
1785385740.312588000,83,ok
1785385740.324681000,76,ok
1785385740.333387000,82,ok
1785385740.355033000,84,ok
1785385740.350816000,79,ok
1785385740.358351000,80,ok
1785385740.361379000,85,ok
1785385740.359078000,83,ok
1785385740.369702000,79,ok
1785385740.397735000,80,ok
1785385740.405449000,79,ok
1785385740.411725000,77,ok
1785385740.425457000,92,ok
1785385740.429410000,82,ok
1785385740.431839000,76,ok
1785385740.430228000,91,ok
1785385740.435078000,86,ok
1785385740.450153000,77,ok
1785385740.452824000,75,ok
1785385740.466683000,79,ok
1785385740.473069000,83,ok
1785385740.466210000,82,ok
1785385740.462828000,78,ok
1785385740.472551000,82,ok
1785385740.478813000,86,ok
1785385740.499910000,78,ok
1785385740.500231000,82,ok
1785385740.513496000,81,ok
1785385740.536576000,82,ok
1785385740.539872000,85,ok
1785385740.544171000,86,ok
1785385740.544521000,88,ok
1785385740.558451000,84,ok
1785385740.567285000,77,ok
1785385740.582923000,79,ok
1785385740.587427000,78,ok
1785385740.589088000,78,ok
1785385740.587392000,83,ok
1785385740.599316000,85,ok
1785385740.595639000,76,ok
1785385740.606920000,77,ok
1785385740.606679000,82,ok
1785385740.614266000,76,ok
1785385740.620708000,76,ok
1785385740.642640000,78,ok
1785385740.643249000,75,ok
1785385740.645512000,81,ok
1785385740.641777000,78,ok
1785385740.660851000,81,ok
1785385740.665708000,78,ok
1785385740.688512000,78,ok
1785385740.692825000,74,ok
1785385740.696563000,82,ok
1785385740.696666000,81,ok
1785385740.704151000,78,ok
1785385740.705418000,78,ok
1785385740.717686000,80,ok
1785385740.719250000,82,ok
1785385740.723695000,80,ok
1785385740.722931000,76,ok
1785385740.745344000,76,ok
1785385740.746035000,77,ok
1785385740.747496000,79,ok
1785385740.747765000,80,ok
1785385740.760347000,77,ok
1785385740.759319000,75,ok
1785385740.787203000,78,ok
1785385740.791757000,73,ok
1785385740.796937000,76,ok
1785385740.798818000,82,ok
1785385740.805316000,75,ok
1785385740.806234000,73,ok
1785385740.825692000,78,ok
1785385740.827723000,74,ok
1785385740.828256000,80,ok
1785385740.832322000,78,ok
1785385740.844309000,73,ok
1785385740.845394000,75,ok
1785385740.849595000,74,ok
1785385740.856656000,75,ok
1785385740.847526000,72,ok
1785385740.855773000,75,ok
1785385740.882026000,76,ok
1785385740.884465000,75,ok
1785385740.892280000,75,ok
1785385740.899414000,83,ok
1785385740.904204000,76,ok
1785385740.902910000,78,ok
1785385740.931531000,76,ok
1785385740.932038000,77,ok
1785385740.932866000,75,ok
1785385740.938089000,75,ok
1785385740.945219000,72,ok
1785385740.951267000,74,ok
1785385740.961042000,79,ok
1785385740.960731000,77,ok
1785385740.960977000,78,ok
1785385740.971723000,85,ok
1785385740.987944000,76,ok
1785385740.984972000,76,ok
1785385741.003145000,79,ok
1785385741.001500000,80,ok
1785385740.998117000,75,ok
1785385741.002850000,79,ok
1785385741.032281000,80,ok
1785385741.033541000,80,ok
1785385741.035512000,83,ok
1785385741.044947000,81,ok
1785385741.047446000,77,ok
1785385741.063120000,85,ok
1785385741.064251000,79,ok
1785385741.069144000,84,ok
1785385741.065805000,80,ok
1785385741.081266000,79,ok
1785385741.093696000,79,ok
1785385741.093095000,79,ok
1785385741.110363000,84,ok
1785385741.113019000,86,ok
1785385741.113975000,89,ok
1785385741.112689000,86,ok
1785385741.139289000,85,ok
1785385741.140053000,84,ok
1785385741.141403000,80,ok
1785385741.150677000,79,ok
1785385741.153090000,80,ok
1785385741.173455000,83,ok
1785385741.175682000,81,ok
1785385741.173801000,80,ok
1785385741.172500000,80,ok
1785385741.196937000,83,ok
1785385741.205999000,82,ok
1785385741.205983000,79,ok
1785385741.225394000,84,ok
1785385741.225673000,81,ok
1785385741.225946000,80,ok
1785385741.226443000,82,ok
1785385741.252731000,78,ok
1785385741.255306000,76,ok
1785385741.257612000,77,ok
1785385741.260181000,75,ok
1785385741.261169000,75,ok
1785385741.277706000,75,ok
1785385741.281984000,76,ok
1785385741.282240000,76,ok
1785385741.282075000,77,ok
1785385741.292515000,74,ok
1785385741.302497000,75,ok
1785385741.302815000,76,ok
1785385741.325063000,79,ok
1785385741.328241000,82,ok
1785385741.327936000,82,ok
1785385741.328984000,83,ok
1785385741.346704000,74,ok
1785385741.355482000,78,ok
1785385741.353019000,76,ok
1785385741.361074000,80,ok
1785385741.361574000,79,ok
1785385741.382831000,77,ok
1785385741.387746000,81,ok
1785385741.388533000,82,ok
1785385741.389361000,78,ok
1785385741.393827000,79,ok
1785385741.403566000,77,ok
1785385741.404719000,80,ok
1785385741.421338000,76,ok
1785385741.427763000,80,ok
1785385741.428527000,80,ok
1785385741.429415000,80,ok
1785385741.448047000,75,ok
1785385741.460980000,81,ok
1785385741.463947000,79,ok
1785385741.465827000,76,ok
1785385741.465174000,84,ok
1785385741.486214000,75,ok
1785385741.489598000,73,ok
1785385741.488305000,74,ok
1785385741.501214000,79,ok
1785385741.497288000,77,ok
1785385741.507212000,78,ok
1785385741.506194000,78,ok
1785385741.530520000,84,ok
1785385741.531666000,80,ok
1785385741.533336000,85,ok
1785385741.530279000,80,ok
1785385741.547212000,77,ok
1785385741.562397000,80,ok
1785385741.559273000,78,ok
1785385741.563981000,77,ok
1785385741.563527000,77,ok
1785385741.587176000,76,ok
1785385741.590024000,77,ok
1785385741.594311000,79,ok
1785385741.604916000,78,ok
1785385741.609451000,81,ok
1785385741.620024000,84,ok
1785385741.619330000,81,ok
1785385741.632942000,75,ok
1785385741.644131000,77,ok
1785385741.646484000,79,ok
1785385741.646399000,80,ok
1785385741.653511000,75,ok
1785385741.660294000,74,ok
1785385741.662329000,76,ok
1785385741.665761000,76,ok
1785385741.665321000,76,ok
1785385741.685301000,78,ok
1785385741.687370000,75,ok
1785385741.688245000,75,ok
1785385741.697386000,72,ok
1785385741.703542000,75,ok
1785385741.712981000,75,ok
1785385741.712904000,76,ok
1785385741.727799000,74,ok
1785385741.744163000,78,ok
1785385741.744474000,75,ok
1785385741.745644000,79,ok
1785385741.750993000,74,ok
1785385741.762058000,74,ok
1785385741.767875000,79,ok
1785385741.768827000,76,ok
1785385741.768582000,80,ok
1785385741.788351000,80,ok
1785385741.788765000,78,ok
1785385741.788584000,71,ok
1785385741.788283000,77,ok
1785385741.797050000,74,ok
1785385741.808245000,76,ok
1785385741.806979000,73,ok
1785385741.819356000,74,ok
1785385741.838667000,75,ok
1785385741.841656000,79,ok
1785385741.843062000,79,ok
1785385741.844892000,73,ok
1785385741.858829000,74,ok
1785385741.867760000,76,ok
1785385741.868659000,77,ok
1785385741.873682000,77,ok
1785385741.896078000,72,ok
1785385741.889943000,74,ok
1785385741.896110000,78,ok
1785385741.902485000,75,ok
1785385741.896040000,78,ok
1785385741.894643000,76,ok
1785385741.903923000,75,ok
1785385741.913265000,74,ok
1785385741.931316000,74,ok
1785385741.934604000,75,ok
1785385741.936995000,74,ok
1785385741.937836000,77,ok
1785385741.954604000,75,ok
1785385741.959368000,74,ok
1785385741.969136000,78,ok
1785385741.969414000,76,ok
1785385742.005827000,78,ok
1785385742.006924000,79,ok
1785385742.006208000,82,ok
1785385742.004050000,78,ok
1785385742.005510000,78,ok
1785385742.008131000,76,ok
1785385742.010411000,75,ok
1785385742.020106000,75,ok
1785385742.035397000,78,ok
1785385742.042670000,79,ok
1785385742.040731000,81,ok
1785385742.038528000,76,ok
1785385742.059255000,70,ok
1785385742.057376000,80,ok
1785385742.054980000,76,ok
1785385742.058075000,71,ok
1785385742.106384000,78,ok
1785385742.107840000,79,ok
1785385742.108782000,80,ok
1785385742.110628000,80,ok
1785385742.111157000,80,ok
1785385742.116239000,79,ok
1785385742.115395000,78,ok
1785385742.141865000,83,ok
1785385742.158795000,80,ok
1785385742.160143000,74,ok
1785385742.160214000,77,ok
1785385742.154316000,82,ok
1785385742.163064000,75,ok
1785385742.161912000,74,ok
1785385742.166968000,75,ok
1785385742.171271000,75,ok
1785385742.208907000,79,ok
1785385742.209922000,78,ok
1785385742.214769000,79,ok
1785385742.215453000,72,ok
1785385742.218087000,81,ok
1785385742.220912000,83,ok
1785385742.220528000,80,ok
1785385742.249174000,81,ok
1785385742.259608000,77,ok
1785385742.262789000,75,ok
1785385742.263970000,77,ok
1785385742.268141000,76,ok
1785385742.269899000,81,ok
1785385742.266145000,77,ok
1785385742.274352000,74,ok
1785385742.271106000,75,ok
1785385742.314284000,77,ok
1785385742.311884000,77,ok
1785385742.318315000,78,ok
1785385742.321143000,78,ok
1785385742.323285000,78,ok
1785385742.322972000,77,ok
1785385742.324234000,83,ok
1785385742.354234000,79,ok
1785385742.363268000,77,ok
1785385742.363789000,72,ok
1785385742.367418000,74,ok
1785385742.380094000,80,ok
1785385742.384697000,86,ok
1785385742.386053000,87,ok
1785385742.386693000,86,ok
1785385742.386315000,85,ok
1785385742.412332000,73,ok
1785385742.421437000,77,ok
1785385742.413745000,72,ok
1785385742.418732000,77,ok
1785385742.422123000,73,ok
1785385742.420985000,75,ok
1785385742.423510000,77,ok
1785385742.449837000,77,ok
1785385742.460428000,76,ok
1785385742.465775000,79,ok
1785385742.465413000,80,ok
1785385742.482823000,76,ok
1785385742.480374000,75,ok
1785385742.487719000,79,ok
1785385742.485292000,77,ok
1785385742.488485000,79,ok
1785385742.532147000,83,ok
1785385742.529323000,80,ok
1785385742.531807000,81,ok
1785385742.531416000,83,ok
1785385742.533265000,83,ok
1785385742.532862000,82,ok
1785385742.536057000,82,ok
1785385742.563711000,84,ok
1785385742.564689000,79,ok
1785385742.573677000,80,ok
1785385742.572409000,80,ok
1785385742.584388000,76,ok
1785385742.592729000,80,ok
1785385742.593476000,80,ok
1785385742.591646000,79,ok
1785385742.592237000,76,ok
1785385742.632107000,77,ok
1785385742.635728000,78,ok
1785385742.635390000,81,ok
1785385742.635350000,81,ok
1785385742.637908000,81,ok
1785385742.638257000,82,ok
1785385742.639244000,82,ok
1785385742.664380000,74,ok
1785385742.665543000,79,ok
1785385742.674991000,76,ok
1785385742.675797000,80,ok
1785385742.683556000,72,ok
1785385742.691365000,75,ok
1785385742.692111000,72,ok
1785385742.690420000,73,ok
1785385742.691599000,75,ok
1785385742.732850000,75,ok
1785385742.733141000,75,ok
1785385742.736940000,77,ok
1785385742.738662000,80,ok
1785385742.737796000,78,ok
1785385742.737712000,75,ok
1785385742.740937000,82,ok
1785385742.768641000,78,ok
1785385742.766074000,78,ok
1785385742.774487000,74,ok
1785385742.775773000,79,ok
1785385742.783496000,75,ok
1785385742.790407000,73,ok
1785385742.792699000,78,ok
1785385742.792446000,77,ok
1785385742.793991000,79,ok
1785385742.839017000,83,ok
1785385742.840881000,81,ok
1785385742.841023000,82,ok
1785385742.843518000,83,ok
1785385742.842765000,85,ok
1785385742.844576000,82,ok
1785385742.848889000,83,ok
1785385742.887591000,89,ok
1785385742.887028000,90,ok
1785385742.887969000,78,ok
1785385742.896347000,83,ok
1785385742.896969000,81,ok
1785385742.900400000,74,ok
1785385742.901812000,82,ok
1785385742.904941000,79,ok
1785385742.904595000,80,ok
1785385742.944787000,77,ok
1785385742.951061000,82,ok
1785385742.948666000,81,ok
1785385742.953226000,79,ok
1785385742.953365000,84,ok
1785385742.953798000,83,ok
1785385742.957357000,86,ok
1785385742.992482000,75,ok
1785385742.994765000,81,ok
1785385742.995612000,77,ok
1785385743.010296000,79,ok
1785385743.013195000,79,ok
1785385743.011716000,76,ok
1785385743.015468000,81,ok
1785385743.016622000,77,ok
1785385743.013291000,80,ok
1785385743.051177000,78,ok
1785385743.051196000,82,ok
1785385743.054796000,81,ok
1785385743.055309000,75,ok
1785385743.055714000,79,ok
1785385743.058402000,83,ok
1785385743.059203000,82,ok
1785385743.091035000,78,ok
1785385743.094570000,76,ok
1785385743.095218000,79,ok
1785385743.117139000,79,ok
1785385743.120471000,80,ok
1785385743.120597000,82,ok
1785385743.120071000,79,ok
1785385743.121925000,83,ok
1785385743.120640000,80,ok
1785385743.156575000,79,ok
1785385743.159270000,82,ok
1785385743.156535000,80,ok
1785385743.159050000,81,ok
1785385743.160103000,80,ok
1785385743.162269000,81,ok
1785385743.163733000,87,ok
1785385743.187651000,75,ok
1785385743.189671000,78,ok
1785385743.187458000,78,ok
1785385743.219251000,79,ok
1785385743.221485000,82,ok
1785385743.222382000,79,ok
1785385743.223221000,80,ok
1785385743.221189000,80,ok
1785385743.226011000,83,ok
1785385743.255738000,75,ok
1785385743.254661000,75,ok
1785385743.263168000,82,ok
1785385743.262129000,74,ok
1785385743.264092000,78,ok
1785385743.265463000,76,ok
1785385743.266310000,78,ok
1785385743.289607000,79,ok
1785385743.289537000,76,ok
1785385743.291743000,79,ok
1785385743.321963000,78,ok
1785385743.323510000,79,ok
1785385743.325152000,82,ok
1785385743.328112000,84,ok
1785385743.328038000,83,ok
1785385743.326948000,82,ok
1785385743.373856000,88,ok
1785385743.359779000,79,ok
1785385743.377754000,87,ok
1785385743.372894000,87,ok
1785385743.379610000,88,ok
1785385743.378218000,92,ok
1785385743.377868000,84,ok
1785385743.397545000,82,ok
1785385743.398083000,83,ok
1785385743.401354000,85,ok
1785385743.428673000,76,ok
1785385743.435271000,81,ok
1785385743.436368000,81,ok
1785385743.441731000,80,ok
1785385743.441945000,83,ok
1785385743.449921000,91,ok
1785385743.475187000,76,ok
1785385743.475176000,72,ok
1785385743.479302000,75,ok
1785385743.482093000,76,ok
1785385743.485965000,79,ok
1785385743.487579000,81,ok
1785385743.486220000,80,ok
1785385743.506124000,83,ok
1785385743.506988000,80,ok
1785385743.505996000,77,ok
1785385743.528555000,76,ok
1785385743.534150000,75,ok
1785385743.539224000,76,ok
1785385743.535533000,74,ok
1785385743.540576000,78,ok
1785385743.545186000,76,ok
1785385743.576007000,77,ok
1785385743.584850000,78,ok
1785385743.586306000,73,ok
1785385743.585440000,80,ok
1785385743.588958000,75,ok
1785385743.598670000,77,ok
1785385743.600831000,85,ok
1785385743.616958000,78,ok
1785385743.619218000,79,ok
1785385743.622940000,78,ok
1785385743.637600000,75,ok
1785385743.636140000,80,ok
1785385743.637614000,76,ok
1785385743.645615000,75,ok
1785385743.644408000,81,ok
1785385743.648681000,79,ok
1785385743.671680000,77,ok
1785385743.686927000,80,ok
1785385743.689427000,83,ok
1785385743.690962000,81,ok
1785385743.690285000,79,ok
1785385743.704903000,77,ok
1785385743.704974000,78,ok
1785385743.728940000,80,ok
1785385743.729313000,76,ok
1785385743.731830000,78,ok
1785385743.747837000,77,ok
1785385743.754297000,77,ok
1785385743.753786000,84,ok
1785385743.754397000,85,ok
1785385743.754755000,79,ok
1785385743.752532000,79,ok
1785385743.775227000,79,ok
1785385743.786829000,79,ok
1785385743.789635000,76,ok
1785385743.789823000,78,ok
1785385743.789036000,78,ok
1785385743.803024000,74,ok
1785385743.806248000,75,ok
1785385743.828061000,79,ok
1785385743.829089000,81,ok
1785385743.833199000,75,ok
1785385743.853463000,75,ok
1785385743.861900000,83,ok
1785385743.856114000,76,ok
1785385743.859779000,78,ok
1785385743.864912000,82,ok
1785385743.862048000,82,ok
1785385743.881747000,76,ok
1785385743.901288000,84,ok
1785385743.905070000,87,ok
1785385743.903386000,86,ok
1785385743.906211000,82,ok
1785385743.905169000,88,ok
1785385743.905726000,76,ok
1785385743.931039000,77,ok
1785385743.928600000,79,ok
1785385743.929666000,79,ok
1785385743.954730000,74,ok
1785385743.967873000,82,ok
1785385743.967557000,81,ok
1785385743.969750000,83,ok
1785385743.969101000,83,ok
1785385743.969682000,81,ok
1785385743.989841000,80,ok
1785385744.004235000,76,ok
1785385744.007305000,82,ok
1785385744.010671000,82,ok
1785385744.010493000,80,ok
1785385744.010891000,80,ok
1785385744.011327000,82,ok
1785385744.029536000,78,ok
1785385744.028715000,75,ok
1785385744.030553000,76,ok
1785385744.051562000,78,ok
1785385744.061184000,74,ok
1785385744.065118000,76,ok
1785385744.069868000,82,ok
1785385744.068977000,79,ok
1785385744.069218000,80,ok
1785385744.089734000,79,ok
1785385744.107513000,75,ok
1785385744.107630000,78,ok
1785385744.116260000,78,ok
1785385744.116723000,78,ok
1785385744.115441000,78,ok
1785385744.127111000,85,ok
1785385744.145761000,81,ok
1785385744.147432000,80,ok
1785385744.147856000,81,ok
1785385744.156219000,75,ok
1785385744.157647000,68,ok
1785385744.161834000,71,ok
1785385744.166241000,73,ok
1785385744.169453000,75,ok
1785385744.169949000,75,ok
1785385744.184517000,74,ok
1785385744.203329000,77,ok
1785385744.203664000,76,ok
1785385744.207725000,72,ok
1785385744.210885000,75,ok
1785385744.212599000,77,ok
1785385744.227957000,83,ok
1785385744.244198000,74,ok
1785385744.248631000,79,ok
1785385744.247152000,75,ok
1785385744.260529000,79,ok
1785385744.260508000,73,ok
1785385744.261640000,79,ok
1785385744.267495000,74,ok
1785385744.279397000,85,ok
1785385744.278537000,85,ok
1785385744.290784000,83,ok
1785385744.296981000,74,ok
1785385744.310622000,81,ok
1785385744.319219000,83,ok
1785385744.322036000,85,ok
1785385744.311639000,83,ok
1785385744.322243000,77,ok
1785385744.354962000,85,ok
1785385744.354244000,86,ok
1785385744.354629000,88,ok
1785385744.380697000,90,ok
1785385744.379318000,88,ok
1785385744.388966000,85,ok
1785385744.391311000,82,ok
1785385744.411065000,86,ok
1785385744.412596000,83,ok
1785385744.422900000,83,ok
1785385744.431634000,79,ok
1785385744.442835000,82,ok
1785385744.443168000,77,ok
1785385744.445313000,83,ok
1785385744.444246000,81,ok
1785385744.448830000,78,ok
1785385744.469015000,81,ok
1785385744.470141000,80,ok
1785385744.470667000,83,ok
1785385744.487614000,81,ok
1785385744.489659000,77,ok
1785385744.490086000,86,ok
1785385744.492492000,74,ok
1785385744.512591000,78,ok
1785385744.515870000,81,ok
1785385744.519576000,76,ok
1785385744.533007000,78,ok
1785385744.543213000,76,ok
1785385744.547113000,78,ok
1785385744.543635000,77,ok
1785385744.547012000,76,ok
1785385744.557561000,80,ok
1785385744.570144000,77,ok
1785385744.580199000,83,ok
1785385744.583325000,86,ok
1785385744.596155000,83,ok
1785385744.593898000,82,ok
1785385744.598792000,82,ok
1785385744.596857000,78,ok
1785385744.615866000,77,ok
1785385744.625628000,79,ok
1785385744.623285000,82,ok
1785385744.643565000,75,ok
1785385744.654296000,78,ok
1785385744.652522000,79,ok
1785385744.654452000,79,ok
1785385744.657253000,77,ok
1785385744.665519000,78,ok
1785385744.679631000,77,ok
1785385744.693071000,76,ok
1785385744.695700000,77,ok
1785385744.696306000,73,ok
1785385744.701299000,73,ok
1785385744.702559000,72,ok
1785385744.707128000,74,ok
1785385744.716673000,75,ok
1785385744.726290000,78,ok
1785385744.726278000,77,ok
1785385744.745769000,72,ok
1785385744.745149000,77,ok
1785385744.750011000,75,ok
1785385744.753560000,77,ok
1785385744.753399000,77,ok
1785385744.763635000,76,ok
1785385744.772937000,74,ok
1785385744.792292000,74,ok
1785385744.794126000,77,ok
1785385744.800736000,78,ok
1785385744.799852000,77,ok
1785385744.809540000,80,ok
1785385744.809730000,80,ok
1785385744.820236000,76,ok
1785385744.830619000,77,ok
1785385744.834750000,81,ok
1785385744.849541000,76,ok
1785385744.852946000,76,ok
1785385744.855181000,78,ok
1785385744.858696000,79,ok
1785385744.860411000,77,ok
1785385744.866644000,74,ok
1785385744.872203000,74,ok
1785385744.895068000,75,ok
1785385744.901773000,75,ok
1785385744.901818000,74,ok
1785385744.901177000,77,ok
1785385744.913746000,77,ok
1785385744.915259000,79,ok
1785385744.918285000,73,ok
1785385744.929958000,73,ok
1785385744.930586000,77,ok
1785385744.953566000,77,ok
1785385744.957655000,77,ok
1785385744.952667000,75,ok
1785385744.959303000,76,ok
1785385744.960980000,73,ok
1785385744.958481000,76,ok
1785385744.962552000,71,ok
1785385744.989941000,76,ok
1785385744.995010000,73,ok
1785385744.996747000,76,ok
1785385744.999063000,78,ok
1785385745.012798000,75,ok
1785385745.013375000,74,ok
1785385745.012959000,74,ok
1785385745.026073000,77,ok
1785385745.029637000,81,ok
1785385745.053215000,75,ok
1785385745.053723000,75,ok
1785385745.054330000,74,ok
1785385745.053474000,78,ok
1785385745.059049000,76,ok
1785385745.061350000,78,ok
1785385745.061372000,77,ok
1785385745.086200000,77,ok
1785385745.095555000,80,ok
1785385745.096380000,81,ok
1785385745.096393000,78,ok
1785385745.115220000,79,ok
1785385745.115376000,79,ok
1785385745.114223000,78,ok
1785385745.120041000,76,ok
1785385745.125069000,77,ok
1785385745.152591000,76,ok
1785385745.156293000,77,ok
1785385745.158159000,79,ok
1785385745.159491000,77,ok
1785385745.160557000,75,ok
1785385745.163071000,80,ok
1785385745.170531000,75,ok
1785385745.188818000,74,ok
1785385745.196447000,75,ok
1785385745.197886000,75,ok
1785385745.198892000,74,ok
1785385745.220422000,79,ok
1785385745.222475000,79,ok
1785385745.221989000,81,ok
1785385745.222915000,79,ok
1785385745.222905000,76,ok
1785385745.246711000,72,ok
1785385745.251099000,74,ok
1785385745.256225000,77,ok
1785385745.258933000,76,ok
1785385745.259030000,78,ok
1785385745.261708000,71,ok
1785385745.262392000,81,ok
1785385745.285667000,78,ok
1785385745.293633000,78,ok
1785385745.294111000,79,ok
1785385745.297057000,83,ok
1785385745.313778000,74,ok
1785385745.318615000,76,ok
1785385745.320980000,78,ok
1785385745.321571000,78,ok
1785385745.320863000,78,ok
1785385745.350903000,77,ok
1785385745.350884000,73,ok
1785385745.350870000,74,ok
1785385745.355687000,75,ok
1785385745.356663000,74,ok
1785385745.358700000,74,ok
1785385745.360084000,78,ok
1785385745.382161000,74,ok
1785385745.387718000,77,ok
1785385745.389315000,77,ok
1785385745.390382000,76,ok
1785385745.409989000,72,ok
1785385745.407157000,72,ok
1785385745.414377000,73,ok
1785385745.414014000,75,ok
1785385745.418160000,78,ok
1785385745.444007000,72,ok
1785385745.452888000,79,ok
1785385745.453440000,77,ok
1785385745.452514000,79,ok
1785385745.465098000,83,ok
1785385745.462501000,78,ok
1785385745.463355000,80,ok
1785385745.489408000,78,ok
1785385745.485174000,79,ok
1785385745.490552000,83,ok
1785385745.486602000,76,ok
1785385745.515349000,83,ok
1785385745.514616000,79,ok
1785385745.515008000,79,ok
1785385745.514462000,77,ok
1785385745.516404000,81,ok
1785385745.542391000,77,ok
1785385745.554076000,79,ok
1785385745.554136000,79,ok
1785385745.556901000,82,ok
1785385745.569645000,80,ok
1785385745.570748000,77,ok
1785385745.570848000,81,ok
1785385745.592185000,75,ok
1785385745.595030000,76,ok
1785385745.597507000,76,ok
1785385745.599057000,79,ok
1785385745.620419000,78,ok
1785385745.621986000,80,ok
1785385745.622856000,81,ok
1785385745.625461000,84,ok
1785385745.626424000,84,ok
1785385745.638839000,72,ok
1785385745.650233000,73,ok
1785385745.650854000,74,ok
1785385745.655199000,76,ok
1785385745.664440000,73,ok
1785385745.665457000,76,ok
1785385745.669303000,78,ok
1785385745.688103000,77,ok
1785385745.688408000,74,ok
1785385745.691564000,74,ok
1785385745.693027000,76,ok
1785385745.719032000,77,ok
1785385745.719939000,76,ok
1785385745.719558000,76,ok
1785385745.722265000,77,ok
1785385745.722348000,76,ok
1785385745.740597000,74,ok
1785385745.749973000,74,ok
1785385745.750038000,72,ok
1785385745.754956000,74,ok
1785385745.765293000,77,ok
1785385745.764736000,76,ok
1785385745.768314000,71,ok
1785385745.788166000,79,ok
1785385745.788476000,79,ok
1785385745.790784000,78,ok
1785385745.788590000,78,ok
1785385745.818385000,79,ok
1785385745.816967000,77,ok
1785385745.818903000,78,ok
1785385745.819297000,78,ok
1785385745.818887000,77,ok
1785385745.846077000,76,ok
1785385745.846468000,76,ok
1785385745.845088000,77,ok
1785385745.852987000,76,ok
1785385745.865309000,78,ok
1785385745.866746000,79,ok
1785385745.866723000,74,ok
1785385745.889000000,78,ok
1785385745.888412000,78,ok
1785385745.889303000,78,ok
1785385745.888320000,80,ok
1785385745.910741000,73,ok
1785385745.913001000,76,ok
1785385745.920087000,81,ok
1785385745.920685000,81,ok
1785385745.920336000,80,ok
1785385745.948364000,79,ok
1785385745.947345000,77,ok
1785385745.955647000,83,ok
1785385745.956995000,86,ok
1785385745.971598000,78,ok
1785385745.972325000,79,ok
1785385745.974173000,82,ok
1785385745.989982000,81,ok
1785385745.991496000,81,ok
1785385745.989752000,76,ok
1785385745.996107000,82,ok
1785385746.017891000,79,ok
1785385746.017434000,79,ok
1785385746.019822000,78,ok
1785385746.028703000,82,ok
1785385746.028664000,83,ok
1785385746.053894000,76,ok
1785385746.056268000,80,ok
1785385746.060737000,79,ok
1785385746.063472000,77,ok
1785385746.079428000,79,ok
1785385746.080006000,77,ok
1785385746.079985000,77,ok
1785385746.099133000,77,ok
1785385746.098577000,77,ok
1785385746.098565000,77,ok
1785385746.100699000,80,ok
1785385746.119334000,77,ok
1785385746.121041000,76,ok
1785385746.123976000,75,ok
1785385746.122502000,80,ok
1785385746.123755000,74,ok
1785385746.145746000,74,ok
1785385746.149375000,75,ok
1785385746.149972000,72,ok
1785385746.153556000,72,ok
1785385746.176431000,77,ok
1785385746.175795000,76,ok
1785385746.176483000,76,ok
1785385746.200494000,79,ok
1785385746.200414000,78,ok
1785385746.203980000,79,ok
1785385746.201790000,80,ok
1785385746.218387000,75,ok
1785385746.223303000,78,ok
1785385746.220436000,76,ok
1785385746.224340000,77,ok
1785385746.225426000,74,ok
1785385746.246597000,70,ok
1785385746.246527000,76,ok
1785385746.246577000,78,ok
1785385746.247759000,78,ok
1785385746.270134000,74,ok
1785385746.272085000,77,ok
1785385746.272133000,74,ok
1785385746.299584000,78,ok
1785385746.299442000,76,ok
1785385746.303017000,82,ok
1785385746.302953000,80,ok
1785385746.318625000,77,ok
1785385746.322351000,76,ok
1785385746.320652000,74,ok
1785385746.325464000,78,ok
1785385746.327627000,73,ok
1785385746.347306000,77,ok
1785385746.347059000,76,ok
1785385746.349304000,79,ok
1785385746.348813000,79,ok
1785385746.364229000,76,ok
1785385746.368491000,76,ok
1785385746.367302000,75,ok
1785385746.395748000,75,ok
1785385746.396127000,79,ok
1785385746.395959000,77,ok
1785385746.395669000,74,ok
1785385746.417576000,76,ok
1785385746.418354000,75,ok
1785385746.421514000,77,ok
1785385746.424690000,77,ok
1785385746.427810000,77,ok
1785385746.446616000,75,ok
1785385746.449311000,77,ok
1785385746.451508000,79,ok
1785385746.450580000,77,ok
1785385746.461020000,75,ok
1785385746.465856000,76,ok
1785385746.468819000,78,ok
1785385746.491690000,76,ok
1785385746.495741000,77,ok
1785385746.496615000,79,ok
1785385746.497347000,80,ok
1785385746.522878000,78,ok
1785385746.526756000,82,ok
1785385746.524049000,76,ok
1785385746.527779000,78,ok
1785385746.529779000,77,ok
1785385746.547703000,74,ok
1785385746.554832000,77,ok
1785385746.553765000,78,ok
1785385746.555409000,79,ok
1785385746.561807000,78,ok
1785385746.566338000,78,ok
1785385746.570813000,83,ok
1785385746.592363000,78,ok
1785385746.592512000,78,ok
1785385746.592620000,77,ok
1785385746.586655000,74,ok
1785385746.625426000,75,ok
1785385746.626750000,78,ok
1785385746.626475000,78,ok
1785385746.629278000,76,ok
1785385746.642116000,84,ok
1785385746.665538000,73,ok
1785385746.664381000,79,ok
1785385746.665721000,80,ok
1785385746.670221000,78,ok
1785385746.670463000,77,ok
1785385746.670414000,77,ok
1785385746.676602000,74,ok
1785385746.696436000,80,ok
1785385746.698640000,81,ok
1785385746.700617000,82,ok
1785385746.701313000,83,ok
1785385746.716476000,71,ok
1785385746.722054000,73,ok
1785385746.720714000,75,ok
1785385746.719119000,75,ok
1785385746.733508000,75,ok
1785385746.765366000,76,ok
1785385746.772365000,80,ok
1785385746.772057000,78,ok
1785385746.773626000,84,ok
1785385746.772882000,81,ok
1785385746.773741000,77,ok
1785385746.787860000,81,ok
1785385746.808290000,77,ok
1785385746.804429000,74,ok
1785385746.809620000,76,ok
1785385746.812513000,81,ok
1785385746.819306000,71,ok
1785385746.823318000,73,ok
1785385746.827660000,72,ok
1785385746.826529000,75,ok
1785385746.827465000,76,ok
1785385746.858893000,73,ok
1785385746.868593000,76,ok
1785385746.869490000,75,ok
1785385746.871036000,78,ok
1785385746.871441000,77,ok
1785385746.874249000,81,ok
1785385746.889335000,76,ok
1785385746.910817000,77,ok
1785385746.912627000,79,ok
1785385746.912657000,78,ok
1785385746.914345000,73,ok
1785385746.921960000,73,ok
1785385746.923038000,76,ok
1785385746.926357000,74,ok
1785385746.928700000,74,ok
1785385746.927592000,76,ok
1785385746.952465000,76,ok
1785385746.961486000,72,ok
1785385746.963394000,74,ok
1785385746.969008000,78,ok
1785385746.969014000,77,ok
1785385746.970058000,78,ok
1785385746.983554000,74,ok
1785385747.009794000,73,ok
1785385747.009269000,75,ok
1785385747.011012000,73,ok
1785385747.012306000,74,ok
1785385747.026449000,73,ok
1785385747.024589000,76,ok
1785385747.028865000,84,ok
1785385747.029050000,78,ok
1785385747.028856000,77,ok
1785385747.049668000,75,ok
1785385747.053764000,71,ok
1785385747.058000000,71,ok
1785385747.058945000,69,ok
1785385747.062341000,73,ok
1785385747.059247000,71,ok
1785385747.075643000,73,ok
1785385747.103966000,74,ok
1785385747.107623000,78,ok
1785385747.107958000,79,ok
1785385747.108460000,73,ok
1785385747.124490000,74,ok
1785385747.123886000,75,ok
1785385747.130619000,74,ok
1785385747.134489000,77,ok
1785385747.134554000,80,ok
1785385747.150801000,71,ok
1785385747.162445000,76,ok
1785385747.163032000,77,ok
1785385747.165517000,80,ok
1785385747.171051000,73,ok
1785385747.169212000,80,ok
1785385747.170408000,82,ok
1785385747.197496000,75,ok
1785385747.201148000,76,ok
1785385747.201328000,75,ok
1785385747.201705000,76,ok
1785385747.219690000,73,ok
1785385747.223178000,72,ok
1785385747.229379000,76,ok
1785385747.227900000,75,ok
1785385747.229077000,73,ok
1785385747.246048000,72,ok
1785385747.263842000,76,ok
1785385747.267367000,78,ok
1785385747.268504000,79,ok
1785385747.267238000,77,ok
1785385747.270492000,80,ok
1785385747.272245000,80,ok
1785385747.289591000,72,ok
1785385747.298000000,78,ok
1785385747.294483000,75,ok
1785385747.299574000,79,ok
1785385747.320029000,75,ok
1785385747.321805000,79,ok
1785385747.325469000,76,ok
1785385747.329838000,80,ok
1785385747.329743000,78,ok
1785385747.342143000,74,ok
1785385747.362768000,73,ok
1785385747.365936000,77,ok
1785385747.368183000,77,ok
1785385747.368153000,75,ok
1785385747.373324000,77,ok
1785385747.375366000,78,ok
1785385747.389749000,73,ok
1785385747.394313000,74,ok
1785385747.394799000,74,ok
1785385747.404792000,76,ok
1785385747.417018000,71,ok
1785385747.418671000,71,ok
1785385747.425270000,75,ok
1785385747.425583000,73,ok
1785385747.427771000,73,ok
1785385747.437147000,77,ok
1785385747.457923000,73,ok
1785385747.464263000,76,ok
1785385747.465657000,77,ok
1785385747.467041000,80,ok
1785385747.473673000,79,ok
1785385747.473820000,80,ok
1785385747.488680000,75,ok
1785385747.498981000,81,ok
1785385747.502184000,78,ok
1785385747.502955000,85,ok
1785385747.521420000,74,ok
1785385747.519219000,75,ok
1785385747.529234000,76,ok
1785385747.527725000,79,ok
1785385747.532827000,77,ok
1785385747.534883000,74,ok
1785385747.555639000,75,ok
1785385747.564694000,76,ok
1785385747.569504000,81,ok
1785385747.571756000,76,ok
1785385747.569121000,78,ok
1785385747.573417000,77,ok
1785385747.589309000,77,ok
1785385747.593721000,74,ok
1785385747.598023000,76,ok
1785385747.602893000,79,ok
1785385747.619120000,75,ok
1785385747.623358000,76,ok
1785385747.627938000,76,ok
1785385747.632054000,80,ok
1785385747.632919000,77,ok
1785385747.634992000,78,ok
1785385747.656702000,76,ok
1785385747.664431000,78,ok
1785385747.669880000,78,ok
1785385747.669608000,75,ok
1785385747.673517000,79,ok
1785385747.674808000,83,ok
1785385747.693658000,74,ok
1785385747.696586000,78,ok
1785385747.701138000,77,ok
1785385747.705542000,77,ok
1785385747.723298000,77,ok
1785385747.728740000,77,ok
1785385747.731284000,76,ok
1785385747.739023000,80,ok
1785385747.737611000,77,ok
1785385747.737548000,81,ok
1785385747.762525000,74,ok
1785385747.765297000,74,ok
1785385747.770765000,76,ok
1785385747.771841000,86,ok
1785385747.774454000,77,ok
1785385747.771941000,81,ok
1785385747.795812000,74,ok
1785385747.799076000,82,ok
1785385747.795541000,77,ok
1785385747.801748000,77,ok
1785385747.826990000,76,ok
1785385747.829484000,77,ok
1785385747.828436000,73,ok
1785385747.831091000,73,ok
1785385747.837708000,79,ok
1785385747.837790000,79,ok
1785385747.861831000,74,ok
1785385747.870984000,74,ok
1785385747.874720000,78,ok
1785385747.875196000,79,ok
1785385747.875173000,78,ok
1785385747.875162000,81,ok
1785385747.893772000,77,ok
1785385747.897625000,77,ok
1785385747.896915000,74,ok
1785385747.896723000,76,ok
1785385747.921535000,73,ok
1785385747.921086000,74,ok
1785385747.922276000,73,ok
1785385747.922636000,71,ok
1785385747.929626000,73,ok
1785385747.929262000,73,ok
1785385747.956033000,76,ok
1785385747.965031000,73,ok
1785385747.966273000,71,ok
1785385747.976120000,78,ok
1785385747.974587000,77,ok
1785385747.975020000,77,ok
1785385747.991247000,75,ok
1785385747.993397000,75,ok
1785385747.996640000,78,ok
1785385747.996707000,77,ok
1785385748.020283000,75,ok
1785385748.019411000,74,ok
1785385748.023110000,73,ok
1785385748.019322000,76,ok
1785385748.022249000,72,ok
1785385748.022169000,75,ok
1785385748.049046000,75,ok
1785385748.058882000,76,ok
1785385748.060931000,76,ok
1785385748.071577000,75,ok
1785385748.071321000,74,ok
1785385748.071184000,77,ok
1785385748.088514000,76,ok
1785385748.088533000,75,ok
1785385748.098314000,77,ok
1785385748.098327000,76,ok
1785385748.120339000,75,ok
1785385748.120368000,75,ok
1785385748.127450000,80,ok
1785385748.126667000,79,ok
1785385748.129359000,81,ok
1785385748.131541000,82,ok
1785385748.146841000,75,ok
1785385748.155876000,78,ok
1785385748.155733000,75,ok
1785385748.169366000,76,ok
1785385748.168716000,77,ok
1785385748.168730000,75,ok
1785385748.186779000,78,ok
1785385748.185963000,76,ok
1785385748.191340000,74,ok
1785385748.193800000,75,ok
1785385748.214747000,71,ok
1785385748.219066000,73,ok
1785385748.223889000,76,ok
1785385748.227668000,76,ok
1785385748.230382000,74,ok
1785385748.234399000,74,ok
1785385748.251357000,76,ok
1785385748.255072000,76,ok
1785385748.257773000,76,ok
1785385748.268854000,79,ok
1785385748.268567000,77,ok
1785385748.269312000,74,ok
1785385748.288550000,77,ok
1785385748.287849000,76,ok
1785385748.288637000,73,ok
1785385748.288928000,80,ok
1785385748.310618000,76,ok
1785385748.315098000,76,ok
1785385748.321048000,75,ok
1785385748.319012000,76,ok
1785385748.335832000,83,ok
1785385748.327361000,77,ok
1785385748.344717000,75,ok
1785385748.353514000,77,ok
1785385748.352882000,77,ok
1785385748.371205000,83,ok
1785385748.370112000,81,ok
1785385748.372686000,82,ok
1785385748.392655000,77,ok
1785385748.396391000,80,ok
1785385748.405221000,84,ok
1785385748.407556000,89,ok
1785385748.430231000,77,ok
1785385748.432620000,78,ok
1785385748.430751000,75,ok
1785385748.432980000,77,ok
1785385748.438100000,75,ok
1785385748.440887000,81,ok
1785385748.452034000,78,ok
1785385748.462816000,74,ok
1785385748.459392000,76,ok
1785385748.471516000,77,ok
1785385748.472604000,77,ok
1785385748.472323000,79,ok
1785385748.492555000,74,ok
1785385748.489893000,74,ok
1785385748.499336000,74,ok
1785385748.504199000,77,ok
1785385748.534088000,78,ok
1785385748.533214000,78,ok
1785385748.541097000,82,ok
1785385748.542722000,77,ok
1785385748.544084000,88,ok
1785385748.543432000,88,ok
1785385748.555288000,76,ok
1785385748.573420000,80,ok
1785385748.568622000,80,ok
1785385748.572570000,85,ok
1785385748.579208000,83,ok
1785385748.589744000,76,ok
1785385748.590244000,76,ok
1785385748.587679000,90,ok
1785385748.602498000,83,ok
1785385748.604587000,82,ok
1785385748.636698000,79,ok
1785385748.647517000,77,ok
1785385748.650079000,80,ok
1785385748.652064000,92,ok
1785385748.655470000,87,ok
1785385748.660611000,82,ok
1785385748.675001000,80,ok
1785385748.693259000,81,ok
1785385748.695029000,77,ok
1785385748.697303000,88,ok
1785385748.703680000,80,ok
1785385748.708748000,86,ok
1785385748.706876000,80,ok
1785385748.715874000,79,ok
1785385748.718794000,82,ok
1785385748.732140000,87,ok
1785385748.737449000,78,ok
1785385748.748851000,77,ok
1785385748.758912000,81,ok
1785385748.760572000,78,ok
1785385748.763666000,79,ok
1785385748.759274000,82,ok
1785385748.777567000,78,ok
1785385748.794562000,78,ok
1785385748.802522000,80,ok
1785385748.811214000,86,ok
1785385748.818321000,78,ok
1785385748.818581000,83,ok
1785385748.819253000,82,ok
1785385748.837992000,73,ok
1785385748.836157000,76,ok
1785385748.836627000,86,ok
1785385748.853965000,83,ok
1785385748.860086000,80,ok
1785385748.859433000,75,ok
1785385748.860324000,73,ok
1785385748.872151000,80,ok
1785385748.870132000,80,ok
1785385748.876811000,75,ok
1785385748.889859000,76,ok
1785385748.898995000,76,ok
1785385748.915257000,75,ok
1785385748.913321000,77,ok
1785385748.920222000,77,ok
1785385748.920244000,80,ok
1785385748.940080000,76,ok
1785385748.941622000,75,ok
1785385748.943543000,78,ok
1785385748.967403000,75,ok
1785385748.969322000,79,ok
1785385748.970380000,75,ok
1785385748.976243000,75,ok
1785385748.974783000,76,ok
1785385748.975041000,75,ok
1785385748.981059000,73,ok
1785385748.991532000,77,ok
1785385748.999784000,73,ok
1785385749.011314000,74,ok
1785385749.010972000,76,ok
1785385749.019010000,76,ok
1785385749.017657000,78,ok
1785385749.039748000,79,ok
1785385749.039017000,77,ok
1785385749.041057000,80,ok
1785385749.064431000,74,ok
1785385749.081574000,79,ok
1785385749.078738000,81,ok
1785385749.081511000,86,ok
1785385749.082595000,83,ok
1785385749.088110000,79,ok
1785385749.086611000,83,ok
1785385749.099006000,78,ok
1785385749.113252000,74,ok
1785385749.113229000,80,ok
1785385749.123093000,79,ok
1785385749.123592000,77,ok
1785385749.124541000,76,ok
1785385749.141664000,79,ok
1785385749.142825000,80,ok
1785385749.140955000,75,ok
1785385749.163535000,75,ok
1785385749.180537000,75,ok
1785385749.181945000,74,ok
1785385749.184314000,78,ok
1785385749.189845000,77,ok
1785385749.188732000,76,ok
1785385749.192032000,78,ok
1785385749.200121000,75,ok
1785385749.219878000,77,ok
1785385749.221935000,80,ok
1785385749.222127000,75,ok
1785385749.225792000,74,ok
1785385749.229357000,77,ok
1785385749.240642000,74,ok
1785385749.240364000,76,ok
1785385749.240621000,77,ok
1785385749.256413000,75,ok
1785385749.276149000,75,ok
1785385749.276738000,73,ok
1785385749.279134000,74,ok
1785385749.287612000,77,ok
1785385749.287861000,75,ok
1785385749.287873000,78,ok
1785385749.296474000,74,ok
1785385749.321687000,78,ok
1785385749.325632000,77,ok
1785385749.325673000,82,ok
1785385749.322478000,79,ok
1785385749.326133000,74,ok
1785385749.339162000,76,ok
1785385749.340775000,74,ok
1785385749.338482000,76,ok
1785385749.353148000,76,ok
1785385749.376958000,79,ok
1785385749.375851000,74,ok
1785385749.378542000,80,ok
1785385749.394041000,83,ok
1785385749.393421000,81,ok
1785385749.394882000,77,ok
1785385749.394167000,82,ok
1785385749.434143000,81,ok
1785385749.429563000,77,ok
1785385749.436088000,83,ok
1785385749.438544000,85,ok
1785385749.436166000,79,ok
1785385749.444296000,79,ok
1785385749.449613000,77,ok
1785385749.448982000,77,ok
1785385749.450566000,72,ok
1785385749.478692000,79,ok
1785385749.483181000,81,ok
1785385749.483219000,81,ok
1785385749.500657000,81,ok
1785385749.501729000,84,ok
1785385749.501277000,81,ok
1785385749.504640000,86,ok
1785385749.539880000,77,ok
1785385749.540069000,78,ok
1785385749.545039000,77,ok
1785385749.546826000,78,ok
1785385749.549031000,83,ok
1785385749.560646000,75,ok
1785385749.559356000,82,ok
1785385749.573362000,82,ok
1785385749.573074000,85,ok
1785385749.593216000,79,ok
1785385749.593453000,80,ok
1785385749.599631000,76,ok
1785385749.596369000,83,ok
1785385749.598149000,71,ok
1785385749.600396000,75,ok
1785385749.601142000,77,ok
1785385749.637931000,77,ok
1785385749.640908000,79,ok
1785385749.649063000,78,ok
1785385749.647869000,77,ok
1785385749.651480000,80,ok
1785385749.664613000,76,ok
1785385749.667325000,79,ok
1785385749.682205000,83,ok
1785385749.682102000,76,ok
1785385749.698854000,74,ok
1785385749.701199000,76,ok
1785385749.709500000,85,ok
1785385749.706814000,80,ok
1785385749.707660000,77,ok
1785385749.708099000,82,ok
1785385749.709775000,78,ok
1785385749.741375000,79,ok
1785385749.740671000,80,ok
1785385749.746622000,77,ok
1785385749.747525000,75,ok
1785385749.748589000,78,ok
1785385749.764000000,75,ok
1785385749.767536000,78,ok
1785385749.780499000,79,ok
1785385749.782127000,80,ok
1785385749.804700000,77,ok
1785385749.804792000,77,ok
1785385749.813649000,80,ok
1785385749.817574000,84,ok
1785385749.820850000,89,ok
1785385749.821205000,87,ok
1785385749.821004000,88,ok
1785385749.849423000,82,ok
1785385749.849094000,77,ok
1785385749.845449000,80,ok
1785385749.848428000,83,ok
1785385749.852471000,84,ok
1785385749.863395000,76,ok
1785385749.865810000,74,ok
1785385749.879242000,78,ok
1785385749.879314000,78,ok
1785385749.903955000,75,ok
1785385749.905331000,76,ok
1785385749.915532000,76,ok
1785385749.918047000,74,ok
1785385749.921148000,78,ok
1785385749.921612000,79,ok
1785385749.922712000,83,ok
1785385749.950776000,78,ok
1785385749.951702000,77,ok
1785385749.953040000,75,ok
1785385749.946528000,74,ok
1785385749.953432000,79,ok
1785385749.960847000,74,ok
1785385749.964147000,74,ok
1785385749.972904000,73,ok
1785385749.975555000,76,ok
1785385750.000156000,77,ok
1785385750.001701000,78,ok
1785385750.012625000,76,ok
1785385750.014789000,74,ok
1785385750.023672000,79,ok
1785385750.025518000,80,ok
1785385750.025264000,80,ok
1785385750.054394000,79,ok
1785385750.054502000,77,ok
1785385750.060842000,81,ok
1785385750.058894000,78,ok
1785385750.060030000,81,ok
1785385750.062167000,74,ok
1785385750.075667000,80,ok
1785385750.075618000,79,ok
1785385750.081462000,81,ok
1785385750.095465000,75,ok
1785385750.103576000,76,ok
1785385750.114425000,80,ok
1785385750.118636000,76,ok
1785385750.122489000,76,ok
1785385750.124705000,78,ok
1785385750.125676000,78,ok
1785385750.165742000,84,ok
1785385750.165686000,81,ok
1785385750.165763000,78,ok
1785385750.167359000,82,ok
1785385750.169582000,83,ok
1785385750.172359000,76,ok
1785385750.176052000,75,ok
1785385750.177462000,73,ok
1785385750.185658000,77,ok
1785385750.203144000,80,ok
1785385750.204023000,76,ok
1785385750.214413000,73,ok
1785385750.214965000,76,ok
1785385750.215329000,70,ok
1785385750.220196000,74,ok
1785385750.219512000,76,ok
1785385750.265658000,76,ok
1785385750.266266000,76,ok
1785385750.268516000,77,ok
1785385750.269384000,74,ok
1785385750.268578000,77,ok
1785385750.273758000,76,ok
1785385750.278307000,74,ok
1785385750.286558000,77,ok
1785385750.296401000,77,ok
1785385750.306451000,75,ok
1785385750.313136000,75,ok
1785385750.316867000,78,ok
1785385750.318887000,78,ok
1785385750.313847000,73,ok
1785385750.322236000,80,ok
1785385750.322724000,79,ok
1785385750.362132000,75,ok
1785385750.364312000,76,ok
1785385750.364252000,76,ok
1785385750.372094000,77,ok
1785385750.372795000,76,ok
1785385750.374717000,81,ok
1785385750.384433000,74,ok
1785385750.383334000,77,ok
1785385750.403701000,80,ok
1785385750.412410000,76,ok
1785385750.420526000,78,ok
1785385750.420778000,77,ok
1785385750.418777000,79,ok
1785385750.422653000,81,ok
1785385750.424628000,77,ok
1785385750.424603000,76,ok
1785385750.462178000,77,ok
1785385750.465201000,79,ok
1785385750.464494000,79,ok
1785385750.477138000,78,ok
1785385750.479488000,81,ok
1785385750.479590000,78,ok
1785385750.487772000,79,ok
1785385750.486740000,78,ok
1785385750.510300000,73,ok
1785385750.508870000,77,ok
1785385750.522104000,76,ok
1785385750.525263000,77,ok
1785385750.528386000,84,ok
1785385750.528266000,83,ok
1785385750.528417000,84,ok
1785385750.530899000,82,ok
1785385750.561015000,78,ok
1785385750.560973000,75,ok
1785385750.563660000,76,ok
1785385750.577883000,74,ok
1785385750.580735000,77,ok
1785385750.580600000,76,ok
1785385750.584911000,74,ok
1785385750.587848000,75,ok
1785385750.610559000,76,ok
1785385750.612956000,77,ok
1785385750.622944000,75,ok
1785385750.620983000,74,ok
1785385750.633244000,82,ok
1785385750.633166000,80,ok
1785385750.634159000,82,ok
1785385750.635190000,84,ok
1785385750.656902000,77,ok
1785385750.658568000,78,ok
1785385750.657441000,78,ok
1785385750.672641000,74,ok
1785385750.677646000,76,ok
1785385750.677842000,76,ok
1785385750.678656000,74,ok
1785385750.686107000,78,ok
1785385750.713242000,75,ok
1785385750.715479000,76,ok
1785385750.726673000,78,ok
1785385750.728224000,73,ok
1785385750.729292000,72,ok
1785385750.739387000,77,ok
1785385750.740225000,78,ok
1785385750.741723000,81,ok
1785385750.759990000,73,ok
1785385750.764097000,81,ok
1785385750.766144000,79,ok
1785385750.775461000,72,ok
1785385750.775836000,75,ok
1785385750.775481000,80,ok
1785385750.776438000,78,ok
1785385750.778222000,72,ok
1785385750.807090000,74,ok
1785385750.808179000,78,ok
1785385750.822978000,75,ok
1785385750.823806000,72,ok
1785385750.824817000,77,ok
1785385750.834571000,74,ok
1785385750.839648000,76,ok
1785385750.841088000,76,ok
1785385750.865464000,77,ok
1785385750.868177000,76,ok
1785385750.868636000,74,ok
1785385750.876214000,76,ok
1785385750.875035000,76,ok
1785385750.879044000,75,ok
1785385750.876914000,76,ok
1785385750.878622000,78,ok
1785385750.903363000,77,ok
1785385750.903339000,77,ok
1785385750.922988000,79,ok
1785385750.923138000,79,ok
1785385750.925867000,78,ok
1785385750.930845000,73,ok
1785385750.940964000,77,ok
1785385750.941467000,78,ok
1785385750.970957000,76,ok
1785385750.974848000,80,ok
1785385750.977187000,75,ok
1785385750.979081000,77,ok
1785385750.980945000,78,ok
1785385750.983188000,75,ok
1785385750.984734000,77,ok
1785385750.986895000,74,ok
1785385751.005879000,76,ok
1785385751.003988000,78,ok
1785385751.023687000,72,ok
1785385751.023749000,80,ok
1785385751.021986000,78,ok
1785385751.023622000,75,ok
1785385751.032217000,73,ok
1785385751.034097000,74,ok
1785385751.072559000,78,ok
1785385751.076537000,74,ok
1785385751.082969000,73,ok
1785385751.082498000,77,ok
1785385751.084975000,77,ok
1785385751.086710000,77,ok
1785385751.096079000,81,ok
1785385751.098686000,82,ok
1785385751.112335000,76,ok
1785385751.115637000,77,ok
1785385751.130919000,78,ok
1785385751.127991000,74,ok
1785385751.130668000,74,ok
1785385751.133092000,80,ok
1785385751.131364000,73,ok
1785385751.136371000,82,ok
1785385751.168160000,77,ok
1785385751.172050000,76,ok
1785385751.178572000,73,ok
1785385751.178437000,74,ok
1785385751.184150000,77,ok
1785385751.184658000,77,ok
1785385751.198245000,75,ok
1785385751.197314000,77,ok
1785385751.210427000,76,ok
1785385751.216008000,75,ok
1785385751.231348000,74,ok
1785385751.235799000,78,ok
1785385751.237975000,80,ok
1785385751.240946000,84,ok
1785385751.239635000,78,ok
1785385751.240480000,81,ok
1785385751.263722000,75,ok
1785385751.268664000,76,ok
1785385751.276966000,74,ok
1785385751.279285000,75,ok
1785385751.283430000,72,ok
1785385751.283331000,75,ok
1785385751.297970000,77,ok
1785385751.302038000,80,ok
1785385751.302047000,73,ok
1785385751.309542000,75,ok
1785385751.327721000,72,ok
1785385751.327615000,70,ok
1785385751.336076000,78,ok
1785385751.336816000,77,ok
1785385751.338079000,78,ok
1785385751.338467000,79,ok
1785385751.359271000,72,ok
1785385751.359482000,75,ok
1785385751.373045000,71,ok
1785385751.372815000,76,ok
1785385751.378085000,73,ok
1785385751.379058000,74,ok
1785385751.397440000,75,ok
1785385751.396210000,76,ok
1785385751.397382000,74,ok
1785385751.401928000,74,ok
1785385751.425345000,75,ok
1785385751.425724000,74,ok
1785385751.432805000,75,ok
1785385751.434154000,75,ok
1785385751.436763000,80,ok
1785385751.437802000,79,ok
1785385751.457236000,75,ok
1785385751.457431000,76,ok
1785385751.469917000,76,ok
1785385751.469961000,77,ok
1785385751.472337000,74,ok
1785385751.474520000,74,ok
1785385751.491303000,74,ok
1785385751.494683000,74,ok
1785385751.493417000,75,ok
1785385751.498194000,78,ok
1785385751.520408000,74,ok
1785385751.520792000,74,ok
1785385751.535173000,79,ok
1785385751.534906000,78,ok
1785385751.533677000,79,ok
1785385751.534498000,80,ok
1785385751.558444000,78,ok
1785385751.558034000,78,ok
1785385751.573152000,84,ok
1785385751.573750000,80,ok
1785385751.571203000,78,ok
1785385751.573219000,79,ok
1785385751.598258000,80,ok
1785385751.599829000,82,ok
1785385751.599300000,82,ok
1785385751.600029000,78,ok
1785385751.618193000,73,ok
1785385751.617719000,75,ok
1785385751.632357000,76,ok
1785385751.635901000,79,ok
1785385751.637902000,78,ok
1785385751.636916000,82,ok
1785385751.659146000,79,ok
1785385751.657778000,78,ok
1785385751.670369000,77,ok
1785385751.675805000,82,ok
1785385751.672132000,76,ok
1785385751.670525000,77,ok
1785385751.697122000,78,ok
1785385751.699511000,78,ok
1785385751.703953000,82,ok
1785385751.702159000,80,ok
1785385751.720805000,77,ok
1785385751.720317000,78,ok
1785385751.736313000,75,ok
1785385751.737598000,77,ok
1785385751.739141000,80,ok
1785385751.741963000,80,ok
1785385751.765286000,76,ok
1785385751.763652000,76,ok
1785385751.772865000,76,ok
1785385751.773730000,76,ok
1785385751.775963000,78,ok
1785385751.778085000,81,ok
1785385751.800059000,77,ok
1785385751.802267000,78,ok
1785385751.803537000,79,ok
1785385751.801821000,81,ok
1785385751.819466000,77,ok
1785385751.819164000,77,ok
1785385751.833029000,77,ok
1785385751.834150000,75,ok
1785385751.831523000,73,ok
1785385751.836251000,76,ok
1785385751.855696000,72,ok
1785385751.861530000,74,ok
1785385751.871419000,78,ok
1785385751.871122000,78,ok
1785385751.873954000,78,ok
1785385751.877403000,78,ok
1785385751.904538000,80,ok
1785385751.903719000,76,ok
1785385751.903619000,77,ok
1785385751.905270000,80,ok
1785385751.923943000,76,ok
1785385751.923836000,78,ok
1785385751.935042000,75,ok
1785385751.944766000,81,ok
1785385751.935708000,77,ok
1785385751.946213000,81,ok
1785385751.960633000,78,ok
1785385751.972284000,76,ok
1785385751.964238000,76,ok
1785385751.973665000,77,ok
1785385751.969740000,76,ok
1785385751.979338000,77,ok
1785385752.002387000,75,ok
1785385752.007819000,80,ok
1785385752.005224000,79,ok
1785385752.008152000,77,ok
1785385752.034356000,77,ok
1785385752.035969000,83,ok
1785385752.046249000,81,ok
1785385752.055792000,78,ok
1785385752.057513000,79,ok
1785385752.058959000,78,ok
1785385752.071500000,78,ok
1785385752.080588000,80,ok
1785385752.081036000,81,ok
1785385752.084864000,78,ok
1785385752.086339000,81,ok
1785385752.093570000,78,ok
1785385752.106811000,75,ok
1785385752.113463000,78,ok
1785385752.112930000,76,ok
1785385752.118714000,79,ok
1785385752.138757000,75,ok
1785385752.137474000,75,ok
1785385752.143932000,73,ok
1785385752.153296000,76,ok
1785385752.157259000,73,ok
1785385752.158274000,76,ok
1785385752.175492000,76,ok
1785385752.188039000,82,ok
1785385752.189153000,82,ok
1785385752.187170000,78,ok
1785385752.191013000,76,ok
1785385752.190437000,72,ok
1785385752.203759000,74,ok
1785385752.213761000,76,ok
1785385752.214006000,75,ok
1785385752.220934000,77,ok
1785385752.236567000,75,ok
1785385752.239294000,75,ok
1785385752.246144000,75,ok
1785385752.248363000,72,ok
1785385752.255963000,75,ok
1785385752.260312000,79,ok
1785385752.276963000,73,ok
1785385752.285703000,73,ok
1785385752.288812000,77,ok
1785385752.291814000,76,ok
1785385752.293901000,80,ok
1785385752.294129000,79,ok
1785385752.307726000,75,ok
1785385752.314482000,74,ok
1785385752.316095000,79,ok
1785385752.326048000,80,ok
1785385752.336792000,74,ok
1785385752.338597000,78,ok
1785385752.341112000,73,ok
1785385752.347468000,74,ok
1785385752.351027000,74,ok
1785385752.355762000,75,ok
1785385752.372497000,73,ok
1785385752.382480000,75,ok
1785385752.387772000,74,ok
1785385752.393492000,77,ok
1785385752.392523000,75,ok
1785385752.394579000,76,ok
1785385752.407523000,76,ok
1785385752.414732000,76,ok
1785385752.414231000,76,ok
1785385752.427929000,76,ok
1785385752.435977000,75,ok
1785385752.438661000,75,ok
1785385752.438714000,73,ok
1785385752.442049000,71,ok
1785385752.450204000,73,ok
1785385752.449514000,75,ok
1785385752.464258000,73,ok
1785385752.475524000,74,ok
1785385752.480608000,72,ok
1785385752.488283000,74,ok
1785385752.491671000,76,ok
1785385752.497093000,81,ok
1785385752.506343000,76,ok
1785385752.515234000,78,ok
1785385752.516304000,82,ok
1785385752.533622000,80,ok
1785385752.538381000,78,ok
1785385752.543980000,77,ok
1785385752.547534000,77,ok
1785385752.553686000,80,ok
1785385752.545288000,79,ok
1785385752.552166000,81,ok
1785385752.567875000,76,ok
1785385752.582874000,78,ok
1785385752.582096000,79,ok
1785385752.599411000,85,ok
1785385752.598030000,80,ok
1785385752.604087000,79,ok
1785385752.609507000,77,ok
1785385752.619955000,76,ok
1785385752.622520000,82,ok
1785385752.635051000,78,ok
1785385752.652746000,80,ok
1785385752.653631000,77,ok
1785385752.665176000,87,ok
1785385752.662583000,82,ok
1785385752.662334000,84,ok
1785385752.663033000,86,ok
1785385752.681055000,78,ok
1785385752.695273000,81,ok
1785385752.696511000,79,ok
1785385752.706862000,74,ok
1785385752.703114000,78,ok
1785385752.704940000,77,ok
1785385752.715489000,76,ok
1785385752.720127000,72,ok
1785385752.724880000,74,ok
1785385752.738480000,80,ok
1785385752.754360000,74,ok
1785385752.754372000,76,ok
1785385752.765217000,78,ok
1785385752.770814000,84,ok
1785385752.770604000,84,ok
1785385752.769389000,83,ok
1785385752.784109000,76,ok
1785385752.793284000,73,ok
1785385752.800260000,73,ok
1785385752.805409000,73,ok
1785385752.804736000,74,ok
1785385752.812649000,75,ok
1785385752.814109000,75,ok
1785385752.826244000,80,ok
1785385752.827933000,75,ok
1785385752.833264000,73,ok
1785385752.851333000,76,ok
1785385752.850959000,74,ok
1785385752.858585000,73,ok
1785385752.869796000,78,ok
1785385752.870150000,78,ok
1785385752.869890000,78,ok
1785385752.884976000,77,ok
1785385752.889201000,74,ok
1785385752.908179000,80,ok
1785385752.901571000,77,ok
1785385752.907962000,79,ok
1785385752.915315000,74,ok
1785385752.913140000,77,ok
1785385752.923185000,73,ok
1785385752.927565000,72,ok
1785385752.925771000,72,ok
1785385752.949660000,77,ok
1785385752.949387000,77,ok
1785385752.960839000,80,ok
1785385752.972547000,82,ok
1785385752.974198000,84,ok
1785385752.973715000,79,ok
1785385752.999023000,83,ok
1785385752.999323000,78,ok
1785385753.018396000,80,ok
1785385753.018987000,82,ok
1785385753.019727000,80,ok
1785385753.028176000,81,ok
1785385753.026389000,75,ok
1785385753.033911000,79,ok
1785385753.046717000,83,ok
1785385753.043846000,81,ok
1785385753.061798000,80,ok
1785385753.065141000,75,ok
1785385753.057768000,77,ok
1785385753.075617000,78,ok
1785385753.079015000,80,ok
1785385753.081303000,82,ok
1785385753.093070000,74,ok
1785385753.101086000,80,ok
1785385753.125831000,78,ok
1785385753.127388000,81,ok
1785385753.138098000,74,ok
1785385753.140400000,79,ok
1785385753.141388000,79,ok
1785385753.144884000,75,ok
1785385753.165202000,77,ok
1785385753.167768000,78,ok
1785385753.161079000,76,ok
1785385753.169584000,75,ok
1785385753.171316000,79,ok
1785385753.183674000,75,ok
1785385753.185501000,79,ok
1785385753.189187000,72,ok
1785385753.188849000,78,ok
1785385753.196295000,75,ok
1785385753.221617000,77,ok
1785385753.221953000,77,ok
1785385753.231944000,74,ok
1785385753.240323000,79,ok
1785385753.239356000,78,ok
1785385753.242679000,77,ok
1785385753.271111000,77,ok
1785385753.271136000,77,ok
1785385753.271194000,75,ok
1785385753.278223000,77,ok
1785385753.278425000,77,ok
1785385753.291939000,81,ok
1785385753.288559000,76,ok
1785385753.292030000,73,ok
1785385753.290854000,76,ok
1785385753.306190000,79,ok
1785385753.318714000,79,ok
1785385753.320778000,76,ok
1785385753.325497000,72,ok
1785385753.343848000,79,ok
1785385753.344682000,80,ok
1785385753.343386000,79,ok
1785385753.370333000,74,ok
1785385753.370742000,73,ok
1785385753.378351000,79,ok
1785385753.380980000,75,ok
1785385753.383257000,77,ok
1785385753.390455000,75,ok
1785385753.400896000,77,ok
1785385753.401005000,75,ok
1785385753.403111000,80,ok
1785385753.407083000,76,ok
1785385753.422886000,79,ok
1785385753.423749000,79,ok
1785385753.423695000,73,ok
1785385753.442475000,79,ok
1785385753.441089000,77,ok
1785385753.440646000,78,ok
1785385753.464871000,77,ok
1785385753.465132000,74,ok
1785385753.478511000,80,ok
1785385753.482036000,77,ok
1785385753.481710000,78,ok
1785385753.498904000,79,ok
1785385753.517402000,87,ok
1785385753.515557000,84,ok
1785385753.520319000,79,ok
1785385753.519752000,88,ok
1785385753.536549000,83,ok
1785385753.537566000,81,ok
1785385753.537482000,82,ok
1785385753.550512000,76,ok
1785385753.550222000,83,ok
1785385753.552784000,76,ok
1785385753.575094000,84,ok
1785385753.581954000,79,ok
1785385753.575178000,78,ok
1785385753.590350000,83,ok
1785385753.595353000,88,ok
1785385753.600296000,76,ok
1785385753.620527000,78,ok
1785385753.633596000,81,ok
1785385753.630095000,82,ok
1785385753.630924000,85,ok
1785385753.653718000,81,ok
1785385753.653468000,80,ok
1785385753.661586000,81,ok
1785385753.670465000,78,ok
1785385753.672846000,87,ok
1785385753.677633000,84,ok
1785385753.696448000,78,ok
1785385753.696112000,85,ok
1785385753.695678000,78,ok
1785385753.712908000,80,ok
1785385753.706777000,79,ok
1785385753.715825000,79,ok
1785385753.734012000,80,ok
1785385753.744256000,81,ok
1785385753.747565000,78,ok
1785385753.749207000,85,ok
1785385753.763356000,84,ok
1785385753.763519000,80,ok
1785385753.772120000,82,ok
1785385753.776102000,80,ok
1785385753.775631000,77,ok
1785385753.785764000,80,ok
1785385753.805139000,76,ok
1785385753.804166000,81,ok
1785385753.804525000,75,ok
1785385753.812631000,76,ok
1785385753.812618000,76,ok
1785385753.814171000,75,ok
1785385753.834547000,81,ok
1785385753.852704000,80,ok
1785385753.852864000,84,ok
1785385753.852632000,83,ok
1785385753.866371000,76,ok
1785385753.868929000,79,ok
1785385753.869917000,77,ok
1785385753.872561000,76,ok
1785385753.875205000,74,ok
1785385753.889834000,80,ok
1785385753.910607000,75,ok
1785385753.909177000,75,ok
1785385753.909637000,78,ok
1785385753.913502000,73,ok
1785385753.918538000,75,ok
1785385753.914366000,72,ok
1785385753.927461000,74,ok
1785385753.948917000,75,ok
1785385753.953068000,78,ok
1785385753.952125000,76,ok
1785385753.965659000,75,ok
1785385753.966104000,74,ok
1785385753.969177000,74,ok
1785385753.969699000,74,ok
1785385753.972720000,74,ok
1785385753.986878000,76,ok
1785385754.009392000,78,ok
1785385754.012709000,79,ok
1785385754.013444000,79,ok
1785385754.012919000,74,ok
1785385754.015312000,76,ok
1785385754.013268000,76,ok
1785385754.024410000,75,ok
1785385754.052875000,77,ok
1785385754.054059000,85,ok
1785385754.053010000,77,ok
1785385754.064908000,76,ok
1785385754.065451000,75,ok
1785385754.069512000,75,ok
1785385754.070849000,76,ok
1785385754.070868000,76,ok
1785385754.088557000,79,ok
1785385754.111189000,75,ok
1785385754.113760000,76,ok
1785385754.114232000,77,ok
1785385754.120053000,77,ok
1785385754.117722000,80,ok
1785385754.122676000,82,ok
1785385754.123309000,75,ok
1785385754.154251000,77,ok
1785385754.153526000,80,ok
1785385754.158632000,82,ok
1785385754.167839000,75,ok
1785385754.169471000,75,ok
1785385754.173626000,76,ok
1785385754.177007000,80,ok
1785385754.178338000,75,ok
1785385754.193067000,79,ok
1785385754.217436000,78,ok
1785385754.217389000,78,ok
1785385754.221672000,78,ok
1785385754.221571000,77,ok
1785385754.225052000,81,ok
1785385754.236226000,84,ok
1785385754.237572000,82,ok
1785385754.260605000,78,ok
1785385754.261693000,80,ok
1785385754.262772000,76,ok
1785385754.272966000,78,ok
1785385754.274433000,76,ok
1785385754.278974000,75,ok
1785385754.278227000,74,ok
1785385754.282503000,76,ok
1785385754.293038000,78,ok
1785385754.315152000,73,ok
1785385754.319046000,75,ok
1785385754.321336000,75,ok
1785385754.319418000,74,ok
1785385754.322653000,74,ok
1785385754.333500000,76,ok
1785385754.334907000,75,ok
1785385754.360298000,77,ok
1785385754.363288000,79,ok
1785385754.361340000,74,ok
1785385754.366964000,72,ok
1785385754.369699000,71,ok
1785385754.378271000,74,ok
1785385754.377032000,73,ok
1785385754.379132000,72,ok
1785385754.389932000,76,ok
1785385754.412358000,74,ok
1785385754.419179000,77,ok
1785385754.418654000,77,ok
1785385754.419169000,74,ok
1785385754.419034000,78,ok
1785385754.428665000,74,ok
1785385754.429335000,75,ok
1785385754.458070000,75,ok
1785385754.464446000,77,ok
1785385754.463954000,74,ok
1785385754.465918000,79,ok
1785385754.468434000,72,ok
1785385754.476006000,75,ok
1785385754.477423000,74,ok
1785385754.479760000,74,ok
1785385754.487528000,75,ok
1785385754.511080000,73,ok
1785385754.514182000,72,ok
1785385754.516519000,76,ok
1785385754.518521000,78,ok
1785385754.516412000,76,ok
1785385754.525907000,76,ok
1785385754.526831000,77,ok
1785385754.552671000,75,ok
1785385754.561099000,74,ok
1785385754.561590000,74,ok
1785385754.563900000,71,ok
1785385754.563249000,75,ok
1785385754.579306000,77,ok
1785385754.581344000,75,ok
1785385754.580221000,77,ok
1785385754.587027000,77,ok
1785385754.606590000,73,ok
1785385754.614214000,76,ok
1785385754.609924000,69,ok
1785385754.613072000,72,ok
1785385754.610961000,72,ok
1785385754.617413000,71,ok
1785385754.620641000,73,ok
1785385754.646431000,75,ok
1785385754.659116000,77,ok
1785385754.659781000,75,ok
1785385754.660401000,78,ok
1785385754.659833000,78,ok
1785385754.675969000,75,ok
1785385754.676995000,75,ok
1785385754.684908000,79,ok
1785385754.688090000,78,ok
1785385754.705911000,74,ok
1785385754.717052000,79,ok
1785385754.719392000,78,ok
1785385754.713184000,75,ok
1785385754.721567000,81,ok
1785385754.721396000,78,ok
1785385754.720792000,80,ok
1785385754.741651000,75,ok
1785385754.758899000,82,ok
1785385754.762244000,82,ok
1785385754.763235000,84,ok
1785385754.762273000,84,ok
1785385754.781391000,77,ok
1785385754.782676000,80,ok
1785385754.783720000,76,ok
1785385754.789557000,80,ok
1785385754.821257000,78,ok
1785385754.821389000,76,ok
1785385754.823002000,78,ok
1785385754.824107000,76,ok
1785385754.826069000,75,ok
1785385754.828119000,77,ok
1785385754.829553000,77,ok
1785385754.843847000,75,ok
1785385754.862649000,81,ok
1785385754.862525000,81,ok
1785385754.864672000,80,ok
1785385754.865742000,80,ok
1785385754.874771000,69,ok
1785385754.877805000,69,ok
1785385754.876545000,74,ok
1785385754.879085000,76,ok
1785385754.920196000,76,ok
1785385754.921252000,78,ok
1785385754.922242000,78,ok
1785385754.924865000,77,ok
1785385754.925109000,78,ok
1785385754.926479000,75,ok
1785385754.926487000,74,ok
1785385754.947311000,76,ok
1785385754.964455000,74,ok
1785385754.963832000,76,ok
1785385754.964673000,76,ok
1785385754.964568000,76,ok
1785385754.976533000,76,ok
1785385754.975042000,75,ok
1785385754.978329000,75,ok
1785385754.977855000,75,ok
1785385755.017132000,74,ok
1785385755.021269000,75,ok
1785385755.018800000,76,ok
1785385755.021315000,78,ok
1785385755.023056000,77,ok
1785385755.022217000,77,ok
1785385755.022761000,75,ok
1785385755.045820000,76,ok
1785385755.063583000,77,ok
1785385755.065012000,77,ok
1785385755.065859000,75,ok
1785385755.070170000,81,ok
1785385755.081599000,79,ok
1785385755.084271000,81,ok
1785385755.082011000,78,ok
1785385755.086607000,85,ok
1785385755.116042000,76,ok
1785385755.121012000,77,ok
1785385755.124072000,82,ok
1785385755.123773000,79,ok
1785385755.128485000,81,ok
1785385755.127219000,82,ok
1785385755.128754000,75,ok
1785385755.144717000,75,ok
1785385755.161112000,74,ok
1785385755.169058000,78,ok
1785385755.170437000,72,ok
1785385755.169690000,80,ok
1785385755.186371000,79,ok
1785385755.188449000,81,ok
1785385755.187292000,81,ok
1785385755.189969000,80,ok
1785385755.217550000,75,ok
1785385755.218473000,76,ok
1785385755.230876000,81,ok
1785385755.230552000,82,ok
1785385755.226386000,76,ok
1785385755.231525000,79,ok
1785385755.231505000,81,ok
1785385755.249078000,75,ok
1785385755.262154000,77,ok
1785385755.269157000,76,ok
1785385755.274366000,79,ok
1785385755.275375000,78,ok
1785385755.287509000,75,ok
1785385755.284770000,75,ok
1785385755.291388000,77,ok
1785385755.291295000,77,ok
1785385755.316134000,77,ok
1785385755.317498000,77,ok
1785385755.330251000,75,ok
1785385755.335626000,81,ok
1785385755.335135000,77,ok
1785385755.335725000,79,ok
1785385755.338737000,76,ok
1785385755.349815000,75,ok
1785385755.366732000,78,ok
1785385755.370558000,77,ok
1785385755.370451000,74,ok
1785385755.375473000,72,ok
1785385755.386741000,76,ok
1785385755.389314000,78,ok
1785385755.393348000,76,ok
1785385755.392294000,73,ok
1785385755.412184000,77,ok
1785385755.413469000,78,ok
1785385755.429614000,75,ok
1785385755.434060000,77,ok
1785385755.436021000,75,ok
1785385755.432904000,76,ok
1785385755.435725000,79,ok
1785385755.449018000,78,ok
1785385755.461657000,74,ok
1785385755.470629000,76,ok
1785385755.473043000,77,ok
1785385755.472451000,78,ok
1785385755.485948000,74,ok
1785385755.487606000,75,ok
1785385755.490923000,73,ok
1785385755.492758000,76,ok
1785385755.511111000,76,ok
1785385755.510705000,78,ok
1785385755.528022000,73,ok
1785385755.533288000,76,ok
1785385755.534296000,81,ok
1785385755.537703000,77,ok
1785385755.536502000,79,ok
1785385755.548676000,76,ok
1785385755.567153000,75,ok
1785385755.566634000,82,ok
1785385755.576227000,80,ok
1785385755.575712000,81,ok
1785385755.596877000,84,ok
1785385755.598845000,83,ok
1785385755.595261000,81,ok
1785385755.595667000,83,ok
1785385755.609659000,76,ok
1785385755.620795000,82,ok
1785385755.639928000,79,ok
1785385755.637137000,80,ok
1785385755.642271000,81,ok
1785385755.648636000,85,ok
1785385755.655285000,79,ok
1785385755.663857000,80,ok
1785385755.676030000,78,ok
1785385755.680168000,76,ok
1785385755.681825000,75,ok
1785385755.687259000,77,ok
1785385755.697891000,73,ok
1785385755.698170000,73,ok
1785385755.702882000,75,ok
1785385755.705690000,78,ok
1785385755.718313000,79,ok
1785385755.727197000,78,ok
1785385755.738375000,76,ok
1785385755.739659000,78,ok
1785385755.747093000,81,ok
1785385755.746746000,76,ok
1785385755.752434000,74,ok
1785385755.764785000,78,ok
1785385755.780315000,79,ok
1785385755.788259000,87,ok
1785385755.785736000,80,ok
1785385755.793702000,82,ok
1785385755.809723000,82,ok
1785385755.807117000,80,ok
1785385755.813522000,85,ok
1785385755.809062000,81,ok
1785385755.824524000,80,ok
1785385755.835045000,82,ok
1785385755.851203000,80,ok
1785385755.849292000,83,ok
1785385755.860457000,80,ok
1785385755.861059000,86,ok
1785385755.861662000,87,ok
1785385755.885808000,84,ok
1785385755.897643000,83,ok
1785385755.897144000,82,ok
1785385755.900198000,82,ok
1785385755.905159000,77,ok
1785385755.916566000,78,ok
1785385755.916814000,79,ok
1785385755.926407000,84,ok
1785385755.926899000,81,ok
1785385755.941034000,84,ok
1785385755.945414000,76,ok
1785385755.963553000,78,ok
1785385755.963585000,83,ok
1785385755.966394000,85,ok
1785385755.963930000,77,ok
1785385755.963726000,78,ok
1785385755.984218000,75,ok
1785385755.996073000,78,ok
1785385755.995669000,76,ok
1785385756.005534000,79,ok
1785385756.004038000,81,ok
1785385756.021711000,79,ok
1785385756.020675000,77,ok
1785385756.023532000,74,ok
1785385756.026227000,75,ok
1785385756.039687000,77,ok
1785385756.045345000,74,ok
1785385756.064570000,76,ok
1785385756.062518000,76,ok
1785385756.067459000,78,ok
1785385756.069544000,79,ok
1785385756.069535000,81,ok
1785385756.088294000,75,ok
1785385756.098049000,74,ok
1785385756.102925000,78,ok
1785385756.104105000,77,ok
1785385756.106059000,74,ok
1785385756.120933000,74,ok
1785385756.124272000,74,ok
1785385756.129249000,78,ok
1785385756.130505000,79,ok
1785385756.139233000,75,ok
1785385756.142452000,73,ok
1785385756.163936000,77,ok
1785385756.164452000,78,ok
1785385756.166195000,76,ok
1785385756.167419000,80,ok
1785385756.167400000,78,ok
1785385756.183029000,75,ok
1785385756.195171000,77,ok
1785385756.197106000,75,ok
1785385756.200887000,78,ok
1785385756.200290000,75,ok
1785385756.219100000,76,ok
1785385756.220734000,74,ok
1785385756.222417000,74,ok
1785385756.225545000,72,ok
1785385756.240114000,78,ok
1785385756.240727000,77,ok
1785385756.266659000,81,ok
1785385756.266860000,78,ok
1785385756.264224000,79,ok
1785385756.268541000,83,ok
1785385756.269507000,81,ok
1785385756.278816000,73,ok
1785385756.300459000,82,ok
1785385756.300622000,83,ok
1785385756.300848000,82,ok
1785385756.301431000,80,ok
1785385756.322574000,78,ok
1785385756.324258000,77,ok
1785385756.324888000,83,ok
1785385756.325736000,76,ok
1785385756.338255000,79,ok
1785385756.338335000,78,ok
1785385756.372601000,80,ok
1785385756.372922000,81,ok
1785385756.373519000,83,ok
1785385756.373201000,83,ok
1785385756.375774000,81,ok
1785385756.379827000,74,ok
1785385756.408540000,82,ok
1785385756.409094000,81,ok
1785385756.411668000,83,ok
1785385756.411802000,82,ok
1785385756.430957000,76,ok
1785385756.430131000,77,ok
1785385756.430739000,76,ok
1785385756.431982000,77,ok
1785385756.437008000,76,ok
1785385756.437032000,74,ok
1785385756.472689000,78,ok
1785385756.472970000,79,ok
1785385756.472873000,78,ok
1785385756.475539000,81,ok
1785385756.473451000,75,ok
1785385756.475633000,82,ok
1785385756.500722000,75,ok
1785385756.504525000,76,ok
1785385756.502227000,75,ok
1785385756.513154000,82,ok
1785385756.534950000,79,ok
1785385756.534970000,77,ok
1785385756.539225000,79,ok
1785385756.534913000,79,ok
1785385756.540908000,83,ok
1785385756.541134000,81,ok
1785385756.570976000,76,ok
1785385756.572583000,79,ok
1785385756.579111000,82,ok
1785385756.579153000,85,ok
1785385756.579613000,83,ok
1785385756.578913000,86,ok
1785385756.601478000,78,ok
1785385756.600806000,77,ok
1785385756.603526000,80,ok
1785385756.611279000,80,ok
1785385756.638764000,81,ok
1785385756.639991000,81,ok
1785385756.639999000,79,ok
1785385756.642592000,81,ok
1785385756.643411000,80,ok
1785385756.642307000,82,ok
1785385756.669067000,74,ok
1785385756.673152000,76,ok
1785385756.675967000,75,ok
1785385756.679304000,76,ok
1785385756.679194000,79,ok
1785385756.681600000,76,ok
1785385756.702977000,76,ok
1785385756.703199000,75,ok
1785385756.705218000,77,ok
1785385756.707687000,76,ok
1785385756.735533000,75,ok
1785385756.734613000,73,ok
1785385756.739834000,77,ok
1785385756.740035000,78,ok
1785385756.741060000,77,ok
1785385756.741994000,79,ok
1785385756.770698000,76,ok
1785385756.775369000,78,ok
1785385756.771067000,75,ok
1785385756.775542000,78,ok
1785385756.777796000,74,ok
1785385756.777921000,77,ok
1785385756.803805000,78,ok
1785385756.805611000,81,ok
1785385756.804128000,78,ok
1785385756.803669000,79,ok
1785385756.827665000,72,ok
1785385756.830035000,75,ok
1785385756.835908000,74,ok
1785385756.836066000,76,ok
1785385756.835411000,76,ok
1785385756.837101000,76,ok
1785385756.872880000,76,ok
1785385756.873615000,81,ok
1785385756.875311000,78,ok
1785385756.873312000,80,ok
1785385756.876683000,82,ok
1785385756.874319000,83,ok
1785385756.906711000,82,ok
1785385756.907413000,83,ok
1785385756.906189000,82,ok
1785385756.910120000,86,ok
1785385756.933128000,76,ok
1785385756.933842000,79,ok
1785385756.935076000,77,ok
1785385756.937124000,77,ok
1785385756.942551000,83,ok
1785385756.943883000,83,ok
1785385756.974587000,77,ok
1785385756.978916000,80,ok
1785385756.979605000,79,ok
1785385756.980793000,81,ok
1785385756.983172000,84,ok
1785385756.982821000,84,ok
1785385757.009333000,78,ok
1785385757.020725000,89,ok
1785385757.019850000,87,ok
1785385757.019726000,84,ok
1785385757.036576000,76,ok
1785385757.038365000,76,ok
1785385757.040660000,75,ok
1785385757.043396000,76,ok
1785385757.040734000,77,ok
1785385757.046123000,78,ok
1785385757.074459000,77,ok
1785385757.084600000,85,ok
1785385757.083130000,83,ok
1785385757.085197000,83,ok
1785385757.088056000,86,ok
1785385757.087484000,84,ok
1785385757.116451000,74,ok
1785385757.116884000,79,ok
1785385757.120487000,74,ok
1785385757.122168000,79,ok
1785385757.138182000,74,ok
1785385757.141826000,74,ok
1785385757.146475000,76,ok
1785385757.145572000,75,ok
1785385757.149888000,79,ok
1785385757.151269000,81,ok
1785385757.181432000,78,ok
1785385757.189657000,82,ok
1785385757.184594000,83,ok
1785385757.188389000,84,ok
1785385757.188744000,81,ok
1785385757.188863000,84,ok
1785385757.216163000,77,ok
1785385757.213720000,79,ok
1785385757.220286000,84,ok
1785385757.218352000,81,ok
1785385757.239520000,79,ok
1785385757.253339000,83,ok
1785385757.253262000,85,ok
1785385757.253656000,87,ok
1785385757.255923000,87,ok
1785385757.257729000,87,ok
1785385757.294464000,81,ok
1785385757.300852000,83,ok
1785385757.302155000,84,ok
1785385757.303760000,85,ok
1785385757.307074000,82,ok
1785385757.311082000,84,ok
1785385757.336857000,80,ok
1785385757.339733000,77,ok
1785385757.338881000,85,ok
1785385757.344789000,84,ok
1785385757.354785000,79,ok
1785385757.374046000,81,ok
1785385757.371018000,82,ok
1785385757.375138000,84,ok
1785385757.377098000,82,ok
1785385757.374006000,86,ok
1785385757.397264000,77,ok
1785385757.406490000,83,ok
1785385757.401137000,77,ok
1785385757.406071000,79,ok
1785385757.406387000,73,ok
1785385757.406351000,78,ok
1785385757.435274000,77,ok
1785385757.437975000,76,ok
1785385757.449254000,79,ok
1785385757.449021000,80,ok
1785385757.459621000,75,ok
1785385757.474028000,77,ok
1785385757.476959000,75,ok
1785385757.485631000,83,ok
1785385757.484838000,80,ok
1785385757.487842000,83,ok
1785385757.504604000,75,ok
1785385757.513846000,77,ok
1785385757.514759000,77,ok
1785385757.514688000,76,ok
1785385757.514395000,79,ok
1785385757.515531000,79,ok
1785385757.531182000,74,ok
1785385757.531813000,72,ok
1785385757.548103000,80,ok
1785385757.546607000,79,ok
1785385757.561684000,76,ok
1785385757.571152000,74,ok
1785385757.571445000,77,ok
1785385757.585188000,81,ok
1785385757.585201000,78,ok
1785385757.586863000,82,ok
1785385757.605589000,75,ok
1785385757.620724000,81,ok
1785385757.620432000,80,ok
1785385757.622444000,81,ok
1785385757.620084000,80,ok
1785385757.623445000,82,ok
1785385757.638375000,83,ok
1785385757.637374000,83,ok
1785385757.648826000,78,ok
1785385757.652295000,80,ok
1785385757.661808000,76,ok
1785385757.671769000,72,ok
1785385757.669591000,75,ok
1785385757.679013000,74,ok
1785385757.685928000,80,ok
1785385757.687117000,80,ok
1785385757.704130000,76,ok
1785385757.715146000,73,ok
1785385757.715564000,75,ok
1785385757.719689000,76,ok
1785385757.722403000,76,ok
1785385757.727323000,78,ok
1785385757.745716000,81,ok
1785385757.748468000,76,ok
1785385757.747172000,84,ok
1785385757.751623000,75,ok
1785385757.759007000,74,ok
1785385757.772809000,79,ok
1785385757.771949000,78,ok
1785385757.774505000,73,ok
1785385757.785943000,78,ok
1785385757.783817000,75,ok
1785385757.805098000,78,ok
1785385757.814702000,77,ok
1785385757.812542000,76,ok
1785385757.826110000,81,ok
1785385757.831067000,79,ok
1785385757.831905000,78,ok
1785385757.850493000,76,ok
1785385757.858572000,80,ok
1785385757.863061000,84,ok
1785385757.862872000,77,ok
1785385757.871245000,84,ok
1785385757.885820000,80,ok
1785385757.887977000,79,ok
1785385757.886511000,82,ok
1785385757.895118000,80,ok
1785385757.894091000,78,ok
1785385757.921277000,84,ok
1785385757.916829000,87,ok
1785385757.930849000,80,ok
1785385757.923568000,86,ok
1785385757.932715000,78,ok
1785385757.931700000,78,ok
1785385757.965300000,90,ok
1785385757.972647000,83,ok
1785385757.973478000,86,ok
1785385757.977704000,83,ok
1785385757.995029000,92,ok
1785385758.001800000,83,ok
1785385758.016788000,92,ok
1785385758.016410000,86,ok
1785385758.024169000,81,ok
1785385758.026032000,87,ok
1785385758.040187000,77,ok
1785385758.039449000,82,ok
1785385758.049045000,80,ok
1785385758.062033000,80,ok
1785385758.063234000,85,ok
1785385758.066483000,85,ok
1785385758.087230000,79,ok
1785385758.088982000,81,ok
1785385758.091111000,86,ok
1785385758.090610000,86,ok
1785385758.104415000,79,ok
1785385758.105787000,80,ok
1785385758.122481000,79,ok
1785385758.120519000,79,ok
1785385758.126636000,78,ok
1785385758.127716000,79,ok
1785385758.147030000,79,ok
1785385758.147968000,81,ok
1785385758.148626000,76,ok
1785385758.168529000,80,ok
1785385758.170212000,83,ok
1785385758.170469000,78,ok
1785385758.194001000,79,ok
1785385758.198334000,84,ok
1785385758.199377000,82,ok
1785385758.200987000,79,ok
1785385758.212446000,76,ok
1785385758.217421000,78,ok
1785385758.233470000,84,ok
1785385758.236758000,80,ok
1785385758.234678000,81,ok
1785385758.243635000,74,ok
1785385758.254831000,77,ok
1785385758.253483000,78,ok
1785385758.256212000,81,ok
1785385758.270516000,81,ok
1785385758.273676000,83,ok
1785385758.274886000,84,ok
1785385758.301513000,81,ok
1785385758.300136000,87,ok
1785385758.297115000,79,ok
1785385758.302333000,82,ok
1785385758.321816000,85,ok
1785385758.323238000,82,ok
1785385758.354995000,92,ok
1785385758.355971000,85,ok
1785385758.354031000,82,ok
1785385758.363022000,82,ok
1785385758.379689000,83,ok
1785385758.378176000,90,ok
1785385758.382167000,87,ok
1785385758.410800000,92,ok
1785385758.413760000,92,ok
1785385758.415183000,95,ok
1785385758.436939000,79,ok
1785385758.437106000,75,ok
1785385758.440298000,80,ok
1785385758.440271000,82,ok
1785385758.452331000,81,ok
1785385758.453505000,85,ok
1785385758.474771000,83,ok
1785385758.470311000,81,ok
1785385758.478897000,80,ok
1785385758.488898000,78,ok
1785385758.475280000,83,ok
1785385758.489352000,83,ok
1785385758.488278000,82,ok
1785385758.510913000,80,ok
1785385758.518647000,82,ok
1785385758.516496000,83,ok
1785385758.543755000,82,ok
1785385758.543886000,82,ok
1785385758.548513000,79,ok
1785385758.546490000,80,ok
1785385758.571028000,83,ok
1785385758.571850000,79,ok
1785385758.597351000,84,ok
1785385758.600614000,82,ok
1785385758.600441000,82,ok
1785385758.605216000,86,ok
1785385758.601657000,81,ok
1785385758.607359000,85,ok
1785385758.614614000,85,ok
1785385758.628809000,75,ok
1785385758.627996000,79,ok
1785385758.639269000,82,ok
1785385758.659907000,84,ok
1785385758.660097000,87,ok
1785385758.660950000,88,ok
1785385758.663375000,87,ok
1785385758.675051000,79,ok
1785385758.675278000,79,ok
1785385758.715304000,84,ok
1785385758.718319000,84,ok
1785385758.716861000,79,ok
1785385758.720886000,80,ok
1785385758.717505000,80,ok
1785385758.727386000,86,ok
1785385758.737746000,82,ok
1785385758.750601000,81,ok
1785385758.752589000,80,ok
1785385758.762573000,80,ok
1785385758.770202000,78,ok
1785385758.777441000,80,ok
1785385758.776532000,82,ok
1785385758.780263000,84,ok
1785385758.785652000,78,ok
1785385758.786387000,80,ok
1785385758.821519000,79,ok
1785385758.823453000,83,ok
1785385758.830175000,77,ok
1785385758.821179000,77,ok
1785385758.828288000,79,ok
1785385758.822929000,80,ok
1785385758.839873000,78,ok
1785385758.863612000,82,ok
1785385758.863627000,79,ok
1785385758.870820000,80,ok
1785385758.878912000,77,ok
1785385758.881177000,75,ok
1785385758.884787000,79,ok
1785385758.888454000,79,ok
1785385758.891131000,76,ok
1785385758.894888000,83,ok
1785385758.920831000,74,ok
1785385758.928658000,79,ok
1785385758.931158000,80,ok
1785385758.933090000,79,ok
1785385758.934205000,81,ok
1785385758.932993000,80,ok
1785385758.946176000,76,ok
1785385758.959654000,74,ok
1785385758.971374000,83,ok
1785385758.971109000,78,ok
1785385758.989933000,83,ok
1785385758.987862000,75,ok
1785385758.990910000,77,ok
1785385758.990493000,80,ok
1785385758.999520000,79,ok
1785385759.000322000,80,ok
1785385759.036353000,80,ok
1785385759.027943000,82,ok
1785385759.046334000,89,ok
1785385759.038413000,81,ok
1785385759.040720000,86,ok
1785385759.036340000,83,ok
1785385759.054695000,80,ok
1785385759.068970000,82,ok
1785385759.080829000,80,ok
1785385759.080646000,78,ok
1785385759.103346000,80,ok
1785385759.103715000,80,ok
1785385759.119243000,79,ok
1785385759.117149000,86,ok
1785385759.116621000,88,ok
1785385759.126113000,82,ok
1785385759.146131000,77,ok
1785385759.149301000,76,ok
1785385759.146215000,78,ok
1785385759.153892000,78,ok
1785385759.156627000,78,ok
1785385759.161993000,79,ok
1785385759.167703000,80,ok
1785385759.177365000,75,ok
1785385759.190198000,80,ok
1785385759.192008000,82,ok
1785385759.202535000,74,ok
1785385759.205489000,74,ok
1785385759.217862000,75,ok
1785385759.222276000,76,ok
1785385759.221474000,77,ok
1785385759.235707000,81,ok
1785385759.251484000,75,ok
1785385759.253276000,79,ok
1785385759.258689000,76,ok
1785385759.259831000,77,ok
1785385759.263696000,77,ok
1785385759.263710000,74,ok
1785385759.272110000,76,ok
1785385759.277336000,75,ok
1785385759.292562000,79,ok
1785385759.295357000,82,ok
1785385759.300062000,77,ok
1785385759.301783000,75,ok
1785385759.311239000,72,ok
1785385759.317033000,75,ok
1785385759.317650000,76,ok
1785385759.327741000,75,ok
1785385759.347245000,75,ok
1785385759.352925000,77,ok
1785385759.359110000,76,ok
1785385759.358275000,77,ok
1785385759.360954000,75,ok
1785385759.366290000,78,ok
1785385759.378233000,79,ok
1785385759.381442000,78,ok
1785385759.398048000,77,ok
1785385759.400707000,72,ok
1785385759.406909000,74,ok
1785385759.403972000,81,ok
1785385759.403339000,81,ok
1785385759.414010000,74,ok
1785385759.413094000,75,ok
1785385759.422522000,75,ok
1785385759.444754000,78,ok
1785385759.454724000,77,ok
1785385759.456627000,75,ok
1785385759.458332000,77,ok
1785385759.459108000,73,ok
1785385759.465972000,77,ok
1785385759.477835000,74,ok
1785385759.479413000,77,ok
1785385759.503788000,76,ok
1785385759.505429000,79,ok
1785385759.506219000,75,ok
1785385759.521932000,84,ok
1785385759.521411000,76,ok
1785385759.519946000,85,ok
1785385759.520285000,85,ok
1785385759.520738000,85,ok
1785385759.542417000,78,ok
1785385759.553791000,80,ok
1785385759.564248000,79,ok
1785385759.556014000,77,ok
1785385759.566804000,80,ok
1785385759.565868000,82,ok
1785385759.574063000,73,ok
1785385759.577010000,77,ok
1785385759.605442000,79,ok
1785385759.608962000,82,ok
1785385759.609582000,78,ok
1785385759.621615000,77,ok
1785385759.629709000,82,ok
1785385759.629501000,82,ok
1785385759.630051000,82,ok
1785385759.630275000,82,ok
1785385759.650441000,78,ok
1785385759.672209000,83,ok
1785385759.672477000,77,ok
1785385759.672387000,85,ok
1785385759.673697000,83,ok
1785385759.673424000,82,ok
1785385759.675614000,77,ok
1785385759.675929000,77,ok
1785385759.704842000,77,ok
1785385759.707480000,81,ok
1785385759.705447000,82,ok
1785385759.731230000,85,ok
1785385759.740577000,86,ok
1785385759.740727000,86,ok
1785385759.739609000,87,ok
1785385759.742794000,90,ok
1785385759.762478000,85,ok
1785385759.794479000,91,ok
1785385759.791170000,87,ok
1785385759.795983000,93,ok
1785385759.797053000,84,ok
1785385759.801445000,86,ok
1785385759.798557000,88,ok
1785385759.799659000,84,ok
1785385759.826165000,81,ok
1785385759.828365000,77,ok
1785385759.838781000,86,ok
1785385759.855215000,81,ok
1785385759.854068000,86,ok
1785385759.853728000,84,ok
1785385759.856678000,82,ok
1785385759.863069000,84,ok
1785385759.880050000,82,ok
1785385759.905669000,80,ok
1785385759.905630000,79,ok
1785385759.905610000,78,ok
1785385759.907771000,72,ok
1785385759.910957000,83,ok
1785385759.919416000,81,ok
1785385759.921348000,83,ok
1785385759.939052000,74,ok
1785385759.941640000,81,ok
1785385759.951340000,78,ok
1785385759.959130000,75,ok
1785385759.963477000,79,ok
1785385759.963598000,75,ok
1785385759.964066000,83,ok
1785385759.964411000,82,ok
1785385759.979590000,78,ok
1785385760.005640000,78,ok
1785385760.005471000,76,ok
1785385760.006606000,78,ok
1785385760.011167000,75,ok
1785385760.011846000,81,ok
1785385760.017503000,76,ok
1785385760.020606000,74,ok
1785385760.040131000,77,ok
1785385760.040102000,78,ok
1785385760.051642000,76,ok
1785385760.060733000,73,ok
1785385760.060637000,75,ok
1785385760.061997000,73,ok
1785385760.061627000,75,ok
1785385760.064554000,76,ok
1785385760.073284000,75,ok
1785385760.104776000,77,ok
1785385760.108211000,80,ok
1785385760.105541000,76,ok
1785385760.111252000,78,ok
1785385760.111300000,76,ok
1785385760.115548000,75,ok
1785385760.123049000,77,ok
1785385760.141123000,76,ok
1785385760.142560000,74,ok
1785385760.157845000,79,ok
1785385760.164026000,73,ok
1785385760.163579000,74,ok
1785385760.162050000,76,ok
1785385760.164148000,75,ok
1785385760.174063000,77,ok
1785385760.179096000,77,ok
1785385760.202188000,73,ok
1785385760.206019000,75,ok
1785385760.209052000,77,ok
1785385760.213193000,76,ok
1785385760.215334000,78,ok
1785385760.213993000,74,ok
1785385760.223897000,76,ok
1785385760.243046000,76,ok
1785385760.243930000,80,ok
1785385760.262990000,75,ok
1785385760.263518000,75,ok
1785385760.268450000,74,ok
1785385760.271370000,82,ok
1785385760.269060000,82,ok
1785385760.269506000,82,ok
1785385760.283553000,78,ok
1785385760.302283000,78,ok
1785385760.300849000,73,ok
1785385760.303312000,74,ok
1785385760.311123000,74,ok
1785385760.311219000,76,ok
1785385760.318633000,83,ok
1785385760.319655000,76,ok
1785385760.337234000,77,ok
1785385760.338791000,78,ok
1785385760.364915000,77,ok
1785385760.375642000,83,ok
1785385760.375123000,82,ok
1785385760.377108000,83,ok
1785385760.376315000,85,ok
1785385760.380530000,87,ok
1785385760.402529000,82,ok
1785385760.415258000,77,ok
1785385760.415709000,76,ok
1785385760.421930000,74,ok
1785385760.420164000,81,ok
1785385760.419255000,78,ok
1785385760.421242000,76,ok
1785385760.423511000,82,ok
1785385760.436269000,76,ok
1785385760.441877000,81,ok
1785385760.462589000,78,ok
1785385760.468781000,73,ok
1785385760.470128000,74,ok
1785385760.471714000,75,ok
1785385760.474873000,79,ok
1785385760.476272000,76,ok
1785385760.496442000,75,ok
1785385760.514910000,75,ok
1785385760.514706000,74,ok
1785385760.527090000,79,ok
1785385760.528662000,79,ok
1785385760.528837000,81,ok
1785385760.528713000,79,ok
1785385760.531446000,82,ok
1785385760.535343000,74,ok
1785385760.545218000,77,ok
1785385760.559719000,75,ok
1785385760.565490000,76,ok
1785385760.571037000,79,ok
1785385760.571446000,79,ok
1785385760.571807000,78,ok
1785385760.575028000,80,ok
1785385760.589867000,75,ok
1785385760.610547000,77,ok
1785385760.611667000,75,ok
1785385760.630238000,76,ok
1785385760.631526000,76,ok
1785385760.630221000,76,ok
1785385760.636043000,81,ok
1785385760.637158000,83,ok
1785385760.642007000,80,ok
1785385760.658565000,79,ok
1785385760.667577000,74,ok
1785385760.671314000,77,ok
1785385760.675540000,80,ok
1785385760.674774000,79,ok
1785385760.675667000,77,ok
1785385760.677925000,74,ok
1785385760.687425000,74,ok
1785385760.704728000,75,ok
1785385760.705835000,76,ok
1785385760.724606000,71,ok
1785385760.727107000,72,ok
1785385760.728862000,72,ok
1785385760.736873000,77,ok
1785385760.736347000,78,ok
1785385760.741649000,76,ok
1785385760.760662000,76,ok
1785385760.766963000,76,ok
1785385760.770508000,75,ok
1785385760.778717000,79,ok
1785385760.777857000,77,ok
1785385760.777541000,77,ok
1785385760.779597000,78,ok
1785385760.782295000,70,ok
1785385760.803387000,78,ok
1785385760.801640000,78,ok
1785385760.817930000,73,ok
1785385760.825873000,77,ok
1785385760.832313000,84,ok
1785385760.833541000,78,ok
1785385760.831135000,75,ok
1785385760.835816000,76,ok
1785385760.855769000,76,ok
1785385760.864982000,77,ok
1785385760.879329000,80,ok
1785385760.879419000,77,ok
1785385760.883855000,81,ok
1785385760.887419000,80,ok
1785385760.887889000,83,ok
1785385760.888981000,82,ok
1785385760.907124000,77,ok
1785385760.908422000,76,ok
1785385760.920438000,74,ok
1785385760.923971000,73,ok
1785385760.932118000,75,ok
1785385760.935936000,77,ok
1785385760.936490000,77,ok
1785385760.937605000,78,ok
1785385760.956197000,79,ok
1785385760.959624000,73,ok
1785385760.980045000,75,ok
1785385760.981697000,77,ok
1785385760.982965000,73,ok
1785385760.984615000,73,ok
1785385760.992187000,78,ok
1785385760.992600000,77,ok
1785385761.008316000,78,ok
1785385761.010045000,77,ok
1785385761.026015000,79,ok
1785385761.025567000,78,ok
1785385761.030072000,72,ok
1785385761.030450000,75,ok
1785385761.032471000,73,ok
1785385761.035880000,76,ok
1785385761.051076000,74,ok
1785385761.052759000,74,ok
1785385761.075611000,74,ok
1785385761.080152000,78,ok
1785385761.080748000,74,ok
1785385761.080788000,76,ok
1785385761.081972000,71,ok
1785385761.086056000,73,ok
1785385761.104459000,76,ok
1785385761.107847000,75,ok
1785385761.123838000,74,ok
1785385761.124360000,75,ok
1785385761.135613000,80,ok
1785385761.135032000,80,ok
1785385761.135712000,79,ok
1785385761.136403000,76,ok
1785385761.145444000,74,ok
1785385761.149736000,77,ok
1785385761.172798000,72,ok
1785385761.170436000,73,ok
1785385761.182451000,80,ok
1785385761.176904000,73,ok
1785385761.181180000,78,ok
1785385761.180198000,75,ok
1785385761.196458000,73,ok
1785385761.202792000,78,ok
1785385761.222303000,77,ok
1785385761.222380000,78,ok
1785385761.235294000,78,ok
1785385761.237230000,80,ok
1785385761.236778000,79,ok
1785385761.241030000,80,ok
1785385761.243913000,73,ok
1785385761.254095000,79,ok
1785385761.278284000,78,ok
1785385761.275734000,76,ok
1785385761.285057000,79,ok
1785385761.285078000,77,ok
1785385761.284025000,76,ok
1785385761.289316000,82,ok
1785385761.302875000,77,ok
1785385761.305849000,79,ok
1785385761.325724000,82,ok
1785385761.327388000,80,ok
1785385761.342691000,79,ok
1785385761.344711000,82,ok
1785385761.343314000,76,ok
1785385761.345327000,76,ok
1785385761.343340000,81,ok
1785385761.354514000,77,ok
1785385761.382107000,77,ok
1785385761.385293000,78,ok
1785385761.386784000,75,ok
1785385761.385385000,79,ok
1785385761.393341000,79,ok
1785385761.393909000,72,ok
1785385761.403105000,75,ok
1785385761.406369000,75,ok
1785385761.423609000,78,ok
1785385761.424385000,75,ok
1785385761.436138000,71,ok
1785385761.444456000,78,ok
1785385761.445820000,79,ok
1785385761.443451000,76,ok
1785385761.447037000,80,ok
1785385761.449816000,74,ok
1785385761.479944000,78,ok
1785385761.479482000,72,ok
1785385761.485085000,79,ok
1785385761.486547000,79,ok
1785385761.490498000,72,ok
1785385761.489507000,73,ok
1785385761.502364000,73,ok
1785385761.503911000,78,ok
1785385761.521003000,78,ok
1785385761.522570000,78,ok
1785385761.535391000,74,ok
1785385761.545321000,78,ok
1785385761.548125000,79,ok
1785385761.548604000,77,ok
1785385761.550104000,82,ok
1785385761.549205000,79,ok
1785385761.576427000,73,ok
1785385761.576296000,75,ok
1785385761.580350000,72,ok
1785385761.586868000,75,ok
1785385761.589480000,78,ok
1785385761.591188000,77,ok
1785385761.597100000,74,ok
1785385761.604220000,75,ok
1785385761.616783000,78,ok
1785385761.619453000,78,ok
1785385761.629029000,72,ok
1785385761.645849000,76,ok
1785385761.650082000,81,ok
1785385761.651194000,82,ok
1785385761.655231000,87,ok
1785385761.653839000,84,ok
1785385761.679184000,79,ok
1785385761.681397000,81,ok
1785385761.690727000,82,ok
1785385761.688397000,80,ok
1785385761.696484000,86,ok
1785385761.697449000,73,ok
1785385761.707443000,78,ok
1785385761.698163000,79,ok
1785385761.720404000,81,ok
1785385761.718908000,81,ok
1785385761.735323000,82,ok
1785385761.752093000,78,ok
1785385761.756207000,82,ok
1785385761.756276000,80,ok
1785385761.763178000,84,ok
1785385761.765069000,85,ok
1785385761.803479000,77,ok
1785385761.804648000,81,ok
1785385761.804470000,80,ok
1785385761.805481000,80,ok
1785385761.810375000,79,ok
1785385761.820403000,84,ok
1785385761.820423000,81,ok
1785385761.821000000,80,ok
1785385761.829808000,75,ok
1785385761.830400000,78,ok
1785385761.841961000,76,ok
1785385761.855170000,79,ok
1785385761.854623000,74,ok
1785385761.857972000,73,ok
1785385761.857734000,77,ok
1785385761.856874000,72,ok
1785385761.902815000,78,ok
1785385761.905123000,77,ok
1785385761.908566000,75,ok
1785385761.908650000,75,ok
1785385761.907933000,79,ok
1785385761.925184000,76,ok
1785385761.938064000,80,ok
1785385761.937311000,79,ok
1785385761.942397000,79,ok
1785385761.942928000,76,ok
1785385761.956038000,73,ok
1785385761.956059000,76,ok
1785385761.965825000,80,ok
1785385761.964245000,78,ok
1785385761.963653000,78,ok
1785385761.967207000,79,ok
1785385762.000154000,75,ok
1785385762.004411000,78,ok
1785385762.004912000,77,ok
1785385762.005086000,75,ok
1785385762.004543000,76,ok
1785385762.021954000,74,ok
1785385762.032115000,73,ok
1785385762.038231000,71,ok
1785385762.039836000,75,ok
1785385762.040634000,71,ok
1785385762.055198000,74,ok
1785385762.055742000,71,ok
1785385762.063547000,74,ok
1785385762.065021000,74,ok
1785385762.066247000,76,ok
1785385762.066732000,77,ok
