ts,ms,status
1785385840.834660000,123,ok
1785385840.835646000,98,ok
1785385840.841861000,116,ok
1785385840.835913000,121,ok
1785385840.834642000,90,ok
1785385840.831825000,118,ok
1785385840.836851000,126,ok
1785385840.835525000,107,ok
1785385840.837349000,116,ok
1785385840.841477000,120,ok
1785385840.839875000,124,ok
1785385840.830589000,109,ok
1785385840.841573000,105,ok
1785385840.840346000,93,ok
1785385840.836649000,121,ok
1785385840.846288000,130,ok
1785385840.935963000,42,ok
1785385840.935352000,47,ok
1785385840.934917000,45,ok
1785385840.940201000,53,ok
1785385840.955337000,63,ok
1785385840.949039000,55,ok
1785385840.947733000,61,ok
1785385840.940190000,49,ok
1785385840.951127000,60,ok
1785385840.964780000,65,ok
1785385840.943039000,49,ok
1785385840.949123000,57,ok
1785385840.949704000,62,ok
1785385840.958889000,60,ok
1785385840.964404000,61,ok
1785385840.962783000,67,ok
1785385841.040367000,48,ok
1785385841.030512000,32,ok
1785385841.033474000,37,ok
1785385841.031205000,41,ok
1785385841.031819000,46,ok
1785385841.031804000,37,ok
1785385841.049856000,52,ok
1785385841.046729000,47,ok
1785385841.046431000,45,ok
1785385841.050493000,49,ok
1785385841.047166000,50,ok
1785385841.053821000,49,ok
1785385841.062862000,40,ok
1785385841.061408000,61,ok
1785385841.061384000,40,ok
1785385841.064387000,52,ok
1785385841.134948000,49,ok
1785385841.140871000,55,ok
1785385841.140593000,60,ok
1785385841.144569000,39,ok
1785385841.140013000,55,ok
1785385841.141893000,41,ok
1785385841.141444000,44,ok
1785385841.124686000,43,ok
1785385841.147950000,46,ok
1785385841.167829000,49,ok
1785385841.139656000,51,ok
1785385841.146495000,51,ok
1785385841.156509000,48,ok
1785385841.171675000,67,ok
1785385841.177568000,46,ok
1785385841.186766000,45,ok
1785385841.260024000,56,ok
1785385841.244082000,47,ok
1785385841.259634000,56,ok
1785385841.265876000,58,ok
1785385841.259617000,51,ok
1785385841.273404000,60,ok
1785385841.252523000,37,ok
1785385841.256583000,47,ok
1785385841.250376000,43,ok
1785385841.255134000,52,ok
1785385841.266250000,58,ok
1785385841.273835000,61,ok
1785385841.283998000,69,ok
1785385841.289799000,49,ok
1785385841.309106000,53,ok
1785385841.313329000,43,ok
1785385841.357554000,37,ok
1785385841.358269000,48,ok
1785385841.367031000,46,ok
1785385841.365525000,43,ok
1785385841.372166000,46,ok
1785385841.368838000,42,ok
1785385841.376645000,51,ok
1785385841.382692000,52,ok
1785385841.368427000,44,ok
1785385841.379300000,43,ok
1785385841.378135000,53,ok
1785385841.380412000,37,ok
1785385841.386425000,44,ok
1785385841.403569000,46,ok
1785385841.408327000,34,ok
1785385841.409651000,39,ok
1785385841.479139000,57,ok
1785385841.470852000,52,ok
1785385841.484078000,56,ok
1785385841.486388000,55,ok
1785385841.479439000,55,ok
1785385841.485557000,57,ok
1785385841.490421000,72,ok
1785385841.494136000,47,ok
1785385841.488239000,68,ok
1785385841.479421000,59,ok
1785385841.484846000,54,ok
1785385841.485805000,53,ok
1785385841.517104000,61,ok
1785385841.517600000,71,ok
1785385841.512908000,59,ok
1785385841.512996000,69,ok
1785385841.575343000,47,ok
1785385841.586963000,43,ok
1785385841.581633000,51,ok
1785385841.578699000,43,ok
1785385841.590015000,45,ok
1785385841.583601000,40,ok
1785385841.578287000,35,ok
1785385841.581117000,42,ok
1785385841.577571000,46,ok
1785385841.584242000,40,ok
1785385841.579036000,44,ok
1785385841.610199000,43,ok
1785385841.622821000,42,ok
1785385841.622680000,36,ok
1785385841.627729000,43,ok
1785385841.635835000,42,ok
1785385841.676995000,42,ok
1785385841.682361000,37,ok
1785385841.678539000,39,ok
1785385841.683944000,47,ok
1785385841.686800000,39,ok
1785385841.686601000,47,ok
1785385841.686868000,46,ok
1785385841.689808000,47,ok
1785385841.690281000,51,ok
1785385841.688564000,41,ok
1785385841.691333000,44,ok
1785385841.705747000,56,ok
1785385841.726671000,34,ok
1785385841.733107000,42,ok
1785385841.732759000,40,ok
1785385841.732546000,34,ok
1785385841.757971000,46,ok
1785385841.773899000,29,ok
1785385841.763735000,37,ok
1785385841.773855000,44,ok
1785385841.773821000,44,ok
1785385841.779827000,34,ok
1785385841.791517000,42,ok
1785385841.797353000,35,ok
1785385841.801298000,55,ok
1785385841.790331000,42,ok
1785385841.789023000,34,ok
1785385841.790126000,51,ok
1785385841.819874000,36,ok
1785385841.843397000,46,ok
1785385841.839535000,43,ok
1785385841.839820000,42,ok
1785385841.852392000,32,ok
1785385841.874923000,54,ok
1785385841.869152000,42,ok
1785385841.861337000,47,ok
1785385841.884437000,63,ok
1785385841.879575000,51,ok
1785385841.885400000,38,ok
1785385841.896909000,33,ok
1785385841.897639000,42,ok
1785385841.897792000,36,ok
1785385841.897306000,43,ok
1785385841.920490000,38,ok
1785385841.934294000,52,ok
1785385841.937190000,41,ok
1785385841.944376000,36,ok
1785385841.945932000,41,ok
1785385841.961386000,42,ok
1785385841.956676000,31,ok
1785385841.959239000,34,ok
1785385841.998298000,44,ok
1785385841.987856000,35,ok
1785385841.981600000,41,ok
1785385841.994529000,46,ok
1785385841.987317000,43,ok
1785385841.979511000,39,ok
1785385841.999674000,38,ok
1785385841.998017000,50,ok
1785385842.008829000,35,ok
1785385842.034152000,35,ok
1785385842.038303000,42,ok
1785385842.039835000,36,ok
1785385842.052521000,42,ok
1785385842.048500000,42,ok
1785385842.046910000,40,ok
1785385842.072385000,40,ok
1785385842.086806000,40,ok
1785385842.088898000,40,ok
1785385842.084481000,46,ok
1785385842.096130000,41,ok
1785385842.079221000,39,ok
1785385842.094957000,49,ok
1785385842.099677000,35,ok
1785385842.113974000,38,ok
1785385842.101909000,44,ok
1785385842.130797000,40,ok
1785385842.138853000,34,ok
1785385842.129411000,42,ok
1785385842.142145000,43,ok
1785385842.145290000,41,ok
1785385842.179856000,38,ok
1785385842.158381000,46,ok
1785385842.181903000,45,ok
1785385842.189280000,41,ok
1785385842.184004000,52,ok
1785385842.186769000,46,ok
1785385842.209200000,53,ok
1785385842.208510000,57,ok
1785385842.206972000,40,ok
1785385842.218115000,50,ok
1785385842.205378000,57,ok
1785385842.220678000,40,ok
1785385842.249753000,43,ok
1785385842.242807000,39,ok
1785385842.244184000,45,ok
1785385842.260806000,42,ok
1785385842.270347000,46,ok
1785385842.289052000,43,ok
1785385842.288046000,51,ok
1785385842.323198000,51,ok
1785385842.302311000,40,ok
1785385842.308184000,53,ok
1785385842.302546000,64,ok
1785385842.306265000,45,ok
1785385842.298876000,50,ok
1785385842.356862000,61,ok
1785385842.365984000,64,ok
1785385842.338768000,48,ok
1785385842.382075000,44,ok
1785385842.374156000,56,ok
1785385842.390582000,63,ok
1785385842.387773000,46,ok
1785385842.390273000,45,ok
1785385842.395750000,52,ok
1785385842.406313000,43,ok
1785385842.424286000,39,ok
1785385842.424216000,38,ok
1785385842.428476000,39,ok
1785385842.431563000,49,ok
1785385842.433785000,45,ok
1785385842.464519000,47,ok
1785385842.459952000,39,ok
1785385842.444218000,52,ok
1785385842.476896000,35,ok
1785385842.472812000,37,ok
1785385842.475295000,40,ok
1785385842.476895000,37,ok
1785385842.499095000,41,ok
1785385842.488113000,39,ok
1785385842.509256000,50,ok
1785385842.504942000,60,ok
1785385842.514998000,50,ok
1785385842.516054000,43,ok
1785385842.534443000,41,ok
1785385842.558109000,50,ok
1785385842.552493000,31,ok
1785385842.541056000,44,ok
1785385842.559036000,29,ok
1785385842.562530000,44,ok
1785385842.585904000,40,ok
1785385842.585637000,55,ok
1785385842.590362000,39,ok
1785385842.607087000,40,ok
1785385842.603700000,49,ok
1785385842.605867000,37,ok
1785385842.618699000,47,ok
1785385842.618205000,45,ok
1785385842.623970000,34,ok
1785385842.620874000,45,ok
1785385842.633634000,30,ok
1785385842.632552000,30,ok
1785385842.657887000,38,ok
1785385842.655026000,41,ok
1785385842.667756000,35,ok
1785385842.680564000,36,ok
1785385842.669400000,31,ok
1785385842.670748000,38,ok
1785385842.687654000,37,ok
1785385842.681689000,37,ok
1785385842.701880000,37,ok
1785385842.701934000,41,ok
1785385842.712659000,42,ok
1785385842.723909000,31,ok
1785385842.721309000,43,ok
1785385842.737374000,31,ok
1785385842.732582000,51,ok
1785385842.740694000,34,ok
1785385842.762528000,39,ok
1785385842.764755000,57,ok
1785385842.776396000,44,ok
1785385842.749845000,39,ok
1785385842.771338000,34,ok
1785385842.782218000,43,ok
1785385842.784263000,31,ok
1785385842.782372000,40,ok
1785385842.788196000,33,ok
1785385842.806578000,40,ok
1785385842.803077000,40,ok
1785385842.822169000,42,ok
1785385842.823343000,32,ok
1785385842.826509000,36,ok
1785385842.823941000,39,ok
1785385842.853941000,42,ok
1785385842.852922000,37,ok
1785385842.865651000,33,ok
1785385842.870997000,40,ok
1785385842.857098000,36,ok
1785385842.858612000,43,ok
1785385842.862606000,39,ok
1785385842.852223000,39,ok
1785385842.880687000,38,ok
1785385842.892284000,47,ok
1785385842.923331000,36,ok
1785385842.917310000,51,ok
1785385842.908269000,53,ok
1785385842.919661000,37,ok
1785385842.922422000,43,ok
1785385842.938528000,53,ok
1785385842.964031000,30,ok
1785385842.954699000,35,ok
1785385842.954436000,37,ok
1785385842.968198000,41,ok
1785385842.965575000,52,ok
1785385842.969641000,38,ok
1785385842.968985000,28,ok
1785385842.971837000,47,ok
1785385842.965582000,52,ok
1785385843.010593000,34,ok
1785385843.005422000,33,ok
1785385843.011562000,36,ok
1785385843.010630000,40,ok
1785385843.017445000,38,ok
1785385843.008052000,39,ok
1785385843.048742000,37,ok
1785385843.052750000,39,ok
1785385843.045207000,45,ok
1785385843.056140000,36,ok
1785385843.061576000,39,ok
1785385843.052018000,43,ok
1785385843.056102000,34,ok
1785385843.063229000,38,ok
1785385843.086455000,36,ok
1785385843.077781000,50,ok
1785385843.104999000,33,ok
1785385843.111170000,38,ok
1785385843.104105000,45,ok
1785385843.108408000,41,ok
1785385843.129415000,33,ok
1785385843.122601000,48,ok
1785385843.121138000,52,ok
1785385843.138447000,42,ok
1785385843.146101000,36,ok
1785385843.149830000,35,ok
1785385843.140569000,40,ok
1785385843.141394000,35,ok
1785385843.152497000,41,ok
1785385843.162663000,35,ok
1785385843.199310000,38,ok
1785385843.193656000,42,ok
1785385843.194781000,50,ok
1785385843.193317000,34,ok
1785385843.217484000,41,ok
1785385843.213351000,40,ok
1785385843.216155000,50,ok
1785385843.216337000,38,ok
1785385843.237781000,48,ok
1785385843.236254000,40,ok
1785385843.239034000,40,ok
1785385843.245391000,38,ok
1785385843.239106000,34,ok
1785385843.251250000,42,ok
1785385843.250952000,44,ok
1785385843.264343000,42,ok
1785385843.283029000,40,ok
1785385843.289068000,37,ok
1785385843.294878000,44,ok
1785385843.289622000,31,ok
1785385843.314653000,45,ok
1785385843.318022000,40,ok
1785385843.321420000,39,ok
1785385843.322358000,49,ok
1785385843.319100000,39,ok
1785385843.324338000,46,ok
1785385843.325896000,37,ok
1785385843.322400000,33,ok
1785385843.340516000,33,ok
1785385843.347560000,38,ok
1785385843.345258000,29,ok
1785385843.364319000,37,ok
1785385843.366148000,35,ok
1785385843.362537000,33,ok
1785385843.393599000,47,ok
1785385843.406439000,37,ok
1785385843.414377000,38,ok
1785385843.433224000,46,ok
1785385843.420715000,40,ok
1785385843.414168000,50,ok
1785385843.415987000,32,ok
1785385843.420625000,43,ok
1785385843.432967000,44,ok
1785385843.427353000,52,ok
1785385843.460776000,44,ok
1785385843.448004000,37,ok
1785385843.443515000,35,ok
1785385843.452438000,37,ok
1785385843.472057000,42,ok
1785385843.507313000,35,ok
1785385843.522882000,43,ok
1785385843.512814000,41,ok
1785385843.503634000,61,ok
1785385843.529538000,43,ok
1785385843.511250000,41,ok
1785385843.511616000,41,ok
1785385843.527529000,43,ok
1785385843.525024000,44,ok
1785385843.539119000,39,ok
1785385843.551721000,44,ok
1785385843.539253000,35,ok
1785385843.543200000,32,ok
1785385843.557163000,42,ok
1785385843.587227000,49,ok
1785385843.595783000,35,ok
1785385843.606394000,42,ok
1785385843.603405000,43,ok
1785385843.607874000,37,ok
1785385843.620446000,44,ok
1785385843.597366000,46,ok
1785385843.625229000,42,ok
1785385843.620640000,39,ok
1785385843.628266000,39,ok
1785385843.606408000,36,ok
1785385843.641792000,37,ok
1785385843.640470000,37,ok
1785385843.643543000,32,ok
1785385843.642663000,50,ok
1785385843.680673000,47,ok
1785385843.682873000,47,ok
1785385843.689769000,47,ok
1785385843.700018000,39,ok
1785385843.703117000,35,ok
1785385843.699089000,38,ok
1785385843.712653000,38,ok
1785385843.713327000,39,ok
1785385843.730371000,36,ok
1785385843.711606000,51,ok
1785385843.733279000,42,ok
1785385843.739133000,41,ok
1785385843.734144000,45,ok
1785385843.755097000,41,ok
1785385843.742949000,38,ok
1785385843.757446000,36,ok
1785385843.782028000,37,ok
1785385843.795184000,37,ok
1785385843.787575000,38,ok
1785385843.801106000,34,ok
1785385843.796923000,40,ok
1785385843.780240000,42,ok
1785385843.797969000,38,ok
1785385843.817160000,35,ok
1785385843.812621000,33,ok
1785385843.820456000,33,ok
1785385843.819341000,41,ok
1785385843.826223000,30,ok
1785385843.829792000,27,ok
1785385843.857494000,33,ok
1785385843.860362000,36,ok
1785385843.859867000,27,ok
1785385843.858567000,38,ok
1785385843.879062000,36,ok
1785385843.893773000,34,ok
1785385843.892902000,39,ok
1785385843.888618000,35,ok
1785385843.893687000,45,ok
1785385843.896338000,33,ok
1785385843.903862000,37,ok
1785385843.903781000,44,ok
1785385843.904991000,42,ok
1785385843.914167000,36,ok
1785385843.925653000,45,ok
1785385843.915688000,38,ok
1785385843.941282000,37,ok
1785385843.948218000,34,ok
1785385843.950923000,40,ok
1785385843.962897000,39,ok
1785385843.975821000,39,ok
1785385843.988917000,41,ok
1785385843.982291000,39,ok
1785385843.985332000,38,ok
1785385843.990911000,34,ok
1785385843.981173000,42,ok
1785385843.986458000,43,ok
1785385844.001716000,29,ok
1785385844.002112000,42,ok
1785385844.004919000,46,ok
1785385844.002386000,38,ok
1785385844.023611000,45,ok
1785385844.040805000,32,ok
1785385844.070039000,49,ok
1785385844.062017000,48,ok
1785385844.076990000,48,ok
1785385844.063661000,46,ok
1785385844.073595000,37,ok
1785385844.073424000,50,ok
1785385844.094391000,49,ok
1785385844.080652000,43,ok
1785385844.089832000,50,ok
1785385844.098637000,57,ok
1785385844.107172000,43,ok
1785385844.091844000,45,ok
1785385844.111783000,40,ok
1785385844.116289000,39,ok
1785385844.138222000,47,ok
1785385844.171109000,40,ok
1785385844.159150000,45,ok
1785385844.170019000,42,ok
1785385844.179830000,42,ok
1785385844.174997000,46,ok
1785385844.171549000,34,ok
1785385844.195128000,47,ok
1785385844.198808000,40,ok
1785385844.193397000,53,ok
1785385844.202673000,29,ok
1785385844.203826000,40,ok
1785385844.200414000,39,ok
1785385844.190276000,49,ok
1785385844.219049000,38,ok
1785385844.224301000,35,ok
1785385844.245933000,32,ok
1785385844.258378000,34,ok
1785385844.264906000,27,ok
1785385844.269826000,36,ok
1785385844.267561000,40,ok
1785385844.267414000,33,ok
1785385844.277003000,29,ok
1785385844.268095000,43,ok
1785385844.274231000,34,ok
1785385844.295274000,40,ok
1785385844.287018000,39,ok
1785385844.287423000,33,ok
1785385844.294044000,44,ok
1785385844.287459000,40,ok
1785385844.321731000,43,ok
1785385844.324788000,36,ok
1785385844.325926000,36,ok
1785385844.356086000,39,ok
1785385844.372544000,50,ok
1785385844.355523000,40,ok
1785385844.365701000,41,ok
1785385844.357852000,35,ok
1785385844.361643000,41,ok
1785385844.364198000,46,ok
1785385844.377900000,48,ok
1785385844.390637000,50,ok
1785385844.391065000,40,ok
1785385844.390158000,54,ok
1785385844.385498000,40,ok
1785385844.402243000,40,ok
1785385844.425953000,34,ok
1785385844.421615000,43,ok
1785385844.440768000,33,ok
1785385844.429252000,37,ok
1785385844.455334000,36,ok
1785385844.457850000,43,ok
1785385844.458887000,40,ok
1785385844.466958000,50,ok
1785385844.464109000,42,ok
1785385844.454895000,36,ok
1785385844.480829000,53,ok
1785385844.480357000,33,ok
1785385844.477836000,43,ok
1785385844.480364000,40,ok
1785385844.487887000,31,ok
1785385844.486320000,39,ok
1785385844.521521000,35,ok
1785385844.517944000,43,ok
1785385844.521952000,34,ok
1785385844.536223000,38,ok
1785385844.564739000,55,ok
1785385844.561760000,36,ok
1785385844.576672000,38,ok
1785385844.565344000,40,ok
1785385844.578670000,42,ok
1785385844.572103000,48,ok
1785385844.567239000,45,ok
1785385844.573000000,48,ok
1785385844.568584000,29,ok
1785385844.574653000,35,ok
1785385844.598385000,36,ok
1785385844.601259000,35,ok
1785385844.603897000,45,ok
1785385844.653188000,30,ok
1785385844.635341000,43,ok
1785385844.645859000,33,ok
1785385844.650277000,30,ok
1785385844.649364000,29,ok
1785385844.658562000,62,ok
1785385844.654846000,34,ok
1785385844.605997000,34,ok
1785385844.689418000,62,ok
1785385844.670333000,41,ok
1785385844.677080000,45,ok
1785385844.655324000,26,ok
1785385844.690394000,35,ok
1785385844.705344000,80,ok
1785385844.691615000,40,ok
1785385844.721988000,58,ok
1785385844.758722000,57,ok
1785385844.774068000,67,ok
1785385844.750151000,52,ok
1785385844.764391000,60,ok
1785385844.792289000,51,ok
1785385844.780489000,38,ok
1785385844.786202000,64,ok
1785385844.789949000,60,ok
1785385844.789980000,55,ok
1785385844.811070000,51,ok
1785385844.817955000,45,ok
1785385844.814566000,51,ok
1785385844.842652000,43,ok
1785385844.821538000,47,ok
1785385844.840344000,50,ok
1785385844.874663000,47,ok
1785385844.867381000,42,ok
1785385844.871693000,45,ok
1785385844.874943000,38,ok
1785385844.864445000,52,ok
1785385844.922353000,58,ok
1785385844.914150000,37,ok
1785385844.919929000,47,ok
1785385844.920456000,48,ok
1785385844.931010000,42,ok
1785385844.911022000,54,ok
1785385844.937721000,36,ok
1785385844.939226000,42,ok
1785385844.942672000,41,ok
1785385844.938371000,51,ok
1785385844.941364000,50,ok
1785385844.968092000,47,ok
1785385844.960592000,33,ok
1785385844.971624000,37,ok
1785385844.971582000,43,ok
1785385844.985101000,44,ok
1785385845.009184000,39,ok
1785385845.019173000,45,ok
1785385845.016205000,33,ok
1785385845.016224000,44,ok
1785385845.031229000,41,ok
1785385845.021424000,33,ok
1785385845.031641000,38,ok
1785385845.032619000,44,ok
1785385845.031414000,45,ok
1785385845.050761000,53,ok
1785385845.050317000,39,ok
1785385845.058839000,48,ok
1785385845.072274000,36,ok
1785385845.075865000,51,ok
1785385845.074454000,35,ok
1785385845.072211000,48,ok
1785385845.108041000,41,ok
1785385845.111196000,37,ok
1785385845.118332000,35,ok
1785385845.124168000,36,ok
1785385845.121707000,37,ok
1785385845.113484000,35,ok
1785385845.129402000,38,ok
1785385845.122478000,39,ok
1785385845.130415000,38,ok
1785385845.137983000,31,ok
1785385845.135334000,30,ok
1785385845.177388000,42,ok
1785385845.169324000,41,ok
1785385845.172439000,38,ok
1785385845.172134000,46,ok
1785385845.168385000,46,ok
1785385845.202447000,42,ok
1785385845.210233000,42,ok
1785385845.203148000,39,ok
1785385845.219822000,40,ok
1785385845.220133000,43,ok
1785385845.210163000,41,ok
1785385845.232094000,42,ok
1785385845.224351000,51,ok
1785385845.212571000,36,ok
1785385845.227748000,32,ok
1785385845.241493000,36,ok
1785385845.262599000,25,ok
1785385845.261497000,32,ok
1785385845.264124000,33,ok
1785385845.259036000,32,ok
1785385845.284103000,44,ok
1785385845.310234000,33,ok
1785385845.311216000,37,ok
1785385845.306818000,31,ok
1785385845.308430000,44,ok
1785385845.306078000,46,ok
1785385845.308914000,41,ok
1785385845.309288000,37,ok
1785385845.319814000,40,ok
1785385845.316725000,34,ok
1785385845.348254000,36,ok
1785385845.322218000,29,ok
1785385845.321671000,34,ok
1785385845.347845000,41,ok
1785385845.366062000,35,ok
1785385845.352444000,38,ok
1785385845.367797000,36,ok
1785385845.407623000,46,ok
1785385845.409575000,43,ok
1785385845.410200000,46,ok
1785385845.416262000,35,ok
1785385845.413097000,37,ok
1785385845.405123000,40,ok
1785385845.418998000,44,ok
1785385845.415801000,51,ok
1785385845.424689000,34,ok
1785385845.419565000,44,ok
1785385845.417668000,43,ok
1785385845.424123000,41,ok
1785385845.460470000,34,ok
1785385845.456680000,37,ok
1785385845.459053000,36,ok
1785385845.455764000,33,ok
1785385845.491105000,38,ok
1785385845.507434000,39,ok
1785385845.494802000,38,ok
1785385845.502022000,35,ok
1785385845.494278000,38,ok
1785385845.504595000,40,ok
1785385845.493502000,35,ok
1785385845.513371000,36,ok
1785385845.510324000,47,ok
1785385845.526579000,36,ok
1785385845.530962000,38,ok
1785385845.527447000,38,ok
1785385845.545381000,34,ok
1785385845.560239000,41,ok
1785385845.564785000,34,ok
1785385845.561612000,44,ok
1785385845.564659000,38,ok
1785385845.581418000,35,ok
1785385845.598385000,39,ok
1785385845.609663000,33,ok
1785385845.598350000,43,ok
1785385845.592878000,50,ok
1785385845.598772000,42,ok
1785385845.602576000,36,ok
1785385845.611582000,35,ok
1785385845.609812000,32,ok
1785385845.627912000,41,ok
1785385845.650936000,30,ok
1785385845.642938000,49,ok
1785385845.654415000,32,ok
1785385845.647647000,31,ok
1785385845.647639000,30,ok
1785385845.650663000,41,ok
1785385845.671061000,34,ok
1785385845.695669000,38,ok
1785385845.693577000,39,ok
1785385845.692610000,38,ok
1785385845.697227000,40,ok
1785385845.697242000,40,ok
1785385845.697252000,30,ok
1785385845.700670000,36,ok
1785385845.694807000,39,ok
1785385845.725892000,37,ok
1785385845.722182000,44,ok
1785385845.731553000,37,ok
1785385845.741225000,37,ok
1785385845.746608000,41,ok
1785385845.732524000,38,ok
1785385845.751072000,31,ok
1785385845.745296000,40,ok
1785385845.775672000,35,ok
1785385845.799184000,36,ok
1785385845.784356000,37,ok
1785385845.797105000,36,ok
1785385845.796471000,41,ok
1785385845.791627000,38,ok
1785385845.825931000,60,ok
1785385845.821311000,34,ok
1785385845.805602000,40,ok
1785385845.827436000,40,ok
1785385845.833483000,43,ok
1785385845.838901000,47,ok
1785385845.849710000,42,ok
1785385845.854119000,42,ok
1785385845.854721000,47,ok
1785385845.849701000,44,ok
1785385845.871362000,40,ok
1785385845.887947000,40,ok
1785385845.899886000,54,ok
1785385845.905177000,38,ok
1785385845.901099000,29,ok
1785385845.905822000,56,ok
1785385845.905119000,42,ok
1785385845.919876000,31,ok
1785385845.908585000,36,ok
1785385845.915220000,35,ok
1785385845.948675000,39,ok
1785385845.935551000,35,ok
1785385845.944126000,34,ok
1785385845.928069000,38,ok
1785385845.955652000,43,ok
1785385845.954035000,45,ok
1785385845.989131000,26,ok
1785385845.972497000,34,ok
1785385845.975004000,35,ok
1785385845.991406000,37,ok
1785385845.999275000,27,ok
1785385846.005241000,39,ok
1785385846.011126000,37,ok
1785385845.993016000,39,ok
1785385846.011771000,35,ok
1785385846.024024000,52,ok
1785385846.042300000,39,ok
1785385846.038929000,39,ok
1785385846.042946000,36,ok
1785385846.032752000,42,ok
1785385846.034450000,30,ok
1785385846.073296000,34,ok
1785385846.060141000,35,ok
1785385846.074816000,34,ok
1785385846.071517000,35,ok
1785385846.084883000,34,ok
1785385846.094787000,36,ok
1785385846.077802000,44,ok
1785385846.094052000,42,ok
1785385846.095467000,42,ok
1785385846.092225000,33,ok
1785385846.117550000,33,ok
1785385846.120575000,38,ok
1785385846.128191000,33,ok
1785385846.127786000,37,ok
1785385846.127562000,39,ok
1785385846.142361000,33,ok
1785385846.135763000,34,ok
1785385846.157983000,32,ok
1785385846.163751000,36,ok
1785385846.161833000,40,ok
1785385846.160223000,35,ok
1785385846.167882000,30,ok
1785385846.180259000,34,ok
1785385846.187553000,48,ok
1785385846.193507000,44,ok
1785385846.193903000,28,ok
1785385846.206048000,37,ok
1785385846.190790000,36,ok
1785385846.214601000,34,ok
1785385846.213270000,36,ok
1785385846.213367000,35,ok
1785385846.242272000,35,ok
1785385846.246540000,37,ok
1785385846.248942000,33,ok
1785385846.271117000,42,ok
1785385846.262302000,29,ok
1785385846.258262000,38,ok
1785385846.264620000,31,ok
1785385846.267844000,37,ok
1785385846.265223000,46,ok
1785385846.289302000,39,ok
1785385846.290658000,35,ok
1785385846.292436000,52,ok
1785385846.309901000,38,ok
1785385846.294340000,44,ok
1785385846.306198000,33,ok
1785385846.307843000,34,ok
1785385846.336718000,41,ok
1785385846.357313000,36,ok
1785385846.339013000,39,ok
1785385846.353451000,37,ok
1785385846.353475000,42,ok
1785385846.358482000,38,ok
1785385846.368603000,41,ok
1785385846.357594000,36,ok
1785385846.369740000,46,ok
1785385846.386673000,40,ok
1785385846.376766000,35,ok
1785385846.383871000,28,ok
1785385846.390310000,31,ok
1785385846.393809000,36,ok
1785385846.420623000,39,ok
1785385846.430947000,39,ok
1785385846.415865000,36,ok
1785385846.433234000,33,ok
1785385846.437865000,33,ok
1785385846.443752000,40,ok
1785385846.440116000,37,ok
1785385846.462839000,40,ok
1785385846.461788000,47,ok
1785385846.444796000,35,ok
1785385846.468350000,33,ok
1785385846.474150000,34,ok
1785385846.485548000,42,ok
1785385846.484520000,44,ok
1785385846.500703000,38,ok
1785385846.481951000,40,ok
1785385846.514266000,38,ok
1785385846.524527000,35,ok
1785385846.522364000,43,ok
1785385846.548488000,40,ok
1785385846.540648000,37,ok
1785385846.543362000,46,ok
1785385846.549968000,53,ok
1785385846.559137000,43,ok
1785385846.556630000,32,ok
1785385846.564783000,40,ok
1785385846.567314000,38,ok
1785385846.573537000,41,ok
1785385846.582013000,38,ok
1785385846.583609000,34,ok
1785385846.594085000,37,ok
1785385846.592696000,38,ok
1785385846.620227000,39,ok
1785385846.605185000,38,ok
1785385846.619530000,34,ok
1785385846.622543000,31,ok
1785385846.632071000,37,ok
1785385846.654887000,33,ok
1785385846.650494000,35,ok
1785385846.647440000,33,ok
1785385846.652946000,41,ok
1785385846.652158000,45,ok
1785385846.680411000,35,ok
1785385846.666350000,43,ok
1785385846.673133000,45,ok
1785385846.681479000,31,ok
1785385846.697950000,35,ok
1785385846.674531000,37,ok
1785385846.700432000,35,ok
1785385846.700667000,34,ok
1785385846.716176000,30,ok
1785385846.725838000,33,ok
1785385846.724808000,44,ok
1785385846.728420000,41,ok
1785385846.742294000,37,ok
1785385846.746162000,37,ok
1785385846.746257000,39,ok
1785385846.740628000,40,ok
1785385846.757733000,30,ok
1785385846.761185000,38,ok
1785385846.759685000,33,ok
1785385846.778362000,36,ok
1785385846.779433000,39,ok
1785385846.782340000,51,ok
1785385846.804411000,40,ok
1785385846.808165000,36,ok
1785385846.814839000,37,ok
1785385846.795691000,39,ok
1785385846.810786000,36,ok
1785385846.822418000,30,ok
1785385846.848684000,33,ok
1785385846.851917000,45,ok
1785385846.830311000,40,ok
1785385846.820644000,41,ok
1785385846.847733000,31,ok
1785385846.855709000,33,ok
1785385846.853323000,48,ok
1785385846.864982000,28,ok
1785385846.902859000,42,ok
1785385846.882859000,40,ok
1785385846.908443000,33,ok
1785385846.913468000,35,ok
1785385846.935119000,36,ok
1785385846.934527000,34,ok
1785385846.926326000,54,ok
1785385846.914773000,55,ok
1785385846.913018000,32,ok
1785385846.936201000,37,ok
1785385846.940935000,45,ok
1785385846.941450000,40,ok
1785385846.938157000,48,ok
1785385846.957813000,37,ok
1785385846.957778000,30,ok
1785385846.960434000,42,ok
1785385846.987785000,33,ok
1785385846.989912000,30,ok
1785385847.011689000,30,ok
1785385847.005492000,35,ok
1785385847.024507000,35,ok
1785385847.009839000,34,ok
1785385847.015503000,40,ok
1785385847.005299000,35,ok
1785385847.028167000,28,ok
1785385847.027518000,41,ok
1785385847.034619000,38,ok
1785385847.041215000,35,ok
1785385847.037483000,44,ok
1785385847.035946000,37,ok
1785385847.051382000,35,ok
1785385847.057749000,36,ok
1785385847.075635000,35,ok
1785385847.093148000,44,ok
1785385847.088079000,33,ok
1785385847.108916000,30,ok
1785385847.117244000,35,ok
1785385847.098121000,33,ok
1785385847.097641000,47,ok
1785385847.111294000,40,ok
1785385847.111407000,29,ok
1785385847.111142000,37,ok
1785385847.116874000,36,ok
1785385847.117788000,39,ok
1785385847.123713000,40,ok
1785385847.152348000,60,ok
1785385847.155364000,42,ok
1785385847.155171000,43,ok
1785385847.195090000,49,ok
1785385847.170503000,38,ok
1785385847.185494000,44,ok
1785385847.201604000,46,ok
1785385847.214784000,35,ok
1785385847.201888000,40,ok
1785385847.215234000,48,ok
1785385847.214161000,42,ok
1785385847.214984000,41,ok
1785385847.218612000,44,ok
1785385847.205481000,45,ok
1785385847.220261000,38,ok
1785385847.239275000,35,ok
1785385847.261466000,30,ok
1785385847.254252000,33,ok
1785385847.288262000,29,ok
1785385847.289621000,30,ok
1785385847.302302000,32,ok
1785385847.290408000,47,ok
1785385847.292871000,36,ok
1785385847.281849000,38,ok
1785385847.303313000,46,ok
1785385847.302910000,40,ok
1785385847.311406000,38,ok
1785385847.311385000,41,ok
1785385847.309310000,34,ok
1785385847.314723000,47,ok
1785385847.338721000,39,ok
1785385847.340448000,37,ok
1785385847.346006000,33,ok
1785385847.355309000,39,ok
1785385847.392412000,44,ok
1785385847.388889000,39,ok
1785385847.386620000,44,ok
1785385847.390336000,34,ok
1785385847.381215000,38,ok
1785385847.389571000,38,ok
1785385847.389097000,43,ok
1785385847.403988000,31,ok
1785385847.384487000,49,ok
1785385847.405045000,40,ok
1785385847.384386000,41,ok
1785385847.418073000,39,ok
1785385847.456348000,50,ok
1785385847.453088000,43,ok
1785385847.450014000,40,ok
1785385847.441054000,39,ok
1785385847.472036000,35,ok
1785385847.472446000,39,ok
1785385847.476170000,41,ok
1785385847.482100000,42,ok
1785385847.487498000,38,ok
1785385847.494519000,35,ok
1785385847.490222000,36,ok
1785385847.496691000,32,ok
1785385847.493421000,39,ok
1785385847.503674000,35,ok
1785385847.509127000,39,ok
1785385847.517336000,40,ok
1785385847.541338000,36,ok
1785385847.552769000,41,ok
1785385847.554164000,34,ok
1785385847.552934000,35,ok
1785385847.555592000,51,ok
1785385847.556112000,37,ok
1785385847.578676000,38,ok
1785385847.582391000,36,ok
1785385847.575016000,34,ok
1785385847.580458000,42,ok
1785385847.589038000,38,ok
1785385847.593169000,36,ok
1785385847.600000000,47,ok
1785385847.597847000,37,ok
1785385847.602838000,36,ok
1785385847.614396000,35,ok
1785385847.632772000,41,ok
1785385847.642017000,42,ok
1785385847.626557000,34,ok
1785385847.639537000,33,ok
1785385847.662032000,32,ok
1785385847.657351000,35,ok
1785385847.669894000,41,ok
1785385847.683619000,37,ok
1785385847.673620000,53,ok
1785385847.673567000,39,ok
1785385847.679717000,41,ok
1785385847.680904000,38,ok
1785385847.693656000,29,ok
1785385847.678786000,30,ok
1785385847.699198000,36,ok
1785385847.698785000,47,ok
1785385847.726191000,33,ok
1785385847.726298000,33,ok
1785385847.721955000,32,ok
1785385847.749709000,33,ok
1785385847.749044000,31,ok
1785385847.744371000,30,ok
1785385847.772344000,40,ok
1785385847.772324000,35,ok
1785385847.772051000,52,ok
1785385847.778743000,37,ok
1785385847.772120000,34,ok
1785385847.770985000,37,ok
1785385847.778352000,49,ok
1785385847.786945000,46,ok
1785385847.810618000,49,ok
1785385847.805590000,35,ok
1785385847.817860000,29,ok
1785385847.820587000,34,ok
1785385847.816627000,34,ok
1785385847.831086000,33,ok
1785385847.834793000,39,ok
1785385847.865026000,43,ok
1785385847.855371000,42,ok
1785385847.858673000,40,ok
1785385847.868226000,41,ok
1785385847.878250000,40,ok
1785385847.861669000,41,ok
1785385847.874974000,34,ok
1785385847.872336000,37,ok
1785385847.872405000,39,ok
1785385847.903674000,38,ok
1785385847.912870000,35,ok
1785385847.908261000,35,ok
1785385847.926931000,37,ok
1785385847.925687000,41,ok
1785385847.950543000,39,ok
1785385847.949297000,42,ok
1785385847.955731000,39,ok
1785385847.957281000,46,ok
1785385847.961476000,35,ok
1785385847.957645000,35,ok
1785385847.972109000,42,ok
1785385847.966916000,34,ok
1785385847.947617000,41,ok
1785385847.960899000,40,ok
1785385847.972642000,38,ok
1785385848.002757000,38,ok
1785385848.016521000,51,ok
1785385848.024399000,41,ok
1785385848.014098000,44,ok
1785385848.016126000,42,ok
1785385848.042985000,42,ok
1785385848.070088000,45,ok
1785385848.055202000,43,ok
1785385848.047704000,37,ok
1785385848.063351000,36,ok
1785385848.072488000,38,ok
1785385848.066095000,33,ok
1785385848.070447000,41,ok
1785385848.075045000,41,ok
1785385848.083031000,33,ok
1785385848.067416000,45,ok
1785385848.073258000,40,ok
1785385848.108484000,35,ok
1785385848.114021000,37,ok
1785385848.116553000,31,ok
1785385848.112883000,39,ok
1785385848.144000000,33,ok
1785385848.158020000,38,ok
1785385848.142869000,41,ok
1785385848.153855000,38,ok
1785385848.161034000,37,ok
1785385848.164485000,38,ok
1785385848.165445000,30,ok
1785385848.172859000,41,ok
1785385848.156907000,41,ok
1785385848.158280000,32,ok
1785385848.178279000,36,ok
1785385848.194503000,38,ok
1785385848.192000000,39,ok
1785385848.213113000,42,ok
1785385848.207411000,34,ok
1785385848.217441000,47,ok
1785385848.226437000,35,ok
1785385848.251399000,31,ok
1785385848.247729000,37,ok
1785385848.251502000,40,ok
1785385848.267404000,39,ok
1785385848.275474000,33,ok
1785385848.269619000,39,ok
1785385848.270624000,48,ok
1785385848.269010000,37,ok
1785385848.266639000,38,ok
1785385848.282865000,35,ok
1785385848.269637000,43,ok
1785385848.290113000,35,ok
1785385848.291816000,39,ok
1785385848.291162000,35,ok
1785385848.312201000,46,ok
1785385848.325480000,28,ok
1785385848.318302000,28,ok
1785385848.311836000,38,ok
1785385848.333596000,38,ok
1785385848.360394000,43,ok
1785385848.362270000,42,ok
1785385848.372578000,51,ok
1785385848.367192000,49,ok
1785385848.372748000,45,ok
1785385848.367377000,41,ok
1785385848.360847000,37,ok
1785385848.379411000,36,ok
1785385848.390118000,60,ok
1785385848.404393000,48,ok
1785385848.406666000,59,ok
1785385848.397379000,64,ok
1785385848.405959000,34,ok
1785385848.437113000,60,ok
1785385848.450539000,53,ok
1785385848.456970000,58,ok
1785385848.477111000,34,ok
1785385848.481940000,32,ok
1785385848.485347000,30,ok
1785385848.480768000,35,ok
1785385848.488001000,30,ok
1785385848.494055000,44,ok
1785385848.480083000,42,ok
1785385848.484945000,37,ok
1785385848.505859000,39,ok
1785385848.489374000,41,ok
1785385848.503881000,43,ok
1785385848.504216000,43,ok
1785385848.509966000,56,ok
1785385848.543210000,39,ok
1785385848.522375000,31,ok
1785385848.552545000,33,ok
1785385848.570481000,43,ok
1785385848.572032000,34,ok
1785385848.574788000,47,ok
1785385848.586945000,42,ok
1785385848.582945000,41,ok
1785385848.582484000,43,ok
1785385848.582238000,41,ok
1785385848.580998000,38,ok
1785385848.598371000,44,ok
1785385848.610223000,55,ok
1785385848.609349000,44,ok
1785385848.610871000,48,ok
1785385848.610694000,51,ok
1785385848.632279000,36,ok
1785385848.631058000,37,ok
1785385848.658711000,41,ok
1785385848.661213000,30,ok
1785385848.666957000,45,ok
1785385848.668946000,36,ok
1785385848.670455000,38,ok
1785385848.672667000,41,ok
1785385848.666109000,38,ok
1785385848.670568000,45,ok
1785385848.688031000,44,ok
1785385848.697144000,35,ok
1785385848.699692000,28,ok
1785385848.699056000,32,ok
1785385848.700150000,40,ok
1785385848.696021000,31,ok
1785385848.720794000,31,ok
1785385848.762454000,34,ok
1785385848.750581000,37,ok
1785385848.731137000,40,ok
1785385848.763594000,47,ok
1785385848.764844000,30,ok
1785385848.761098000,46,ok
1785385848.757607000,42,ok
1785385848.776505000,34,ok
1785385848.764690000,42,ok
1785385848.769964000,38,ok
1785385848.795540000,36,ok
1785385848.794319000,35,ok
1785385848.796217000,47,ok
1785385848.798380000,37,ok
1785385848.813708000,47,ok
1785385848.821460000,31,ok
1785385848.855139000,47,ok
1785385848.843361000,40,ok
1785385848.863781000,39,ok
1785385848.863025000,40,ok
1785385848.854185000,32,ok
1785385848.855994000,46,ok
1785385848.857954000,36,ok
1785385848.863906000,42,ok
1785385848.864444000,42,ok
1785385848.873429000,32,ok
1785385848.864246000,32,ok
1785385848.889049000,30,ok
1785385848.895303000,36,ok
1785385848.917114000,39,ok
1785385848.940989000,43,ok
1785385848.912734000,38,ok
1785385848.948253000,48,ok
1785385848.938362000,32,ok
1785385848.963734000,41,ok
1785385848.954828000,42,ok
1785385848.952700000,32,ok
1785385848.958567000,49,ok
1785385848.964969000,41,ok
1785385848.960412000,34,ok
1785385848.971919000,35,ok
1785385848.962038000,40,ok
1785385848.956849000,42,ok
1785385848.954689000,39,ok
1785385848.989268000,36,ok
1785385849.030536000,33,ok
1785385849.030115000,32,ok
1785385849.030160000,41,ok
1785385849.040957000,30,ok
1785385849.037250000,36,ok
1785385849.038599000,39,ok
1785385849.032544000,52,ok
1785385849.042231000,55,ok
1785385849.042086000,38,ok
1785385849.050607000,35,ok
1785385849.050372000,42,ok
1785385849.056458000,32,ok
1785385849.052572000,31,ok
1785385849.059172000,34,ok
1785385849.057550000,38,ok
1785385849.091101000,38,ok
1785385849.113900000,40,ok
1785385849.132947000,50,ok
1785385849.136707000,50,ok
1785385849.136477000,46,ok
1785385849.142853000,51,ok
1785385849.147182000,49,ok
1785385849.149770000,43,ok
1785385849.146954000,46,ok
1785385849.136589000,37,ok
1785385849.149795000,47,ok
1785385849.153750000,55,ok
1785385849.161355000,33,ok
1785385849.148767000,47,ok
1785385849.164492000,41,ok
1785385849.155929000,43,ok
1785385849.198650000,38,ok
1785385849.225362000,44,ok
1785385849.217689000,37,ok
1785385849.203720000,42,ok
1785385849.231778000,49,ok
1785385849.225120000,30,ok
1785385849.244176000,37,ok
1785385849.238175000,42,ok
1785385849.247252000,38,ok
1785385849.238428000,38,ok
1785385849.237727000,38,ok
1785385849.249542000,36,ok
1785385849.230957000,32,ok
1785385849.254578000,36,ok
1785385849.254138000,48,ok
1785385849.251292000,29,ok
1785385849.293694000,41,ok
1785385849.311363000,46,ok
1785385849.330563000,38,ok
1785385849.315106000,33,ok
1785385849.311168000,38,ok
1785385849.341787000,40,ok
1785385849.320903000,41,ok
1785385849.339258000,43,ok
1785385849.343759000,37,ok
1785385849.339415000,55,ok
1785385849.344916000,48,ok
1785385849.346120000,41,ok
1785385849.344737000,44,ok
1785385849.356528000,42,ok
1785385849.352264000,39,ok
1785385849.372254000,41,ok
1785385849.390626000,36,ok
1785385849.431794000,42,ok
1785385849.410327000,45,ok
1785385849.427597000,41,ok
1785385849.442174000,32,ok
1785385849.442465000,37,ok
1785385849.440450000,50,ok
1785385849.439693000,45,ok
1785385849.444945000,38,ok
1785385849.444528000,38,ok
1785385849.446010000,38,ok
1785385849.450108000,30,ok
1785385849.445047000,38,ok
1785385849.458242000,38,ok
1785385849.469971000,33,ok
1785385849.490576000,36,ok
1785385849.505021000,30,ok
1785385849.499061000,40,ok
1785385849.538059000,52,ok
1785385849.528356000,41,ok
1785385849.539642000,42,ok
1785385849.533703000,44,ok
1785385849.531068000,52,ok
1785385849.531837000,48,ok
1785385849.536933000,39,ok
1785385849.535220000,50,ok
1785385849.541039000,36,ok
1785385849.532548000,36,ok
1785385849.542124000,37,ok
1785385849.570228000,41,ok
1785385849.607917000,41,ok
1785385849.595070000,45,ok
1785385849.612571000,50,ok
1785385849.623195000,33,ok
1785385849.616373000,39,ok
1785385849.623496000,34,ok
1785385849.625480000,36,ok
1785385849.620344000,33,ok
1785385849.629847000,37,ok
1785385849.630881000,33,ok
1785385849.634205000,39,ok
1785385849.642816000,35,ok
1785385849.646500000,38,ok
1785385849.634344000,44,ok
1785385849.643516000,39,ok
1785385849.674609000,42,ok
1785385849.690652000,35,ok
1785385849.691806000,39,ok
1785385849.697192000,38,ok
1785385849.714456000,43,ok
1785385849.714076000,34,ok
1785385849.728533000,35,ok
1785385849.715052000,39,ok
1785385849.719575000,40,ok
1785385849.718196000,33,ok
1785385849.739133000,40,ok
1785385849.734173000,43,ok
1785385849.725754000,41,ok
1785385849.725384000,44,ok
1785385849.725396000,40,ok
1785385849.741648000,36,ok
1785385849.762758000,32,ok
1785385849.775248000,31,ok
1785385849.772802000,35,ok
1785385849.779014000,41,ok
1785385849.804752000,39,ok
1785385849.807631000,30,ok
1785385849.812289000,34,ok
1785385849.823637000,43,ok
1785385849.799326000,31,ok
1785385849.807917000,32,ok
1785385849.809407000,33,ok
1785385849.821045000,38,ok
1785385849.820804000,42,ok
1785385849.823322000,43,ok
1785385849.822271000,40,ok
1785385849.844668000,41,ok
1785385849.864242000,32,ok
1785385849.851104000,43,ok
1785385849.865294000,39,ok
1785385849.870932000,42,ok
1785385849.893516000,35,ok
1785385849.897734000,37,ok
1785385849.900615000,38,ok
1785385849.905006000,34,ok
1785385849.908470000,39,ok
1785385849.899700000,31,ok
1785385849.906498000,36,ok
1785385849.902314000,30,ok
1785385849.908263000,35,ok
1785385849.914034000,38,ok
1785385849.919196000,36,ok
1785385849.934669000,40,ok
1785385849.938501000,32,ok
1785385849.941431000,28,ok
1785385849.958382000,39,ok
1785385849.975243000,34,ok
1785385849.962389000,34,ok
1785385849.980107000,31,ok
1785385849.995612000,40,ok
1785385849.998868000,38,ok
1785385849.985151000,29,ok
1785385849.981966000,45,ok
1785385849.998227000,37,ok
1785385849.997313000,42,ok
1785385850.011147000,33,ok
1785385850.014840000,42,ok
1785385850.001335000,35,ok
1785385850.036788000,32,ok
1785385850.043396000,42,ok
1785385850.045319000,39,ok
1785385850.041531000,32,ok
1785385850.070576000,31,ok
1785385850.075559000,39,ok
1785385850.066372000,32,ok
1785385850.083039000,47,ok
1785385850.084877000,48,ok
1785385850.090122000,37,ok
1785385850.074401000,46,ok
1785385850.087909000,31,ok
1785385850.091587000,45,ok
1785385850.108834000,43,ok
1785385850.112695000,56,ok
1785385850.125758000,45,ok
1785385850.132249000,41,ok
1785385850.139839000,50,ok
1785385850.149248000,33,ok
1785385850.149083000,31,ok
1785385850.171526000,39,ok
1785385850.157039000,31,ok
1785385850.178868000,44,ok
1785385850.183556000,44,ok
1785385850.193266000,53,ok
1785385850.187815000,42,ok
1785385850.195952000,49,ok
1785385850.181223000,43,ok
1785385850.199526000,44,ok
1785385850.222709000,45,ok
1785385850.203609000,43,ok
1785385850.226314000,35,ok
1785385850.241923000,34,ok
1785385850.238873000,39,ok
1785385850.253977000,43,ok
1785385850.259110000,48,ok
1785385850.265700000,34,ok
1785385850.263433000,49,ok
1785385850.272677000,32,ok
1785385850.265480000,38,ok
1785385850.283131000,36,ok
1785385850.291009000,46,ok
1785385850.282148000,34,ok
1785385850.302393000,28,ok
1785385850.295021000,29,ok
1785385850.290338000,41,ok
1785385850.303660000,32,ok
1785385850.311334000,34,ok
1785385850.342010000,30,ok
1785385850.342074000,44,ok
1785385850.341528000,36,ok
1785385850.348150000,37,ok
1785385850.354557000,32,ok
1785385850.354330000,35,ok
1785385850.352154000,49,ok
1785385850.350636000,38,ok
1785385850.366397000,31,ok
1785385850.377943000,30,ok
1785385850.363753000,32,ok
1785385850.379967000,35,ok
1785385850.384772000,36,ok
1785385850.373803000,36,ok
1785385850.392539000,30,ok
1785385850.396645000,40,ok
1785385850.425714000,30,ok
1785385850.423342000,32,ok
1785385850.426874000,38,ok
1785385850.440175000,36,ok
1785385850.448443000,39,ok
1785385850.448055000,36,ok
1785385850.446053000,41,ok
1785385850.478901000,41,ok
1785385850.472531000,33,ok
1785385850.456681000,40,ok
1785385850.477163000,37,ok
1785385850.482499000,42,ok
1785385850.483834000,43,ok
1785385850.504871000,37,ok
1785385850.504830000,39,ok
1785385850.517140000,41,ok
1785385850.532925000,31,ok
1785385850.527622000,33,ok
1785385850.523800000,36,ok
1785385850.532933000,37,ok
1785385850.533071000,31,ok
1785385850.561442000,34,ok
1785385850.554925000,34,ok
1785385850.566223000,39,ok
1785385850.561043000,34,ok
1785385850.569307000,33,ok
1785385850.573302000,28,ok
1785385850.565262000,30,ok
1785385850.578738000,44,ok
1785385850.576319000,38,ok
1785385850.606645000,35,ok
1785385850.604602000,44,ok
1785385850.619723000,37,ok
1785385850.618689000,39,ok
1785385850.623467000,31,ok
1785385850.622356000,34,ok
1785385850.644699000,41,ok
1785385850.631892000,27,ok
1785385850.626290000,48,ok
1785385850.641458000,36,ok
1785385850.655674000,35,ok
1785385850.656481000,24,ok
1785385850.657579000,42,ok
1785385850.667121000,39,ok
1785385850.660891000,46,ok
1785385850.659323000,26,ok
1785385850.689024000,36,ok
1785385850.704893000,45,ok
1785385850.704507000,34,ok
1785385850.712178000,34,ok
1785385850.718322000,43,ok
1785385850.722860000,37,ok
1785385850.735621000,33,ok
1785385850.733891000,44,ok
1785385850.721021000,44,ok
1785385850.729046000,39,ok
1785385850.738749000,35,ok
1785385850.745248000,35,ok
1785385850.750057000,47,ok
1785385850.752971000,35,ok
1785385850.755309000,41,ok
1785385850.750548000,36,ok
1785385850.798954000,38,ok
1785385850.778771000,40,ok
1785385850.802864000,32,ok
1785385850.804104000,30,ok
1785385850.803780000,35,ok
1785385850.804080000,40,ok
1785385850.805411000,31,ok
1785385850.814703000,32,ok
1785385850.812677000,33,ok
1785385850.822128000,44,ok
1785385850.831521000,41,ok
1785385850.836402000,38,ok
1785385850.853191000,34,ok
1785385850.863910000,39,ok
1785385850.858027000,42,ok
1785385850.864108000,45,ok
1785385850.886280000,31,ok
1785385850.894870000,45,ok
1785385850.899914000,40,ok
1785385850.902608000,39,ok
1785385850.901398000,31,ok
1785385850.906305000,33,ok
1785385850.902257000,36,ok
1785385850.920252000,52,ok
1785385850.930653000,38,ok
1785385850.933885000,40,ok
1785385850.941421000,38,ok
1785385850.947225000,31,ok
1785385850.957638000,49,ok
1785385850.954430000,35,ok
1785385850.954442000,34,ok
1785385850.972074000,41,ok
1785385850.997902000,34,ok
1785385850.997242000,37,ok
1785385850.993890000,40,ok
1785385851.005347000,39,ok
1785385851.006720000,44,ok
1785385851.004994000,50,ok
1785385851.011461000,29,ok
1785385851.017353000,44,ok
1785385851.029181000,38,ok
1785385851.041229000,36,ok
1785385851.021100000,53,ok
1785385851.045459000,29,ok
1785385851.055676000,35,ok
1785385851.056777000,38,ok
1785385851.045806000,38,ok
1785385851.064294000,38,ok
1785385851.075660000,37,ok
1785385851.076049000,26,ok
1785385851.092095000,36,ok
1785385851.096401000,37,ok
1785385851.075845000,37,ok
1785385851.101100000,39,ok
1785385851.114526000,30,ok
1785385851.107311000,35,ok
1785385851.119902000,30,ok
1785385851.112855000,39,ok
1785385851.122779000,37,ok
1785385851.143001000,36,ok
1785385851.138371000,30,ok
1785385851.146023000,36,ok
1785385851.146431000,34,ok
1785385851.156454000,34,ok
1785385851.173273000,40,ok
1785385851.169752000,36,ok
1785385851.180366000,37,ok
1785385851.163480000,45,ok
1785385851.183807000,41,ok
1785385851.186234000,26,ok
1785385851.189059000,36,ok
1785385851.196319000,30,ok
1785385851.207724000,35,ok
1785385851.206834000,36,ok
1785385851.234271000,37,ok
1785385851.230594000,34,ok
1785385851.233177000,36,ok
1785385851.231319000,43,ok
1785385851.240584000,30,ok
1785385851.247301000,39,ok
1785385851.277147000,42,ok
1785385851.274372000,35,ok
1785385851.264808000,38,ok
1785385851.273695000,39,ok
1785385851.275443000,37,ok
1785385851.269742000,45,ok
1785385851.282184000,33,ok
1785385851.309870000,45,ok
1785385851.302661000,31,ok
1785385851.314399000,30,ok
1785385851.311409000,38,ok
1785385851.319739000,39,ok
1785385851.332805000,32,ok
1785385851.332317000,37,ok
1785385851.346246000,44,ok
1785385851.378409000,49,ok
1785385851.377181000,46,ok
1785385851.377104000,50,ok
1785385851.377195000,36,ok
1785385851.378258000,30,ok
1785385851.377806000,34,ok
1785385851.376853000,36,ok
1785385851.393457000,32,ok
1785385851.405171000,41,ok
1785385851.402049000,45,ok
1785385851.417125000,36,ok
1785385851.427788000,35,ok
1785385851.412776000,36,ok
1785385851.412052000,40,ok
1785385851.427028000,39,ok
1785385851.427009000,38,ok
1785385851.467479000,44,ok
1785385851.462959000,26,ok
1785385851.469226000,46,ok
1785385851.487926000,45,ok
1785385851.472740000,40,ok
1785385851.501885000,37,ok
1785385851.489191000,50,ok
1785385851.516200000,41,ok
1785385851.508315000,47,ok
1785385851.487835000,40,ok
1785385851.519529000,32,ok
1785385851.523463000,40,ok
1785385851.527385000,41,ok
1785385851.524039000,39,ok
1785385851.536426000,46,ok
1785385851.530630000,42,ok
1785385851.562349000,35,ok
1785385851.564824000,39,ok
1785385851.581471000,33,ok
1785385851.562134000,34,ok
1785385851.579216000,37,ok
1785385851.598135000,45,ok
1785385851.612750000,33,ok
1785385851.613639000,47,ok
1785385851.594953000,36,ok
1785385851.599654000,42,ok
1785385851.607287000,34,ok
1785385851.602906000,40,ok
1785385851.608178000,37,ok
1785385851.609490000,36,ok
1785385851.622786000,36,ok
1785385851.624147000,37,ok
1785385851.666035000,42,ok
1785385851.680906000,35,ok
1785385851.685021000,34,ok
1785385851.676887000,37,ok
1785385851.699164000,42,ok
1785385851.708227000,41,ok
1785385851.688381000,48,ok
1785385851.709996000,33,ok
1785385851.703966000,54,ok
1785385851.704752000,43,ok
1785385851.693620000,35,ok
1785385851.706956000,38,ok
1785385851.707364000,37,ok
1785385851.710148000,39,ok
1785385851.723454000,31,ok
1785385851.729514000,38,ok
1785385851.787801000,39,ok
1785385851.775153000,49,ok
1785385851.797949000,40,ok
1785385851.794922000,40,ok
1785385851.793077000,36,ok
1785385851.798954000,35,ok
1785385851.794779000,39,ok
1785385851.803359000,46,ok
1785385851.792392000,44,ok
1785385851.795741000,44,ok
1785385851.802915000,42,ok
1785385851.814094000,43,ok
1785385851.821970000,41,ok
1785385851.808842000,34,ok
1785385851.835114000,44,ok
1785385851.841197000,48,ok
1785385851.885922000,45,ok
1785385851.873211000,44,ok
1785385851.875089000,37,ok
1785385851.891834000,46,ok
1785385851.884347000,41,ok
1785385851.896480000,49,ok
1785385851.885133000,43,ok
1785385851.881788000,39,ok
1785385851.894332000,41,ok
1785385851.899780000,45,ok
1785385851.896593000,48,ok
1785385851.916886000,32,ok
1785385851.927978000,51,ok
1785385851.923689000,33,ok
1785385851.923871000,36,ok
1785385851.950096000,41,ok
1785385851.973048000,40,ok
1785385851.981316000,36,ok
1785385851.971730000,36,ok
1785385851.993604000,51,ok
1785385851.996989000,40,ok
1785385851.998146000,41,ok
1785385851.995269000,49,ok
1785385851.998936000,43,ok
1785385852.007638000,36,ok
1785385851.997221000,38,ok
1785385851.996952000,41,ok
1785385851.998526000,46,ok
1785385852.020480000,38,ok
1785385852.020148000,34,ok
1785385852.014882000,32,ok
1785385852.055666000,39,ok
1785385852.055780000,29,ok
1785385852.064099000,27,ok
1785385852.065238000,32,ok
1785385852.076422000,35,ok
1785385852.091548000,36,ok
1785385852.100316000,40,ok
1785385852.101236000,45,ok
1785385852.096223000,39,ok
1785385852.105553000,41,ok
1785385852.101567000,39,ok
1785385852.094414000,38,ok
1785385852.098277000,29,ok
1785385852.098143000,39,ok
1785385852.112601000,40,ok
1785385852.113478000,43,ok
1785385852.142585000,38,ok
1785385852.139483000,35,ok
1785385852.163753000,33,ok
1785385852.167024000,40,ok
1785385852.186690000,36,ok
1785385852.172238000,50,ok
1785385852.189086000,45,ok
1785385852.167076000,37,ok
1785385852.188597000,48,ok
1785385852.192649000,51,ok
1785385852.194457000,38,ok
1785385852.193535000,37,ok
1785385852.190180000,51,ok
1785385852.191630000,37,ok
1785385852.195187000,45,ok
1785385852.216179000,54,ok
1785385852.228080000,30,ok
1785385852.231850000,35,ok
1785385852.247245000,28,ok
1785385852.256325000,41,ok
1785385852.260793000,34,ok
1785385852.267894000,38,ok
1785385852.270746000,29,ok
1785385852.272068000,35,ok
1785385852.282974000,35,ok
1785385852.274135000,38,ok
1785385852.273933000,34,ok
1785385852.282585000,40,ok
1785385852.283975000,34,ok
1785385852.283278000,40,ok
1785385852.303381000,37,ok
1785385852.297558000,44,ok
1785385852.325972000,39,ok
1785385852.332188000,37,ok
1785385852.333190000,28,ok
1785385852.342995000,36,ok
1785385852.344443000,34,ok
1785385852.380350000,41,ok
1785385852.377250000,38,ok
1785385852.386416000,45,ok
1785385852.382687000,51,ok
1785385852.376826000,48,ok
1785385852.387214000,49,ok
1785385852.373167000,49,ok
1785385852.398266000,39,ok
1785385852.399723000,32,ok
1785385852.402694000,42,ok
1785385852.403528000,41,ok
1785385852.439783000,36,ok
1785385852.439108000,38,ok
1785385852.444496000,38,ok
1785385852.439399000,37,ok
1785385852.442733000,47,ok
1785385852.477794000,34,ok
1785385852.475268000,42,ok
1785385852.476659000,36,ok
1785385852.481737000,42,ok
1785385852.488907000,39,ok
1785385852.486871000,38,ok
1785385852.490610000,37,ok
1785385852.491890000,44,ok
1785385852.506794000,43,ok
1785385852.508854000,36,ok
1785385852.511280000,36,ok
1785385852.549500000,31,ok
1785385852.557243000,54,ok
1785385852.547306000,45,ok
1785385852.555413000,52,ok
1785385852.572123000,35,ok
1785385852.581948000,43,ok
1785385852.593090000,43,ok
1785385852.590147000,47,ok
1785385852.596697000,46,ok
1785385852.591303000,37,ok
1785385852.589931000,35,ok
1785385852.591004000,42,ok
1785385852.604276000,50,ok
1785385852.620499000,41,ok
1785385852.616381000,41,ok
1785385852.643484000,32,ok
1785385852.622976000,36,ok
1785385852.647513000,30,ok
1785385852.678132000,35,ok
1785385852.665912000,47,ok
1785385852.663253000,38,ok
1785385852.662698000,30,ok
1785385852.681695000,44,ok
1785385852.692128000,36,ok
1785385852.692785000,39,ok
1785385852.687247000,35,ok
1785385852.700798000,39,ok
1785385852.713561000,38,ok
1785385852.704760000,31,ok
1785385852.712637000,40,ok
1785385852.721663000,35,ok
1785385852.725199000,36,ok
1785385852.728119000,39,ok
1785385852.735862000,39,ok
1785385852.754758000,40,ok
1785385852.763189000,38,ok
1785385852.769099000,46,ok
1785385852.773765000,37,ok
1785385852.782048000,36,ok
1785385852.797076000,37,ok
1785385852.786609000,33,ok
1785385852.791781000,43,ok
1785385852.796472000,44,ok
1785385852.788674000,38,ok
1785385852.797922000,37,ok
1785385852.801958000,38,ok
1785385852.813418000,36,ok
1785385852.816910000,38,ok
1785385852.832957000,31,ok
1785385852.820035000,34,ok
1785385852.825406000,36,ok
1785385852.862424000,38,ok
1785385852.851387000,33,ok
1785385852.877778000,39,ok
1785385852.874203000,36,ok
1785385852.885595000,38,ok
1785385852.877150000,29,ok
1785385852.886838000,42,ok
1785385852.894378000,39,ok
1785385852.895934000,43,ok
1785385852.896886000,31,ok
1785385852.896642000,43,ok
1785385852.920009000,39,ok
1785385852.920279000,35,ok
1785385852.920042000,34,ok
1785385852.925311000,31,ok
1785385852.920938000,34,ok
1785385852.970147000,37,ok
1785385852.959526000,32,ok
1785385852.963299000,47,ok
1785385852.965326000,45,ok
1785385852.977054000,38,ok
1785385852.971665000,45,ok
1785385852.958514000,32,ok
1785385852.978833000,34,ok
1785385852.992632000,37,ok
1785385852.989039000,47,ok
1785385853.002840000,36,ok
1785385852.990687000,43,ok
1785385853.007735000,32,ok
1785385853.026252000,37,ok
1785385853.014166000,33,ok
1785385853.023578000,37,ok
1785385853.059906000,37,ok
1785385853.057351000,37,ok
1785385853.055586000,40,ok
1785385853.073756000,31,ok
1785385853.068396000,40,ok
1785385853.065791000,35,ok
1785385853.063146000,29,ok
1785385853.068142000,40,ok
1785385853.076994000,34,ok
1785385853.087628000,41,ok
1785385853.080661000,37,ok
1785385853.102380000,34,ok
1785385853.114290000,40,ok
1785385853.102274000,42,ok
1785385853.093670000,41,ok
1785385853.120573000,30,ok
1785385853.147963000,46,ok
1785385853.144630000,38,ok
1785385853.141351000,34,ok
1785385853.145826000,39,ok
1785385853.155413000,49,ok
1785385853.158117000,28,ok
1785385853.148204000,29,ok
1785385853.154677000,30,ok
1785385853.153858000,28,ok
1785385853.168221000,35,ok
1785385853.171712000,30,ok
1785385853.193271000,29,ok
1785385853.189558000,31,ok
1785385853.202944000,45,ok
1785385853.206902000,40,ok
1785385853.198989000,37,ok
1785385853.223571000,36,ok
1785385853.240277000,30,ok
1785385853.239900000,37,ok
1785385853.232877000,27,ok
1785385853.239872000,36,ok
1785385853.237894000,35,ok
1785385853.232828000,38,ok
1785385853.250702000,36,ok
1785385853.264234000,39,ok
1785385853.252775000,40,ok
1785385853.260988000,35,ok
1785385853.282207000,39,ok
1785385853.281198000,32,ok
1785385853.291729000,37,ok
1785385853.288955000,32,ok
1785385853.301934000,38,ok
1785385853.331144000,36,ok
1785385853.331528000,42,ok
1785385853.328792000,32,ok
1785385853.338358000,39,ok
1785385853.329775000,44,ok
1785385853.321307000,33,ok
1785385853.324558000,35,ok
1785385853.348123000,33,ok
1785385853.356216000,41,ok
1785385853.356890000,48,ok
1785385853.383944000,40,ok
1785385853.391875000,38,ok
1785385853.387957000,31,ok
1785385853.389541000,36,ok
1785385853.390294000,46,ok
1785385853.392657000,49,ok
1785385853.423765000,39,ok
1785385853.419860000,39,ok
1785385853.433488000,35,ok
1785385853.438713000,43,ok
1785385853.424329000,33,ok
1785385853.439415000,50,ok
1785385853.431264000,39,ok
1785385853.450109000,31,ok
1785385853.462176000,31,ok
1785385853.460036000,36,ok
1785385853.492460000,39,ok
1785385853.491381000,32,ok
1785385853.514099000,46,ok
1785385853.524169000,34,ok
1785385853.498423000,39,ok
1785385853.483838000,35,ok
1785385853.532902000,52,ok
1785385853.530111000,37,ok
1785385853.509459000,45,ok
1785385853.521303000,42,ok
1785385853.535103000,41,ok
1785385853.534532000,46,ok
1785385853.548682000,42,ok
1785385853.568370000,37,ok
1785385853.569943000,42,ok
1785385853.579923000,42,ok
1785385853.609743000,30,ok
1785385853.611462000,35,ok
1785385853.598489000,41,ok
1785385853.602086000,40,ok
1785385853.607577000,33,ok
1785385853.620058000,32,ok
1785385853.594800000,39,ok
1785385853.610943000,37,ok
1785385853.633565000,30,ok
1785385853.621038000,33,ok
1785385853.635145000,32,ok
1785385853.618257000,34,ok
1785385853.644162000,39,ok
1785385853.652528000,30,ok
1785385853.674023000,32,ok
1785385853.683849000,53,ok
1785385853.678271000,31,ok
1785385853.693345000,33,ok
1785385853.693192000,40,ok
1785385853.701551000,35,ok
1785385853.693567000,40,ok
1785385853.683329000,30,ok
1785385853.704339000,39,ok
1785385853.707100000,29,ok
1785385853.718088000,40,ok
1785385853.715765000,27,ok
1785385853.711149000,43,ok
1785385853.721531000,42,ok
1785385853.741014000,43,ok
1785385853.752691000,38,ok
1785385853.772189000,36,ok
1785385853.790929000,43,ok
1785385853.784223000,36,ok
1785385853.777049000,44,ok
1785385853.781251000,36,ok
1785385853.788207000,48,ok
1785385853.784871000,34,ok
1785385853.794092000,37,ok
1785385853.793829000,46,ok
1785385853.810985000,40,ok
1785385853.822945000,49,ok
1785385853.818042000,42,ok
1785385853.801607000,42,ok
1785385853.818489000,44,ok
1785385853.839737000,44,ok
1785385853.856498000,48,ok
1785385853.874261000,49,ok
1785385853.871777000,33,ok
1785385853.877525000,48,ok
1785385853.880646000,32,ok
1785385853.874443000,30,ok
1785385853.880155000,40,ok
1785385853.883757000,38,ok
1785385853.882999000,42,ok
1785385853.889830000,34,ok
1785385853.895639000,42,ok
1785385853.905395000,33,ok
1785385853.922399000,41,ok
1785385853.912727000,34,ok
1785385853.923771000,36,ok
1785385853.939269000,38,ok
1785385853.955017000,49,ok
1785385853.963195000,34,ok
1785385853.968133000,32,ok
1785385853.969593000,36,ok
1785385853.962703000,42,ok
1785385853.975235000,39,ok
1785385853.971789000,38,ok
1785385853.972528000,42,ok
1785385853.995675000,36,ok
1785385853.984751000,42,ok
1785385853.996204000,40,ok
1785385854.017481000,35,ok
1785385854.025525000,38,ok
1785385854.021176000,44,ok
1785385854.013448000,44,ok
1785385854.039170000,48,ok
1785385854.063043000,44,ok
1785385854.052715000,35,ok
1785385854.070500000,47,ok
1785385854.046321000,38,ok
1785385854.071611000,35,ok
1785385854.076702000,37,ok
1785385854.076937000,57,ok
1785385854.082896000,39,ok
1785385854.093059000,48,ok
1785385854.108015000,41,ok
1785385854.125919000,33,ok
1785385854.122980000,34,ok
1785385854.125519000,47,ok
1785385854.131464000,35,ok
1785385854.135343000,42,ok
1785385854.158883000,34,ok
1785385854.173467000,30,ok
1785385854.172147000,37,ok
1785385854.172588000,34,ok
1785385854.169812000,39,ok
1785385854.168546000,45,ok
1785385854.170050000,31,ok
1785385854.174969000,37,ok
1785385854.173321000,44,ok
1785385854.181533000,26,ok
1785385854.214546000,35,ok
1785385854.224523000,40,ok
1785385854.224537000,49,ok
1785385854.229460000,36,ok
1785385854.223389000,40,ok
1785385854.230788000,34,ok
1785385854.229605000,37,ok
1785385854.263650000,32,ok
1785385854.260512000,38,ok
1785385854.264611000,38,ok
1785385854.261181000,34,ok
1785385854.263384000,33,ok
1785385854.267116000,39,ok
1785385854.271405000,38,ok
1785385854.265331000,24,ok
1785385854.273964000,37,ok
1785385854.293386000,36,ok
1785385854.296650000,30,ok
1785385854.299935000,32,ok
1785385854.314594000,32,ok
1785385854.321035000,28,ok
1785385854.309123000,33,ok
1785385854.324128000,28,ok
1785385854.325584000,33,ok
1785385854.337655000,26,ok
1785385854.337853000,27,ok
1785385854.367768000,55,ok
1785385854.357810000,38,ok
1785385854.363903000,47,ok
1785385854.363585000,41,ok
1785385854.361462000,39,ok
1785385854.371747000,38,ok
1785385854.386667000,37,ok
1785385854.386031000,31,ok
1785385854.390352000,37,ok
1785385854.387889000,34,ok
1785385854.400127000,39,ok
1785385854.405222000,37,ok
1785385854.410749000,37,ok
1785385854.420377000,40,ok
1785385854.441617000,28,ok
1785385854.441057000,44,ok
1785385854.442362000,33,ok
1785385854.436704000,38,ok
1785385854.455141000,45,ok
1785385854.462687000,30,ok
1785385854.457427000,49,ok
1785385854.464460000,43,ok
1785385854.462781000,26,ok
1785385854.491766000,31,ok
1785385854.463861000,27,ok
1785385854.488198000,35,ok
1785385854.499344000,38,ok
1785385854.522427000,32,ok
1785385854.526289000,41,ok
1785385854.506113000,40,ok
1785385854.524297000,34,ok
1785385854.547716000,30,ok
1785385854.543125000,47,ok
1785385854.540603000,44,ok
1785385854.568152000,38,ok
1785385854.563175000,43,ok
1785385854.586719000,42,ok
1785385854.539395000,39,ok
1785385854.586004000,50,ok
1785385854.590056000,45,ok
1785385854.580834000,41,ok
1785385854.602755000,55,ok
1785385854.614738000,39,ok
1785385854.620286000,60,ok
1785385854.615779000,42,ok
1785385854.626953000,31,ok
1785385854.636637000,40,ok
1785385854.635312000,30,ok
1785385854.657050000,32,ok
1785385854.662910000,46,ok
1785385854.674572000,33,ok
1785385854.669450000,46,ok
1785385854.667008000,39,ok
1785385854.671975000,31,ok
1785385854.677904000,34,ok
1785385854.688053000,41,ok
1785385854.704846000,37,ok
1785385854.703810000,29,ok
1785385854.705721000,36,ok
1785385854.709825000,38,ok
1785385854.723925000,34,ok
1785385854.717834000,37,ok
1785385854.720922000,35,ok
1785385854.736290000,32,ok
1785385854.733276000,34,ok
1785385854.740350000,28,ok
1785385854.756761000,33,ok
1785385854.757983000,36,ok
1785385854.756730000,35,ok
1785385854.759483000,35,ok
1785385854.759626000,37,ok
1785385854.788381000,45,ok
1785385854.793290000,45,ok
1785385854.800491000,36,ok
1785385854.790444000,30,ok
1785385854.799788000,32,ok
1785385854.803092000,37,ok
1785385854.812342000,37,ok
1785385854.811662000,29,ok
1785385854.810783000,35,ok
1785385854.831262000,33,ok
1785385854.834940000,41,ok
1785385854.835956000,36,ok
1785385854.853760000,38,ok
1785385854.839919000,36,ok
1785385854.838715000,30,ok
1785385854.852785000,43,ok
1785385854.868854000,34,ok
1785385854.887894000,33,ok
1785385854.890516000,41,ok
1785385854.895415000,41,ok
1785385854.887875000,39,ok
1785385854.886612000,42,ok
1785385854.904124000,44,ok
1785385854.895258000,39,ok
1785385854.911769000,30,ok
1785385854.908846000,47,ok
1785385854.920832000,39,ok
1785385854.929517000,37,ok
1785385854.945164000,40,ok
1785385854.943662000,34,ok
1785385854.941718000,36,ok
1785385854.954356000,39,ok
1785385854.972913000,35,ok
1785385854.967378000,28,ok
1785385854.969633000,35,ok
1785385854.975924000,34,ok
1785385854.971153000,32,ok
1785385854.973936000,36,ok
1785385854.978910000,41,ok
1785385854.986074000,37,ok
1785385855.013343000,33,ok
1785385855.004070000,33,ok
1785385855.023268000,35,ok
1785385855.014184000,37,ok
1785385855.009543000,39,ok
1785385855.019288000,31,ok
1785385855.038001000,34,ok
1785385855.037726000,34,ok
1785385855.057371000,27,ok
1785385855.045335000,34,ok
1785385855.058776000,32,ok
1785385855.059854000,44,ok
1785385855.062974000,31,ok
1785385855.070625000,44,ok
1785385855.072158000,44,ok
1785385855.073362000,31,ok
1785385855.084392000,31,ok
1785385855.101121000,27,ok
1785385855.110214000,32,ok
1785385855.099612000,32,ok
1785385855.107132000,40,ok
1785385855.101661000,34,ok
1785385855.127641000,37,ok
1785385855.136132000,48,ok
1785385855.135951000,30,ok
1785385855.139153000,36,ok
1785385855.144708000,36,ok
1785385855.153250000,26,ok
1785385855.155745000,48,ok
1785385855.164224000,31,ok
1785385855.151877000,29,ok
1785385855.151295000,44,ok
1785385855.165020000,31,ok
1785385855.197445000,35,ok
1785385855.194574000,41,ok
1785385855.205794000,38,ok
1785385855.221102000,38,ok
1785385855.215118000,33,ok
1785385855.213523000,43,ok
1785385855.213944000,42,ok
1785385855.223700000,39,ok
1785385855.223439000,51,ok
1785385855.251466000,39,ok
1785385855.241956000,32,ok
1785385855.264458000,40,ok
1785385855.268426000,35,ok
1785385855.257177000,39,ok
1785385855.254539000,33,ok
1785385855.264862000,38,ok
1785385855.293750000,31,ok
1785385855.308734000,36,ok
1785385855.290448000,37,ok
1785385855.288498000,35,ok
1785385855.296288000,31,ok
1785385855.304754000,33,ok
1785385855.308337000,36,ok
1785385855.319730000,32,ok
1785385855.319064000,49,ok
1785385855.324594000,29,ok
1785385855.326727000,36,ok
1785385855.349237000,30,ok
1785385855.340593000,39,ok
1785385855.355295000,39,ok
1785385855.357902000,34,ok
1785385855.376165000,33,ok
1785385855.367551000,33,ok
1785385855.390502000,32,ok
1785385855.383043000,52,ok
1785385855.405834000,42,ok
1785385855.408817000,32,ok
1785385855.399144000,46,ok
1785385855.405764000,35,ok
1785385855.423555000,44,ok
1785385855.431639000,39,ok
1785385855.438632000,35,ok
1785385855.433303000,44,ok
1785385855.446710000,41,ok
1785385855.444358000,38,ok
1785385855.455962000,34,ok
1785385855.448264000,35,ok
1785385855.469353000,40,ok
1785385855.483265000,30,ok
1785385855.476205000,40,ok
1785385855.483526000,39,ok
1785385855.504525000,33,ok
1785385855.505543000,28,ok
1785385855.508421000,38,ok
1785385855.523260000,36,ok
1785385855.503771000,33,ok
1785385855.526889000,50,ok
1785385855.527309000,33,ok
1785385855.532213000,28,ok
1785385855.526944000,50,ok
1785385855.531949000,36,ok
1785385855.539948000,38,ok
1785385855.543492000,36,ok
1785385855.566515000,35,ok
1785385855.574839000,34,ok
1785385855.581059000,35,ok
1785385855.571928000,40,ok
1785385855.593605000,37,ok
1785385855.584642000,32,ok
1785385855.606732000,37,ok
1785385855.610771000,41,ok
1785385855.614530000,40,ok
1785385855.614260000,34,ok
1785385855.610082000,35,ok
1785385855.619178000,33,ok
1785385855.624247000,44,ok
1785385855.634689000,36,ok
1785385855.631476000,45,ok
1785385855.624249000,38,ok
1785385855.683416000,40,ok
1785385855.677329000,30,ok
1785385855.672309000,38,ok
1785385855.680860000,39,ok
1785385855.683792000,47,ok
1785385855.680201000,40,ok
1785385855.704488000,38,ok
1785385855.708714000,36,ok
1785385855.713525000,38,ok
1785385855.712833000,44,ok
1785385855.710745000,34,ok
1785385855.727648000,48,ok
1785385855.724928000,41,ok
1785385855.730957000,28,ok
1785385855.738024000,34,ok
1785385855.733899000,44,ok
1785385855.773986000,34,ok
1785385855.772985000,34,ok
1785385855.772895000,37,ok
1785385855.766629000,29,ok
1785385855.772563000,32,ok
1785385855.793021000,45,ok
1785385855.788551000,41,ok
1785385855.796242000,32,ok
1785385855.804758000,31,ok
1785385855.809289000,37,ok
1785385855.811622000,40,ok
1785385855.829172000,36,ok
1785385855.830445000,37,ok
1785385855.842792000,37,ok
1785385855.828633000,29,ok
1785385855.832691000,46,ok
1785385855.847273000,29,ok
1785385855.853320000,33,ok
1785385855.859712000,39,ok
1785385855.848581000,31,ok
1785385855.872164000,46,ok
1785385855.886588000,34,ok
1785385855.883836000,42,ok
1785385855.875795000,33,ok
1785385855.881408000,31,ok
1785385855.898060000,30,ok
1785385855.903501000,37,ok
1785385855.920763000,33,ok
1785385855.921029000,40,ok
1785385855.921694000,34,ok
1785385855.917419000,32,ok
1785385855.948166000,42,ok
1785385855.924156000,31,ok
1785385855.936032000,43,ok
1785385855.967853000,32,ok
1785385855.957507000,39,ok
1785385855.971498000,31,ok
1785385855.970616000,34,ok
1785385855.960818000,32,ok
1785385855.979132000,27,ok
1785385855.970910000,40,ok
1785385855.979564000,35,ok
1785385855.984471000,42,ok
1785385856.013053000,36,ok
1785385855.999095000,33,ok
1785385856.008400000,25,ok
1785385856.008422000,36,ok
1785385856.007527000,40,ok
1785385856.029111000,31,ok
1785385856.040191000,48,ok
1785385856.048596000,32,ok
1785385856.052126000,35,ok
1785385856.052795000,36,ok
1785385856.051846000,29,ok
1785385856.055461000,39,ok
1785385856.066185000,36,ok
1785385856.063488000,30,ok
1785385856.063235000,34,ok
1785385856.067909000,37,ok
1785385856.090210000,40,ok
1785385856.104983000,40,ok
1785385856.084551000,28,ok
1785385856.094476000,36,ok
1785385856.108891000,44,ok
1785385856.118077000,35,ok
1785385856.128785000,34,ok
1785385856.131914000,35,ok
1785385856.124834000,34,ok
1785385856.139850000,28,ok
1785385856.134484000,38,ok
1785385856.140861000,36,ok
1785385856.157523000,36,ok
1785385856.164683000,28,ok
1785385856.143244000,38,ok
1785385856.156956000,38,ok
1785385856.156568000,39,ok
1785385856.185891000,34,ok
1785385856.198433000,43,ok
1785385856.195696000,47,ok
1785385856.210197000,41,ok
1785385856.205218000,36,ok
1785385856.220417000,33,ok
1785385856.236052000,30,ok
1785385856.232543000,44,ok
1785385856.217656000,37,ok
1785385856.240211000,35,ok
1785385856.251427000,46,ok
1785385856.251477000,30,ok
1785385856.247300000,34,ok
1785385856.256345000,30,ok
1785385856.254566000,41,ok
1785385856.256659000,27,ok
1785385856.288746000,34,ok
1785385856.293540000,33,ok
1785385856.285358000,38,ok
1785385856.294217000,35,ok
1785385856.290130000,31,ok
1785385856.298984000,35,ok
1785385856.321875000,34,ok
1785385856.332962000,42,ok
1785385856.332405000,42,ok
1785385856.346179000,36,ok
1785385856.333461000,45,ok
1785385856.344758000,30,ok
1785385856.333891000,32,ok
1785385856.336055000,41,ok
1785385856.347458000,39,ok
1785385856.335538000,33,ok
1785385856.371276000,29,ok
1785385856.371118000,30,ok
1785385856.380477000,37,ok
1785385856.385105000,34,ok
1785385856.404416000,39,ok
1785385856.393499000,37,ok
1785385856.417020000,36,ok
1785385856.412302000,28,ok
1785385856.414968000,28,ok
1785385856.425539000,30,ok
1785385856.433700000,40,ok
1785385856.418984000,30,ok
1785385856.434132000,40,ok
1785385856.421056000,33,ok
1785385856.435886000,43,ok
1785385856.437459000,43,ok
1785385856.456795000,35,ok
1785385856.455796000,32,ok
1785385856.470844000,40,ok
1785385856.473126000,31,ok
1785385856.499079000,34,ok
1785385856.504608000,35,ok
1785385856.505050000,35,ok
1785385856.508099000,38,ok
1785385856.514223000,47,ok
1785385856.513600000,38,ok
1785385856.511380000,35,ok
1785385856.517782000,48,ok
1785385856.521381000,40,ok
1785385856.540525000,31,ok
1785385856.527922000,38,ok
1785385856.514189000,38,ok
1785385856.523592000,33,ok
1785385856.556037000,38,ok
1785385856.572708000,39,ok
1785385856.560752000,37,ok
1785385856.583961000,35,ok
1785385856.591763000,34,ok
1785385856.590387000,36,ok
1785385856.593138000,38,ok
1785385856.614958000,48,ok
1785385856.617640000,38,ok
1785385856.615696000,46,ok
1785385856.609075000,39,ok
1785385856.627633000,38,ok
1785385856.631095000,36,ok
1785385856.622542000,39,ok
1785385856.628007000,39,ok
1785385856.637969000,34,ok
1785385856.645671000,30,ok
1785385856.672412000,35,ok
1785385856.686426000,46,ok
1785385856.674774000,32,ok
1785385856.701254000,38,ok
1785385856.679993000,33,ok
1785385856.701509000,33,ok
1785385856.675810000,30,ok
1785385856.705451000,33,ok
1785385856.704755000,29,ok
1785385856.697024000,48,ok
1785385856.709674000,39,ok
1785385856.720250000,41,ok
1785385856.725789000,43,ok
1785385856.738022000,31,ok
1785385856.719616000,33,ok
1785385856.743183000,49,ok
1785385856.767620000,28,ok
1785385856.772395000,33,ok
1785385856.763586000,42,ok
1785385856.785883000,33,ok
1785385856.786020000,36,ok
1785385856.779706000,42,ok
1785385856.794029000,37,ok
1785385856.808046000,33,ok
1785385856.817327000,39,ok
1785385856.796851000,38,ok
1785385856.813829000,30,ok
1785385856.816969000,36,ok
1785385856.814147000,33,ok
1785385856.834260000,30,ok
1785385856.834741000,34,ok
1785385856.841578000,28,ok
1785385856.857670000,30,ok
1785385856.877085000,42,ok
1785385856.858876000,38,ok
1785385856.867117000,43,ok
1785385856.873734000,39,ok
1785385856.906865000,36,ok
1785385856.902530000,36,ok
1785385856.893441000,41,ok
1785385856.907875000,44,ok
1785385856.909777000,45,ok
1785385856.930740000,39,ok
1785385856.904893000,40,ok
1785385856.914351000,33,ok
1785385856.926986000,41,ok
1785385856.941348000,37,ok
1785385856.961032000,40,ok
1785385856.941026000,33,ok
1785385856.977466000,34,ok
1785385856.972698000,35,ok
1785385856.982310000,36,ok
1785385856.978521000,36,ok
1785385857.006467000,44,ok
1785385857.014217000,40,ok
1785385857.005616000,47,ok
1785385857.014004000,39,ok
1785385857.016515000,39,ok
1785385857.017881000,43,ok
1785385857.026859000,38,ok
1785385857.014280000,40,ok
1785385857.027955000,31,ok
1785385857.057617000,41,ok
1785385857.053683000,39,ok
1785385857.052590000,33,ok
1785385857.064001000,28,ok
1785385857.067732000,34,ok
1785385857.075777000,28,ok
1785385857.076977000,43,ok
1785385857.073738000,36,ok
1785385857.086912000,32,ok
1785385857.093502000,33,ok
1785385857.110401000,46,ok
1785385857.106339000,41,ok
1785385857.121171000,50,ok
1785385857.121292000,42,ok
1785385857.123216000,35,ok
1785385857.139112000,28,ok
1785385857.126252000,43,ok
1785385857.144181000,34,ok
1785385857.165000000,33,ok
1785385857.168504000,37,ok
1785385857.158586000,35,ok
1785385857.166176000,36,ok
1785385857.170179000,35,ok
1785385857.171984000,29,ok
1785385857.182011000,28,ok
1785385857.179369000,39,ok
1785385857.208958000,42,ok
1785385857.214923000,36,ok
1785385857.192653000,36,ok
1785385857.212794000,37,ok
1785385857.219525000,36,ok
1785385857.225812000,37,ok
1785385857.226839000,42,ok
1785385857.244988000,27,ok
1785385857.256424000,27,ok
1785385857.244557000,31,ok
1785385857.241223000,32,ok
1785385857.258064000,35,ok
1785385857.260503000,36,ok
1785385857.277601000,46,ok
1785385857.290295000,35,ok
1785385857.298852000,35,ok
1785385857.270838000,36,ok
1785385857.298088000,39,ok
1785385857.275867000,36,ok
1785385857.299342000,29,ok
1785385857.309540000,40,ok
1785385857.322939000,35,ok
1785385857.323606000,39,ok
1785385857.346893000,29,ok
1785385857.336294000,38,ok
1785385857.349506000,40,ok
1785385857.374597000,37,ok
1785385857.373876000,49,ok
1785385857.367739000,40,ok
1785385857.377179000,46,ok
1785385857.406220000,49,ok
1785385857.389238000,50,ok
1785385857.402730000,34,ok
1785385857.417932000,46,ok
1785385857.392115000,45,ok
1785385857.403322000,39,ok
1785385857.407185000,51,ok
1785385857.420925000,38,ok
1785385857.432727000,42,ok
1785385857.455875000,39,ok
1785385857.465356000,43,ok
1785385857.459721000,44,ok
1785385857.451088000,47,ok
1785385857.462978000,30,ok
1785385857.481017000,49,ok
1785385857.493614000,27,ok
1785385857.493948000,40,ok
1785385857.474908000,40,ok
1785385857.497538000,33,ok
1785385857.499147000,31,ok
1785385857.517961000,40,ok
1785385857.516692000,39,ok
1785385857.522011000,36,ok
1785385857.523803000,45,ok
1785385857.516661000,27,ok
1785385857.554760000,38,ok
1785385857.564439000,42,ok
1785385857.559662000,49,ok
1785385857.566398000,25,ok
1785385857.567532000,44,ok
1785385857.564758000,43,ok
1785385857.560551000,36,ok
1785385857.589576000,34,ok
1785385857.587734000,37,ok
1785385857.606533000,38,ok
1785385857.596702000,47,ok
1785385857.605730000,41,ok
1785385857.615584000,31,ok
1785385857.618961000,34,ok
1785385857.621823000,37,ok
1785385857.622485000,42,ok
1785385857.646044000,31,ok
1785385857.648444000,38,ok
1785385857.656442000,37,ok
1785385857.651131000,44,ok
1785385857.654859000,33,ok
1785385857.656105000,37,ok
1785385857.652508000,33,ok
1785385857.680774000,32,ok
1785385857.688175000,36,ok
1785385857.689638000,29,ok
1785385857.684890000,44,ok
1785385857.685479000,41,ok
1785385857.711887000,35,ok
1785385857.711321000,36,ok
1785385857.703923000,36,ok
1785385857.707084000,29,ok
1785385857.724678000,31,ok
1785385857.741168000,36,ok
1785385857.739630000,34,ok
1785385857.744164000,33,ok
1785385857.742529000,38,ok
1785385857.743395000,29,ok
1785385857.769318000,56,ok
1785385857.780245000,54,ok
1785385857.769624000,40,ok
1785385857.783580000,35,ok
1785385857.775482000,34,ok
1785385857.797758000,42,ok
1785385857.782184000,33,ok
1785385857.813197000,41,ok
1785385857.802287000,40,ok
1785385857.812131000,37,ok
1785385857.820169000,28,ok
1785385857.827096000,39,ok
1785385857.843891000,38,ok
1785385857.857260000,45,ok
1785385857.840012000,45,ok
1785385857.842091000,42,ok
1785385857.883537000,42,ok
1785385857.890258000,37,ok
1785385857.881163000,43,ok
1785385857.894523000,48,ok
1785385857.887034000,32,ok
1785385857.879026000,37,ok
1785385857.905815000,51,ok
1785385857.921714000,31,ok
1785385857.920299000,38,ok
1785385857.915678000,37,ok
1785385857.915465000,39,ok
1785385857.912462000,41,ok
1785385857.939139000,32,ok
1785385857.939785000,36,ok
1785385857.938808000,32,ok
1785385857.958870000,34,ok
1785385857.945981000,36,ok
1785385857.969285000,39,ok
1785385857.979372000,37,ok
1785385857.989481000,32,ok
1785385857.981448000,38,ok
1785385857.994910000,36,ok
1785385858.002896000,53,ok
1785385857.985422000,36,ok
1785385857.996714000,32,ok
1785385857.997704000,31,ok
1785385858.016717000,34,ok
1785385858.021848000,35,ok
1785385858.021056000,44,ok
1785385858.031228000,32,ok
1785385858.036541000,28,ok
1785385858.058679000,40,ok
1785385858.078819000,31,ok
1785385858.069780000,47,ok
1785385858.055363000,32,ok
1785385858.072990000,37,ok
1785385858.075828000,39,ok
1785385858.091922000,32,ok
1785385858.091942000,39,ok
1785385858.088375000,33,ok
1785385858.115832000,78,ok
1785385858.107360000,41,ok
1785385858.104913000,32,ok
1785385858.108550000,37,ok
1785385858.109788000,29,ok
1785385858.121081000,30,ok
1785385858.144840000,39,ok
1785385858.148252000,29,ok
1785385858.141779000,26,ok
1785385858.155086000,34,ok
1785385858.168632000,31,ok
1785385858.159314000,34,ok
1785385858.169782000,47,ok
1785385858.185982000,39,ok
1785385858.188967000,35,ok
1785385858.208052000,42,ok
1785385858.191154000,30,ok
1785385858.202362000,33,ok
1785385858.206383000,44,ok
1785385858.204659000,38,ok
1785385858.220392000,50,ok
1785385858.235679000,32,ok
1785385858.223711000,46,ok
1785385858.243285000,38,ok
1785385858.225530000,32,ok
1785385858.242455000,39,ok
1785385858.250384000,31,ok
1785385858.255807000,35,ok
1785385858.258041000,34,ok
1785385858.280829000,29,ok
1785385858.266516000,34,ok
1785385858.266678000,40,ok
1785385858.280671000,33,ok
1785385858.277508000,28,ok
1785385858.299768000,41,ok
1785385858.294779000,35,ok
1785385858.305634000,25,ok
1785385858.314231000,44,ok
1785385858.320846000,35,ok
1785385858.327798000,35,ok
1785385858.336041000,35,ok
1785385858.346595000,39,ok
1785385858.369651000,39,ok
1785385858.352130000,33,ok
1785385858.378343000,45,ok
1785385858.378876000,45,ok
1785385858.379251000,37,ok
1785385858.359686000,38,ok
1785385858.367350000,33,ok
1785385858.395950000,41,ok
1785385858.389832000,52,ok
1785385858.408995000,52,ok
1785385858.418227000,49,ok
1785385858.425242000,44,ok
1785385858.433930000,49,ok
1785385858.438835000,41,ok
1785385858.447666000,36,ok
1785385858.464227000,37,ok
1785385858.473324000,37,ok
1785385858.474033000,33,ok
1785385858.453890000,44,ok
1785385858.469167000,31,ok
1785385858.475360000,40,ok
1785385858.477699000,35,ok
1785385858.474415000,33,ok
1785385858.490433000,38,ok
1785385858.506293000,42,ok
1785385858.512465000,28,ok
1785385858.519416000,43,ok
1785385858.516078000,33,ok
1785385858.516458000,33,ok
1785385858.554996000,34,ok
1785385858.554641000,39,ok
1785385858.576545000,46,ok
1785385858.576558000,45,ok
1785385858.572797000,45,ok
1785385858.576967000,38,ok
1785385858.580961000,41,ok
1785385858.565718000,56,ok
1785385858.580134000,32,ok
1785385858.585735000,43,ok
1785385858.582490000,42,ok
1785385858.614541000,34,ok
1785385858.613199000,31,ok
1785385858.611852000,31,ok
1785385858.616335000,33,ok
1785385858.606959000,45,ok
1785385858.643743000,27,ok
1785385858.653736000,29,ok
1785385858.660978000,33,ok
1785385858.642746000,31,ok
1785385858.657569000,31,ok
1785385858.662559000,39,ok
1785385858.658216000,36,ok
1785385858.657775000,32,ok
1785385858.659352000,38,ok
1785385858.674001000,41,ok
1785385858.675375000,45,ok
1785385858.699663000,32,ok
1785385858.702893000,36,ok
1785385858.711251000,38,ok
1785385858.702344000,32,ok
1785385858.747094000,52,ok
1785385858.743822000,38,ok
1785385858.722682000,47,ok
1785385858.768748000,46,ok
1785385858.754357000,41,ok
1785385858.754808000,51,ok
1785385858.754367000,47,ok
1785385858.753710000,39,ok
1785385858.755578000,39,ok
1785385858.770392000,49,ok
1785385858.782579000,35,ok
1785385858.786498000,48,ok
1785385858.798505000,31,ok
1785385858.796923000,36,ok
1785385858.821283000,39,ok
1785385858.820722000,40,ok
1785385858.839188000,44,ok
1785385858.849491000,25,ok
1785385858.837567000,30,ok
1785385858.847361000,34,ok
1785385858.848812000,33,ok
1785385858.840969000,36,ok
1785385858.845213000,47,ok
1785385858.844905000,37,ok
1785385858.838952000,37,ok
1785385858.844121000,33,ok
1785385858.861234000,28,ok
1785385858.882916000,34,ok
1785385858.892048000,44,ok
1785385858.904137000,42,ok
1785385858.888862000,40,ok
1785385858.907687000,36,ok
1785385858.929491000,31,ok
1785385858.939960000,38,ok
1785385858.934466000,38,ok
1785385858.937425000,39,ok
1785385858.936670000,37,ok
1785385858.935195000,35,ok
1785385858.941002000,40,ok
1785385858.936693000,40,ok
1785385858.938518000,41,ok
1785385858.949321000,41,ok
1785385858.974639000,36,ok
1785385858.974107000,32,ok
1785385858.970996000,32,ok
1785385858.978577000,37,ok
1785385858.975799000,34,ok
1785385859.006274000,31,ok
1785385859.011920000,45,ok
1785385859.014734000,34,ok
1785385859.013691000,35,ok
1785385859.024054000,37,ok
1785385859.023503000,42,ok
1785385859.021288000,37,ok
1785385859.023066000,33,ok
1785385859.023722000,34,ok
1785385859.035890000,25,ok
1785385859.040825000,31,ok
1785385859.059747000,32,ok
1785385859.062004000,33,ok
1785385859.060092000,35,ok
1785385859.063822000,36,ok
1785385859.061058000,37,ok
1785385859.089512000,35,ok
1785385859.099324000,35,ok
1785385859.101548000,41,ok
1785385859.098041000,27,ok
1785385859.104335000,36,ok
1785385859.101986000,34,ok
1785385859.107702000,36,ok
1785385859.108270000,39,ok
1785385859.117546000,32,ok
1785385859.110346000,37,ok
1785385859.117319000,37,ok
1785385859.142381000,33,ok
1785385859.149104000,34,ok
1785385859.147667000,31,ok
1785385859.149677000,33,ok
1785385859.152673000,32,ok
1785385859.179799000,33,ok
1785385859.178699000,30,ok
1785385859.184465000,35,ok
1785385859.185347000,35,ok
1785385859.190692000,33,ok
1785385859.194162000,37,ok
1785385859.193330000,30,ok
1785385859.192686000,33,ok
1785385859.194568000,36,ok
1785385859.206572000,40,ok
1785385859.211048000,39,ok
1785385859.236165000,39,ok
1785385859.234246000,27,ok
1785385859.232903000,26,ok
1785385859.236649000,31,ok
1785385859.237416000,32,ok
1785385859.245441000,32,ok
1785385859.258597000,28,ok
1785385859.267617000,29,ok
1785385859.261421000,29,ok
1785385859.271763000,34,ok
1785385859.273192000,39,ok
1785385859.287045000,35,ok
1785385859.289340000,37,ok
1785385859.286110000,35,ok
1785385859.302999000,33,ok
1785385859.313349000,28,ok
1785385859.323215000,40,ok
1785385859.308933000,37,ok
1785385859.316467000,41,ok
1785385859.321053000,37,ok
1785385859.319974000,31,ok
1785385859.329161000,30,ok
1785385859.336519000,32,ok
1785385859.356098000,32,ok
1785385859.356086000,38,ok
1785385859.361051000,39,ok
1785385859.360430000,29,ok
1785385859.364284000,36,ok
1785385859.371024000,33,ok
1785385859.391304000,40,ok
1785385859.376807000,32,ok
1785385859.402464000,31,ok
1785385859.412722000,37,ok
1785385859.412608000,44,ok
1785385859.400110000,35,ok
1785385859.419820000,44,ok
1785385859.409280000,39,ok
1785385859.430154000,41,ok
1785385859.438785000,40,ok
1785385859.459157000,39,ok
1785385859.453965000,31,ok
1785385859.462095000,36,ok
1785385859.460886000,36,ok
1785385859.455176000,44,ok
1785385859.494052000,37,ok
1785385859.491213000,45,ok
1785385859.497971000,37,ok
1785385859.498697000,44,ok
1785385859.485643000,32,ok
1785385859.498458000,34,ok
1785385859.502554000,37,ok
1785385859.508133000,44,ok
1785385859.527948000,41,ok
1785385859.516113000,39,ok
1785385859.529404000,41,ok
1785385859.560991000,37,ok
1785385859.556656000,39,ok
1785385859.556872000,37,ok
1785385859.560666000,43,ok
1785385859.560215000,35,ok
1785385859.578304000,29,ok
1785385859.569770000,32,ok
1785385859.589414000,29,ok
1785385859.596640000,40,ok
1785385859.588666000,30,ok
1785385859.612156000,34,ok
1785385859.617606000,42,ok
1785385859.614132000,39,ok
1785385859.626052000,43,ok
1785385859.619056000,44,ok
1785385859.659641000,39,ok
1785385859.650503000,44,ok
1785385859.650887000,58,ok
1785385859.651561000,50,ok
1785385859.653561000,26,ok
1785385859.653270000,40,ok
1785385859.656594000,36,ok
1785385859.651265000,39,ok
1785385859.699707000,41,ok
1785385859.682811000,36,ok
1785385859.689813000,44,ok
1785385859.702781000,34,ok
1785385859.721597000,28,ok
1785385859.719763000,39,ok
1785385859.740680000,37,ok
1785385859.751058000,39,ok
1785385859.750303000,32,ok
1785385859.763133000,42,ok
1785385859.743643000,39,ok
1785385859.773176000,35,ok
1785385859.772529000,40,ok
1785385859.765215000,42,ok
1785385859.772957000,52,ok
1785385859.770206000,43,ok
1785385859.790309000,43,ok
1785385859.793131000,41,ok
1785385859.793216000,35,ok
1785385859.796405000,31,ok
1785385859.810625000,32,ok
1785385859.807396000,33,ok
1785385859.834334000,36,ok
1785385859.837073000,37,ok
1785385859.839203000,27,ok
1785385859.852118000,39,ok
1785385859.853684000,29,ok
1785385859.839027000,31,ok
1785385859.858873000,38,ok
1785385859.857177000,32,ok
1785385859.862511000,30,ok
1785385859.872548000,29,ok
1785385859.858646000,35,ok
1785385859.880116000,42,ok
1785385859.887338000,38,ok
1785385859.892123000,34,ok
1785385859.909776000,44,ok
1785385859.894064000,35,ok
1785385859.924481000,33,ok
1785385859.922568000,34,ok
1785385859.933362000,35,ok
1785385859.925583000,46,ok
1785385859.940294000,38,ok
1785385859.935458000,37,ok
1785385859.947673000,36,ok
1785385859.955726000,36,ok
1785385859.971039000,45,ok
1785385859.971954000,44,ok
1785385859.974129000,45,ok
1785385859.970191000,48,ok
1785385859.990340000,34,ok
1785385859.997983000,38,ok
1785385859.993933000,35,ok
1785385860.008880000,51,ok
1785385860.029368000,38,ok
1785385860.024374000,35,ok
1785385860.020943000,50,ok
1785385860.029276000,30,ok
1785385860.023866000,44,ok
1785385860.044501000,29,ok
1785385860.049247000,30,ok
1785385860.046292000,40,ok
1785385860.069270000,38,ok
1785385860.071064000,31,ok
1785385860.065757000,29,ok
1785385860.080166000,41,ok
1785385860.092112000,33,ok
1785385860.103157000,40,ok
1785385860.110743000,31,ok
1785385860.094632000,36,ok
1785385860.087914000,40,ok
1785385860.098788000,29,ok
1785385860.104820000,29,ok
1785385860.122744000,34,ok
1785385860.117800000,31,ok
1785385860.118043000,35,ok
1785385860.128668000,28,ok
1785385860.132726000,30,ok
1785385860.161490000,35,ok
1785385860.161338000,26,ok
1785385860.160130000,31,ok
1785385860.181397000,39,ok
1785385860.179223000,35,ok
1785385860.169865000,49,ok
1785385860.176894000,41,ok
1785385860.179001000,39,ok
1785385860.179842000,28,ok
1785385860.187929000,34,ok
1785385860.200039000,37,ok
1785385860.215214000,30,ok
1785385860.213150000,36,ok
1785385860.221346000,37,ok
1785385860.228628000,36,ok
1785385860.215208000,31,ok
1785385860.255256000,38,ok
1785385860.272017000,43,ok
1785385860.270197000,49,ok
1785385860.272208000,49,ok
1785385860.253546000,36,ok
1785385860.269512000,44,ok
1785385860.273203000,45,ok
1785385860.266406000,42,ok
1785385860.284030000,32,ok
1785385860.282454000,31,ok
1785385860.310545000,41,ok
1785385860.324461000,54,ok
1785385860.314546000,50,ok
1785385860.331045000,42,ok
1785385860.336360000,28,ok
1785385860.375613000,36,ok
1785385860.334470000,53,ok
1785385860.370029000,35,ok
1785385860.374221000,40,ok
1785385860.372271000,36,ok
1785385860.377865000,39,ok
1785385860.383200000,41,ok
1785385860.386268000,38,ok
1785385860.378470000,43,ok
1785385860.381206000,43,ok
1785385860.373677000,35,ok
1785385860.414841000,41,ok
1785385860.414270000,34,ok
1785385860.415910000,40,ok
1785385860.415775000,40,ok
1785385860.451599000,33,ok
1785385860.445499000,48,ok
1785385860.458705000,38,ok
1785385860.456266000,40,ok
1785385860.474287000,35,ok
1785385860.473029000,32,ok
1785385860.479268000,42,ok
1785385860.475048000,42,ok
1785385860.483159000,30,ok
1785385860.475125000,30,ok
1785385860.478475000,36,ok
1785385860.483298000,40,ok
1785385860.504421000,33,ok
1785385860.507788000,35,ok
1785385860.508473000,34,ok
1785385860.528158000,30,ok
1785385860.520919000,39,ok
1785385860.541921000,41,ok
1785385860.546580000,33,ok
1785385860.567850000,28,ok
1785385860.566369000,37,ok
1785385860.561450000,39,ok
1785385860.576039000,38,ok
1785385860.554373000,38,ok
1785385860.549819000,35,ok
1785385860.570840000,44,ok
1785385860.570587000,34,ok
1785385860.579313000,38,ok
1785385860.601127000,37,ok
1785385860.610706000,34,ok
1785385860.607910000,38,ok
1785385860.610421000,39,ok
1785385860.631714000,42,ok
1785385860.628792000,28,ok
1785385860.658840000,39,ok
1785385860.650280000,43,ok
1785385860.661709000,39,ok
1785385860.657442000,34,ok
1785385860.659900000,36,ok
1785385860.655623000,42,ok
1785385860.669403000,33,ok
1785385860.668903000,33,ok
1785385860.669057000,40,ok
1785385860.669089000,34,ok
1785385860.703638000,30,ok
1785385860.708310000,37,ok
1785385860.691588000,43,ok
1785385860.707646000,41,ok
1785385860.720826000,44,ok
1785385860.737731000,49,ok
1785385860.745058000,31,ok
1785385860.755625000,36,ok
1785385860.764247000,35,ok
1785385860.754714000,30,ok
1785385860.759630000,39,ok
1785385860.756952000,41,ok
1785385860.749246000,29,ok
1785385860.753704000,39,ok
1785385860.770586000,43,ok
1785385860.786968000,32,ok
1785385860.797247000,31,ok
1785385860.797740000,35,ok
1785385860.804190000,34,ok
1785385860.804866000,36,ok
1785385860.810378000,37,ok
1785385860.826531000,29,ok
1785385860.840769000,38,ok
1785385860.844561000,33,ok
1785385860.844100000,30,ok
1785385860.839989000,34,ok
1785385860.847423000,44,ok
1785385860.842390000,36,ok
1785385860.855315000,36,ok
1785385860.857498000,39,ok
1785385860.869613000,32,ok
1785385860.871011000,34,ok
1785385860.888927000,43,ok
1785385860.888202000,34,ok
1785385860.888005000,31,ok
1785385860.888553000,25,ok
1785385860.912681000,42,ok
1785385860.891626000,48,ok
1785385860.928480000,35,ok
1785385860.924630000,44,ok
1785385860.938532000,42,ok
1785385860.935440000,40,ok
1785385860.925486000,28,ok
1785385860.938432000,40,ok
1785385860.957333000,41,ok
1785385860.953479000,42,ok
1785385860.958961000,37,ok
1785385860.979744000,41,ok
1785385860.990671000,35,ok
1785385860.987150000,42,ok
1785385861.002996000,34,ok
1785385860.998196000,26,ok
1785385860.998687000,34,ok
1785385861.003707000,41,ok
1785385861.035312000,34,ok
1785385861.024141000,32,ok
1785385861.028161000,46,ok
1785385861.031719000,47,ok
1785385861.032815000,29,ok
1785385861.028545000,32,ok
1785385861.047561000,33,ok
1785385861.043838000,37,ok
1785385861.040646000,32,ok
1785385861.089823000,45,ok
1785385861.088108000,37,ok
1785385861.078590000,37,ok
1785385861.090444000,41,ok
1785385861.087248000,27,ok
1785385861.092930000,38,ok
1785385861.122294000,33,ok
1785385861.114171000,37,ok
1785385861.112937000,38,ok
1785385861.126600000,41,ok
1785385861.137663000,38,ok
1785385861.131960000,50,ok
1785385861.137535000,35,ok
1785385861.131053000,43,ok
1785385861.144016000,32,ok
1785385861.169681000,34,ok
1785385861.163135000,27,ok
1785385861.154204000,40,ok
1785385861.166757000,27,ok
1785385861.177210000,36,ok
1785385861.200814000,48,ok
1785385861.206812000,25,ok
1785385861.203248000,32,ok
1785385861.208119000,33,ok
1785385861.209800000,43,ok
1785385861.214890000,33,ok
1785385861.218844000,30,ok
1785385861.204839000,43,ok
1785385861.229078000,38,ok
1785385861.225700000,34,ok
1785385861.250981000,28,ok
1785385861.247937000,31,ok
1785385861.258711000,42,ok
1785385861.274102000,42,ok
1785385861.271661000,41,ok
1785385861.298155000,33,ok
1785385861.287580000,32,ok
1785385861.290868000,36,ok
1785385861.276302000,33,ok
1785385861.280710000,32,ok
1785385861.291307000,35,ok
1785385861.296270000,36,ok
1785385861.297789000,35,ok
1785385861.301908000,38,ok
1785385861.307048000,30,ok
1785385861.309168000,32,ok
1785385861.329972000,31,ok
1785385861.333038000,33,ok
1785385861.353929000,30,ok
1785385861.382134000,34,ok
1785385861.379532000,39,ok
1785385861.380593000,40,ok
1785385861.378716000,35,ok
1785385861.377698000,46,ok
1785385861.384967000,38,ok
1785385861.377308000,43,ok
1785385861.379682000,39,ok
1785385861.383186000,40,ok
1785385861.386774000,41,ok
1785385861.392590000,32,ok
1785385861.420990000,32,ok
1785385861.405995000,35,ok
1785385861.397343000,36,ok
1785385861.431544000,33,ok
1785385861.444045000,29,ok
1785385861.456811000,35,ok
1785385861.460735000,32,ok
1785385861.462228000,38,ok
1785385861.467100000,35,ok
1785385861.460555000,40,ok
1785385861.463078000,40,ok
1785385861.466036000,39,ok
1785385861.477476000,35,ok
1785385861.470004000,35,ok
1785385861.474174000,37,ok
1785385861.481873000,32,ok
1785385861.503397000,34,ok
1785385861.502053000,36,ok
1785385861.500402000,34,ok
1785385861.534137000,42,ok
1785385861.537082000,44,ok
1785385861.552048000,41,ok
1785385861.539394000,30,ok
1785385861.546296000,39,ok
1785385861.545309000,36,ok
1785385861.556673000,36,ok
1785385861.555593000,44,ok
1785385861.548484000,38,ok
1785385861.553679000,36,ok
1785385861.542432000,40,ok
1785385861.563907000,38,ok
1785385861.563924000,35,ok
1785385861.585861000,37,ok
1785385861.582855000,34,ok
1785385861.592217000,35,ok
1785385861.616161000,24,ok
1785385861.618110000,30,ok
1785385861.621702000,50,ok
1785385861.636461000,42,ok
1785385861.641762000,38,ok
1785385861.640454000,42,ok
1785385861.644825000,44,ok
1785385861.639600000,38,ok
1785385861.638067000,38,ok
1785385861.643788000,35,ok
1785385861.643199000,44,ok
1785385861.645703000,34,ok
1785385861.651304000,36,ok
1785385861.674289000,31,ok
1785385861.664545000,28,ok
1785385861.693864000,39,ok
1785385861.699685000,38,ok
1785385861.692302000,36,ok
1785385861.709263000,31,ok
1785385861.708346000,34,ok
1785385861.721034000,29,ok
1785385861.719722000,37,ok
1785385861.724863000,37,ok
1785385861.720089000,24,ok
1785385861.724373000,39,ok
1785385861.732159000,39,ok
1785385861.733183000,33,ok
1785385861.737921000,38,ok
1785385861.734733000,33,ok
1785385861.759115000,30,ok
1785385861.767278000,43,ok
1785385861.804200000,53,ok
1785385861.800303000,42,ok
1785385861.806664000,46,ok
1785385861.810175000,46,ok
1785385861.802573000,53,ok
1785385861.822519000,29,ok
1785385861.806454000,37,ok
1785385861.824845000,35,ok
1785385861.821086000,44,ok
1785385861.820014000,34,ok
1785385861.821114000,39,ok
1785385861.831207000,32,ok
1785385861.816069000,43,ok
1785385861.826218000,45,ok
1785385861.846604000,31,ok
1785385861.883772000,30,ok
1785385861.886321000,36,ok
1785385861.882526000,35,ok
1785385861.887294000,41,ok
1785385861.886571000,29,ok
1785385861.904843000,39,ok
1785385861.902427000,34,ok
1785385861.898244000,42,ok
1785385861.913755000,41,ok
1785385861.912967000,40,ok
1785385861.906652000,45,ok
1785385861.907633000,36,ok
1785385861.918454000,36,ok
1785385861.919166000,40,ok
1785385861.916247000,38,ok
1785385861.935846000,36,ok
1785385861.962233000,33,ok
1785385861.964844000,29,ok
1785385861.957746000,36,ok
1785385861.968958000,32,ok
1785385861.984473000,30,ok
1785385861.970286000,33,ok
1785385861.983730000,30,ok
1785385861.978978000,27,ok
1785385861.992562000,31,ok
1785385862.005635000,44,ok
1785385862.005535000,37,ok
1785385862.009787000,45,ok
1785385862.007924000,38,ok
1785385862.024004000,45,ok
1785385862.011583000,45,ok
1785385862.045424000,33,ok
1785385862.042077000,41,ok
1785385862.056337000,37,ok
1785385862.053865000,38,ok
1785385862.055854000,30,ok
1785385862.067146000,42,ok
1785385862.066351000,37,ok
1785385862.073452000,34,ok
1785385862.095604000,35,ok
1785385862.087927000,47,ok
1785385862.086931000,40,ok
1785385862.102017000,38,ok
1785385862.097865000,37,ok
1785385862.096649000,35,ok
1785385862.100752000,32,ok
1785385862.104059000,32,ok
1785385862.130269000,27,ok
1785385862.136909000,43,ok
1785385862.138142000,35,ok
1785385862.131866000,37,ok
1785385862.138690000,29,ok
1785385862.160017000,29,ok
1785385862.166841000,39,ok
1785385862.167168000,36,ok
1785385862.189261000,43,ok
1785385862.195321000,38,ok
1785385862.194196000,42,ok
1785385862.192106000,41,ok
1785385862.195995000,51,ok
1785385862.199456000,40,ok
1785385862.200611000,42,ok
1785385862.205001000,38,ok
1785385862.225255000,28,ok
1785385862.223229000,35,ok
1785385862.233417000,23,ok
1785385862.235107000,37,ok
1785385862.239672000,45,ok
1785385862.233331000,38,ok
1785385862.245542000,35,ok
1785385862.259663000,33,ok
1785385862.280183000,37,ok
1785385862.282360000,35,ok
1785385862.284655000,37,ok
1785385862.289667000,40,ok
1785385862.294883000,39,ok
1785385862.290830000,39,ok
1785385862.294666000,27,ok
1785385862.297453000,44,ok
1785385862.297172000,41,ok
1785385862.314204000,29,ok
1785385862.313861000,31,ok
1785385862.326583000,33,ok
1785385862.321863000,34,ok
1785385862.327558000,34,ok
1785385862.323408000,40,ok
1785385862.356669000,36,ok
1785385862.350176000,38,ok
1785385862.362863000,39,ok
1785385862.368976000,31,ok
1785385862.366255000,30,ok
1785385862.381796000,33,ok
1785385862.389480000,34,ok
1785385862.389814000,38,ok
1785385862.384802000,40,ok
1785385862.391980000,35,ok
1785385862.397080000,44,ok
1785385862.410117000,40,ok
1785385862.395161000,26,ok
1785385862.383469000,37,ok
1785385862.408996000,30,ok
1785385862.422552000,36,ok
1785385862.437635000,38,ok
1785385862.455408000,36,ok
1785385862.453532000,41,ok
1785385862.460556000,39,ok
1785385862.462933000,39,ok
1785385862.472922000,43,ok
1785385862.476745000,32,ok
1785385862.459132000,36,ok
1785385862.473794000,32,ok
1785385862.485528000,31,ok
1785385862.487583000,34,ok
1785385862.493948000,32,ok
1785385862.488046000,31,ok
1785385862.495179000,30,ok
1785385862.500277000,35,ok
1785385862.513302000,36,ok
1785385862.524042000,34,ok
1785385862.545849000,36,ok
1785385862.540433000,29,ok
1785385862.565412000,37,ok
1785385862.540760000,35,ok
1785385862.551157000,40,ok
1785385862.565885000,36,ok
1785385862.566074000,41,ok
1785385862.564684000,40,ok
1785385862.580047000,38,ok
1785385862.582093000,38,ok
1785385862.575342000,38,ok
1785385862.581747000,30,ok
1785385862.589656000,33,ok
1785385862.578903000,32,ok
1785385862.588984000,28,ok
1785385862.620414000,37,ok
1785385862.626553000,34,ok
1785385862.637867000,40,ok
1785385862.649287000,35,ok
1785385862.652293000,34,ok
1785385862.652360000,42,ok
1785385862.654650000,36,ok
1785385862.657075000,32,ok
1785385862.651561000,36,ok
1785385862.655950000,42,ok
1785385862.657004000,30,ok
1785385862.656350000,28,ok
1785385862.673258000,39,ok
1785385862.676893000,43,ok
1785385862.671840000,33,ok
1785385862.675447000,32,ok
1785385862.712631000,36,ok
1785385862.706428000,33,ok
1785385862.722206000,40,ok
1785385862.738888000,33,ok
1785385862.741846000,31,ok
1785385862.730728000,30,ok
1785385862.744394000,40,ok
1785385862.747003000,33,ok
1785385862.742819000,34,ok
1785385862.749304000,43,ok
1785385862.741821000,38,ok
1785385862.765591000,32,ok
1785385862.759670000,26,ok
1785385862.769765000,35,ok
1785385862.764251000,42,ok
1785385862.770621000,39,ok
1785385862.800346000,35,ok
1785385862.817470000,34,ok
1785385862.832085000,44,ok
1785385862.838473000,52,ok
1785385862.839143000,40,ok
1785385862.832933000,41,ok
1785385862.841352000,36,ok
1785385862.831537000,45,ok
1785385862.834179000,38,ok
1785385862.840020000,49,ok
1785385862.840978000,36,ok
1785385862.830999000,42,ok
1785385862.840955000,47,ok
1785385862.851398000,32,ok
1785385862.850826000,40,ok
1785385862.859912000,32,ok
1785385862.892340000,37,ok
1785385862.911087000,33,ok
1785385862.917609000,35,ok
1785385862.904222000,43,ok
1785385862.928826000,49,ok
1785385862.916986000,48,ok
1785385862.926018000,33,ok
1785385862.919008000,37,ok
1785385862.925541000,44,ok
1785385862.920947000,34,ok
1785385862.925593000,36,ok
1785385862.934580000,28,ok
1785385862.921636000,37,ok
1785385862.931101000,34,ok
1785385862.933046000,43,ok
1785385862.935276000,38,ok
1785385862.978663000,32,ok
1785385862.992986000,31,ok
1785385862.992286000,32,ok
1785385862.997674000,31,ok
1785385863.002334000,45,ok
1785385863.011809000,44,ok
1785385863.012734000,34,ok
1785385863.010823000,38,ok
1785385863.007989000,41,ok
1785385863.016885000,34,ok
1785385863.015953000,44,ok
1785385863.023670000,38,ok
1785385863.030294000,29,ok
1785385863.025541000,35,ok
1785385863.023962000,51,ok
1785385863.025581000,27,ok
1785385863.072787000,37,ok
1785385863.076367000,34,ok
1785385863.073581000,32,ok
1785385863.092684000,31,ok
1785385863.088393000,29,ok
1785385863.086144000,30,ok
1785385863.097711000,39,ok
1785385863.094006000,29,ok
1785385863.097680000,39,ok
1785385863.091652000,42,ok
1785385863.104636000,39,ok
1785385863.115957000,27,ok
1785385863.112338000,38,ok
1785385863.120697000,32,ok
1785385863.109910000,39,ok
1785385863.113353000,40,ok
1785385863.170229000,29,ok
1785385863.155365000,29,ok
1785385863.161255000,49,ok
1785385863.182163000,35,ok
1785385863.176983000,43,ok
1785385863.172461000,31,ok
1785385863.178889000,29,ok
1785385863.180920000,34,ok
1785385863.190825000,43,ok
1785385863.192509000,31,ok
1785385863.181445000,44,ok
1785385863.181690000,36,ok
1785385863.208490000,30,ok
1785385863.210276000,44,ok
1785385863.210985000,40,ok
1785385863.225631000,45,ok
1785385863.263918000,47,ok
1785385863.263878000,35,ok
1785385863.271311000,34,ok
1785385863.265149000,33,ok
1785385863.272837000,45,ok
1785385863.288097000,31,ok
1785385863.287629000,38,ok
1785385863.287738000,41,ok
1785385863.288758000,40,ok
1785385863.291033000,35,ok
1785385863.297911000,31,ok
1785385863.298101000,41,ok
1785385863.291014000,28,ok
1785385863.299633000,26,ok
1785385863.305468000,42,ok
1785385863.340299000,42,ok
1785385863.352993000,33,ok
1785385863.358096000,29,ok
1785385863.368048000,35,ok
1785385863.357322000,33,ok
1785385863.345803000,32,ok
1785385863.360854000,37,ok
1785385863.367106000,34,ok
1785385863.365578000,29,ok
1785385863.379994000,38,ok
1785385863.378909000,30,ok
1785385863.391343000,35,ok
1785385863.388222000,33,ok
1785385863.396071000,39,ok
1785385863.399256000,36,ok
1785385863.400674000,42,ok
1785385863.429619000,39,ok
1785385863.443938000,38,ok
1785385863.439542000,38,ok
1785385863.445965000,37,ok
1785385863.464074000,39,ok
1785385863.454041000,37,ok
1785385863.449799000,42,ok
1785385863.461576000,38,ok
1785385863.467334000,43,ok
1785385863.448744000,38,ok
1785385863.473333000,48,ok
1785385863.487569000,46,ok
1785385863.486769000,37,ok
1785385863.476248000,36,ok
1785385863.495738000,31,ok
1785385863.504701000,26,ok
1785385863.502605000,42,ok
1785385863.544227000,40,ok
1785385863.544624000,37,ok
1785385863.539751000,32,ok
1785385863.539312000,38,ok
1785385863.539010000,47,ok
1785385863.544029000,36,ok
1785385863.556073000,40,ok
1785385863.560053000,43,ok
1785385863.562114000,26,ok
1785385863.561769000,46,ok
1785385863.557805000,33,ok
1785385863.566132000,33,ok
1785385863.572360000,30,ok
1785385863.573483000,33,ok
1785385863.605843000,39,ok
1785385863.607392000,38,ok
1785385863.620971000,34,ok
1785385863.634358000,35,ok
1785385863.628787000,39,ok
1785385863.636423000,43,ok
1785385863.649025000,57,ok
1785385863.642686000,48,ok
1785385863.641841000,43,ok
1785385863.656969000,48,ok
1785385863.661426000,40,ok
1785385863.663526000,47,ok
1785385863.664192000,40,ok
1785385863.664105000,40,ok
1785385863.677787000,35,ok
1785385863.690705000,35,ok
1785385863.713594000,40,ok
1785385863.716876000,40,ok
1785385863.716648000,44,ok
1785385863.729821000,34,ok
1785385863.737630000,29,ok
1785385863.740858000,37,ok
1785385863.730713000,42,ok
1785385863.734257000,39,ok
1785385863.725595000,39,ok
1785385863.750579000,37,ok
1785385863.765264000,39,ok
1785385863.755079000,35,ok
1785385863.763987000,29,ok
1785385863.768516000,34,ok
1785385863.777610000,33,ok
1785385863.794793000,37,ok
1785385863.803206000,38,ok
1785385863.811722000,32,ok
1785385863.802796000,27,ok
1785385863.814881000,37,ok
1785385863.815013000,34,ok
1785385863.812208000,26,ok
1785385863.821959000,44,ok
1785385863.822543000,30,ok
1785385863.827043000,35,ok
1785385863.841511000,34,ok
1785385863.849482000,35,ok
1785385863.860448000,41,ok
1785385863.854056000,32,ok
1785385863.864492000,26,ok
1785385863.869044000,39,ok
1785385863.880703000,39,ok
1785385863.888868000,29,ok
1785385863.889323000,32,ok
1785385863.903528000,33,ok
1785385863.898353000,45,ok
1785385863.904971000,32,ok
1785385863.906987000,55,ok
1785385863.921410000,42,ok
1785385863.917974000,29,ok
1785385863.914939000,34,ok
1785385863.940491000,35,ok
1785385863.925094000,35,ok
1785385863.933320000,34,ok
1785385863.952432000,36,ok
1785385863.958100000,37,ok
1785385863.954522000,40,ok
1785385863.964684000,34,ok
1785385863.969488000,43,ok
1785385863.968973000,40,ok
1785385863.990738000,30,ok
1785385863.988083000,24,ok
1785385863.984694000,36,ok
1785385864.007733000,31,ok
1785385864.002413000,33,ok
1785385864.013051000,35,ok
1785385864.009324000,36,ok
1785385864.020912000,30,ok
1785385864.019700000,37,ok
1785385864.049190000,39,ok
1785385864.044819000,37,ok
1785385864.039591000,39,ok
1785385864.046259000,34,ok
1785385864.050588000,29,ok
1785385864.063676000,33,ok
1785385864.065757000,25,ok
1785385864.059705000,44,ok
1785385864.056472000,30,ok
1785385864.070632000,31,ok
1785385864.102799000,38,ok
1785385864.107195000,35,ok
1785385864.104650000,35,ok
1785385864.109399000,45,ok
1785385864.127583000,29,ok
1785385864.120209000,32,ok
1785385864.112981000,30,ok
1785385864.133852000,38,ok
1785385864.132643000,31,ok
1785385864.136471000,42,ok
1785385864.139999000,31,ok
1785385864.143751000,31,ok
1785385864.154321000,41,ok
1785385864.156985000,37,ok
1785385864.149809000,28,ok
1785385864.154313000,30,ok
1785385864.189224000,33,ok
1785385864.185600000,34,ok
1785385864.190007000,32,ok
1785385864.203845000,34,ok
1785385864.213490000,32,ok
1785385864.197678000,35,ok
1785385864.219997000,35,ok
1785385864.218928000,48,ok
1785385864.225527000,41,ok
1785385864.234269000,36,ok
1785385864.238024000,31,ok
1785385864.233110000,33,ok
1785385864.226456000,39,ok
1785385864.245567000,35,ok
1785385864.240433000,36,ok
1785385864.236968000,34,ok
1785385864.289893000,45,ok
1785385864.273523000,34,ok
1785385864.292713000,36,ok
1785385864.290028000,30,ok
1785385864.299366000,45,ok
1785385864.280963000,41,ok
1785385864.307249000,41,ok
1785385864.308458000,29,ok
1785385864.300987000,36,ok
1785385864.297095000,31,ok
1785385864.322305000,38,ok
1785385864.324802000,38,ok
1785385864.324985000,36,ok
1785385864.331349000,27,ok
1785385864.331743000,32,ok
1785385864.350873000,43,ok
1785385864.375459000,32,ok
1785385864.366342000,35,ok
1785385864.382650000,29,ok
1785385864.372188000,36,ok
1785385864.377911000,30,ok
1785385864.383244000,38,ok
1785385864.388137000,33,ok
1785385864.406368000,27,ok
1785385864.403514000,30,ok
1785385864.406057000,40,ok
1785385864.401557000,39,ok
1785385864.411300000,32,ok
1785385864.413863000,37,ok
1785385864.410665000,32,ok
1785385864.430883000,35,ok
1785385864.439655000,35,ok
1785385864.453585000,30,ok
1785385864.453212000,31,ok
1785385864.458275000,35,ok
1785385864.466038000,34,ok
1785385864.463236000,33,ok
1785385864.475419000,31,ok
1785385864.486669000,43,ok
1785385864.482924000,31,ok
1785385864.493022000,32,ok
1785385864.494635000,32,ok
1785385864.498916000,41,ok
1785385864.503642000,32,ok
1785385864.502523000,42,ok
1785385864.501199000,40,ok
1785385864.516289000,35,ok
1785385864.526506000,29,ok
1785385864.539228000,42,ok
1785385864.556314000,48,ok
1785385864.556087000,44,ok
1785385864.561731000,41,ok
1785385864.570776000,33,ok
1785385864.561672000,29,ok
1785385864.571751000,30,ok
1785385864.562746000,41,ok
1785385864.564865000,35,ok
1785385864.591045000,35,ok
1785385864.588182000,30,ok
1785385864.590328000,47,ok
1785385864.590651000,37,ok
1785385864.604739000,43,ok
1785385864.605076000,41,ok
1785385864.603544000,41,ok
1785385864.630909000,37,ok
1785385864.652939000,38,ok
1785385864.658515000,39,ok
1785385864.670171000,48,ok
1785385864.668330000,29,ok
1785385864.667825000,39,ok
1785385864.678094000,29,ok
1785385864.667201000,38,ok
1785385864.679800000,37,ok
1785385864.686309000,34,ok
1785385864.679886000,31,ok
1785385864.703387000,52,ok
1785385864.698555000,41,ok
1785385864.711544000,33,ok
1785385864.706426000,34,ok
1785385864.715019000,37,ok
1785385864.737816000,43,ok
1785385864.732602000,32,ok
1785385864.771938000,39,ok
1785385864.766784000,36,ok
1785385864.773818000,26,ok
1785385864.768851000,35,ok
1785385864.770961000,38,ok
1785385864.773985000,29,ok
1785385864.772235000,41,ok
1785385864.766690000,45,ok
1785385864.794537000,34,ok
1785385864.795716000,33,ok
1785385864.799680000,27,ok
1785385864.808571000,36,ok
1785385864.797389000,47,ok
1785385864.818760000,39,ok
1785385864.834997000,38,ok
1785385864.837395000,32,ok
1785385864.857885000,36,ok
1785385864.863661000,36,ok
1785385864.866355000,44,ok
1785385864.871108000,36,ok
1785385864.876375000,37,ok
1785385864.866909000,39,ok
1785385864.874409000,30,ok
1785385864.885416000,40,ok
1785385864.882667000,44,ok
1785385864.906731000,32,ok
1785385864.897639000,44,ok
1785385864.911437000,33,ok
1785385864.903921000,34,ok
1785385864.911614000,39,ok
1785385864.930277000,35,ok
1785385864.959904000,35,ok
1785385864.961107000,30,ok
1785385864.955539000,40,ok
1785385864.963318000,36,ok
1785385864.960109000,48,ok
1785385864.958180000,48,ok
1785385864.963689000,36,ok
1785385864.973764000,36,ok
1785385864.980544000,30,ok
1785385864.970154000,43,ok
1785385864.972972000,37,ok
1785385864.985726000,41,ok
1785385864.996738000,31,ok
1785385864.994355000,32,ok
1785385865.000477000,32,ok
1785385865.024362000,40,ok
1785385865.031181000,29,ok
1785385865.045399000,35,ok
1785385865.049236000,35,ok
1785385865.047712000,35,ok
1785385865.054363000,40,ok
1785385865.059919000,39,ok
1785385865.066744000,39,ok
1785385865.066946000,39,ok
1785385865.062899000,38,ok
1785385865.062267000,41,ok
1785385865.069667000,32,ok
1785385865.076581000,42,ok
1785385865.084019000,30,ok
1785385865.088180000,36,ok
1785385865.083636000,34,ok
1785385865.129758000,29,ok
1785385865.111224000,32,ok
1785385865.126581000,32,ok
1785385865.132342000,30,ok
1785385865.139739000,35,ok
1785385865.145770000,29,ok
1785385865.136441000,44,ok
1785385865.146044000,32,ok
1785385865.147909000,37,ok
1785385865.148142000,36,ok
1785385865.146632000,42,ok
1785385865.160027000,32,ok
1785385865.160858000,30,ok
1785385865.156385000,35,ok
1785385865.176381000,35,ok
1785385865.191706000,42,ok
1785385865.219389000,26,ok
1785385865.208797000,31,ok
1785385865.215083000,36,ok
1785385865.223781000,42,ok
1785385865.223928000,33,ok
1785385865.217004000,31,ok
1785385865.221860000,39,ok
1785385865.236489000,38,ok
1785385865.246338000,33,ok
1785385865.245797000,40,ok
1785385865.245564000,32,ok
1785385865.245846000,29,ok
1785385865.249397000,42,ok
1785385865.241360000,36,ok
1785385865.261887000,38,ok
1785385865.278760000,40,ok
1785385865.293317000,32,ok
1785385865.295061000,28,ok
1785385865.294147000,30,ok
1785385865.311170000,39,ok
1785385865.300307000,39,ok
1785385865.295069000,29,ok
1785385865.316404000,34,ok
1785385865.322423000,26,ok
1785385865.324844000,32,ok
1785385865.312611000,33,ok
1785385865.326054000,33,ok
1785385865.333817000,37,ok
1785385865.322699000,36,ok
1785385865.334326000,35,ok
1785385865.348399000,31,ok
1785385865.376116000,36,ok
1785385865.372944000,30,ok
1785385865.373154000,46,ok
1785385865.388291000,32,ok
1785385865.376133000,35,ok
1785385865.385222000,32,ok
1785385865.397449000,42,ok
1785385865.412918000,29,ok
1785385865.419417000,37,ok
1785385865.410871000,42,ok
1785385865.402485000,38,ok
1785385865.427162000,44,ok
1785385865.433104000,38,ok
1785385865.425849000,36,ok
1785385865.451958000,40,ok
1785385865.440066000,42,ok
1785385865.465153000,35,ok
1785385865.465360000,31,ok
1785385865.469428000,30,ok
1785385865.476302000,29,ok
1785385865.482391000,40,ok
1785385865.480235000,39,ok
1785385865.477701000,32,ok
1785385865.497573000,29,ok
1785385865.494107000,33,ok
1785385865.493517000,29,ok
1785385865.516544000,43,ok
1785385865.522190000,38,ok
1785385865.500446000,28,ok
1785385865.523228000,46,ok
1785385865.536441000,35,ok
1785385865.539987000,35,ok
1785385865.539698000,39,ok
1785385865.553289000,41,ok
1785385865.559232000,34,ok
1785385865.561855000,30,ok
1785385865.556623000,29,ok
1785385865.561317000,27,ok
1785385865.557873000,30,ok
1785385865.566695000,35,ok
1785385865.582499000,33,ok
1785385865.577964000,27,ok
1785385865.596118000,34,ok
1785385865.591333000,29,ok
1785385865.611689000,34,ok
1785385865.602581000,33,ok
1785385865.618790000,30,ok
1785385865.622371000,37,ok
1785385865.623793000,30,ok
1785385865.625330000,26,ok
1785385865.639769000,33,ok
1785385865.642815000,36,ok
1785385865.650102000,34,ok
1785385865.649147000,39,ok
1785385865.664332000,36,ok
1785385865.656619000,32,ok
1785385865.660557000,46,ok
1785385865.667970000,34,ok
1785385865.684713000,32,ok
1785385865.682529000,29,ok
1785385865.685137000,38,ok
1785385865.697059000,30,ok
1785385865.724721000,36,ok
1785385865.706727000,33,ok
1785385865.718284000,41,ok
1785385865.739685000,39,ok
1785385865.730835000,40,ok
1785385865.726664000,46,ok
1785385865.738803000,43,ok
1785385865.750075000,31,ok
1785385865.756017000,36,ok
1785385865.758908000,30,ok
1785385865.774682000,30,ok
1785385865.753425000,40,ok
1785385865.781484000,40,ok
1785385865.789784000,30,ok
1785385865.795001000,38,ok
1785385865.788295000,31,ok
1785385865.809781000,28,ok
1785385865.820892000,38,ok
1785385865.815870000,35,ok
1785385865.809934000,32,ok
1785385865.832612000,42,ok
1785385865.834066000,37,ok
1785385865.833036000,31,ok
1785385865.845381000,33,ok
1785385865.849235000,32,ok
1785385865.860157000,36,ok
1785385865.854076000,31,ok
1785385865.855227000,34,ok
1785385865.870084000,33,ok
1785385865.869624000,35,ok
1785385865.877324000,31,ok
1785385865.894783000,30,ok
1785385865.879198000,33,ok
1785385865.898836000,34,ok
1785385865.894318000,29,ok
1785385865.908146000,30,ok
1785385865.903310000,35,ok
1785385865.921004000,33,ok
1785385865.922095000,39,ok
1785385865.937460000,43,ok
1785385865.940079000,32,ok
1785385865.943491000,37,ok
1785385865.941549000,31,ok
1785385865.941083000,31,ok
1785385865.946074000,31,ok
1785385865.947607000,34,ok
1785385865.971560000,43,ok
1785385865.975957000,34,ok
1785385865.984601000,36,ok
1785385865.997240000,36,ok
1785385865.990085000,35,ok
1785385865.994768000,40,ok
1785385866.002330000,43,ok
1785385866.016243000,38,ok
1785385866.038772000,41,ok
1785385866.029920000,31,ok
1785385866.029286000,51,ok
1785385866.034883000,43,ok
1785385866.047440000,34,ok
1785385866.047507000,35,ok
1785385866.039199000,33,ok
1785385866.039607000,41,ok
1785385866.054091000,46,ok
1785385866.054155000,34,ok
1785385866.070919000,35,ok
1785385866.083655000,29,ok
1785385866.079205000,39,ok
1785385866.085449000,29,ok
1785385866.099083000,44,ok
1785385866.107792000,35,ok
1785385866.119889000,34,ok
1785385866.108319000,33,ok
1785385866.126521000,35,ok
1785385866.114760000,31,ok
1785385866.123784000,34,ok
1785385866.126906000,34,ok
1785385866.139110000,37,ok
1785385866.143282000,42,ok
1785385866.162470000,39,ok
1785385866.152583000,40,ok
1785385866.168293000,41,ok
1785385866.155275000,40,ok
1785385866.169197000,32,ok
1785385866.167499000,34,ok
1785385866.185511000,36,ok
1785385866.185560000,25,ok
1785385866.179401000,29,ok
1785385866.202641000,41,ok
1785385866.209216000,41,ok
1785385866.211532000,33,ok
1785385866.219127000,33,ok
1785385866.219756000,37,ok
1785385866.206822000,25,ok
1785385866.218639000,27,ok
1785385866.253320000,39,ok
1785385866.250654000,34,ok
1785385866.254388000,38,ok
1785385866.260999000,39,ok
1785385866.253336000,40,ok
1785385866.265016000,29,ok
1785385866.265271000,34,ok
1785385866.282577000,42,ok
1785385866.279106000,30,ok
1785385866.294243000,32,ok
1785385866.295945000,35,ok
1785385866.285476000,41,ok
1785385866.289015000,40,ok
1785385866.296164000,31,ok
1785385866.310639000,42,ok
1785385866.317852000,33,ok
1785385866.333940000,28,ok
1785385866.347316000,37,ok
1785385866.353290000,40,ok
1785385866.354616000,42,ok
1785385866.349321000,37,ok
1785385866.373412000,42,ok
1785385866.354833000,43,ok
1785385866.352123000,36,ok
1785385866.372454000,33,ok
1785385866.375813000,36,ok
1785385866.376267000,41,ok
1785385866.386566000,35,ok
1785385866.391016000,31,ok
1785385866.376311000,37,ok
1785385866.390010000,37,ok
1785385866.417923000,29,ok
1785385866.424004000,35,ok
1785385866.432770000,31,ok
1785385866.422034000,33,ok
1785385866.447823000,39,ok
1785385866.469059000,28,ok
1785385866.433055000,33,ok
1785385866.463645000,35,ok
1785385866.471433000,50,ok
1785385866.441832000,30,ok
1785385866.471503000,43,ok
1785385866.454094000,40,ok
1785385866.476716000,51,ok
1785385866.484140000,33,ok
1785385866.470765000,36,ok
1785385866.505900000,51,ok
1785385866.517466000,37,ok
1785385866.525720000,40,ok
1785385866.522142000,32,ok
1785385866.548057000,40,ok
1785385866.538231000,38,ok
1785385866.549223000,44,ok
1785385866.557406000,37,ok
1785385866.561654000,52,ok
1785385866.563856000,39,ok
1785385866.563941000,28,ok
1785385866.566358000,34,ok
1785385866.564036000,34,ok
1785385866.564733000,39,ok
1785385866.565960000,38,ok
1785385866.584449000,38,ok
1785385866.603311000,35,ok
1785385866.610850000,35,ok
1785385866.621917000,37,ok
1785385866.613826000,36,ok
1785385866.625565000,37,ok
1785385866.642687000,36,ok
1785385866.644905000,37,ok
1785385866.656103000,40,ok
1785385866.637051000,39,ok
1785385866.651258000,52,ok
1785385866.667673000,47,ok
1785385866.646698000,32,ok
1785385866.660077000,36,ok
1785385866.664374000,41,ok
1785385866.687423000,48,ok
1785385866.672362000,41,ok
1785385866.703509000,37,ok
1785385866.703333000,35,ok
1785385866.708055000,33,ok
1785385866.724062000,42,ok
1785385866.723322000,44,ok
1785385866.726458000,29,ok
1785385866.730431000,38,ok
1785385866.742842000,33,ok
1785385866.739568000,32,ok
1785385866.746729000,32,ok
1785385866.737949000,37,ok
1785385866.748040000,34,ok
1785385866.756638000,37,ok
1785385866.770676000,42,ok
1785385866.791774000,32,ok
1785385866.799221000,41,ok
1785385866.789986000,38,ok
1785385866.795021000,35,ok
1785385866.813554000,36,ok
1785385866.812559000,42,ok
1785385866.822781000,38,ok
1785385866.807916000,42,ok
1785385866.833181000,29,ok
1785385866.825261000,38,ok
1785385866.831991000,40,ok
1785385866.838648000,25,ok
1785385866.837064000,36,ok
1785385866.841979000,38,ok
1785385866.839490000,43,ok
1785385866.867768000,35,ok
1785385866.869989000,30,ok
1785385866.883270000,36,ok
1785385866.876939000,31,ok
1785385866.895952000,31,ok
1785385866.902623000,37,ok
1785385866.909445000,35,ok
1785385866.914029000,36,ok
1785385866.903550000,36,ok
1785385866.912250000,32,ok
1785385866.912716000,34,ok
1785385866.912228000,34,ok
1785385866.925282000,32,ok
1785385866.926741000,34,ok
1785385866.914023000,28,ok
1785385866.936550000,32,ok
1785385866.945249000,27,ok
1785385866.949057000,26,ok
1785385866.972934000,37,ok
1785385866.989869000,38,ok
1785385866.971146000,34,ok
1785385866.993908000,32,ok
1785385866.991318000,41,ok
1785385866.996329000,42,ok
1785385867.002182000,35,ok
1785385867.009580000,49,ok
1785385867.016107000,50,ok
1785385867.004511000,48,ok
1785385867.011928000,39,ok
1785385867.023972000,46,ok
1785385867.032479000,63,ok
1785385867.042495000,35,ok
1785385867.041754000,37,ok
1785385867.076892000,32,ok
1785385867.067438000,37,ok
1785385867.088684000,43,ok
1785385867.098251000,33,ok
1785385867.105152000,34,ok
1785385867.094555000,38,ok
1785385867.106525000,41,ok
1785385867.098469000,34,ok
1785385867.105718000,34,ok
1785385867.102977000,27,ok
1785385867.096688000,37,ok
1785385867.123333000,35,ok
1785385867.136553000,33,ok
1785385867.134271000,46,ok
1785385867.136084000,34,ok
1785385867.159700000,43,ok
1785385867.157911000,32,ok
1785385867.175355000,26,ok
1785385867.169838000,42,ok
1785385867.185696000,29,ok
1785385867.190864000,37,ok
1785385867.185660000,35,ok
1785385867.192764000,33,ok
1785385867.190467000,30,ok
1785385867.188015000,37,ok
1785385867.180169000,35,ok
1785385867.189035000,32,ok
1785385867.202383000,29,ok
1785385867.207314000,42,ok
1785385867.227781000,35,ok
1785385867.224030000,36,ok
1785385867.239557000,29,ok
1785385867.241162000,27,ok
1785385867.249691000,29,ok
1785385867.267647000,36,ok
1785385867.270948000,30,ok
1785385867.259457000,30,ok
1785385867.266120000,34,ok
1785385867.271999000,31,ok
1785385867.273343000,32,ok
1785385867.267731000,35,ok
1785385867.271498000,36,ok
1785385867.275369000,32,ok
1785385867.293025000,26,ok
1785385867.288109000,35,ok
1785385867.307036000,28,ok
1785385867.313650000,29,ok
1785385867.331679000,36,ok
1785385867.345298000,39,ok
1785385867.345354000,44,ok
1785385867.349819000,34,ok
1785385867.351173000,40,ok
1785385867.356331000,40,ok
1785385867.348422000,33,ok
1785385867.351309000,40,ok
1785385867.360982000,35,ok
1785385867.362548000,39,ok
1785385867.350270000,36,ok
1785385867.355300000,36,ok
1785385867.381992000,37,ok
1785385867.390638000,34,ok
1785385867.389839000,32,ok
1785385867.398591000,39,ok
1785385867.437872000,41,ok
1785385867.434067000,34,ok
1785385867.433852000,34,ok
1785385867.442132000,45,ok
1785385867.433972000,39,ok
1785385867.440161000,46,ok
1785385867.437987000,43,ok
1785385867.439382000,44,ok
1785385867.444985000,37,ok
1785385867.440548000,35,ok
1785385867.442814000,37,ok
1785385867.466142000,29,ok
1785385867.444769000,38,ok
1785385867.470452000,34,ok
1785385867.475382000,41,ok
1785385867.486433000,32,ok
1785385867.515045000,33,ok
1785385867.523117000,36,ok
1785385867.519000000,29,ok
1785385867.525509000,38,ok
1785385867.521995000,40,ok
1785385867.522368000,42,ok
1785385867.524706000,32,ok
1785385867.539994000,34,ok
1785385867.536660000,33,ok
1785385867.531156000,39,ok
1785385867.524640000,34,ok
1785385867.531047000,35,ok
1785385867.558396000,36,ok
1785385867.554795000,40,ok
1785385867.566794000,28,ok
1785385867.565927000,30,ok
1785385867.609013000,36,ok
1785385867.605776000,42,ok
1785385867.604173000,31,ok
1785385867.614167000,29,ok
1785385867.624225000,38,ok
1785385867.617901000,34,ok
1785385867.628033000,31,ok
1785385867.636820000,53,ok
1785385867.623695000,40,ok
1785385867.630149000,33,ok
1785385867.641576000,38,ok
1785385867.637130000,36,ok
1785385867.639287000,36,ok
1785385867.649413000,32,ok
1785385867.643484000,29,ok
1785385867.661153000,31,ok
1785385867.694488000,34,ok
1785385867.689734000,31,ok
1785385867.706198000,29,ok
1785385867.698001000,42,ok
1785385867.698145000,39,ok
1785385867.712551000,32,ok
1785385867.701308000,31,ok
1785385867.720983000,34,ok
1785385867.711955000,37,ok
1785385867.714329000,35,ok
1785385867.718010000,37,ok
1785385867.719178000,38,ok
1785385867.737351000,33,ok
1785385867.719931000,36,ok
1785385867.727821000,39,ok
1785385867.744540000,31,ok
1785385867.779476000,27,ok
1785385867.779788000,33,ok
1785385867.775647000,33,ok
1785385867.784320000,36,ok
1785385867.782343000,34,ok
1785385867.780630000,34,ok
1785385867.802883000,33,ok
1785385867.796199000,30,ok
1785385867.811557000,34,ok
1785385867.803264000,39,ok
1785385867.809844000,40,ok
1785385867.811583000,32,ok
1785385867.817251000,40,ok
1785385867.812570000,34,ok
1785385867.829111000,38,ok
1785385867.831152000,31,ok
1785385867.864379000,40,ok
1785385867.862708000,35,ok
1785385867.866683000,35,ok
1785385867.878859000,35,ok
1785385867.866268000,30,ok
1785385867.872959000,44,ok
1785385867.888173000,42,ok
1785385867.890784000,33,ok
1785385867.892680000,28,ok
1785385867.885167000,44,ok
1785385867.904743000,29,ok
1785385867.890604000,35,ok
1785385867.903849000,47,ok
1785385867.912965000,42,ok
1785385867.926793000,39,ok
1785385867.940248000,37,ok
1785385867.958436000,30,ok
1785385867.967001000,30,ok
1785385867.960096000,32,ok
1785385867.963771000,36,ok
1785385867.973296000,40,ok
1785385867.962265000,42,ok
1785385867.974369000,30,ok
1785385867.970769000,31,ok
1785385867.989056000,44,ok
1785385867.990350000,40,ok
1785385867.996607000,36,ok
1785385867.993990000,37,ok
1785385868.010212000,34,ok
1785385868.013117000,39,ok
1785385868.028976000,38,ok
1785385868.040282000,34,ok
1785385868.048628000,35,ok
1785385868.033845000,33,ok
1785385868.056806000,33,ok
1785385868.056861000,40,ok
1785385868.062421000,33,ok
1785385868.056385000,34,ok
1785385868.067772000,34,ok
1785385868.068442000,41,ok
1785385868.071724000,36,ok
1785385868.068980000,28,ok
1785385868.072381000,44,ok
1785385868.087952000,41,ok
1785385868.108597000,40,ok
1785385868.103121000,35,ok
1785385868.104734000,30,ok
1785385868.125785000,42,ok
1785385868.132164000,33,ok
1785385868.144633000,38,ok
1785385868.136608000,33,ok
1785385868.146072000,38,ok
1785385868.138689000,32,ok
1785385868.155727000,37,ok
1785385868.157539000,44,ok
1785385868.158279000,32,ok
1785385868.162025000,41,ok
1785385868.169434000,31,ok
1785385868.158147000,39,ok
1785385868.167844000,39,ok
1785385868.174548000,28,ok
1785385868.190665000,33,ok
1785385868.188420000,32,ok
1785385868.216379000,33,ok
1785385868.219042000,27,ok
1785385868.215760000,35,ok
1785385868.218010000,30,ok
1785385868.224315000,39,ok
1785385868.236506000,35,ok
1785385868.248237000,36,ok
1785385868.245932000,36,ok
1785385868.244518000,36,ok
1785385868.255163000,32,ok
1785385868.246236000,38,ok
1785385868.260392000,50,ok
1785385868.266248000,36,ok
1785385868.270464000,40,ok
1785385868.279470000,33,ok
1785385868.273112000,31,ok
1785385868.299151000,37,ok
1785385868.310262000,35,ok
1785385868.309601000,41,ok
1785385868.308554000,37,ok
1785385868.313319000,39,ok
1785385868.312738000,32,ok
1785385868.332267000,45,ok
1785385868.336415000,33,ok
1785385868.337510000,38,ok
1785385868.338725000,33,ok
1785385868.345746000,32,ok
1785385868.334800000,33,ok
1785385868.352551000,39,ok
1785385868.364260000,35,ok
1785385868.363664000,39,ok
1785385868.367747000,41,ok
1785385868.393678000,29,ok
1785385868.393192000,32,ok
1785385868.393171000,35,ok
1785385868.402209000,40,ok
1785385868.396323000,37,ok
1785385868.389653000,43,ok
1785385868.422294000,36,ok
1785385868.421710000,48,ok
1785385868.439469000,46,ok
1785385868.445408000,43,ok
1785385868.437702000,35,ok
1785385868.445560000,46,ok
1785385868.446968000,31,ok
1785385868.468933000,32,ok
1785385868.467163000,25,ok
1785385868.471121000,26,ok
1785385868.495256000,38,ok
1785385868.501284000,37,ok
1785385868.498824000,39,ok
1785385868.510914000,40,ok
1785385868.514170000,43,ok
1785385868.507745000,40,ok
1785385868.502669000,47,ok
1785385868.527201000,34,ok
1785385868.536125000,45,ok
1785385868.536275000,34,ok
1785385868.538707000,32,ok
1785385868.538303000,27,ok
1785385868.551759000,36,ok
1785385868.572805000,38,ok
1785385868.559645000,39,ok
1785385868.559636000,32,ok
1785385868.574601000,36,ok
1785385868.585772000,36,ok
1785385868.597397000,29,ok
1785385868.606913000,35,ok
1785385868.603558000,38,ok
1785385868.598535000,31,ok
1785385868.612741000,30,ok
1785385868.605632000,38,ok
1785385868.629635000,38,ok
1785385868.627226000,30,ok
1785385868.627968000,41,ok
1785385868.620453000,37,ok
1785385868.652839000,37,ok
1785385868.632537000,33,ok
1785385868.662889000,41,ok
1785385868.659863000,34,ok
1785385868.674378000,38,ok
1785385868.692557000,42,ok
1785385868.682828000,32,ok
1785385868.688890000,32,ok
1785385868.693115000,35,ok
1785385868.703224000,33,ok
1785385868.697697000,36,ok
1785385868.708367000,41,ok
1785385868.725561000,40,ok
1785385868.736438000,30,ok
1785385868.723403000,33,ok
1785385868.750128000,38,ok
1785385868.739653000,44,ok
1785385868.756694000,33,ok
1785385868.759215000,29,ok
1785385868.737849000,37,ok
1785385868.771869000,31,ok
1785385868.749735000,40,ok
1785385868.765516000,30,ok
1785385868.773275000,35,ok
1785385868.788047000,27,ok
1785385868.792482000,44,ok
1785385868.794117000,40,ok
1785385868.815360000,28,ok
1785385868.819041000,41,ok
1785385868.811742000,34,ok
1785385868.823768000,38,ok
1785385868.833200000,40,ok
1785385868.857502000,35,ok
1785385868.846373000,42,ok
1785385868.855990000,43,ok
1785385868.859582000,39,ok
1785385868.853618000,45,ok
1785385868.864945000,47,ok
1785385868.869905000,33,ok
1785385868.880381000,44,ok
1785385868.890358000,34,ok
1785385868.901244000,31,ok
1785385868.902730000,32,ok
1785385868.899768000,32,ok
1785385868.915620000,36,ok
1785385868.908293000,33,ok
1785385868.933160000,35,ok
1785385868.925113000,37,ok
1785385868.937592000,36,ok
1785385868.938319000,32,ok
1785385868.933581000,32,ok
1785385868.936483000,36,ok
1785385868.931746000,38,ok
1785385868.943671000,36,ok
1785385868.956436000,31,ok
1785385868.971194000,28,ok
1785385868.972488000,36,ok
1785385868.995760000,41,ok
1785385869.002079000,38,ok
1785385869.001968000,42,ok
1785385869.000709000,36,ok
1785385869.007289000,32,ok
1785385869.004639000,35,ok
1785385869.032589000,36,ok
1785385869.008480000,33,ok
1785385869.033431000,35,ok
1785385869.027457000,38,ok
1785385869.030369000,36,ok
1785385869.029458000,44,ok
1785385869.032448000,37,ok
1785385869.053262000,38,ok
1785385869.076364000,30,ok
1785385869.073093000,31,ok
1785385869.076013000,41,ok
1785385869.090201000,34,ok
1785385869.087758000,33,ok
1785385869.094463000,35,ok
1785385869.099026000,39,ok
1785385869.118234000,33,ok
1785385869.103566000,33,ok
1785385869.126754000,33,ok
1785385869.106051000,30,ok
1785385869.118789000,37,ok
1785385869.116864000,40,ok
1785385869.120434000,33,ok
1785385869.117906000,40,ok
1785385869.154706000,41,ok
1785385869.168561000,30,ok
1785385869.158718000,34,ok
1785385869.167991000,35,ok
1785385869.176226000,49,ok
1785385869.178957000,29,ok
1785385869.174584000,43,ok
1785385869.170087000,36,ok
1785385869.186092000,27,ok
1785385869.189139000,27,ok
1785385869.203779000,37,ok
1785385869.196034000,28,ok
1785385869.210419000,34,ok
1785385869.212190000,41,ok
1785385869.222947000,43,ok
1785385869.232163000,30,ok
1785385869.190410000,35,ok
1785385869.258275000,28,ok
1785385869.253378000,24,ok
1785385869.252166000,31,ok
1785385869.255271000,36,ok
1785385869.263102000,37,ok
1785385869.273785000,32,ok
1785385869.255777000,40,ok
1785385869.279845000,50,ok
1785385869.287744000,32,ok
1785385869.297355000,30,ok
1785385869.282680000,29,ok
1785385869.293988000,36,ok
1785385869.293912000,39,ok
1785385869.296728000,33,ok
1785385869.333867000,35,ok
1785385869.329268000,34,ok
1785385869.322067000,35,ok
1785385869.336422000,36,ok
1785385869.332921000,29,ok
1785385869.349937000,32,ok
1785385869.347833000,41,ok
1785385869.348354000,33,ok
1785385869.352751000,28,ok
1785385869.373067000,31,ok
1785385869.379104000,31,ok
1785385869.372833000,33,ok
1785385869.376949000,38,ok
1785385869.381485000,43,ok
1785385869.380642000,34,ok
1785385869.372185000,29,ok
1785385869.419305000,43,ok
1785385869.415994000,37,ok
1785385869.418202000,37,ok
1785385869.414527000,35,ok
1785385869.425042000,30,ok
1785385869.420701000,41,ok
1785385869.426854000,34,ok
1785385869.441835000,36,ok
1785385869.449590000,42,ok
1785385869.459131000,39,ok
1785385869.462289000,29,ok
1785385869.463328000,32,ok
1785385869.460400000,31,ok
1785385869.455441000,30,ok
1785385869.462355000,33,ok
1785385869.457047000,31,ok
1785385869.501348000,40,ok
1785385869.502470000,33,ok
1785385869.504475000,28,ok
1785385869.502188000,33,ok
1785385869.514990000,32,ok
1785385869.520182000,44,ok
1785385869.530030000,42,ok
1785385869.539996000,33,ok
1785385869.542384000,36,ok
1785385869.541460000,36,ok
1785385869.551124000,42,ok
1785385869.535431000,39,ok
1785385869.541969000,35,ok
1785385869.545390000,41,ok
1785385869.555869000,32,ok
1785385869.575672000,54,ok
1785385869.578374000,33,ok
1785385869.599435000,36,ok
1785385869.603810000,43,ok
1785385869.606232000,51,ok
1785385869.618227000,39,ok
1785385869.621062000,35,ok
1785385869.620457000,30,ok
1785385869.627308000,52,ok
1785385869.629757000,30,ok
1785385869.642376000,40,ok
1785385869.636493000,41,ok
1785385869.642577000,47,ok
1785385869.646013000,41,ok
1785385869.644346000,40,ok
1785385869.665916000,38,ok
1785385869.660365000,30,ok
1785385869.684871000,44,ok
1785385869.688269000,29,ok
1785385869.687787000,33,ok
1785385869.694462000,30,ok
1785385869.699719000,36,ok
1785385869.698378000,31,ok
1785385869.730398000,50,ok
1785385869.705696000,32,ok
1785385869.734487000,39,ok
1785385869.717561000,41,ok
1785385869.740401000,35,ok
1785385869.744944000,54,ok
1785385869.723495000,34,ok
1785385869.742939000,37,ok
1785385869.781598000,40,ok
1785385869.778964000,42,ok
1785385869.776991000,49,ok
1785385869.796617000,36,ok
1785385869.798735000,38,ok
1785385869.818827000,49,ok
1785385869.819046000,45,ok
1785385869.827878000,41,ok
1785385869.811958000,37,ok
1785385869.820239000,41,ok
1785385869.828418000,38,ok
1785385869.830173000,44,ok
1785385869.838394000,33,ok
1785385869.848344000,25,ok
1785385869.846312000,36,ok
1785385869.850329000,41,ok
1785385869.854759000,29,ok
1785385869.872275000,30,ok
1785385869.897968000,35,ok
1785385869.878727000,36,ok
1785385869.884812000,41,ok
1785385869.895334000,31,ok
1785385869.892932000,38,ok
1785385869.902422000,37,ok
1785385869.902103000,35,ok
1785385869.927317000,29,ok
1785385869.923100000,37,ok
1785385869.920167000,44,ok
1785385869.929770000,33,ok
1785385869.936180000,32,ok
1785385869.931565000,40,ok
1785385869.926606000,23,ok
1785385869.953177000,32,ok
1785385869.965851000,35,ok
1785385869.974766000,37,ok
1785385869.962469000,25,ok
1785385869.987226000,41,ok
1785385869.984662000,37,ok
1785385869.988406000,44,ok
1785385870.005758000,49,ok
1785385870.016443000,34,ok
1785385870.009112000,32,ok
1785385870.010946000,29,ok
1785385870.007160000,34,ok
1785385870.006027000,42,ok
1785385870.021601000,29,ok
1785385870.010831000,40,ok
1785385870.040099000,32,ok
1785385870.050930000,36,ok
1785385870.048915000,32,ok
1785385870.066459000,39,ok
1785385870.069484000,39,ok
1785385870.085233000,31,ok
1785385870.068612000,40,ok
1785385870.079829000,35,ok
1785385870.104583000,38,ok
1785385870.108366000,38,ok
1785385870.101333000,35,ok
1785385870.107618000,33,ok
1785385870.087916000,40,ok
1785385870.111095000,35,ok
1785385870.110966000,41,ok
1785385870.116507000,41,ok
1785385870.137543000,45,ok
1785385870.148332000,48,ok
1785385870.153281000,32,ok
1785385870.143359000,34,ok
1785385870.153135000,37,ok
1785385870.165294000,41,ok
1785385870.169971000,45,ok
1785385870.193987000,32,ok
1785385870.184110000,31,ok
1785385870.185448000,34,ok
1785385870.190223000,32,ok
1785385870.185061000,35,ok
1785385870.188225000,35,ok
1785385870.197390000,34,ok
1785385870.196752000,27,ok
1785385870.219123000,39,ok
1785385870.231418000,29,ok
1785385870.230667000,31,ok
1785385870.225567000,34,ok
1785385870.234032000,28,ok
1785385870.262469000,40,ok
1785385870.260634000,35,ok
1785385870.274062000,42,ok
1785385870.276426000,60,ok
1785385870.277681000,37,ok
1785385870.275025000,38,ok
1785385870.278969000,40,ok
1785385870.284384000,31,ok
1785385870.291067000,34,ok
1785385870.280630000,33,ok
1785385870.284017000,44,ok
1785385870.308397000,38,ok
1785385870.322202000,34,ok
1785385870.315986000,36,ok
1785385870.317282000,30,ok
1785385870.328934000,34,ok
1785385870.337139000,31,ok
1785385870.360617000,32,ok
1785385870.362700000,42,ok
1785385870.361657000,33,ok
1785385870.353662000,33,ok
1785385870.367431000,30,ok
1785385870.367598000,40,ok
1785385870.372883000,34,ok
1785385870.367215000,33,ok
1785385870.368480000,29,ok
1785385870.381678000,42,ok
1785385870.403718000,33,ok
1785385870.405786000,33,ok
1785385870.394655000,41,ok
1785385870.438268000,31,ok
1785385870.426927000,44,ok
1785385870.434679000,44,ok
1785385870.436746000,33,ok
1785385870.438141000,31,ok
1785385870.445438000,40,ok
1785385870.443870000,34,ok
1785385870.442841000,30,ok
1785385870.445656000,30,ok
1785385870.446547000,42,ok
1785385870.469309000,35,ok
1785385870.487240000,30,ok
1785385870.479908000,36,ok
1785385870.495802000,30,ok
1785385870.478700000,34,ok
1785385870.508674000,30,ok
1785385870.514595000,39,ok
1785385870.521359000,39,ok
1785385870.520845000,36,ok
1785385870.527158000,35,ok
1785385870.521804000,34,ok
1785385870.529546000,42,ok
1785385870.525289000,35,ok
1785385870.532814000,31,ok
1785385870.539795000,32,ok
1785385870.538251000,38,ok
1785385870.567416000,35,ok
1785385870.569445000,36,ok
1785385870.576636000,41,ok
1785385870.577153000,36,ok
1785385870.579570000,34,ok
1785385870.608948000,38,ok
1785385870.606291000,36,ok
1785385870.607694000,44,ok
1785385870.584425000,28,ok
1785385870.611341000,36,ok
1785385870.619363000,42,ok
1785385870.615687000,32,ok
1785385870.613879000,31,ok
1785385870.618462000,38,ok
1785385870.616891000,43,ok
1785385870.640339000,40,ok
1785385870.676185000,42,ok
1785385870.677360000,50,ok
1785385870.666959000,32,ok
1785385870.680103000,47,ok
1785385870.697340000,40,ok
1785385870.689775000,29,ok
1785385870.694909000,43,ok
1785385870.698584000,40,ok
1785385870.702831000,31,ok
1785385870.700935000,38,ok
1785385870.709367000,37,ok
1785385870.711744000,37,ok
1785385870.712413000,37,ok
1785385870.737450000,46,ok
1785385870.746040000,36,ok
1785385870.752348000,34,ok
1785385870.745050000,39,ok
1785385870.769082000,34,ok
1785385870.771240000,37,ok
1785385870.782558000,42,ok
1785385870.792382000,39,ok
1785385870.791625000,39,ok
1785385870.792967000,40,ok
1785385870.805938000,48,ok
1785385870.800352000,27,ok
1785385870.803290000,38,ok
1785385870.800072000,33,ok
1785385870.802211000,37,ok
1785385870.805705000,35,ok
1785385870.851905000,45,ok
1785385870.856500000,34,ok
1785385870.871506000,41,ok
1785385870.863081000,41,ok
1785385870.850793000,45,ok
1785385870.871843000,43,ok
1785385870.893523000,35,ok
1785385870.871895000,47,ok
1785385870.888993000,33,ok
1785385870.895513000,55,ok
1785385870.896690000,37,ok
1785385870.909673000,30,ok
1785385870.907112000,33,ok
1785385870.904234000,37,ok
1785385870.914247000,30,ok
1785385870.945281000,31,ok
1785385870.928238000,41,ok
1785385870.948518000,38,ok
1785385870.953855000,35,ok
1785385870.978486000,59,ok
1785385870.990530000,44,ok
1785385870.990093000,50,ok
1785385870.987813000,64,ok
1785385870.991749000,39,ok
1785385870.988818000,63,ok
1785385870.996764000,51,ok
1785385871.010334000,46,ok
1785385870.995712000,40,ok
1785385871.008423000,44,ok
1785385871.011348000,38,ok
1785385871.012255000,37,ok
1785385871.041731000,38,ok
1785385871.041978000,39,ok
1785385871.047713000,31,ok
1785385871.040662000,37,ok
1785385871.080049000,47,ok
1785385871.083614000,37,ok
1785385871.084970000,39,ok
1785385871.093084000,31,ok
1785385871.089208000,33,ok
1785385871.083919000,37,ok
1785385871.087925000,40,ok
1785385871.091616000,47,ok
1785385871.095493000,47,ok
1785385871.107364000,37,ok
1785385871.125089000,36,ok
1785385871.107556000,47,ok
1785385871.136003000,43,ok
1785385871.129322000,35,ok
1785385871.137760000,32,ok
1785385871.142072000,37,ok
1785385871.165594000,38,ok
1785385871.171005000,31,ok
1785385871.180271000,41,ok
1785385871.183993000,37,ok
1785385871.180822000,42,ok
1785385871.187715000,49,ok
1785385871.191133000,47,ok
1785385871.221692000,38,ok
1785385871.193192000,44,ok
1785385871.201374000,35,ok
1785385871.225499000,46,ok
1785385871.227855000,61,ok
1785385871.236192000,42,ok
1785385871.261022000,41,ok
1785385871.252847000,41,ok
1785385871.253542000,47,ok
1785385871.261389000,30,ok
1785385871.259853000,35,ok
1785385871.288006000,35,ok
1785385871.281426000,35,ok
1785385871.299125000,39,ok
1785385871.300450000,37,ok
1785385871.310809000,33,ok
1785385871.296432000,42,ok
1785385871.305231000,35,ok
1785385871.296991000,45,ok
1785385871.315846000,38,ok
1785385871.325201000,32,ok
1785385871.323482000,35,ok
1785385871.346781000,34,ok
1785385871.343868000,30,ok
1785385871.350850000,32,ok
1785385871.349492000,43,ok
1785385871.375158000,37,ok
1785385871.377585000,54,ok
1785385871.388557000,36,ok
1785385871.391595000,47,ok
1785385871.394570000,39,ok
1785385871.420036000,39,ok
1785385871.416159000,38,ok
1785385871.423629000,41,ok
1785385871.421133000,45,ok
1785385871.424526000,35,ok
1785385871.423894000,52,ok
1785385871.439539000,37,ok
1785385871.445759000,41,ok
1785385871.449822000,33,ok
1785385871.464417000,29,ok
1785385871.449052000,39,ok
1785385871.455176000,46,ok
1785385871.471143000,36,ok
1785385871.474635000,29,ok
1785385871.489940000,36,ok
1785385871.513311000,37,ok
1785385871.490872000,38,ok
1785385871.517120000,41,ok
1785385871.537231000,36,ok
1785385871.521782000,41,ok
1785385871.532619000,44,ok
1785385871.530590000,39,ok
1785385871.544250000,37,ok
1785385871.544106000,45,ok
1785385871.543506000,42,ok
1785385871.553148000,37,ok
1785385871.567268000,29,ok
1785385871.553282000,38,ok
1785385871.565885000,34,ok
1785385871.576617000,37,ok
1785385871.564490000,37,ok
1785385871.609624000,42,ok
1785385871.618704000,43,ok
1785385871.606856000,34,ok
1785385871.604346000,27,ok
1785385871.623043000,44,ok
1785385871.607562000,35,ok
1785385871.625700000,32,ok
1785385871.623451000,30,ok
1785385871.624632000,36,ok
1785385871.643706000,35,ok
1785385871.646750000,26,ok
1785385871.624609000,38,ok
1785385871.648888000,41,ok
1785385871.652611000,31,ok
1785385871.645336000,33,ok
1785385871.652155000,32,ok
1785385871.711363000,35,ok
1785385871.695080000,34,ok
1785385871.691476000,33,ok
1785385871.704358000,40,ok
1785385871.699883000,32,ok
1785385871.714786000,30,ok
1785385871.700500000,35,ok
1785385871.722939000,47,ok
1785385871.714396000,34,ok
1785385871.716218000,42,ok
1785385871.725969000,33,ok
1785385871.733869000,35,ok
1785385871.726167000,30,ok
1785385871.747159000,56,ok
1785385871.756110000,49,ok
1785385871.758211000,32,ok
1785385871.796474000,37,ok
1785385871.788242000,34,ok
1785385871.793786000,38,ok
1785385871.802952000,42,ok
1785385871.794449000,41,ok
1785385871.817067000,39,ok
1785385871.818869000,47,ok
1785385871.820653000,38,ok
1785385871.817085000,45,ok
1785385871.823468000,49,ok
1785385871.827212000,39,ok
1785385871.823413000,32,ok
1785385871.840950000,34,ok
1785385871.866870000,41,ok
1785385871.870518000,44,ok
1785385871.892280000,52,ok
1785385871.879975000,36,ok
1785385871.895426000,45,ok
1785385871.916568000,46,ok
1785385871.910143000,51,ok
1785385871.899412000,42,ok
1785385871.927436000,38,ok
1785385871.924981000,46,ok
1785385871.926948000,41,ok
1785385871.925863000,44,ok
1785385871.932673000,47,ok
1785385871.929171000,34,ok
1785385871.952995000,58,ok
1785385871.970572000,39,ok
1785385871.971934000,39,ok
1785385871.970579000,44,ok
1785385872.011624000,47,ok
1785385871.998741000,36,ok
1785385872.008030000,41,ok
1785385872.009304000,36,ok
1785385872.004056000,35,ok
1785385871.996048000,34,ok
1785385872.017674000,38,ok
1785385872.011829000,36,ok
1785385872.019536000,39,ok
1785385872.015467000,33,ok
1785385872.020224000,41,ok
1785385872.017789000,31,ok
1785385872.047571000,41,ok
1785385872.067880000,41,ok
1785385872.068509000,40,ok
1785385872.065139000,36,ok
1785385872.088929000,36,ok
1785385872.087750000,35,ok
1785385872.106915000,48,ok
1785385872.102937000,46,ok
1785385872.110956000,49,ok
1785385872.101557000,39,ok
1785385872.107928000,49,ok
1785385872.102676000,43,ok
1785385872.104108000,42,ok
1785385872.113679000,30,ok
1785385872.114662000,43,ok
1785385872.120053000,37,ok
1785385872.137001000,45,ok
1785385872.142479000,31,ok
1785385872.145245000,33,ok
1785385872.152492000,35,ok
1785385872.171953000,29,ok
1785385872.171443000,37,ok
1785385872.179074000,36,ok
1785385872.179094000,30,ok
1785385872.188201000,31,ok
1785385872.191313000,38,ok
1785385872.190113000,37,ok
1785385872.195030000,37,ok
1785385872.204086000,33,ok
1785385872.208204000,43,ok
1785385872.213876000,35,ok
1785385872.214945000,43,ok
1785385872.239858000,46,ok
1785385872.241538000,35,ok
1785385872.244555000,37,ok
1785385872.245522000,36,ok
1785385872.270403000,34,ok
1785385872.264286000,33,ok
1785385872.285336000,35,ok
1785385872.285288000,42,ok
1785385872.280046000,29,ok
1785385872.290003000,23,ok
1785385872.276643000,36,ok
1785385872.293932000,33,ok
1785385872.288318000,41,ok
1785385872.314780000,40,ok
1785385872.304787000,37,ok
1785385872.324725000,41,ok
1785385872.338218000,35,ok
1785385872.330293000,38,ok
1785385872.331476000,36,ok
1785385872.331852000,31,ok
1785385872.372480000,39,ok
1785385872.367571000,38,ok
1785385872.371272000,49,ok
1785385872.370341000,33,ok
1785385872.384588000,46,ok
1785385872.394866000,44,ok
1785385872.397546000,48,ok
1785385872.394993000,27,ok
1785385872.394516000,42,ok
1785385872.386021000,49,ok
1785385872.406296000,43,ok
1785385872.419925000,31,ok
1785385872.414673000,34,ok
1785385872.413882000,31,ok
1785385872.422005000,34,ok
1785385872.427852000,33,ok
1785385872.453764000,32,ok
1785385872.474400000,36,ok
1785385872.472179000,34,ok
1785385872.478912000,35,ok
1785385872.473054000,37,ok
1785385872.476977000,36,ok
1785385872.488929000,34,ok
1785385872.490903000,36,ok
1785385872.513405000,50,ok
1785385872.517925000,38,ok
1785385872.514726000,42,ok
1785385872.521875000,33,ok
1785385872.510411000,42,ok
1785385872.523657000,34,ok
1785385872.518500000,54,ok
1785385872.516895000,41,ok
1785385872.548738000,35,ok
1785385872.568667000,47,ok
1785385872.564811000,33,ok
1785385872.569893000,44,ok
1785385872.577410000,36,ok
1785385872.571293000,42,ok
1785385872.565353000,35,ok
1785385872.590287000,34,ok
1785385872.607322000,34,ok
1785385872.597897000,52,ok
1785385872.608184000,33,ok
1785385872.606136000,28,ok
1785385872.609432000,34,ok
1785385872.618656000,42,ok
1785385872.613268000,37,ok
1785385872.626997000,38,ok
1785385872.655026000,32,ok
1785385872.655752000,31,ok
1785385872.658872000,44,ok
1785385872.662898000,33,ok
1785385872.654426000,38,ok
1785385872.657963000,44,ok
1785385872.671303000,42,ok
1785385872.698465000,45,ok
1785385872.696203000,33,ok
1785385872.698359000,25,ok
1785385872.691888000,32,ok
1785385872.698231000,30,ok
1785385872.703267000,37,ok
1785385872.692307000,29,ok
1785385872.694615000,31,ok
1785385872.727557000,33,ok
1785385872.750201000,37,ok
1785385872.755274000,41,ok
1785385872.752840000,45,ok
1785385872.755877000,43,ok
1785385872.752228000,45,ok
1785385872.788316000,41,ok
1785385872.776699000,52,ok
1785385872.766560000,50,ok
1785385872.799048000,43,ok
1785385872.795464000,46,ok
1785385872.805448000,37,ok
1785385872.807164000,43,ok
1785385872.806808000,51,ok
1785385872.801516000,45,ok
1785385872.826603000,35,ok
1785385872.834813000,34,ok
1785385872.854701000,44,ok
1785385872.857863000,32,ok
1785385872.845042000,32,ok
1785385872.858427000,46,ok
1785385872.869147000,32,ok
1785385872.866440000,48,ok
1785385872.878254000,38,ok
1785385872.880921000,39,ok
1785385872.883191000,34,ok
1785385872.898943000,29,ok
1785385872.901672000,38,ok
1785385872.896327000,33,ok
1785385872.896922000,42,ok
1785385872.928825000,47,ok
1785385872.935135000,46,ok
1785385872.921080000,42,ok
1785385872.938363000,33,ok
1785385872.953185000,43,ok
1785385872.957738000,46,ok
1785385872.953421000,42,ok
1785385872.987895000,42,ok
1785385872.975164000,43,ok
1785385872.981978000,40,ok
1785385872.979987000,41,ok
1785385872.997228000,35,ok
1785385873.002877000,49,ok
1785385872.982526000,43,ok
1785385873.010933000,42,ok
1785385873.011553000,39,ok
1785385873.028897000,41,ok
1785385873.031402000,45,ok
1785385873.031379000,49,ok
1785385873.029109000,48,ok
1785385873.042910000,38,ok
1785385873.074429000,42,ok
1785385873.062276000,39,ok
1785385873.093657000,44,ok
1785385873.092557000,50,ok
1785385873.098786000,41,ok
1785385873.097211000,39,ok
1785385873.096412000,41,ok
1785385873.095643000,36,ok
1785385873.093964000,34,ok
1785385873.100330000,44,ok
1785385873.107414000,35,ok
1785385873.112310000,34,ok
1785385873.120266000,32,ok
1785385873.132460000,39,ok
1785385873.140427000,47,ok
1785385873.171978000,41,ok
1785385873.151655000,42,ok
1785385873.161429000,32,ok
1785385873.179105000,34,ok
1785385873.188324000,35,ok
1785385873.185669000,40,ok
1785385873.190761000,35,ok
1785385873.200334000,40,ok
1785385873.202190000,45,ok
1785385873.199728000,49,ok
1785385873.208902000,47,ok
1785385873.200416000,40,ok
1785385873.222607000,36,ok
1785385873.220925000,35,ok
1785385873.236780000,47,ok
1785385873.254928000,28,ok
1785385873.264557000,38,ok
1785385873.244812000,38,ok
1785385873.257114000,32,ok
1785385873.253848000,32,ok
1785385873.286235000,42,ok
1785385873.290311000,39,ok
1785385873.306369000,43,ok
1785385873.305585000,51,ok
1785385873.298887000,41,ok
1785385873.291603000,41,ok
1785385873.301437000,38,ok
1785385873.315781000,49,ok
1785385873.311505000,32,ok
1785385873.319989000,36,ok
1785385873.331047000,37,ok
1785385873.345434000,35,ok
1785385873.341900000,37,ok
1785385873.350885000,29,ok
1785385873.367692000,44,ok
1785385873.345585000,35,ok
1785385873.374963000,37,ok
1785385873.376013000,32,ok
1785385873.387291000,43,ok
1785385873.394872000,34,ok
1785385873.390151000,35,ok
1785385873.387457000,34,ok
1785385873.395048000,28,ok
1785385873.394590000,34,ok
1785385873.420573000,51,ok
1785385873.412596000,31,ok
1785385873.435621000,34,ok
1785385873.439070000,32,ok
1785385873.444614000,39,ok
1785385873.431750000,31,ok
1785385873.454809000,37,ok
1785385873.471001000,48,ok
1785385873.474641000,33,ok
1785385873.481412000,36,ok
1785385873.475921000,33,ok
1785385873.496793000,40,ok
1785385873.492734000,47,ok
1785385873.516720000,44,ok
1785385873.493456000,40,ok
1785385873.502471000,48,ok
1785385873.490649000,48,ok
1785385873.519866000,38,ok
1785385873.554060000,39,ok
1785385873.560616000,31,ok
1785385873.554027000,43,ok
1785385873.548830000,42,ok
1785385873.560024000,47,ok
1785385873.568665000,50,ok
1785385873.564258000,34,ok
1785385873.572621000,45,ok
1785385873.606199000,35,ok
1785385873.590009000,47,ok
1785385873.604373000,47,ok
1785385873.596343000,37,ok
1785385873.616323000,38,ok
1785385873.634616000,56,ok
1785385873.638989000,37,ok
1785385873.619409000,48,ok
1785385873.648352000,41,ok
1785385873.644547000,36,ok
1785385873.648727000,30,ok
1785385873.672397000,37,ok
1785385873.680918000,49,ok
1785385873.685302000,43,ok
1785385873.687405000,42,ok
1785385873.698435000,36,ok
1785385873.705423000,37,ok
1785385873.692111000,44,ok
1785385873.723206000,41,ok
1785385873.723544000,36,ok
1785385873.727847000,27,ok
1785385873.729453000,39,ok
1785385873.731531000,32,ok
1785385873.733461000,42,ok
1785385873.731964000,43,ok
1785385873.746536000,40,ok
1785385873.747093000,35,ok
1785385873.747619000,34,ok
1785385873.775909000,36,ok
1785385873.775955000,40,ok
1785385873.776325000,28,ok
1785385873.780216000,36,ok
1785385873.792589000,39,ok
1785385873.794181000,33,ok
1785385873.779501000,39,ok
1785385873.806629000,38,ok
1785385873.815091000,38,ok
1785385873.810717000,33,ok
1785385873.821088000,28,ok
1785385873.829269000,40,ok
1785385873.820866000,32,ok
1785385873.834753000,35,ok
1785385873.847647000,33,ok
1785385873.847943000,43,ok
1785385873.872143000,37,ok
1785385873.867870000,39,ok
1785385873.872695000,29,ok
1785385873.884607000,40,ok
1785385873.893697000,27,ok
1785385873.872457000,45,ok
1785385873.895162000,35,ok
1785385873.893744000,45,ok
1785385873.886831000,37,ok
1785385873.909272000,27,ok
1785385873.922285000,32,ok
1785385873.927083000,35,ok
1785385873.929937000,44,ok
1785385873.940645000,41,ok
1785385873.947201000,27,ok
1785385873.955874000,38,ok
1785385873.965402000,40,ok
1785385873.945063000,35,ok
1785385873.969502000,41,ok
1785385873.978188000,34,ok
1785385873.988312000,34,ok
1785385873.975096000,33,ok
1785385873.991296000,33,ok
1785385873.995053000,38,ok
1785385873.999496000,34,ok
1785385874.004756000,38,ok
1785385874.030881000,45,ok
1785385874.003902000,51,ok
1785385874.035079000,65,ok
1785385874.054765000,47,ok
1785385874.064986000,56,ok
1785385874.061206000,38,ok
1785385874.058310000,49,ok
1785385874.059796000,45,ok
1785385874.094695000,41,ok
1785385874.080542000,36,ok
1785385874.089904000,40,ok
1785385874.098503000,48,ok
1785385874.098273000,42,ok
1785385874.129320000,40,ok
1785385874.133211000,45,ok
1785385874.132789000,48,ok
1785385874.128772000,41,ok
1785385874.140982000,47,ok
1785385874.153583000,30,ok
1785385874.154929000,31,ok
1785385874.149892000,35,ok
1785385874.161099000,33,ok
1785385874.149747000,39,ok
1785385874.177236000,33,ok
1785385874.183324000,29,ok
1785385874.206000000,28,ok
1785385874.204770000,29,ok
1785385874.210005000,48,ok
1785385874.227480000,37,ok
1785385874.220017000,34,ok
1785385874.220665000,33,ok
1785385874.228295000,41,ok
1785385874.227519000,28,ok
1785385874.232188000,27,ok
1785385874.257190000,31,ok
1785385874.248798000,44,ok
1785385874.257496000,47,ok
1785385874.256728000,47,ok
1785385874.261339000,37,ok
1785385874.286698000,29,ok
1785385874.293092000,43,ok
1785385874.300116000,36,ok
1785385874.300141000,35,ok
1785385874.300981000,32,ok
1785385874.317955000,35,ok
1785385874.304456000,33,ok
1785385874.321614000,28,ok
1785385874.325731000,36,ok
1785385874.341466000,34,ok
1785385874.342874000,39,ok
1785385874.345876000,37,ok
1785385874.346760000,32,ok
1785385874.357624000,39,ok
1785385874.364959000,38,ok
1785385874.391713000,36,ok
1785385874.370274000,39,ok
1785385874.390498000,36,ok
1785385874.411000000,36,ok
1785385874.398415000,38,ok
1785385874.379619000,43,ok
1785385874.411092000,37,ok
1785385874.398617000,44,ok
1785385874.421996000,51,ok
1785385874.426677000,46,ok
1785385874.432572000,34,ok
1785385874.430615000,35,ok
1785385874.472568000,37,ok
1785385874.471690000,49,ok
1785385874.470246000,35,ok
1785385874.474929000,35,ok
1785385874.475421000,34,ok
1785385874.471650000,38,ok
1785385874.495548000,42,ok
1785385874.499937000,37,ok
1785385874.507446000,35,ok
1785385874.511689000,38,ok
1785385874.505839000,36,ok
1785385874.496526000,41,ok
1785385874.506251000,38,ok
1785385874.525991000,38,ok
1785385874.525323000,34,ok
1785385874.533312000,38,ok
1785385874.555927000,33,ok
1785385874.558652000,38,ok
1785385874.570701000,38,ok
1785385874.578469000,39,ok
1785385874.573676000,35,ok
1785385874.592758000,35,ok
1785385874.598006000,44,ok
1785385874.600531000,51,ok
1785385874.603667000,53,ok
1785385874.598887000,41,ok
1785385874.604883000,45,ok
1785385874.609473000,43,ok
1785385874.593446000,43,ok
1785385874.619991000,39,ok
1785385874.622230000,37,ok
1785385874.642198000,32,ok
1785385874.655105000,31,ok
1785385874.652469000,40,ok
1785385874.660014000,43,ok
1785385874.683286000,30,ok
1785385874.674117000,37,ok
1785385874.677088000,41,ok
1785385874.682023000,48,ok
1785385874.693121000,43,ok
1785385874.699022000,32,ok
1785385874.708777000,38,ok
1785385874.705538000,41,ok
1785385874.709822000,37,ok
1785385874.696598000,32,ok
1785385874.708792000,47,ok
1785385874.721472000,46,ok
1785385874.746737000,34,ok
1785385874.746818000,33,ok
1785385874.756006000,31,ok
1785385874.748268000,39,ok
1785385874.789163000,33,ok
1785385874.772800000,40,ok
1785385874.770550000,32,ok
1785385874.783227000,36,ok
1785385874.771445000,40,ok
1785385874.782650000,31,ok
1785385874.785101000,46,ok
1785385874.794344000,37,ok
1785385874.795980000,33,ok
1785385874.801694000,39,ok
1785385874.813467000,38,ok
1785385874.830604000,38,ok
1785385874.805183000,43,ok
1785385874.849692000,40,ok
1785385874.865417000,41,ok
1785385874.857388000,31,ok
1785385874.861792000,30,ok
1785385874.862996000,31,ok
1785385874.875848000,42,ok
1785385874.874748000,34,ok
1785385874.875489000,36,ok
1785385874.881603000,29,ok
1785385874.898709000,32,ok
1785385874.878747000,39,ok
1785385874.882828000,43,ok
1785385874.903239000,34,ok
1785385874.900316000,30,ok
1785385874.904712000,31,ok
1785385874.919880000,38,ok
1785385874.929429000,34,ok
1785385874.961999000,45,ok
1785385874.961653000,46,ok
1785385874.964808000,42,ok
1785385874.966212000,37,ok
1785385874.968460000,45,ok
1785385874.974031000,37,ok
1785385874.961147000,32,ok
1785385874.972425000,46,ok
1785385874.978538000,44,ok
1785385874.969767000,43,ok
1785385874.975459000,40,ok
1785385874.983502000,40,ok
1785385874.999910000,35,ok
1785385875.007625000,40,ok
1785385875.030437000,35,ok
1785385875.071096000,43,ok
1785385875.022296000,35,ok
1785385875.066062000,43,ok
1785385875.066982000,38,ok
1785385875.070632000,46,ok
1785385875.080967000,60,ok
1785385875.088925000,65,ok
1785385875.079003000,56,ok
1785385875.073212000,51,ok
1785385875.098615000,43,ok
1785385875.092086000,68,ok
1785385875.069552000,46,ok
1785385875.114564000,58,ok
1785385875.130833000,49,ok
1785385875.153075000,41,ok
1785385875.171945000,45,ok
1785385875.201313000,65,ok
1785385875.212858000,33,ok
1785385875.188751000,43,ok
1785385875.226635000,61,ok
1785385875.204649000,46,ok
1785385875.180744000,47,ok
1785385875.207962000,52,ok
1785385875.197015000,44,ok
1785385875.238833000,39,ok
1785385875.235897000,51,ok
1785385875.237098000,34,ok
1785385875.230994000,48,ok
1785385875.236236000,56,ok
1785385875.224521000,36,ok
1785385875.264597000,49,ok
1785385875.303724000,37,ok
1785385875.296338000,43,ok
1785385875.304807000,37,ok
1785385875.308158000,47,ok
1785385875.298309000,38,ok
1785385875.305160000,35,ok
1785385875.307183000,32,ok
1785385875.310641000,35,ok
1785385875.322675000,35,ok
1785385875.315028000,36,ok
1785385875.315218000,30,ok
1785385875.323287000,31,ok
1785385875.338793000,45,ok
1785385875.361201000,73,ok
1785385875.366233000,33,ok
1785385875.362528000,30,ok
1785385875.376284000,31,ok
1785385875.372626000,29,ok
1785385875.379313000,33,ok
1785385875.383542000,35,ok
1785385875.381510000,32,ok
1785385875.386746000,33,ok
1785385875.388851000,45,ok
1785385875.396480000,42,ok
1785385875.420308000,40,ok
1785385875.418142000,37,ok
1785385875.419492000,46,ok
1785385875.421310000,40,ok
1785385875.421338000,35,ok
1785385875.430949000,32,ok
1785385875.437684000,30,ok
1785385875.457847000,42,ok
1785385875.460633000,36,ok
1785385875.455551000,37,ok
1785385875.461884000,29,ok
1785385875.473007000,34,ok
1785385875.463558000,40,ok
1785385875.473483000,36,ok
1785385875.471523000,40,ok
1785385875.508188000,37,ok
1785385875.493824000,34,ok
1785385875.506993000,31,ok
1785385875.515927000,37,ok
1785385875.518092000,41,ok
1785385875.520415000,33,ok
1785385875.522898000,35,ok
1785385875.519564000,42,ok
1785385875.542798000,34,ok
1785385875.545891000,34,ok
1785385875.542995000,27,ok
1785385875.547785000,34,ok
1785385875.549018000,28,ok
1785385875.544182000,39,ok
1785385875.564019000,42,ok
1785385875.585583000,35,ok
1785385875.567434000,46,ok
1785385875.580856000,27,ok
1785385875.595014000,42,ok
1785385875.610823000,32,ok
1785385875.613969000,32,ok
1785385875.603281000,45,ok
1785385875.603306000,38,ok
1785385875.625627000,35,ok
1785385875.606665000,33,ok
1785385875.616669000,34,ok
1785385875.631913000,37,ok
1785385875.632266000,34,ok
1785385875.633186000,36,ok
1785385875.649095000,41,ok
1785385875.656630000,38,ok
1785385875.657170000,29,ok
1785385875.659813000,29,ok
1785385875.688578000,43,ok
1785385875.701705000,30,ok
1785385875.677341000,38,ok
1785385875.698409000,35,ok
1785385875.692792000,29,ok
1785385875.702545000,35,ok
1785385875.700427000,33,ok
1785385875.700456000,42,ok
1785385875.705409000,34,ok
1785385875.719861000,33,ok
1785385875.722498000,39,ok
1785385875.728269000,41,ok
1785385875.750244000,26,ok
1785385875.744468000,38,ok
1785385875.748926000,37,ok
1785385875.751117000,38,ok
1785385875.790735000,36,ok
1785385875.786885000,39,ok
1785385875.788077000,35,ok
1785385875.798350000,45,ok
1785385875.783444000,34,ok
1785385875.799473000,38,ok
1785385875.794928000,43,ok
1785385875.797403000,47,ok
1785385875.802704000,47,ok
1785385875.813105000,44,ok
1785385875.822449000,30,ok
1785385875.849265000,32,ok
1785385875.841661000,40,ok
1785385875.851912000,36,ok
1785385875.846631000,29,ok
1785385875.847855000,36,ok
1785385875.866302000,39,ok
1785385875.879631000,29,ok
1785385875.872276000,38,ok
1785385875.879674000,33,ok
1785385875.888325000,37,ok
1785385875.878263000,30,ok
1785385875.893363000,32,ok
1785385875.898014000,32,ok
1785385875.891689000,35,ok
1785385875.902276000,38,ok
1785385875.901443000,23,ok
1785385875.933010000,32,ok
1785385875.934817000,35,ok
1785385875.938589000,40,ok
1785385875.940750000,37,ok
1785385875.939640000,36,ok
1785385875.955579000,34,ok
1785385875.957824000,29,ok
1785385875.966028000,35,ok
1785385875.966012000,32,ok
1785385875.970407000,27,ok
1785385875.974822000,35,ok
1785385875.980136000,46,ok
1785385875.972720000,35,ok
1785385875.987007000,34,ok
1785385875.975734000,34,ok
1785385875.999559000,35,ok
1785385876.027829000,36,ok
1785385876.024906000,30,ok
1785385876.021523000,38,ok
1785385876.019198000,34,ok
1785385876.035714000,35,ok
1785385876.033975000,41,ok
1785385876.039710000,31,ok
1785385876.037824000,36,ok
1785385876.049306000,25,ok
1785385876.063099000,34,ok
1785385876.070503000,37,ok
1785385876.077746000,36,ok
1785385876.071429000,37,ok
1785385876.077325000,38,ok
1785385876.071748000,40,ok
1785385876.086346000,29,ok
1785385876.104661000,32,ok
1785385876.110596000,33,ok
1785385876.111221000,32,ok
1785385876.122312000,29,ok
1785385876.107311000,27,ok
1785385876.120181000,32,ok
1785385876.130078000,31,ok
1785385876.124768000,34,ok
1785385876.130520000,32,ok
1785385876.150560000,36,ok
1785385876.156379000,30,ok
1785385876.162287000,35,ok
1785385876.166437000,33,ok
1785385876.163895000,34,ok
1785385876.160718000,30,ok
1785385876.182542000,39,ok
1785385876.195076000,34,ok
1785385876.193925000,33,ok
1785385876.191693000,30,ok
1785385876.205233000,30,ok
1785385876.202686000,31,ok
1785385876.211235000,35,ok
1785385876.213489000,33,ok
1785385876.230248000,37,ok
1785385876.223252000,33,ok
1785385876.233195000,26,ok
1785385876.248215000,30,ok
1785385876.255405000,31,ok
1785385876.241388000,37,ok
1785385876.250103000,42,ok
1785385876.277898000,33,ok
1785385876.256278000,37,ok
1785385876.288893000,45,ok
1785385876.283492000,38,ok
1785385876.282562000,29,ok
1785385876.293518000,34,ok
1785385876.294093000,40,ok
1785385876.304062000,32,ok
1785385876.317502000,34,ok
1785385876.315799000,34,ok
1785385876.320776000,42,ok
1785385876.330671000,27,ok
1785385876.333730000,39,ok
1785385876.343937000,30,ok
1785385876.355082000,33,ok
1785385876.365623000,27,ok
1785385876.370123000,31,ok
1785385876.362885000,37,ok
1785385876.383769000,43,ok
1785385876.378181000,36,ok
1785385876.389054000,34,ok
1785385876.384426000,35,ok
1785385876.389119000,29,ok
1785385876.390817000,36,ok
1785385876.386232000,42,ok
1785385876.397831000,26,ok
1785385876.409111000,32,ok
1785385876.420946000,28,ok
1785385876.422569000,34,ok
1785385876.418718000,31,ok
1785385876.441728000,37,ok
1785385876.445890000,31,ok
1785385876.453687000,28,ok
1785385876.447654000,35,ok
1785385876.469068000,32,ok
1785385876.457311000,33,ok
1785385876.479679000,37,ok
1785385876.469041000,40,ok
1785385876.474769000,30,ok
1785385876.479189000,33,ok
1785385876.480606000,31,ok
1785385876.472435000,35,ok
1785385876.494672000,38,ok
1785385876.518598000,37,ok
1785385876.524547000,36,ok
1785385876.517255000,40,ok
1785385876.515453000,37,ok
1785385876.535224000,30,ok
1785385876.530986000,34,ok
1785385876.538674000,39,ok
1785385876.552143000,33,ok
1785385876.557915000,34,ok
1785385876.543705000,35,ok
1785385876.555398000,39,ok
1785385876.551001000,26,ok
1785385876.566554000,37,ok
1785385876.576548000,43,ok
1785385876.568872000,29,ok
1785385876.577862000,30,ok
1785385876.604128000,33,ok
1785385876.602948000,30,ok
1785385876.608414000,38,ok
1785385876.610009000,27,ok
1785385876.609636000,32,ok
1785385876.635194000,32,ok
1785385876.636533000,36,ok
1785385876.637077000,44,ok
1785385876.639219000,48,ok
1785385876.641614000,28,ok
1785385876.627861000,31,ok
1785385876.640156000,46,ok
1785385876.653383000,38,ok
1785385876.656916000,38,ok
1785385876.674874000,45,ok
1785385876.676450000,42,ok
1785385876.689510000,34,ok
1785385876.687224000,29,ok
1785385876.689781000,35,ok
1785385876.711899000,44,ok
1785385876.684664000,38,ok
1785385876.706491000,34,ok
1785385876.732949000,33,ok
1785385876.729821000,37,ok
1785385876.732020000,33,ok
1785385876.727922000,44,ok
1785385876.733307000,44,ok
1785385876.736794000,40,ok
1785385876.731309000,45,ok
1785385876.754871000,39,ok
1785385876.769491000,34,ok
1785385876.772548000,36,ok
1785385876.780195000,36,ok
1785385876.773464000,28,ok
1785385876.793361000,32,ok
1785385876.806235000,32,ok
1785385876.811237000,41,ok
1785385876.808200000,32,ok
1785385876.809244000,45,ok
1785385876.827441000,38,ok
1785385876.828437000,39,ok
1785385876.831350000,35,ok
1785385876.831053000,42,ok
1785385876.827644000,27,ok
1785385876.852989000,47,ok
1785385876.857352000,30,ok
1785385876.854119000,47,ok
1785385876.867650000,32,ok
1785385876.876928000,41,ok
1785385876.876997000,32,ok
1785385876.880337000,33,ok
1785385876.891407000,34,ok
1785385876.894372000,31,ok
1785385876.908279000,38,ok
1785385876.899572000,30,ok
1785385876.897515000,28,ok
1785385876.919911000,33,ok
1785385876.911708000,27,ok
1785385876.913964000,33,ok
1785385876.924945000,35,ok
1785385876.927507000,38,ok
1785385876.942943000,40,ok
1785385876.961374000,31,ok
1785385876.958391000,36,ok
1785385876.957126000,39,ok
1785385876.955700000,31,ok
1785385876.967110000,31,ok
1785385876.978012000,35,ok
1785385876.986298000,35,ok
1785385876.990142000,36,ok
1785385876.991094000,33,ok
1785385876.999411000,37,ok
1785385876.998126000,35,ok
1785385876.997066000,32,ok
1785385877.004028000,40,ok
1785385877.007793000,27,ok
1785385877.008962000,34,ok
1785385877.035143000,31,ok
1785385877.047267000,35,ok
1785385877.052293000,35,ok
1785385877.038203000,36,ok
1785385877.053798000,34,ok
1785385877.050495000,32,ok
1785385877.074522000,37,ok
1785385877.085504000,41,ok
1785385877.082410000,35,ok
1785385877.085797000,41,ok
1785385877.088354000,29,ok
1785385877.092145000,32,ok
1785385877.072553000,47,ok
1785385877.095566000,27,ok
1785385877.080922000,29,ok
1785385877.119571000,30,ok
1785385877.124479000,43,ok
1785385877.136792000,29,ok
1785385877.128941000,32,ok
1785385877.139250000,30,ok
1785385877.157847000,39,ok
1785385877.155120000,27,ok
1785385877.159000000,38,ok
1785385877.164518000,37,ok
1785385877.173049000,34,ok
1785385877.178956000,40,ok
1785385877.174340000,36,ok
1785385877.181901000,35,ok
1785385877.181408000,27,ok
1785385877.193710000,47,ok
1785385877.201002000,47,ok
1785385877.199647000,27,ok
1785385877.204921000,32,ok
1785385877.223642000,35,ok
1785385877.221562000,32,ok
1785385877.226697000,41,ok
1785385877.241818000,33,ok
1785385877.242755000,32,ok
1785385877.242982000,33,ok
1785385877.254764000,29,ok
1785385877.255172000,27,ok
1785385877.255812000,38,ok
1785385877.273805000,40,ok
1785385877.273536000,43,ok
1785385877.287406000,41,ok
1785385877.276146000,46,ok
1785385877.290524000,41,ok
1785385877.303470000,43,ok
1785385877.324219000,30,ok
1785385877.303075000,40,ok
1785385877.336848000,33,ok
1785385877.347612000,27,ok
1785385877.322606000,32,ok
1785385877.323244000,36,ok
1785385877.347097000,36,ok
1785385877.332407000,39,ok
1785385877.346385000,45,ok
1785385877.352112000,38,ok
1785385877.358559000,43,ok
1785385877.361815000,33,ok
1785385877.359952000,35,ok
1785385877.379158000,42,ok
1785385877.395827000,43,ok
1785385877.413972000,35,ok
1785385877.422194000,28,ok
1785385877.424715000,35,ok
1785385877.422525000,50,ok
1785385877.422278000,46,ok
1785385877.427726000,36,ok
1785385877.435953000,38,ok
1785385877.439445000,34,ok
1785385877.448867000,44,ok
1785385877.439660000,36,ok
1785385877.459990000,40,ok
1785385877.458054000,38,ok
1785385877.464849000,35,ok
1785385877.473880000,32,ok
1785385877.470683000,44,ok
1785385877.504739000,38,ok
1785385877.506538000,31,ok
1785385877.498417000,33,ok
1785385877.507018000,35,ok
1785385877.511175000,36,ok
1785385877.519626000,38,ok
1785385877.526370000,31,ok
1785385877.526891000,33,ok
1785385877.542252000,33,ok
1785385877.541095000,29,ok
1785385877.531494000,31,ok
1785385877.528709000,33,ok
1785385877.557641000,35,ok
1785385877.560437000,34,ok
1785385877.570574000,41,ok
1785385877.562565000,31,ok
1785385877.584874000,28,ok
1785385877.587430000,30,ok
1785385877.591097000,31,ok
1785385877.606346000,32,ok
1785385877.607598000,33,ok
1785385877.620435000,32,ok
1785385877.618754000,41,ok
1785385877.617072000,43,ok
1785385877.621673000,35,ok
1785385877.625199000,41,ok
1785385877.622578000,32,ok
1785385877.637040000,34,ok
1785385877.651727000,38,ok
1785385877.655141000,35,ok
1785385877.652493000,38,ok
1785385877.672898000,32,ok
1785385877.657725000,38,ok
1785385877.673899000,35,ok
1785385877.673939000,33,ok
1785385877.680695000,34,ok
1785385877.691798000,37,ok
1785385877.695371000,32,ok
1785385877.709523000,37,ok
1785385877.708451000,38,ok
1785385877.719451000,40,ok
1785385877.718793000,52,ok
1785385877.711824000,40,ok
1785385877.736186000,50,ok
1785385877.736246000,34,ok
1785385877.744402000,36,ok
1785385877.757378000,38,ok
1785385877.756026000,38,ok
1785385877.785067000,41,ok
1785385877.772052000,45,ok
1785385877.762795000,38,ok
1785385877.781022000,36,ok
1785385877.775027000,36,ok
1785385877.795764000,39,ok
1785385877.806944000,35,ok
1785385877.814275000,34,ok
1785385877.802454000,39,ok
1785385877.811209000,43,ok
1785385877.806988000,37,ok
1785385877.840408000,50,ok
1785385877.838779000,40,ok
1785385877.836296000,43,ok
1785385877.850123000,38,ok
1785385877.847122000,28,ok
1785385877.839819000,41,ok
1785385877.857428000,34,ok
1785385877.857620000,35,ok
1785385877.876065000,35,ok
1785385877.879217000,37,ok
1785385877.880319000,32,ok
1785385877.887883000,33,ok
1785385877.898311000,43,ok
1785385877.896835000,36,ok
1785385877.898802000,36,ok
1785385877.923596000,41,ok
1785385877.916437000,41,ok
1785385877.929414000,35,ok
1785385877.928583000,43,ok
1785385877.921955000,30,ok
1785385877.933772000,32,ok
1785385877.951575000,42,ok
1785385877.951620000,32,ok
1785385877.960233000,39,ok
1785385877.968842000,34,ok
1785385877.959214000,46,ok
1785385877.970357000,39,ok
1785385877.957461000,29,ok
1785385878.000648000,41,ok
1785385877.993956000,36,ok
1785385878.013612000,42,ok
1785385878.011408000,30,ok
1785385878.012273000,34,ok
1785385878.016339000,36,ok
1785385878.014916000,43,ok
1785385878.034106000,51,ok
1785385878.031030000,40,ok
1785385878.035898000,35,ok
1785385878.046907000,41,ok
1785385878.080623000,42,ok
1785385878.078598000,53,ok
1785385878.072993000,38,ok
1785385878.080771000,41,ok
1785385878.090736000,41,ok
1785385878.088736000,42,ok
1785385878.095447000,30,ok
1785385878.111486000,39,ok
1785385878.110431000,35,ok
1785385878.088344000,27,ok
1785385878.107349000,30,ok
1785385878.131014000,47,ok
1785385878.123319000,32,ok
1785385878.129600000,38,ok
1785385878.147452000,49,ok
1785385878.150977000,34,ok
1785385878.175784000,37,ok
1785385878.170605000,36,ok
1785385878.166018000,33,ok
1785385878.186476000,37,ok
1785385878.172341000,36,ok
1785385878.205638000,41,ok
1785385878.180840000,36,ok
1785385878.204497000,35,ok
1785385878.200459000,31,ok
1785385878.205962000,41,ok
1785385878.206336000,45,ok
1785385878.229159000,46,ok
1785385878.228674000,28,ok
1785385878.219700000,47,ok
1785385878.259743000,29,ok
1785385878.263243000,35,ok
1785385878.256800000,34,ok
1785385878.258087000,39,ok
1785385878.274455000,31,ok
1785385878.283482000,44,ok
1785385878.261622000,33,ok
1785385878.280754000,33,ok
1785385878.305465000,35,ok
1785385878.293354000,46,ok
1785385878.305588000,46,ok
1785385878.307029000,37,ok
1785385878.282801000,31,ok
1785385878.306439000,35,ok
1785385878.321899000,31,ok
1785385878.338979000,35,ok
1785385878.319591000,35,ok
1785385878.341920000,28,ok
1785385878.340137000,30,ok
1785385878.358252000,30,ok
1785385878.352189000,38,ok
1785385878.355513000,41,ok
1785385878.363191000,40,ok
1785385878.397506000,43,ok
1785385878.395982000,42,ok
1785385878.396172000,48,ok
1785385878.395685000,50,ok
1785385878.420694000,42,ok
1785385878.400607000,41,ok
1785385878.419122000,47,ok
1785385878.399812000,40,ok
1785385878.394507000,37,ok
1785385878.424684000,32,ok
1785385878.421034000,38,ok
1785385878.455719000,37,ok
1785385878.443943000,52,ok
1785385878.454175000,42,ok
1785385878.450280000,31,ok
1785385878.485769000,29,ok
1785385878.466419000,41,ok
1785385878.494361000,41,ok
1785385878.489308000,37,ok
1785385878.502065000,38,ok
1785385878.501459000,41,ok
1785385878.504791000,37,ok
1785385878.523014000,45,ok
1785385878.522963000,34,ok
1785385878.518886000,48,ok
1785385878.522314000,30,ok
1785385878.526304000,38,ok
1785385878.548250000,36,ok
1785385878.538500000,31,ok
1785385878.544116000,37,ok
1785385878.549510000,31,ok
1785385878.582241000,37,ok
1785385878.582918000,37,ok
1785385878.586722000,31,ok
1785385878.592915000,34,ok
1785385878.589911000,27,ok
1785385878.591780000,37,ok
1785385878.619153000,28,ok
1785385878.615822000,44,ok
1785385878.623719000,41,ok
1785385878.613876000,29,ok
1785385878.641855000,37,ok
1785385878.623656000,44,ok
1785385878.621110000,35,ok
1785385878.646781000,37,ok
1785385878.644037000,39,ok
1785385878.653043000,36,ok
1785385878.688700000,39,ok
1785385878.690906000,47,ok
1785385878.687695000,38,ok
1785385878.711861000,39,ok
1785385878.708279000,50,ok
1785385878.705684000,38,ok
1785385878.704946000,40,ok
1785385878.705887000,48,ok
1785385878.707168000,42,ok
1785385878.749441000,39,ok
1785385878.751501000,33,ok
1785385878.753432000,46,ok
1785385878.755661000,49,ok
1785385878.751288000,50,ok
1785385878.759385000,47,ok
1785385878.788103000,46,ok
1785385878.791256000,40,ok
1785385878.820126000,41,ok
1785385878.795342000,44,ok
1785385878.820979000,41,ok
1785385878.830408000,43,ok
1785385878.813876000,46,ok
1785385878.834347000,44,ok
1785385878.832480000,53,ok
1785385878.836094000,42,ok
1785385878.849133000,45,ok
1785385878.863228000,41,ok
1785385878.859290000,48,ok
1785385878.861140000,38,ok
1785385878.863273000,37,ok
1785385878.864178000,45,ok
1785385878.890320000,39,ok
1785385878.897575000,42,ok
1785385878.908462000,26,ok
1785385878.913168000,40,ok
1785385878.916312000,33,ok
1785385878.912065000,39,ok
1785385878.920576000,31,ok
1785385878.926789000,35,ok
1785385878.942342000,39,ok
1785385878.955544000,38,ok
1785385878.948038000,39,ok
1785385878.948356000,49,ok
1785385878.954139000,32,ok
1785385878.962707000,38,ok
1785385878.965710000,39,ok
1785385878.957165000,40,ok
1785385878.987493000,37,ok
1785385878.997939000,34,ok
1785385879.004019000,39,ok
1785385879.013648000,51,ok
1785385879.005180000,33,ok
1785385879.017021000,45,ok
1785385879.024438000,40,ok
1785385879.027439000,39,ok
1785385879.042451000,33,ok
1785385879.049982000,42,ok
1785385879.045873000,36,ok
1785385879.057342000,43,ok
1785385879.064974000,32,ok
1785385879.063357000,39,ok
1785385879.063694000,45,ok
1785385879.072046000,41,ok
1785385879.088085000,46,ok
1785385879.102854000,37,ok
1785385879.100518000,44,ok
1785385879.124779000,51,ok
1785385879.111421000,35,ok
1785385879.120306000,39,ok
1785385879.137219000,39,ok
1785385879.157592000,44,ok
1785385879.142817000,50,ok
1785385879.154340000,42,ok
1785385879.154356000,48,ok
1785385879.163325000,32,ok
1785385879.173694000,46,ok
1785385879.175661000,31,ok
1785385879.169878000,47,ok
1785385879.186326000,35,ok
1785385879.190362000,38,ok
1785385879.191788000,30,ok
1785385879.218263000,43,ok
1785385879.214584000,40,ok
1785385879.212803000,35,ok
1785385879.241578000,30,ok
1785385879.217543000,39,ok
1785385879.231528000,31,ok
1785385879.239000000,35,ok
1785385879.257024000,31,ok
1785385879.242357000,42,ok
1785385879.265032000,36,ok
1785385879.264433000,34,ok
1785385879.261869000,34,ok
1785385879.261939000,39,ok
1785385879.278719000,29,ok
1785385879.267987000,40,ok
1785385879.277472000,32,ok
1785385879.298849000,25,ok
1785385879.303733000,34,ok
1785385879.306090000,25,ok
1785385879.326198000,26,ok
1785385879.321251000,44,ok
1785385879.322623000,36,ok
1785385879.318338000,35,ok
1785385879.330099000,40,ok
1785385879.346427000,35,ok
1785385879.337568000,32,ok
1785385879.350747000,35,ok
1785385879.358471000,33,ok
1785385879.351184000,38,ok
1785385879.359984000,34,ok
1785385879.366006000,36,ok
1785385879.362283000,36,ok
1785385879.384316000,39,ok
1785385879.406756000,27,ok
1785385879.409511000,38,ok
1785385879.409187000,35,ok
1785385879.416965000,37,ok
1785385879.409993000,34,ok
1785385879.406148000,31,ok
1785385879.435794000,47,ok
1785385879.440303000,47,ok
1785385879.449561000,27,ok
1785385879.447669000,50,ok
1785385879.459662000,48,ok
1785385879.455864000,48,ok
1785385879.477893000,38,ok
1785385879.450768000,39,ok
1785385879.474565000,44,ok
1785385879.498998000,42,ok
1785385879.511394000,48,ok
1785385879.508919000,35,ok
1785385879.518011000,36,ok
1785385879.512226000,38,ok
1785385879.514522000,37,ok
1785385879.523702000,36,ok
1785385879.525794000,38,ok
1785385879.504268000,44,ok
1785385879.550427000,30,ok
1785385879.559392000,46,ok
1785385879.550825000,33,ok
1785385879.555349000,39,ok
1785385879.573500000,42,ok
1785385879.554305000,37,ok
1785385879.560326000,37,ok
1785385879.580490000,40,ok
1785385879.611061000,37,ok
1785385879.609662000,46,ok
1785385879.612976000,39,ok
1785385879.613132000,43,ok
1785385879.615913000,49,ok
1785385879.617524000,36,ok
1785385879.611865000,34,ok
1785385879.631613000,41,ok
1785385879.632192000,32,ok
1785385879.621596000,49,ok
1785385879.639505000,33,ok
1785385879.655504000,34,ok
1785385879.661466000,41,ok
1785385879.657400000,30,ok
1785385879.661355000,41,ok
1785385879.658092000,43,ok
1785385879.694732000,36,ok
1785385879.694204000,33,ok
1785385879.696497000,31,ok
1785385879.691276000,31,ok
1785385879.699000000,33,ok
1785385879.702373000,27,ok
1785385879.700375000,35,ok
1785385879.712561000,37,ok
1785385879.719577000,43,ok
1785385879.716713000,42,ok
1785385879.735692000,30,ok
1785385879.733808000,34,ok
1785385879.733726000,42,ok
1785385879.746127000,33,ok
1785385879.751634000,33,ok
1785385879.771993000,41,ok
1785385879.780378000,33,ok
1785385879.773825000,33,ok
1785385879.782512000,35,ok
1785385879.783614000,38,ok
1785385879.779733000,36,ok
1785385879.784735000,29,ok
1785385879.792831000,32,ok
1785385879.805636000,42,ok
1785385879.802223000,32,ok
1785385879.817139000,33,ok
1785385879.821648000,33,ok
1785385879.814673000,42,ok
1785385879.823202000,34,ok
1785385879.823887000,29,ok
1785385879.843128000,28,ok
1785385879.867162000,34,ok
1785385879.857481000,30,ok
1785385879.853999000,29,ok
1785385879.847978000,35,ok
1785385879.871427000,34,ok
1785385879.882281000,40,ok
1785385879.878460000,38,ok
1785385879.888617000,44,ok
1785385879.893561000,35,ok
1785385879.892778000,29,ok
1785385879.911235000,38,ok
1785385879.916220000,49,ok
1785385879.922430000,40,ok
1785385879.926011000,33,ok
1785385879.936637000,32,ok
1785385879.941933000,34,ok
1785385879.958226000,42,ok
1785385879.961031000,35,ok
1785385879.958675000,31,ok
1785385879.960024000,39,ok
1785385879.966170000,39,ok
1785385879.972952000,37,ok
1785385879.978814000,29,ok
1785385879.977194000,35,ok
1785385879.993568000,36,ok
1785385879.999245000,41,ok
1785385879.998667000,38,ok
1785385880.006343000,28,ok
1785385879.999451000,30,ok
1785385880.009067000,30,ok
1785385880.019329000,33,ok
1785385880.028258000,23,ok
