ts,ms,status
1785385960.040202000,115,ok
1785385960.042590000,111,ok
1785385960.040183000,115,ok
1785385960.054892000,117,ok
1785385960.058274000,110,ok
1785385960.051693000,126,ok
1785385960.044948000,123,ok
1785385960.048194000,116,ok
1785385960.058942000,116,ok
1785385960.058249000,98,ok
1785385960.053171000,127,ok
1785385960.057909000,102,ok
1785385960.059439000,128,ok
1785385960.048609000,119,ok
1785385960.053828000,105,ok
1785385960.044927000,123,ok
1785385960.163036000,82,ok
1785385960.163637000,73,ok
1785385960.165994000,73,ok
1785385960.178671000,85,ok
1785385960.193086000,100,ok
1785385960.192552000,93,ok
1785385960.192400000,92,ok
1785385960.185980000,87,ok
1785385960.186472000,87,ok
1785385960.200028000,103,ok
1785385960.205693000,101,ok
1785385960.208775000,109,ok
1785385960.206021000,112,ok
1785385960.207245000,103,ok
1785385960.209769000,106,ok
1785385960.210490000,106,ok
1785385960.267898000,85,ok
1785385960.267641000,86,ok
1785385960.278265000,88,ok
1785385960.314284000,86,ok
1785385960.312540000,84,ok
1785385960.314123000,82,ok
1785385960.322882000,84,ok
1785385960.322474000,85,ok
1785385960.324037000,89,ok
1785385960.325284000,80,ok
1785385960.329115000,87,ok
1785385960.342813000,93,ok
1785385960.341636000,91,ok
1785385960.340303000,86,ok
1785385960.338888000,90,ok
1785385960.341962000,90,ok
1785385960.377335000,83,ok
1785385960.376968000,92,ok
1785385960.373958000,88,ok
1785385960.437735000,92,ok
1785385960.454255000,96,ok
1785385960.454194000,109,ok
1785385960.460411000,91,ok
1785385960.466706000,96,ok
1785385960.466587000,87,ok
1785385960.498659000,98,ok
1785385960.507311000,83,ok
1785385960.502889000,93,ok
1785385960.503370000,90,ok
1785385960.493936000,96,ok
1785385960.503057000,99,ok
1785385960.507590000,99,ok
1785385960.506180000,99,ok
1785385960.521460000,84,ok
1785385960.516721000,85,ok
1785385960.546320000,85,ok
1785385960.567505000,90,ok
1785385960.567486000,88,ok
1785385960.570902000,83,ok
1785385960.585628000,86,ok
1785385960.586200000,95,ok
1785385960.616386000,83,ok
1785385960.626847000,84,ok
1785385960.626790000,89,ok
1785385960.629288000,85,ok
1785385960.638696000,92,ok
1785385960.632482000,87,ok
1785385960.636151000,80,ok
1785385960.634583000,91,ok
1785385960.633822000,91,ok
1785385960.647403000,92,ok
1785385960.663743000,84,ok
1785385960.667828000,80,ok
1785385960.666487000,78,ok
1785385960.671960000,81,ok
1785385960.687570000,84,ok
1785385960.688710000,85,ok
1785385960.731174000,91,ok
1785385960.744022000,78,ok
1785385960.746852000,79,ok
1785385960.754273000,79,ok
1785385960.771128000,80,ok
1785385960.770852000,93,ok
1785385960.772886000,83,ok
1785385960.775728000,90,ok
1785385960.779779000,95,ok
1785385960.790660000,83,ok
1785385960.788687000,79,ok
1785385960.804936000,89,ok
1785385960.815253000,90,ok
1785385960.808849000,86,ok
1785385960.813143000,90,ok
1785385960.812984000,82,ok
1785385960.848768000,96,ok
1785385960.852612000,91,ok
1785385960.852398000,87,ok
1785385960.874103000,94,ok
1785385960.907227000,93,ok
1785385960.904767000,93,ok
1785385960.908412000,101,ok
1785385960.908538000,102,ok
1785385960.930331000,81,ok
1785385960.944042000,92,ok
1785385960.944416000,100,ok
1785385960.950204000,77,ok
1785385960.948672000,83,ok
1785385960.959236000,80,ok
1785385960.962026000,86,ok
1785385960.959424000,83,ok
1785385960.979470000,80,ok
1785385960.982007000,87,ok
1785385960.984447000,89,ok
1785385960.982564000,82,ok
1785385961.012818000,83,ok
1785385961.016285000,89,ok
1785385961.016388000,83,ok
1785385961.014077000,87,ok
1785385961.040011000,84,ok
1785385961.054643000,82,ok
1785385961.065378000,85,ok
1785385961.068326000,88,ok
1785385961.067838000,86,ok
1785385961.071035000,79,ok
1785385961.085037000,90,ok
1785385961.083831000,86,ok
1785385961.099221000,81,ok
1785385961.097815000,80,ok
1785385961.103204000,84,ok
1785385961.108305000,86,ok
1785385961.127154000,79,ok
1785385961.127933000,81,ok
1785385961.129615000,79,ok
1785385961.129389000,84,ok
1785385961.140953000,78,ok
1785385961.158370000,83,ok
1785385961.168821000,78,ok
1785385961.177679000,79,ok
1785385961.185143000,85,ok
1785385961.186454000,83,ok
1785385961.187837000,76,ok
1785385961.195449000,83,ok
1785385961.216500000,83,ok
1785385961.222033000,84,ok
1785385961.218953000,84,ok
1785385961.223093000,86,ok
1785385961.237520000,80,ok
1785385961.239554000,82,ok
1785385961.240118000,81,ok
1785385961.240892000,82,ok
1785385961.244651000,77,ok
1785385961.263493000,81,ok
1785385961.275718000,82,ok
1785385961.279932000,77,ok
1785385961.286177000,79,ok
1785385961.295170000,81,ok
1785385961.294222000,81,ok
1785385961.302110000,76,ok
1785385961.324686000,78,ok
1785385961.327304000,79,ok
1785385961.324166000,80,ok
1785385961.334237000,81,ok
1785385961.339813000,76,ok
1785385961.342524000,76,ok
1785385961.345832000,75,ok
1785385961.353886000,80,ok
1785385961.354137000,83,ok
1785385961.374726000,84,ok
1785385961.386797000,80,ok
1785385961.387852000,77,ok
1785385961.387548000,87,ok
1785385961.395321000,76,ok
1785385961.400570000,78,ok
1785385961.402348000,76,ok
1785385961.428543000,80,ok
1785385961.433331000,79,ok
1785385961.434217000,79,ok
1785385961.436360000,80,ok
1785385961.445828000,79,ok
1785385961.445276000,78,ok
1785385961.459067000,80,ok
1785385961.458762000,81,ok
1785385961.465326000,80,ok
1785385961.479551000,82,ok
1785385961.495074000,82,ok
1785385961.497993000,81,ok
1785385961.497508000,83,ok
1785385961.500382000,87,ok
1785385961.505356000,81,ok
1785385961.505899000,83,ok
1785385961.531852000,82,ok
1785385961.537056000,78,ok
1785385961.541130000,77,ok
1785385961.544520000,84,ok
1785385961.559372000,84,ok
1785385961.561129000,86,ok
1785385961.567350000,81,ok
1785385961.565688000,79,ok
1785385961.570588000,80,ok
1785385961.588334000,76,ok
1785385961.600723000,78,ok
1785385961.596728000,76,ok
1785385961.604449000,80,ok
1785385961.605248000,79,ok
1785385961.610268000,82,ok
1785385961.611415000,79,ok
1785385961.631252000,77,ok
1785385961.640344000,79,ok
1785385961.641242000,81,ok
1785385961.643722000,78,ok
1785385961.660611000,77,ok
1785385961.664160000,76,ok
1785385961.666056000,78,ok
1785385961.667589000,74,ok
1785385961.667024000,80,ok
1785385961.686767000,76,ok
1785385961.698266000,76,ok
1785385961.704897000,80,ok
1785385961.704595000,77,ok
1785385961.704114000,79,ok
1785385961.707195000,76,ok
1785385961.709924000,77,ok
1785385961.729738000,76,ok
1785385961.740800000,82,ok
1785385961.741687000,82,ok
1785385961.744325000,81,ok
1785385961.759161000,76,ok
1785385961.769257000,82,ok
1785385961.769719000,81,ok
1785385961.770221000,83,ok
1785385961.767580000,81,ok
1785385961.785769000,76,ok
1785385961.803634000,79,ok
1785385961.804930000,80,ok
1785385961.807738000,80,ok
1785385961.810421000,79,ok
1785385961.809297000,79,ok
1785385961.810038000,85,ok
1785385961.830508000,78,ok
1785385961.839048000,78,ok
1785385961.843055000,80,ok
1785385961.846990000,85,ok
1785385961.858786000,75,ok
1785385961.874555000,83,ok
1785385961.875119000,83,ok
1785385961.873646000,82,ok
1785385961.876296000,84,ok
1785385961.887698000,77,ok
1785385961.909786000,81,ok
1785385961.907587000,79,ok
1785385961.910213000,79,ok
1785385961.919842000,83,ok
1785385961.912246000,86,ok
1785385961.919630000,84,ok
1785385961.945215000,82,ok
1785385961.941304000,78,ok
1785385961.941362000,81,ok
1785385961.948754000,76,ok
1785385961.958957000,78,ok
1785385961.981003000,85,ok
1785385961.985540000,89,ok
1785385961.985051000,87,ok
1785385961.988271000,82,ok
1785385961.984080000,87,ok
1785385962.014697000,79,ok
1785385962.015507000,81,ok
1785385962.027691000,84,ok
1785385962.027040000,80,ok
1785385962.030591000,86,ok
1785385962.032649000,89,ok
1785385962.048816000,78,ok
1785385962.049581000,78,ok
1785385962.061825000,82,ok
1785385962.061622000,83,ok
1785385962.066621000,78,ok
1785385962.079226000,75,ok
1785385962.080435000,73,ok
1785385962.087091000,78,ok
1785385962.086454000,79,ok
1785385962.086766000,77,ok
1785385962.116266000,77,ok
1785385962.117924000,79,ok
1785385962.128608000,80,ok
1785385962.128586000,78,ok
1785385962.131169000,77,ok
1785385962.130286000,81,ok
1785385962.158749000,83,ok
1785385962.155315000,79,ok
1785385962.167147000,77,ok
1785385962.169439000,79,ok
1785385962.166317000,80,ok
1785385962.181000000,75,ok
1785385962.190304000,77,ok
1785385962.187270000,77,ok
1785385962.193944000,81,ok
1785385962.193629000,81,ok
1785385962.216326000,75,ok
1785385962.218457000,76,ok
1785385962.228832000,80,ok
1785385962.227581000,78,ok
1785385962.232744000,80,ok
1785385962.232520000,80,ok
1785385962.257282000,79,ok
1785385962.256828000,78,ok
1785385962.270072000,82,ok
1785385962.271630000,81,ok
1785385962.272066000,79,ok
1785385962.279997000,74,ok
1785385962.300104000,83,ok
1785385962.300459000,85,ok
1785385962.299511000,83,ok
1785385962.300886000,86,ok
1785385962.320554000,76,ok
1785385962.319869000,78,ok
1785385962.325343000,76,ok
1785385962.337842000,86,ok
1785385962.334471000,84,ok
1785385962.333560000,80,ok
1785385962.358083000,79,ok
1785385962.357929000,79,ok
1785385962.372970000,82,ok
1785385962.374242000,82,ok
1785385962.380811000,88,ok
1785385962.383958000,81,ok
1785385962.404374000,80,ok
1785385962.405511000,81,ok
1785385962.405040000,82,ok
1785385962.407784000,80,ok
1785385962.426636000,78,ok
1785385962.427292000,79,ok
1785385962.433119000,79,ok
1785385962.435042000,77,ok
1785385962.443199000,80,ok
1785385962.444070000,83,ok
1785385962.464889000,77,ok
1785385962.466296000,77,ok
1785385962.471832000,77,ok
1785385962.472025000,75,ok
1785385962.476063000,73,ok
1785385962.481694000,76,ok
1785385962.502659000,78,ok
1785385962.506039000,79,ok
1785385962.506134000,81,ok
1785385962.506069000,81,ok
1785385962.527408000,76,ok
1785385962.526356000,74,ok
1785385962.531675000,76,ok
1785385962.531707000,76,ok
1785385962.541830000,79,ok
1785385962.541788000,79,ok
1785385962.564549000,75,ok
1785385962.565454000,78,ok
1785385962.573479000,80,ok
1785385962.574675000,82,ok
1785385962.576157000,79,ok
1785385962.579485000,79,ok
1785385962.608004000,79,ok
1785385962.608250000,81,ok
1785385962.606912000,83,ok
1785385962.612466000,86,ok
1785385962.634109000,79,ok
1785385962.630689000,75,ok
1785385962.648213000,83,ok
1785385962.645201000,81,ok
1785385962.639211000,80,ok
1785385962.637469000,79,ok
1785385962.677644000,86,ok
1785385962.677922000,81,ok
1785385962.681925000,82,ok
1785385962.680153000,84,ok
1785385962.679910000,78,ok
1785385962.680271000,81,ok
1785385962.716819000,78,ok
1785385962.714056000,83,ok
1785385962.717608000,82,ok
1785385962.721855000,84,ok
1785385962.744055000,80,ok
1785385962.746355000,81,ok
1785385962.761602000,82,ok
1785385962.763678000,83,ok
1785385962.769081000,89,ok
1785385962.762787000,84,ok
1785385962.797904000,90,ok
1785385962.791872000,84,ok
1785385962.797189000,85,ok
1785385962.802939000,92,ok
1785385962.798635000,85,ok
1785385962.803605000,91,ok
1785385962.821476000,80,ok
1785385962.823500000,80,ok
1785385962.826183000,81,ok
1785385962.828089000,89,ok
1785385962.855594000,85,ok
1785385962.858815000,80,ok
1785385962.871297000,81,ok
1785385962.871576000,84,ok
1785385962.873053000,85,ok
1785385962.880886000,77,ok
1785385962.910592000,78,ok
1785385962.909759000,78,ok
1785385962.909984000,75,ok
1785385962.914206000,77,ok
1785385962.914261000,79,ok
1785385962.920624000,77,ok
1785385962.928096000,80,ok
1785385962.928812000,80,ok
1785385962.930883000,75,ok
1785385962.929616000,80,ok
1785385962.957144000,79,ok
1785385962.955794000,80,ok
1785385962.970833000,80,ok
1785385962.969504000,79,ok
1785385962.972724000,74,ok
1785385962.972972000,81,ok
1785385963.010895000,76,ok
1785385963.010623000,78,ok
1785385963.015935000,82,ok
1785385963.014211000,77,ok
1785385963.017688000,78,ok
1785385963.028538000,82,ok
1785385963.040064000,78,ok
1785385963.040097000,81,ok
1785385963.039838000,80,ok
1785385963.042577000,79,ok
1785385963.060881000,77,ok
1785385963.061769000,75,ok
1785385963.070900000,77,ok
1785385963.074165000,78,ok
1785385963.072651000,77,ok
1785385963.079645000,83,ok
1785385963.111055000,79,ok
1785385963.112845000,82,ok
1785385963.117080000,78,ok
1785385963.117593000,78,ok
1785385963.119163000,79,ok
1785385963.141320000,80,ok
1785385963.147792000,76,ok
1785385963.149107000,78,ok
1785385963.154233000,80,ok
1785385963.153469000,82,ok
1785385963.174085000,81,ok
1785385963.173928000,80,ok
1785385963.180303000,81,ok
1785385963.178250000,76,ok
1785385963.178380000,85,ok
1785385963.174904000,76,ok
1785385963.202021000,72,ok
1785385963.201894000,71,ok
1785385963.209525000,75,ok
1785385963.213337000,79,ok
1785385963.215648000,80,ok
1785385963.237035000,76,ok
1785385963.248388000,81,ok
1785385963.251326000,76,ok
1785385963.251200000,75,ok
1785385963.251168000,82,ok
1785385963.278700000,78,ok
1785385963.277130000,77,ok
1785385963.280972000,76,ok
1785385963.282457000,77,ok
1785385963.286305000,80,ok
1785385963.286754000,80,ok
1785385963.307592000,74,ok
1785385963.309965000,80,ok
1785385963.313869000,77,ok
1785385963.307646000,77,ok
1785385963.317219000,81,ok
1785385963.330445000,75,ok
1785385963.347525000,81,ok
1785385963.348494000,80,ok
1785385963.348349000,78,ok
1785385963.350418000,81,ok
1785385963.377263000,78,ok
1785385963.377723000,78,ok
1785385963.380125000,80,ok
1785385963.381029000,76,ok
1785385963.388298000,79,ok
1785385963.387687000,79,ok
1785385963.415936000,79,ok
1785385963.417003000,79,ok
1785385963.416175000,78,ok
1785385963.421147000,82,ok
1785385963.421597000,81,ok
1785385963.433807000,76,ok
1785385963.447503000,76,ok
1785385963.455209000,82,ok
1785385963.454447000,82,ok
1785385963.453619000,80,ok
1785385963.480470000,78,ok
1785385963.487323000,84,ok
1785385963.486930000,84,ok
1785385963.487124000,79,ok
1785385963.488779000,80,ok
1785385963.487410000,83,ok
1785385963.517724000,79,ok
1785385963.523581000,85,ok
1785385963.525392000,83,ok
1785385963.525145000,88,ok
1785385963.524700000,83,ok
1785385963.533626000,74,ok
1785385963.552114000,80,ok
1785385963.555948000,80,ok
1785385963.556188000,80,ok
1785385963.555822000,79,ok
1785385963.579343000,75,ok
1785385963.583585000,75,ok
1785385963.587396000,80,ok
1785385963.587683000,79,ok
1785385963.588104000,79,ok
1785385963.587497000,80,ok
1785385963.625586000,81,ok
1785385963.619029000,78,ok
1785385963.626513000,81,ok
1785385963.631005000,87,ok
1785385963.630997000,86,ok
1785385963.631388000,76,ok
1785385963.655972000,80,ok
1785385963.656896000,80,ok
1785385963.653443000,80,ok
1785385963.658313000,81,ok
1785385963.692485000,84,ok
1785385963.688496000,85,ok
1785385963.691363000,82,ok
1785385963.696556000,84,ok
1785385963.693020000,81,ok
1785385963.691006000,84,ok
1785385963.732852000,81,ok
1785385963.742278000,84,ok
1785385963.739125000,88,ok
1785385963.745054000,87,ok
1785385963.749397000,89,ok
1785385963.757336000,95,ok
1785385963.782988000,93,ok
1785385963.783505000,86,ok
1785385963.780955000,90,ok
1785385963.779501000,90,ok
1785385963.812781000,82,ok
1785385963.813138000,84,ok
1785385963.814065000,81,ok
1785385963.816613000,81,ok
1785385963.822502000,83,ok
1785385963.822566000,85,ok
1785385963.850840000,78,ok
1785385963.849443000,76,ok
1785385963.856410000,81,ok
1785385963.859417000,78,ok
1785385963.863506000,82,ok
1785385963.875018000,79,ok
1785385963.890865000,82,ok
1785385963.890157000,81,ok
1785385963.888932000,81,ok
1785385963.890765000,83,ok
1785385963.917377000,80,ok
1785385963.927225000,82,ok
1785385963.927193000,90,ok
1785385963.927296000,89,ok
1785385963.928206000,89,ok
1785385963.928941000,84,ok
1785385963.952009000,80,ok
1785385963.957627000,86,ok
1785385963.957583000,81,ok
1785385963.956209000,78,ok
1785385963.962041000,80,ok
1785385963.980557000,81,ok
1785385963.990713000,79,ok
1785385963.992788000,82,ok
1785385963.993427000,82,ok
1785385963.994089000,83,ok
1785385964.014340000,77,ok
1785385964.029687000,78,ok
1785385964.030194000,78,ok
1785385964.031035000,77,ok
1785385964.034927000,82,ok
1785385964.035633000,78,ok
1785385964.052516000,77,ok
1785385964.059768000,77,ok
1785385964.057359000,77,ok
1785385964.059338000,77,ok
1785385964.061726000,77,ok
1785385964.079552000,76,ok
1785385964.082541000,72,ok
1785385964.086473000,73,ok
1785385964.090046000,76,ok
1785385964.091340000,77,ok
1785385964.111873000,79,ok
1785385964.130234000,77,ok
1785385964.132929000,85,ok
1785385964.134787000,81,ok
1785385964.131242000,80,ok
1785385964.135811000,80,ok
1785385964.157654000,80,ok
1785385964.169935000,83,ok
1785385964.174767000,86,ok
1785385964.175155000,88,ok
1785385964.175505000,83,ok
1785385964.187652000,77,ok
1785385964.198026000,79,ok
1785385964.200618000,82,ok
1785385964.199063000,79,ok
1785385964.200977000,79,ok
1785385964.219439000,77,ok
1785385964.234728000,79,ok
1785385964.238964000,82,ok
1785385964.243681000,87,ok
1785385964.245568000,89,ok
1785385964.245200000,89,ok
1785385964.256838000,78,ok
1785385964.273498000,83,ok
1785385964.276361000,79,ok
1785385964.275966000,77,ok
1785385964.275073000,78,ok
1785385964.293409000,80,ok
1785385964.301954000,80,ok
1785385964.301968000,77,ok
1785385964.308377000,80,ok
1785385964.309395000,82,ok
1785385964.326850000,81,ok
1785385964.337220000,78,ok
1785385964.343248000,78,ok
1785385964.343939000,76,ok
1785385964.347310000,75,ok
1785385964.353172000,81,ok
1785385964.366350000,79,ok
1785385964.372904000,76,ok
1785385964.384203000,83,ok
1785385964.388269000,87,ok
1785385964.386375000,83,ok
1785385964.394850000,75,ok
1785385964.408531000,78,ok
1785385964.406314000,77,ok
1785385964.407425000,80,ok
1785385964.413355000,78,ok
1785385964.429055000,78,ok
1785385964.440624000,79,ok
1785385964.448697000,79,ok
1785385964.449571000,79,ok
1785385964.452756000,78,ok
1785385964.452614000,83,ok
1785385964.471346000,74,ok
1785385964.471104000,77,ok
1785385964.490943000,80,ok
1785385964.491795000,79,ok
1785385964.492290000,75,ok
1785385964.496681000,73,ok
1785385964.508850000,75,ok
1785385964.514657000,77,ok
1785385964.515429000,78,ok
1785385964.517433000,78,ok
1785385964.531109000,78,ok
1785385964.549324000,77,ok
1785385964.549058000,79,ok
1785385964.554816000,82,ok
1785385964.554665000,82,ok
1785385964.557085000,87,ok
1785385964.573907000,81,ok
1785385964.573183000,81,ok
1785385964.594330000,83,ok
1785385964.595244000,82,ok
1785385964.595905000,78,ok
1785385964.594571000,82,ok
1785385964.612524000,76,ok
1785385964.612442000,80,ok
1785385964.618510000,79,ok
1785385964.619784000,80,ok
1785385964.628770000,78,ok
1785385964.653979000,77,ok
1785385964.651004000,77,ok
1785385964.655212000,76,ok
1785385964.654532000,79,ok
1785385964.657358000,76,ok
1785385964.673418000,74,ok
1785385964.676091000,78,ok
1785385964.697122000,76,ok
1785385964.697191000,79,ok
1785385964.699495000,81,ok
1785385964.698554000,83,ok
1785385964.719318000,83,ok
1785385964.720518000,84,ok
1785385964.720485000,80,ok
1785385964.721337000,78,ok
1785385964.730004000,80,ok
1785385964.755144000,78,ok
1785385964.758750000,80,ok
1785385964.755500000,80,ok
1785385964.760503000,81,ok
1785385964.761119000,82,ok
1785385964.781739000,84,ok
1785385964.783629000,85,ok
1785385964.805280000,79,ok
1785385964.804777000,80,ok
1785385964.808150000,80,ok
1785385964.810154000,81,ok
1785385964.827825000,78,ok
1785385964.836386000,81,ok
1785385964.838977000,81,ok
1785385964.838965000,84,ok
1785385964.842288000,75,ok
1785385964.858178000,75,ok
1785385964.864480000,78,ok
1785385964.868749000,78,ok
1785385964.868159000,81,ok
1785385964.870145000,82,ok
1785385964.881506000,77,ok
1785385964.882829000,78,ok
1785385964.904259000,79,ok
1785385964.904560000,81,ok
1785385964.906179000,77,ok
1785385964.905967000,78,ok
1785385964.923097000,74,ok
1785385964.927828000,73,ok
1785385964.934873000,77,ok
1785385964.935681000,77,ok
1785385964.940059000,77,ok
1785385964.958856000,75,ok
1785385964.963848000,76,ok
1785385964.967218000,76,ok
1785385964.968456000,78,ok
1785385964.970805000,76,ok
1785385964.980215000,75,ok
1785385964.984384000,74,ok
1785385965.005374000,79,ok
1785385965.004221000,80,ok
1785385965.006294000,76,ok
1785385965.007203000,81,ok
1785385965.021617000,76,ok
1785385965.025511000,73,ok
1785385965.032799000,77,ok
1785385965.035776000,76,ok
1785385965.032893000,77,ok
1785385965.055323000,73,ok
1785385965.061729000,74,ok
1785385965.064560000,75,ok
1785385965.068782000,78,ok
1785385965.069274000,80,ok
1785385965.075996000,75,ok
1785385965.082960000,75,ok
1785385965.099505000,75,ok
1785385965.105164000,79,ok
1785385965.104809000,78,ok
1785385965.107626000,75,ok
1785385965.120086000,74,ok
1785385965.126940000,73,ok
1785385965.131506000,79,ok
1785385965.137192000,81,ok
1785385965.135723000,80,ok
1785385965.152935000,75,ok
1785385965.163642000,78,ok
1785385965.165441000,81,ok
1785385965.167760000,78,ok
1785385965.171443000,76,ok
1785385965.170520000,79,ok
1785385965.180031000,77,ok
1785385965.202156000,78,ok
1785385965.197932000,76,ok
1785385965.208992000,82,ok
1785385965.207973000,81,ok
1785385965.223871000,78,ok
1785385965.230012000,77,ok
1785385965.238044000,81,ok
1785385965.241085000,78,ok
1785385965.241545000,84,ok
1785385965.266237000,77,ok
1785385965.269560000,76,ok
1785385965.271152000,77,ok
1785385965.274701000,80,ok
1785385965.279023000,78,ok
1785385965.280890000,80,ok
1785385965.290479000,76,ok
1785385965.304665000,79,ok
1785385965.307402000,75,ok
1785385965.312563000,75,ok
1785385965.314021000,78,ok
1785385965.319408000,73,ok
1785385965.327044000,74,ok
1785385965.328635000,71,ok
1785385965.339264000,78,ok
1785385965.337908000,76,ok
1785385965.362214000,74,ok
1785385965.371111000,79,ok
1785385965.370845000,78,ok
1785385965.376119000,76,ok
1785385965.376897000,78,ok
1785385965.377860000,75,ok
1785385965.394678000,79,ok
1785385965.409342000,78,ok
1785385965.410015000,77,ok
1785385965.415442000,76,ok
1785385965.417936000,76,ok
1785385965.425099000,75,ok
1785385965.431968000,76,ok
1785385965.434948000,78,ok
1785385965.444596000,80,ok
1785385965.447448000,81,ok
1785385965.461115000,76,ok
1785385965.472978000,75,ok
1785385965.472618000,76,ok
1785385965.474799000,76,ok
1785385965.478155000,75,ok
1785385965.478292000,75,ok
1785385965.493553000,77,ok
1785385965.509651000,74,ok
1785385965.509033000,76,ok
1785385965.514824000,75,ok
1785385965.514806000,73,ok
1785385965.522721000,71,ok
1785385965.529604000,73,ok
1785385965.528281000,73,ok
1785385965.545511000,78,ok
1785385965.545285000,80,ok
1785385965.556593000,74,ok
1785385965.570206000,74,ok
1785385965.569972000,75,ok
1785385965.573015000,74,ok
1785385965.569552000,75,ok
1785385965.571343000,73,ok
1785385965.589087000,75,ok
1785385965.604214000,73,ok
1785385965.604629000,76,ok
1785385965.613986000,78,ok
1785385965.613768000,76,ok
1785385965.621040000,75,ok
1785385965.628694000,75,ok
1785385965.629159000,76,ok
1785385965.647542000,83,ok
1785385965.648267000,83,ok
1785385965.653271000,76,ok
1785385965.668948000,77,ok
1785385965.669816000,76,ok
1785385965.669841000,75,ok
1785385965.672577000,78,ok
1785385965.673996000,80,ok
1785385965.687914000,77,ok
1785385965.703782000,78,ok
1785385965.705705000,82,ok
1785385965.709582000,75,ok
1785385965.712461000,75,ok
1785385965.716039000,74,ok
1785385965.727354000,75,ok
1785385965.728235000,78,ok
1785385965.744507000,77,ok
1785385965.746191000,76,ok
1785385965.749432000,75,ok
1785385965.770244000,78,ok
1785385965.771533000,78,ok
1785385965.774278000,82,ok
1785385965.776742000,80,ok
1785385965.772630000,79,ok
1785385965.788112000,79,ok
1785385965.804708000,75,ok
1785385965.807082000,84,ok
1785385965.804538000,79,ok
1785385965.811284000,78,ok
1785385965.813021000,76,ok
1785385965.831957000,81,ok
1785385965.829905000,81,ok
1785385965.849058000,84,ok
1785385965.849159000,84,ok
1785385965.853571000,84,ok
1785385965.873559000,81,ok
1785385965.886826000,82,ok
1785385965.888650000,88,ok
1785385965.890320000,83,ok
1785385965.891034000,90,ok
1785385965.900288000,82,ok
1785385965.919942000,80,ok
1785385965.923584000,79,ok
1785385965.924922000,83,ok
1785385965.932191000,79,ok
1785385965.931625000,83,ok
1785385965.941055000,76,ok
1785385965.949145000,82,ok
1785385965.963118000,80,ok
1785385965.964573000,80,ok
1785385965.964250000,82,ok
1785385965.975542000,76,ok
1785385965.992758000,81,ok
1785385965.993335000,79,ok
1785385965.994660000,78,ok
1785385965.990418000,78,ok
1785385966.004068000,78,ok
1785385966.015643000,74,ok
1785385966.022234000,74,ok
1785385966.024739000,75,ok
1785385966.028145000,74,ok
1785385966.030271000,76,ok
1785385966.038725000,75,ok
1785385966.047292000,76,ok
1785385966.060985000,77,ok
1785385966.059927000,76,ok
1785385966.061249000,79,ok
1785385966.070707000,75,ok
1785385966.092015000,79,ok
1785385966.095511000,83,ok
1785385966.095895000,83,ok
1785385966.096022000,83,ok
1785385966.101186000,76,ok
1785385966.114042000,74,ok
1785385966.124747000,77,ok
1785385966.124937000,78,ok
1785385966.128463000,77,ok
1785385966.128362000,79,ok
1785385966.137750000,76,ok
1785385966.143794000,74,ok
1785385966.158510000,77,ok
1785385966.159508000,79,ok
1785385966.161966000,82,ok
1785385966.160271000,72,ok
1785385966.191196000,76,ok
1785385966.189405000,78,ok
1785385966.192728000,77,ok
1785385966.195157000,76,ok
1785385966.195117000,81,ok
1785385966.215217000,76,ok
1785385966.223846000,77,ok
1785385966.229486000,83,ok
1785385966.229359000,79,ok
1785385966.229329000,80,ok
1785385966.237892000,74,ok
1785385966.239787000,71,ok
1785385966.257011000,77,ok
1785385966.258592000,76,ok
1785385966.260702000,81,ok
1785385966.263602000,81,ok
1785385966.291707000,81,ok
1785385966.289500000,77,ok
1785385966.290593000,80,ok
1785385966.290534000,80,ok
1785385966.294760000,82,ok
1785385966.315843000,81,ok
1785385966.323724000,78,ok
1785385966.338767000,85,ok
1785385966.335136000,81,ok
1785385966.343018000,83,ok
1785385966.353938000,80,ok
1785385966.353921000,81,ok
1785385966.373148000,80,ok
1785385966.374434000,80,ok
1785385966.372911000,82,ok
1785385966.379883000,80,ok
1785385966.404395000,82,ok
1785385966.406548000,81,ok
1785385966.408322000,84,ok
1785385966.408880000,86,ok
1785385966.409396000,85,ok
1785385966.428715000,84,ok
1785385966.445791000,77,ok
1785385966.440234000,80,ok
1785385966.445919000,80,ok
1785385966.454788000,81,ok
1785385966.464568000,84,ok
1785385966.475403000,84,ok
1785385966.493426000,83,ok
1785385966.496426000,79,ok
1785385966.496445000,84,ok
1785385966.496495000,84,ok
1785385966.519805000,79,ok
1785385966.518511000,84,ok
1785385966.521539000,85,ok
1785385966.521895000,83,ok
1785385966.530263000,79,ok
1785385966.548191000,83,ok
1785385966.552056000,78,ok
1785385966.556915000,81,ok
1785385966.558775000,80,ok
1785385966.572536000,78,ok
1785385966.573962000,85,ok
1785385966.576372000,74,ok
1785385966.603077000,82,ok
1785385966.604233000,81,ok
1785385966.603556000,84,ok
1785385966.606325000,84,ok
1785385966.621950000,78,ok
1785385966.630519000,84,ok
1785385966.636534000,80,ok
1785385966.628539000,82,ok
1785385966.627350000,79,ok
1785385966.656278000,79,ok
1785385966.658594000,77,ok
1785385966.661090000,78,ok
1785385966.663381000,79,ok
1785385966.671748000,75,ok
1785385966.672952000,77,ok
1785385966.681826000,78,ok
1785385966.704538000,78,ok
1785385966.702980000,76,ok
1785385966.708084000,78,ok
1785385966.710037000,78,ok
1785385966.725162000,74,ok
1785385966.736480000,80,ok
1785385966.738274000,82,ok
1785385966.739408000,79,ok
1785385966.736660000,81,ok
1785385966.761003000,78,ok
1785385966.766070000,74,ok
1785385966.764716000,79,ok
1785385966.766076000,76,ok
1785385966.760128000,75,ok
1785385966.769000000,74,ok
1785385966.781131000,78,ok
1785385966.809280000,83,ok
1785385966.808188000,84,ok
1785385966.809549000,82,ok
1785385966.813028000,90,ok
1785385966.823505000,75,ok
1785385966.843152000,83,ok
1785385966.836817000,80,ok
1785385966.841129000,83,ok
1785385966.843238000,86,ok
1785385966.876065000,81,ok
1785385966.870492000,77,ok
1785385966.877108000,83,ok
1785385966.882444000,83,ok
1785385966.882462000,88,ok
1785385966.884728000,90,ok
1785385966.898481000,79,ok
1785385966.922643000,83,ok
1785385966.922509000,84,ok
1785385966.925489000,81,ok
1785385966.924978000,82,ok
1785385966.936003000,77,ok
1785385966.955643000,81,ok
1785385966.955794000,85,ok
1785385966.956814000,82,ok
1785385966.956801000,87,ok
1785385966.983207000,80,ok
1785385966.984762000,81,ok
1785385966.991845000,83,ok
1785385966.989948000,78,ok
1785385966.988847000,81,ok
1785385966.992420000,80,ok
1785385967.005115000,80,ok
1785385967.029788000,84,ok
1785385967.030809000,82,ok
1785385967.030199000,84,ok
1785385967.029768000,84,ok
1785385967.043730000,79,ok
1785385967.059985000,77,ok
1785385967.060413000,81,ok
1785385967.061752000,79,ok
1785385967.063541000,79,ok
1785385967.090117000,77,ok
1785385967.087892000,76,ok
1785385967.090665000,77,ok
1785385967.091653000,77,ok
1785385967.091845000,73,ok
1785385967.094391000,82,ok
1785385967.099733000,76,ok
1785385967.134011000,83,ok
1785385967.130846000,81,ok
1785385967.136332000,86,ok
1785385967.137588000,87,ok
1785385967.138823000,74,ok
1785385967.160281000,81,ok
1785385967.159554000,78,ok
1785385967.157373000,78,ok
1785385967.161764000,80,ok
1785385967.193809000,79,ok
1785385967.199954000,87,ok
1785385967.200052000,88,ok
1785385967.192943000,81,ok
1785385967.202703000,87,ok
1785385967.204590000,84,ok
1785385967.205011000,89,ok
1785385967.240011000,82,ok
1785385967.248147000,87,ok
1785385967.239512000,82,ok
1785385967.252991000,88,ok
1785385967.252513000,82,ok
1785385967.270424000,81,ok
1785385967.271000000,82,ok
1785385967.271337000,83,ok
1785385967.271250000,83,ok
1785385967.308242000,82,ok
1785385967.307130000,81,ok
1785385967.313113000,85,ok
1785385967.311522000,83,ok
1785385967.315780000,84,ok
1785385967.316938000,83,ok
1785385967.315995000,86,ok
1785385967.353814000,82,ok
1785385967.354806000,83,ok
1785385967.355252000,84,ok
1785385967.356513000,77,ok
1785385967.358968000,83,ok
1785385967.375426000,79,ok
1785385967.376885000,79,ok
1785385967.378799000,82,ok
1785385967.376566000,80,ok
1785385967.410849000,75,ok
1785385967.411301000,78,ok
1785385967.419899000,85,ok
1785385967.420474000,79,ok
1785385967.420146000,83,ok
1785385967.417917000,79,ok
1785385967.421548000,83,ok
1785385967.460930000,80,ok
1785385967.463694000,85,ok
1785385967.463494000,86,ok
1785385967.460790000,84,ok
1785385967.463021000,88,ok
1785385967.480122000,78,ok
1785385967.482907000,82,ok
1785385967.480955000,81,ok
1785385967.485780000,84,ok
1785385967.519491000,81,ok
1785385967.524848000,79,ok
1785385967.518712000,80,ok
1785385967.524032000,79,ok
1785385967.526228000,82,ok
1785385967.529347000,84,ok
1785385967.532861000,84,ok
1785385967.573547000,82,ok
1785385967.572659000,82,ok
1785385967.572689000,80,ok
1785385967.573425000,77,ok
1785385967.574853000,75,ok
1785385967.590689000,83,ok
1785385967.591628000,80,ok
1785385967.590199000,78,ok
1785385967.591286000,82,ok
1785385967.623555000,76,ok
1785385967.625080000,77,ok
1785385967.624337000,77,ok
1785385967.627811000,74,ok
1785385967.630386000,78,ok
1785385967.633991000,82,ok
1785385967.632975000,83,ok
1785385967.670744000,77,ok
1785385967.670867000,76,ok
1785385967.673176000,76,ok
1785385967.673236000,78,ok
1785385967.676095000,76,ok
1785385967.694680000,76,ok
1785385967.694672000,80,ok
1785385967.696977000,81,ok
1785385967.695650000,80,ok
1785385967.727334000,77,ok
1785385967.730704000,80,ok
1785385967.726349000,74,ok
1785385967.723876000,76,ok
1785385967.736567000,82,ok
1785385967.738629000,84,ok
1785385967.735321000,80,ok
1785385967.772541000,83,ok
1785385967.773424000,76,ok
1785385967.774265000,82,ok
1785385967.773506000,80,ok
1785385967.775536000,80,ok
1785385967.796519000,75,ok
1785385967.795377000,76,ok
1785385967.800946000,76,ok
1785385967.805407000,78,ok
1785385967.832983000,77,ok
1785385967.836710000,79,ok
1785385967.835207000,80,ok
1785385967.838041000,80,ok
1785385967.840021000,78,ok
1785385967.841830000,79,ok
1785385967.842771000,81,ok
1785385967.875516000,80,ok
1785385967.875407000,82,ok
1785385967.877589000,82,ok
1785385967.877154000,85,ok
1785385967.878312000,84,ok
1785385967.889761000,71,ok
1785385967.890989000,75,ok
1785385967.893602000,73,ok
1785385967.897554000,73,ok
1785385967.926894000,72,ok
1785385967.936595000,78,ok
1785385967.941202000,80,ok
1785385967.939129000,81,ok
1785385967.940544000,78,ok
1785385967.939938000,78,ok
1785385967.944027000,79,ok
1785385967.978738000,78,ok
1785385967.977483000,78,ok
1785385967.983508000,80,ok
1785385967.978645000,77,ok
1785385967.987144000,83,ok
1785385967.985582000,73,ok
1785385967.995747000,76,ok
1785385967.997435000,78,ok
1785385967.996587000,77,ok
1785385968.028572000,78,ok
1785385968.045283000,80,ok
1785385968.046777000,83,ok
1785385968.048135000,82,ok
1785385968.053384000,89,ok
1785385968.053398000,87,ok
1785385968.053674000,91,ok
1785385968.090350000,78,ok
1785385968.096510000,80,ok
1785385968.095195000,79,ok
1785385968.098182000,81,ok
1785385968.099680000,84,ok
1785385968.104798000,79,ok
1785385968.106020000,78,ok
1785385968.107491000,81,ok
1785385968.108761000,79,ok
1785385968.139583000,82,ok
1785385968.147903000,80,ok
1785385968.149284000,79,ok
1785385968.148349000,77,ok
1785385968.158349000,83,ok
1785385968.158268000,82,ok
1785385968.158548000,83,ok
1785385968.195983000,74,ok
1785385968.200402000,76,ok
1785385968.200605000,77,ok
1785385968.218198000,81,ok
1785385968.212093000,80,ok
1785385968.221462000,83,ok
1785385968.219255000,87,ok
1785385968.219096000,83,ok
1785385968.220393000,87,ok
1785385968.243092000,73,ok
1785385968.250538000,75,ok
1785385968.251616000,75,ok
1785385968.251255000,78,ok
1785385968.257767000,78,ok
1785385968.255477000,75,ok
1785385968.255736000,75,ok
1785385968.292606000,78,ok
1785385968.305918000,82,ok
1785385968.305925000,84,ok
1785385968.324971000,79,ok
1785385968.324880000,80,ok
1785385968.329072000,85,ok
1785385968.330770000,88,ok
1785385968.332297000,82,ok
1785385968.333361000,88,ok
1785385968.361136000,85,ok
1785385968.363834000,83,ok
1785385968.363783000,86,ok
1785385968.367723000,84,ok
1785385968.366525000,82,ok
1785385968.366988000,83,ok
1785385968.370941000,91,ok
1785385968.381617000,72,ok
1785385968.400212000,78,ok
1785385968.401474000,79,ok
1785385968.424116000,78,ok
1785385968.424785000,76,ok
1785385968.429070000,80,ok
1785385968.429389000,77,ok
1785385968.430985000,78,ok
1785385968.446192000,90,ok
1785385968.468555000,75,ok
1785385968.466036000,77,ok
1785385968.468338000,79,ok
1785385968.477416000,80,ok
1785385968.478309000,79,ok
1785385968.478858000,85,ok
1785385968.478953000,80,ok
1785385968.488818000,80,ok
1785385968.507410000,83,ok
1785385968.506626000,79,ok
1785385968.528905000,76,ok
1785385968.537686000,82,ok
1785385968.538195000,82,ok
1785385968.542132000,82,ok
1785385968.540126000,83,ok
1785385968.544929000,77,ok
1785385968.574540000,77,ok
1785385968.575118000,79,ok
1785385968.577790000,78,ok
1785385968.586070000,77,ok
1785385968.583876000,78,ok
1785385968.591837000,77,ok
1785385968.591529000,78,ok
1785385968.600573000,78,ok
1785385968.618397000,84,ok
1785385968.617838000,84,ok
1785385968.627796000,72,ok
1785385968.640032000,77,ok
1785385968.641690000,75,ok
1785385968.640369000,77,ok
1785385968.642017000,79,ok
1785385968.643824000,80,ok
1785385968.673623000,79,ok
1785385968.675306000,76,ok
1785385968.676681000,82,ok
1785385968.681869000,74,ok
1785385968.683431000,76,ok
1785385968.690763000,77,ok
1785385968.692156000,78,ok
1785385968.696163000,74,ok
1785385968.716538000,79,ok
1785385968.717030000,78,ok
1785385968.725431000,75,ok
1785385968.740470000,75,ok
1785385968.740597000,79,ok
1785385968.739978000,77,ok
1785385968.740815000,76,ok
1785385968.742561000,79,ok
1785385968.771893000,72,ok
1785385968.774793000,74,ok
1785385968.770975000,74,ok
1785385968.781870000,77,ok
1785385968.781796000,75,ok
1785385968.789484000,73,ok
1785385968.788850000,75,ok
1785385968.789983000,72,ok
1785385968.820903000,84,ok
1785385968.819656000,82,ok
1785385968.826111000,79,ok
1785385968.834031000,74,ok
1785385968.839853000,76,ok
1785385968.840522000,79,ok
1785385968.839793000,78,ok
1785385968.841398000,79,ok
1785385968.872567000,78,ok
1785385968.877303000,78,ok
1785385968.881146000,82,ok
1785385968.887527000,79,ok
1785385968.889097000,82,ok
1785385968.891637000,78,ok
1785385968.894760000,81,ok
1785385968.896538000,81,ok
1785385968.925105000,80,ok
1785385968.923722000,78,ok
1785385968.938053000,82,ok
1785385968.941630000,80,ok
1785385968.942002000,77,ok
1785385968.951060000,81,ok
1785385968.954924000,85,ok
1785385968.955611000,85,ok
1785385968.982806000,74,ok
1785385968.991407000,79,ok
1785385968.996011000,79,ok
1785385968.993884000,78,ok
1785385968.998224000,83,ok
1785385968.998028000,80,ok
1785385968.998771000,75,ok
1785385969.006714000,81,ok
1785385969.036856000,84,ok
1785385969.036107000,84,ok
1785385969.042156000,78,ok
1785385969.041748000,80,ok
1785385969.043125000,79,ok
1785385969.053908000,79,ok
1785385969.054822000,79,ok
1785385969.054612000,77,ok
1785385969.093052000,82,ok
1785385969.099296000,78,ok
1785385969.101568000,80,ok
1785385969.096995000,79,ok
1785385969.103726000,79,ok
1785385969.104549000,75,ok
1785385969.106631000,81,ok
1785385969.115620000,88,ok
1785385969.139658000,76,ok
1785385969.149368000,82,ok
1785385969.155770000,83,ok
1785385969.157642000,76,ok
1785385969.152580000,81,ok
1785385969.159244000,79,ok
1785385969.155676000,79,ok
1785385969.157419000,77,ok
1785385969.193964000,77,ok
1785385969.202905000,80,ok
1785385969.200026000,76,ok
1785385969.206930000,83,ok
1785385969.206291000,76,ok
1785385969.206273000,80,ok
1785385969.207333000,81,ok
1785385969.217680000,76,ok
1785385969.238239000,76,ok
1785385969.252981000,76,ok
1785385969.252628000,75,ok
1785385969.256942000,76,ok
1785385969.258274000,77,ok
1785385969.262248000,79,ok
1785385969.261610000,80,ok
1785385969.264740000,82,ok
1785385969.292943000,77,ok
1785385969.302932000,76,ok
1785385969.302866000,77,ok
1785385969.303517000,74,ok
1785385969.306518000,76,ok
1785385969.307156000,76,ok
1785385969.307661000,77,ok
1785385969.314430000,73,ok
1785385969.333122000,76,ok
1785385969.351750000,73,ok
1785385969.354103000,73,ok
1785385969.354836000,75,ok
1785385969.354875000,72,ok
1785385969.359136000,74,ok
1785385969.359502000,74,ok
1785385969.359760000,71,ok
1785385969.389347000,75,ok
1785385969.397786000,72,ok
1785385969.405713000,77,ok
1785385969.406142000,73,ok
1785385969.407150000,79,ok
1785385969.409247000,77,ok
1785385969.409453000,71,ok
1785385969.408889000,76,ok
1785385969.431251000,78,ok
1785385969.454873000,78,ok
1785385969.454889000,77,ok
1785385969.454712000,76,ok
1785385969.456972000,80,ok
1785385969.461903000,79,ok
1785385969.461809000,78,ok
1785385969.461921000,79,ok
1785385969.486911000,77,ok
1785385969.499702000,79,ok
1785385969.510595000,79,ok
1785385969.505555000,76,ok
1785385969.507552000,78,ok
1785385969.508533000,77,ok
1785385969.510990000,78,ok
1785385969.514146000,82,ok
1785385969.534840000,78,ok
1785385969.554744000,76,ok
1785385969.556856000,74,ok
1785385969.557531000,74,ok
1785385969.556626000,78,ok
1785385969.560869000,74,ok
1785385969.558872000,80,ok
1785385969.561028000,75,ok
1785385969.588791000,80,ok
1785385969.602605000,76,ok
1785385969.611689000,77,ok
1785385969.611162000,77,ok
1785385969.613206000,76,ok
1785385969.611181000,72,ok
1785385969.612075000,78,ok
1785385969.615167000,82,ok
1785385969.625238000,73,ok
1785385969.657878000,78,ok
1785385969.657733000,80,ok
1785385969.660589000,77,ok
1785385969.660451000,81,ok
1785385969.658067000,77,ok
1785385969.661743000,79,ok
1785385969.663900000,81,ok
1785385969.682151000,75,ok
1785385969.703800000,76,ok
1785385969.717979000,79,ok
1785385969.720497000,80,ok
1785385969.717351000,79,ok
1785385969.720368000,82,ok
1785385969.720766000,83,ok
1785385969.721438000,75,ok
1785385969.721323000,80,ok
1785385969.759127000,80,ok
1785385969.763174000,82,ok
1785385969.763108000,84,ok
1785385969.766793000,80,ok
1785385969.765160000,83,ok
1785385969.768568000,83,ok
1785385969.766234000,84,ok
1785385969.774560000,74,ok
1785385969.805257000,82,ok
1785385969.817717000,76,ok
1785385969.818933000,77,ok
1785385969.822810000,78,ok
1785385969.822234000,79,ok
1785385969.826172000,81,ok
1785385969.826216000,80,ok
1785385969.824365000,80,ok
1785385969.860219000,76,ok
1785385969.871187000,80,ok
1785385969.869937000,80,ok
1785385969.868955000,80,ok
1785385969.873843000,76,ok
1785385969.875370000,83,ok
1785385969.874071000,76,ok
1785385969.872601000,79,ok
1785385969.900722000,75,ok
1785385969.921752000,77,ok
1785385969.921101000,76,ok
1785385969.927072000,78,ok
1785385969.926202000,76,ok
1785385969.929637000,78,ok
1785385969.929611000,78,ok
1785385969.930521000,78,ok
1785385969.965944000,75,ok
1785385969.973171000,75,ok
1785385969.977588000,79,ok
1785385969.979068000,78,ok
1785385969.983862000,84,ok
1785385969.981548000,80,ok
1785385969.983190000,84,ok
1785385969.986299000,86,ok
1785385970.001609000,79,ok
1785385970.025182000,80,ok
1785385970.023544000,78,ok
1785385970.025962000,76,ok
1785385970.027419000,77,ok
1785385970.028907000,76,ok
1785385970.028830000,78,ok
1785385970.032891000,80,ok
1785385970.060731000,75,ok
1785385970.074491000,77,ok
1785385970.077012000,74,ok
1785385970.079516000,73,ok
1785385970.089762000,81,ok
1785385970.091231000,78,ok
1785385970.092358000,82,ok
1785385970.092808000,86,ok
1785385970.107107000,81,ok
1785385970.129448000,78,ok
1785385970.132414000,80,ok
1785385970.136057000,85,ok
1785385970.136051000,85,ok
1785385970.138812000,86,ok
1785385970.139466000,85,ok
1785385970.141447000,87,ok
1785385970.156582000,76,ok
1785385970.180718000,78,ok
1785385970.183962000,77,ok
1785385970.181033000,82,ok
1785385970.198834000,84,ok
1785385970.202082000,87,ok
1785385970.206909000,89,ok
1785385970.206014000,86,ok
1785385970.217480000,80,ok
1785385970.242490000,79,ok
1785385970.244982000,79,ok
1785385970.255873000,86,ok
1785385970.256508000,89,ok
1785385970.257282000,86,ok
1785385970.256900000,88,ok
1785385970.263911000,89,ok
1785385970.273607000,77,ok
1785385970.293924000,77,ok
1785385970.296235000,79,ok
1785385970.299303000,72,ok
1785385970.302966000,74,ok
1785385970.305212000,76,ok
1785385970.307371000,76,ok
1785385970.306542000,75,ok
1785385970.317451000,77,ok
1785385970.343866000,79,ok
1785385970.342977000,78,ok
1785385970.353917000,74,ok
1785385970.358443000,77,ok
1785385970.354317000,77,ok
1785385970.360622000,73,ok
1785385970.360669000,76,ok
1785385970.375511000,78,ok
1785385970.396691000,77,ok
1785385970.401931000,78,ok
1785385970.403408000,79,ok
1785385970.404013000,79,ok
1785385970.410492000,77,ok
1785385970.417110000,83,ok
1785385970.415913000,81,ok
1785385970.421799000,78,ok
1785385970.448089000,78,ok
1785385970.446837000,81,ok
1785385970.461762000,79,ok
1785385970.466136000,84,ok
1785385970.467309000,80,ok
1785385970.466198000,80,ok
1785385970.470512000,83,ok
1785385970.478562000,78,ok
1785385970.499009000,77,ok
1785385970.505491000,78,ok
1785385970.511818000,74,ok
1785385970.510295000,78,ok
1785385970.511369000,83,ok
1785385970.521570000,80,ok
1785385970.523411000,79,ok
1785385970.527337000,80,ok
1785385970.551301000,78,ok
1785385970.556882000,78,ok
1785385970.563034000,76,ok
1785385970.570851000,81,ok
1785385970.571184000,80,ok
1785385970.573694000,82,ok
1785385970.572755000,77,ok
1785385970.580711000,81,ok
1785385970.608083000,80,ok
1785385970.610592000,76,ok
1785385970.613688000,77,ok
1785385970.620444000,79,ok
1785385970.622735000,78,ok
1785385970.627538000,77,ok
1785385970.637697000,79,ok
1785385970.637882000,77,ok
1785385970.662278000,79,ok
1785385970.662342000,78,ok
1785385970.666764000,75,ok
1785385970.668521000,73,ok
1785385970.682074000,80,ok
1785385970.682767000,78,ok
1785385970.682066000,83,ok
1785385970.684006000,83,ok
1785385970.708691000,80,ok
1785385970.708048000,77,ok
1785385970.716615000,80,ok
1785385970.716476000,75,ok
1785385970.720568000,74,ok
1785385970.728873000,78,ok
1785385970.731797000,75,ok
1785385970.734215000,75,ok
1785385970.769503000,76,ok
1785385970.768961000,81,ok
1785385970.767799000,80,ok
1785385970.772519000,78,ok
1785385970.786057000,77,ok
1785385970.783017000,77,ok
1785385970.790009000,80,ok
1785385970.786501000,76,ok
1785385970.811523000,75,ok
1785385970.817921000,80,ok
1785385970.820178000,77,ok
1785385970.825383000,80,ok
1785385970.823724000,76,ok
1785385970.823733000,73,ok
1785385970.836070000,78,ok
1785385970.833333000,78,ok
1785385970.869686000,78,ok
1785385970.875636000,80,ok
1785385970.877230000,83,ok
1785385970.878696000,84,ok
1785385970.898669000,74,ok
1785385970.897944000,85,ok
1785385970.897076000,78,ok
1785385970.903679000,78,ok
1785385970.930552000,80,ok
1785385970.931925000,80,ok
1785385970.932514000,77,ok
1785385970.937822000,80,ok
1785385970.935718000,78,ok
1785385970.943005000,82,ok
1785385970.943787000,80,ok
1785385970.944951000,78,ok
1785385970.985250000,83,ok
1785385970.977333000,80,ok
1785385970.983816000,90,ok
1785385970.983620000,80,ok
1785385971.003109000,80,ok
1785385971.004496000,83,ok
1785385971.007059000,85,ok
1785385971.009079000,78,ok
1785385971.037939000,75,ok
1785385971.038546000,82,ok
1785385971.039533000,76,ok
1785385971.058774000,85,ok
1785385971.059302000,85,ok
1785385971.059482000,83,ok
1785385971.061795000,81,ok
1785385971.062420000,81,ok
1785385971.087539000,79,ok
1785385971.087377000,77,ok
1785385971.091169000,78,ok
1785385971.091288000,77,ok
1785385971.106772000,76,ok
1785385971.106858000,81,ok
1785385971.107760000,81,ok
1785385971.105842000,74,ok
1785385971.135706000,79,ok
1785385971.137138000,78,ok
1785385971.141128000,84,ok
1785385971.158845000,77,ok
1785385971.163349000,81,ok
1785385971.165913000,85,ok
1785385971.165341000,79,ok
1785385971.168572000,82,ok
1785385971.199401000,79,ok
1785385971.199411000,82,ok
1785385971.192550000,78,ok
1785385971.201917000,84,ok
1785385971.211262000,82,ok
1785385971.216395000,82,ok
1785385971.215222000,78,ok
1785385971.212832000,83,ok
1785385971.233043000,77,ok
1785385971.236700000,76,ok
1785385971.235470000,79,ok
1785385971.267322000,81,ok
1785385971.270244000,82,ok
1785385971.271021000,82,ok
1785385971.271251000,82,ok
1785385971.279727000,86,ok
1785385971.313311000,79,ok
1785385971.313484000,79,ok
1785385971.315141000,75,ok
1785385971.315343000,76,ok
1785385971.320400000,74,ok
1785385971.327669000,78,ok
1785385971.329709000,80,ok
1785385971.330928000,81,ok
1785385971.335547000,75,ok
1785385971.338660000,74,ok
1785385971.341853000,78,ok
1785385971.363339000,74,ok
1785385971.363906000,75,ok
1785385971.364625000,75,ok
1785385971.368324000,72,ok
1785385971.362558000,75,ok
1785385971.410294000,75,ok
1785385971.411453000,72,ok
1785385971.412741000,77,ok
1785385971.413581000,72,ok
1785385971.426244000,80,ok
1785385971.432368000,75,ok
1785385971.442010000,82,ok
1785385971.442031000,78,ok
1785385971.448796000,77,ok
1785385971.450184000,75,ok
1785385971.457054000,79,ok
1785385971.467262000,73,ok
1785385971.468201000,75,ok
1785385971.469140000,74,ok
1785385971.466604000,76,ok
1785385971.466385000,75,ok
1785385971.503377000,75,ok
1785385971.504589000,76,ok
1785385971.506663000,76,ok
1785385971.506296000,77,ok
1785385971.521013000,75,ok
1785385971.531327000,79,ok
1785385971.545538000,72,ok
1785385971.547301000,79,ok
1785385971.553284000,74,ok
1785385971.560451000,77,ok
1785385971.561079000,79,ok
1785385971.568643000,75,ok
1785385971.572065000,78,ok
1785385971.574849000,77,ok
1785385971.575144000,81,ok
1785385971.575514000,81,ok
1785385971.597728000,74,ok
1785385971.604011000,79,ok
1785385971.603704000,77,ok
1785385971.603667000,78,ok
1785385971.611733000,71,ok
1785385971.622091000,73,ok
1785385971.639407000,76,ok
1785385971.639389000,74,ok
1785385971.650746000,78,ok
1785385971.660749000,76,ok
1785385971.660600000,74,ok
1785385971.665664000,73,ok
1785385971.676435000,76,ok
1785385971.681973000,79,ok
1785385971.683240000,78,ok
1785385971.682228000,78,ok
1785385971.703878000,74,ok
1785385971.703798000,76,ok
1785385971.704972000,80,ok
1785385971.706845000,79,ok
1785385971.706829000,73,ok
1785385971.714206000,75,ok
1785385971.737439000,81,ok
1785385971.736987000,80,ok
1785385971.743285000,75,ok
1785385971.761602000,79,ok
1785385971.763056000,81,ok
1785385971.764000000,77,ok
1785385971.781955000,78,ok
1785385971.788255000,81,ok
1785385971.788279000,78,ok
1785385971.790230000,79,ok
1785385971.811067000,81,ok
1785385971.813978000,77,ok
1785385971.820190000,83,ok
1785385971.820749000,83,ok
1785385971.822392000,78,ok
1785385971.825981000,77,ok
1785385971.846349000,79,ok
1785385971.849391000,80,ok
1785385971.850593000,79,ok
1785385971.861391000,78,ok
1785385971.863025000,78,ok
1785385971.863700000,77,ok
1785385971.878429000,75,ok
1785385971.887108000,79,ok
1785385971.887353000,81,ok
1785385971.887132000,79,ok
1785385971.910906000,72,ok
1785385971.913991000,75,ok
1785385971.919392000,76,ok
1785385971.921600000,79,ok
1785385971.920473000,75,ok
1785385971.923005000,75,ok
1785385971.950548000,80,ok
1785385971.951628000,80,ok
1785385971.955062000,82,ok
1785385971.958991000,76,ok
1785385971.963377000,75,ok
1785385971.962639000,78,ok
1785385971.971604000,71,ok
1785385971.987545000,80,ok
1785385971.988796000,82,ok
1785385971.991228000,84,ok
1785385972.011375000,75,ok
1785385972.011565000,73,ok
1785385972.022291000,79,ok
1785385972.022713000,79,ok
1785385972.023323000,78,ok
1785385972.021997000,80,ok
1785385972.053702000,78,ok
1785385972.054894000,79,ok
1785385972.054781000,78,ok
1785385972.063039000,79,ok
1785385972.063997000,78,ok
1785385972.066721000,76,ok
1785385972.079767000,77,ok
1785385972.086025000,77,ok
1785385972.086191000,75,ok
1785385972.092433000,79,ok
1785385972.106962000,74,ok
1785385972.108078000,72,ok
1785385972.120549000,77,ok
1785385972.121775000,78,ok
1785385972.116578000,74,ok
1785385972.121588000,77,ok
1785385972.149520000,77,ok
1785385972.151794000,76,ok
1785385972.156184000,81,ok
1785385972.161073000,76,ok
1785385972.164336000,78,ok
1785385972.165124000,75,ok
1785385972.189747000,78,ok
1785385972.190724000,76,ok
1785385972.195414000,75,ok
1785385972.197058000,81,ok
1785385972.205479000,72,ok
1785385972.210957000,71,ok
1785385972.222257000,77,ok
1785385972.220971000,75,ok
1785385972.225071000,80,ok
1785385972.227555000,83,ok
1785385972.245782000,73,ok
1785385972.244417000,74,ok
1785385972.253639000,77,ok
1785385972.260865000,80,ok
1785385972.260065000,78,ok
1785385972.260774000,76,ok
1785385972.289767000,79,ok
1785385972.291280000,78,ok
1785385972.292794000,77,ok
1785385972.290613000,82,ok
1785385972.306617000,79,ok
1785385972.314971000,78,ok
1785385972.322126000,78,ok
1785385972.323012000,79,ok
1785385972.330190000,80,ok
1785385972.331801000,83,ok
1785385972.350104000,77,ok
1785385972.354195000,77,ok
1785385972.363920000,76,ok
1785385972.369763000,80,ok
1785385972.367025000,83,ok
1785385972.371104000,84,ok
1785385972.396666000,80,ok
1785385972.403135000,82,ok
1785385972.397513000,80,ok
1785385972.398619000,76,ok
1785385972.410390000,74,ok
1785385972.415145000,74,ok
1785385972.428708000,79,ok
1785385972.428521000,78,ok
1785385972.432529000,75,ok
1785385972.431991000,77,ok
1785385972.454217000,77,ok
1785385972.456674000,77,ok
1785385972.463555000,75,ok
1785385972.465477000,74,ok
1785385972.471176000,79,ok
1785385972.470535000,80,ok
1785385972.498748000,76,ok
1785385972.502688000,79,ok
1785385972.502185000,79,ok
1785385972.502768000,80,ok
1785385972.506761000,73,ok
1785385972.514992000,73,ok
1785385972.529077000,77,ok
1785385972.533719000,80,ok
1785385972.533657000,79,ok
1785385972.536099000,79,ok
1785385972.553730000,78,ok
1785385972.554644000,70,ok
1785385972.554193000,73,ok
1785385972.563687000,74,ok
1785385972.558124000,71,ok
1785385972.565151000,76,ok
1785385972.595891000,76,ok
1785385972.599205000,76,ok
1785385972.598946000,75,ok
1785385972.599452000,75,ok
1785385972.603794000,73,ok
1785385972.613353000,75,ok
1785385972.631942000,78,ok
1785385972.634057000,76,ok
1785385972.636440000,79,ok
1785385972.641899000,77,ok
1785385972.656610000,72,ok
1785385972.655789000,75,ok
1785385972.655679000,75,ok
1785385972.659239000,73,ok
1785385972.655387000,77,ok
1785385972.664281000,76,ok
1785385972.692756000,76,ok
1785385972.703326000,82,ok
1785385972.703974000,82,ok
1785385972.702918000,78,ok
1785385972.704246000,84,ok
1785385972.711196000,78,ok
1785385972.737114000,75,ok
1785385972.739286000,75,ok
1785385972.739456000,76,ok
1785385972.743756000,73,ok
1785385972.758593000,75,ok
1785385972.761720000,76,ok
1785385972.764272000,80,ok
1785385972.767587000,80,ok
1785385972.769217000,82,ok
1785385972.767331000,76,ok
1785385972.789953000,74,ok
1785385972.805997000,82,ok
1785385972.807629000,83,ok
1785385972.807715000,77,ok
1785385972.807735000,83,ok
1785385972.811244000,87,ok
1785385972.831648000,75,ok
1785385972.831438000,77,ok
1785385972.837727000,81,ok
1785385972.845296000,80,ok
1785385972.864881000,80,ok
1785385972.866314000,78,ok
1785385972.867842000,78,ok
1785385972.875068000,81,ok
1785385972.876371000,82,ok
1785385972.876284000,82,ok
1785385972.903964000,77,ok
1785385972.913117000,74,ok
1785385972.910582000,79,ok
1785385972.913725000,80,ok
1785385972.914694000,82,ok
1785385972.914672000,82,ok
1785385972.934648000,77,ok
1785385972.933647000,77,ok
1785385972.940621000,76,ok
1785385972.940463000,78,ok
1785385972.964738000,78,ok
1785385972.971893000,79,ok
1785385972.971003000,78,ok
1785385972.976965000,78,ok
1785385972.977301000,79,ok
1785385972.977102000,78,ok
1785385973.008623000,78,ok
1785385973.017875000,78,ok
1785385973.018082000,77,ok
1785385973.020454000,80,ok
1785385973.022327000,80,ok
1785385973.023043000,81,ok
1785385973.044419000,76,ok
1785385973.046436000,79,ok
1785385973.045818000,82,ok
1785385973.045636000,81,ok
1785385973.065873000,74,ok
1785385973.066004000,72,ok
1785385973.077209000,79,ok
1785385973.074060000,77,ok
1785385973.074537000,75,ok
1785385973.074665000,78,ok
1785385973.104337000,78,ok
1785385973.118523000,78,ok
1785385973.117820000,77,ok
1785385973.120352000,76,ok
1785385973.120889000,80,ok
1785385973.122317000,76,ok
1785385973.144366000,75,ok
1785385973.149877000,78,ok
1785385973.150256000,78,ok
1785385973.148217000,77,ok
1785385973.166587000,74,ok
1785385973.168177000,75,ok
1785385973.171999000,75,ok
1785385973.170647000,72,ok
1785385973.173271000,76,ok
1785385973.174632000,76,ok
1785385973.197385000,76,ok
1785385973.216872000,79,ok
1785385973.216974000,77,ok
1785385973.214617000,77,ok
1785385973.220584000,80,ok
1785385973.221392000,82,ok
1785385973.244457000,77,ok
1785385973.247897000,77,ok
1785385973.253724000,82,ok
1785385973.252514000,81,ok
1785385973.272812000,76,ok
1785385973.271002000,79,ok
1785385973.272411000,75,ok
1785385973.270727000,77,ok
1785385973.276456000,76,ok
1785385973.275886000,80,ok
1785385973.297687000,80,ok
1785385973.316337000,79,ok
1785385973.313668000,78,ok
1785385973.315961000,77,ok
1785385973.318893000,77,ok
1785385973.324540000,82,ok
1785385973.354177000,76,ok
1785385973.354825000,80,ok
1785385973.359449000,79,ok
1785385973.360307000,78,ok
1785385973.382100000,80,ok
1785385973.381996000,76,ok
1785385973.387460000,86,ok
1785385973.384359000,79,ok
1785385973.386323000,84,ok
1785385973.387720000,82,ok
1785385973.405340000,83,ok
1785385973.422199000,84,ok
1785385973.423087000,84,ok
1785385973.422844000,86,ok
1785385973.423343000,87,ok
1785385973.425267000,81,ok
1785385973.456918000,83,ok
1785385973.457009000,84,ok
1785385973.462663000,85,ok
1785385973.467154000,88,ok
1785385973.507212000,78,ok
1785385973.506910000,81,ok
1785385973.506549000,79,ok
1785385973.508351000,79,ok
1785385973.508158000,78,ok
1785385973.510537000,74,ok
1785385973.523112000,76,ok
1785385973.534691000,78,ok
1785385973.535872000,80,ok
1785385973.536691000,80,ok
1785385973.540214000,84,ok
1785385973.538592000,75,ok
1785385973.558762000,75,ok
1785385973.559743000,73,ok
1785385973.558829000,74,ok
1785385973.563981000,78,ok
1785385973.604950000,75,ok
1785385973.612433000,83,ok
1785385973.613760000,83,ok
1785385973.611956000,78,ok
1785385973.614164000,79,ok
1785385973.615917000,78,ok
1785385973.637482000,76,ok
1785385973.647542000,76,ok
1785385973.650259000,83,ok
1785385973.649035000,82,ok
1785385973.651513000,76,ok
1785385973.653465000,87,ok
1785385973.662935000,76,ok
1785385973.662967000,76,ok
1785385973.664046000,77,ok
1785385973.665306000,76,ok
1785385973.698489000,74,ok
1785385973.705347000,73,ok
1785385973.709001000,76,ok
1785385973.711072000,78,ok
1785385973.712103000,77,ok
1785385973.714579000,80,ok
1785385973.739910000,78,ok
1785385973.752611000,77,ok
1785385973.755005000,79,ok
1785385973.754364000,79,ok
1785385973.754507000,78,ok
1785385973.761721000,78,ok
1785385973.761433000,76,ok
1785385973.772597000,79,ok
1785385973.771933000,81,ok
1785385973.773006000,75,ok
1785385973.794747000,74,ok
1785385973.806668000,75,ok
1785385973.800458000,71,ok
1785385973.808497000,76,ok
1785385973.809726000,77,ok
1785385973.810560000,79,ok
1785385973.835311000,77,ok
1785385973.857795000,79,ok
1785385973.854728000,76,ok
1785385973.857705000,79,ok
1785385973.858851000,80,ok
1785385973.860897000,74,ok
1785385973.865401000,75,ok
1785385973.881576000,81,ok
1785385973.884106000,84,ok
1785385973.882753000,83,ok
1785385973.895830000,77,ok
1785385973.906968000,79,ok
1785385973.909745000,76,ok
1785385973.907267000,79,ok
1785385973.909695000,76,ok
1785385973.907456000,78,ok
1785385973.928355000,77,ok
1785385973.959198000,77,ok
1785385973.961060000,77,ok
1785385973.961919000,81,ok
1785385973.965734000,76,ok
1785385973.965691000,83,ok
1785385973.979120000,81,ok
1785385973.999102000,77,ok
1785385974.001629000,76,ok
1785385974.000933000,81,ok
1785385974.007024000,73,ok
1785385974.007865000,70,ok
1785385974.020699000,80,ok
1785385974.023283000,82,ok
1785385974.024337000,82,ok
1785385974.024880000,82,ok
1785385974.028721000,76,ok
1785385974.056967000,77,ok
1785385974.056554000,75,ok
1785385974.056859000,72,ok
1785385974.057230000,71,ok
1785385974.059562000,76,ok
1785385974.075031000,77,ok
1785385974.096071000,76,ok
1785385974.101576000,77,ok
1785385974.103528000,74,ok
1785385974.103376000,74,ok
1785385974.103586000,81,ok
1785385974.127017000,79,ok
1785385974.126454000,79,ok
1785385974.123709000,75,ok
1785385974.129455000,80,ok
1785385974.127748000,75,ok
1785385974.159682000,81,ok
1785385974.160503000,82,ok
1785385974.161568000,82,ok
1785385974.160697000,82,ok
1785385974.159783000,80,ok
1785385974.169213000,73,ok
1785385974.189263000,74,ok
1785385974.197916000,76,ok
1785385974.199405000,80,ok
1785385974.201224000,80,ok
1785385974.203446000,81,ok
1785385974.227064000,79,ok
1785385974.226613000,77,ok
1785385974.227778000,78,ok
1785385974.231490000,83,ok
1785385974.232630000,83,ok
1785385974.259860000,76,ok
1785385974.259497000,78,ok
1785385974.259793000,78,ok
1785385974.262844000,75,ok
1785385974.265398000,80,ok
1785385974.263328000,82,ok
1785385974.284352000,74,ok
1785385974.289562000,73,ok
1785385974.292882000,75,ok
1785385974.291993000,74,ok
1785385974.299111000,79,ok
1785385974.324944000,78,ok
1785385974.324973000,78,ok
1785385974.327588000,77,ok
1785385974.329359000,81,ok
1785385974.328099000,81,ok
1785385974.358564000,78,ok
1785385974.360858000,78,ok
1785385974.360662000,79,ok
1785385974.362644000,81,ok
1785385974.363534000,79,ok
1785385974.362625000,78,ok
1785385974.390015000,74,ok
1785385974.388960000,75,ok
1785385974.389171000,75,ok
1785385974.388858000,77,ok
1785385974.389792000,80,ok
1785385974.422294000,78,ok
1785385974.423529000,80,ok
1785385974.423552000,78,ok
1785385974.423260000,80,ok
1785385974.424560000,79,ok
1785385974.460550000,80,ok
1785385974.465258000,85,ok
1785385974.464734000,81,ok
1785385974.464339000,81,ok
1785385974.466082000,86,ok
1785385974.465809000,83,ok
1785385974.494496000,81,ok
1785385974.495444000,82,ok
1785385974.494840000,82,ok
1785385974.498413000,86,ok
1785385974.497929000,85,ok
1785385974.525705000,79,ok
1785385974.526493000,80,ok
1785385974.529281000,82,ok
1785385974.527878000,81,ok
1785385974.532373000,86,ok
1785385974.558076000,74,ok
1785385974.566197000,80,ok
1785385974.567319000,80,ok
1785385974.567434000,82,ok
1785385974.566053000,79,ok
1785385974.566175000,78,ok
1785385974.595277000,78,ok
1785385974.600356000,82,ok
1785385974.597758000,81,ok
1785385974.596948000,77,ok
1785385974.599931000,83,ok
1785385974.622847000,74,ok
1785385974.630418000,82,ok
1785385974.628348000,77,ok
1785385974.629694000,80,ok
1785385974.629825000,82,ok
1785385974.653442000,74,ok
1785385974.663979000,79,ok
1785385974.664196000,78,ok
1785385974.664773000,78,ok
1785385974.665554000,78,ok
1785385974.664125000,77,ok
1785385974.692144000,76,ok
1785385974.695223000,76,ok
1785385974.695076000,75,ok
1785385974.699774000,80,ok
1785385974.701060000,80,ok
1785385974.720020000,74,ok
1785385974.720808000,73,ok
1785385974.726561000,77,ok
1785385974.724513000,76,ok
1785385974.727210000,78,ok
1785385974.746205000,73,ok
1785385974.760277000,77,ok
1785385974.762342000,79,ok
1785385974.761697000,77,ok
1785385974.764335000,80,ok
1785385974.763089000,78,ok
1785385974.788950000,75,ok
1785385974.789033000,73,ok
1785385974.791453000,75,ok
1785385974.800711000,79,ok
1785385974.799143000,78,ok
1785385974.817627000,75,ok
1785385974.819984000,74,ok
1785385974.827932000,78,ok
1785385974.829851000,81,ok
1785385974.830094000,81,ok
1785385974.841400000,74,ok
1785385974.859227000,76,ok
1785385974.855776000,74,ok
1785385974.862105000,78,ok
1785385974.861753000,80,ok
1785385974.862070000,80,ok
1785385974.890158000,79,ok
1785385974.888389000,75,ok
1785385974.889628000,78,ok
1785385974.897430000,77,ok
1785385974.898298000,78,ok
1785385974.915071000,73,ok
1785385974.912213000,73,ok
1785385974.923074000,76,ok
1785385974.925055000,74,ok
1785385974.926301000,76,ok
1785385974.938514000,76,ok
1785385974.956816000,78,ok
1785385974.956818000,79,ok
1785385974.959293000,77,ok
1785385974.961467000,79,ok
1785385974.961567000,80,ok
1785385974.985254000,76,ok
1785385974.986808000,78,ok
1785385974.987377000,78,ok
1785385974.992805000,76,ok
1785385974.992122000,75,ok
1785385975.012400000,76,ok
1785385975.012925000,75,ok
1785385975.019617000,76,ok
1785385975.024677000,78,ok
1785385975.026438000,79,ok
1785385975.038489000,78,ok
1785385975.059233000,80,ok
1785385975.059221000,81,ok
1785385975.061380000,80,ok
1785385975.062865000,83,ok
1785385975.061302000,83,ok
1785385975.089723000,76,ok
1785385975.089337000,76,ok
1785385975.095670000,79,ok
1785385975.098750000,77,ok
1785385975.099496000,81,ok
1785385975.121628000,76,ok
1785385975.120639000,77,ok
1785385975.124125000,73,ok
1785385975.131475000,75,ok
1785385975.134135000,81,ok
1785385975.141970000,73,ok
1785385975.156499000,76,ok
1785385975.158499000,78,ok
1785385975.159072000,76,ok
1785385975.160293000,77,ok
1785385975.162009000,80,ok
1785385975.183309000,73,ok
1785385975.186360000,76,ok
1785385975.187949000,73,ok
1785385975.191121000,74,ok
1785385975.192339000,76,ok
1785385975.216089000,76,ok
1785385975.218480000,74,ok
1785385975.216198000,76,ok
1785385975.226448000,76,ok
1785385975.228926000,74,ok
1785385975.238665000,75,ok
1785385975.255720000,76,ok
1785385975.257479000,78,ok
1785385975.260133000,81,ok
1785385975.263304000,80,ok
1785385975.262580000,81,ok
1785385975.285125000,77,ok
1785385975.285964000,76,ok
1785385975.288808000,78,ok
1785385975.287585000,80,ok
1785385975.291865000,76,ok
1785385975.312784000,75,ok
1785385975.315583000,78,ok
1785385975.319701000,72,ok
1785385975.320567000,82,ok
1785385975.322837000,77,ok
1785385975.331516000,74,ok
1785385975.351698000,75,ok
1785385975.352806000,76,ok
1785385975.354445000,74,ok
1785385975.354654000,76,ok
1785385975.357490000,76,ok
1785385975.378918000,73,ok
1785385975.382399000,76,ok
1785385975.384764000,74,ok
1785385975.385441000,77,ok
1785385975.386497000,78,ok
1785385975.410690000,73,ok
1785385975.411999000,77,ok
1785385975.413749000,71,ok
1785385975.414297000,76,ok
1785385975.417808000,77,ok
1785385975.427753000,74,ok
1785385975.448710000,77,ok
1785385975.451777000,78,ok
1785385975.451874000,80,ok
1785385975.452732000,79,ok
1785385975.455165000,79,ok
1785385975.474097000,73,ok
1785385975.479645000,76,ok
1785385975.482691000,77,ok
1785385975.486433000,81,ok
1785385975.488854000,83,ok
1785385975.507709000,75,ok
1785385975.513995000,74,ok
1785385975.512295000,78,ok
1785385975.511775000,76,ok
1785385975.516220000,83,ok
1785385975.522100000,76,ok
1785385975.551601000,81,ok
1785385975.554468000,81,ok
1785385975.555895000,82,ok
1785385975.557486000,86,ok
1785385975.556288000,85,ok
1785385975.576092000,75,ok
1785385975.588192000,83,ok
1785385975.587762000,79,ok
1785385975.587950000,83,ok
1785385975.596308000,82,ok
1785385975.621034000,84,ok
1785385975.617991000,78,ok
1785385975.619100000,78,ok
1785385975.621925000,80,ok
1785385975.628960000,82,ok
1785385975.628367000,83,ok
1785385975.649440000,75,ok
1785385975.659945000,80,ok
1785385975.661200000,83,ok
1785385975.662177000,81,ok
1785385975.662219000,82,ok
1785385975.679808000,76,ok
1785385975.687119000,76,ok
1785385975.687269000,77,ok
1785385975.688524000,78,ok
1785385975.694687000,74,ok
1785385975.719602000,75,ok
1785385975.722332000,77,ok
1785385975.723447000,78,ok
1785385975.727654000,77,ok
1785385975.731268000,79,ok
1785385975.730206000,79,ok
1785385975.750492000,74,ok
1785385975.759300000,77,ok
1785385975.762515000,76,ok
1785385975.762489000,75,ok
1785385975.762593000,78,ok
1785385975.778583000,74,ok
1785385975.781285000,72,ok
1785385975.783814000,73,ok
1785385975.785291000,75,ok
1785385975.790232000,76,ok
1785385975.813817000,73,ok
1785385975.818319000,74,ok
1785385975.822957000,74,ok
1785385975.825149000,78,ok
1785385975.826272000,75,ok
1785385975.828028000,77,ok
1785385975.848260000,74,ok
1785385975.861794000,78,ok
1785385975.862747000,78,ok
1785385975.862951000,80,ok
1785385975.867248000,80,ok
1785385975.885013000,75,ok
1785385975.884231000,78,ok
1785385975.886383000,79,ok
1785385975.884590000,79,ok
1785385975.887019000,79,ok
1785385975.912563000,75,ok
1785385975.915352000,75,ok
1785385975.912904000,72,ok
1785385975.922863000,75,ok
1785385975.923762000,79,ok
1785385975.926342000,81,ok
1785385975.942576000,76,ok
1785385975.961453000,78,ok
1785385975.963218000,77,ok
1785385975.961689000,77,ok
1785385975.964872000,75,ok
1785385975.990578000,82,ok
1785385975.994963000,83,ok
1785385975.994762000,82,ok
1785385975.994349000,85,ok
1785385975.993649000,85,ok
1785385976.021599000,84,ok
1785385976.016075000,80,ok
1785385976.020018000,85,ok
1785385976.026257000,81,ok
1785385976.025305000,82,ok
1785385976.024909000,81,ok
1785385976.048350000,85,ok
1785385976.057703000,76,ok
1785385976.062857000,80,ok
1785385976.065491000,81,ok
1785385976.063642000,81,ok
1785385976.095236000,75,ok
1785385976.100286000,81,ok
1785385976.101384000,76,ok
1785385976.102226000,75,ok
1785385976.104251000,75,ok
1785385976.123046000,74,ok
1785385976.126697000,75,ok
1785385976.133662000,78,ok
1785385976.135582000,75,ok
1785385976.136889000,83,ok
1785385976.135088000,79,ok
1785385976.145309000,71,ok
1785385976.156597000,75,ok
1785385976.159486000,73,ok
1785385976.161140000,77,ok
1785385976.160513000,76,ok
1785385976.186245000,73,ok
1785385976.191228000,73,ok
1785385976.195095000,75,ok
1785385976.196020000,74,ok
1785385976.197763000,78,ok
1785385976.220593000,75,ok
1785385976.224305000,74,ok
1785385976.236422000,76,ok
1785385976.236024000,80,ok
1785385976.237481000,79,ok
1785385976.237376000,77,ok
1785385976.246408000,73,ok
1785385976.254744000,73,ok
1785385976.263532000,80,ok
1785385976.264724000,78,ok
1785385976.265165000,80,ok
1785385976.284832000,77,ok
1785385976.284567000,73,ok
1785385976.289997000,77,ok
1785385976.290332000,75,ok
1785385976.290251000,76,ok
1785385976.316051000,77,ok
1785385976.316661000,74,ok
1785385976.335924000,78,ok
1785385976.338923000,82,ok
1785385976.339568000,80,ok
1785385976.341125000,78,ok
1785385976.353910000,78,ok
1785385976.354626000,77,ok
1785385976.365474000,75,ok
1785385976.375137000,78,ok
1785385976.374616000,79,ok
1785385976.385109000,75,ok
1785385976.388799000,76,ok
1785385976.390013000,75,ok
1785385976.390882000,74,ok
1785385976.389517000,74,ok
1785385976.411846000,77,ok
1785385976.412701000,77,ok
1785385976.428971000,73,ok
1785385976.433494000,75,ok
1785385976.433582000,75,ok
1785385976.433684000,72,ok
1785385976.451391000,77,ok
1785385976.452153000,77,ok
1785385976.465061000,79,ok
1785385976.474248000,77,ok
1785385976.479125000,78,ok
1785385976.479768000,72,ok
1785385976.490483000,76,ok
1785385976.494284000,81,ok
1785385976.495877000,79,ok
1785385976.494098000,75,ok
1785385976.514122000,76,ok
1785385976.513091000,78,ok
1785385976.533191000,80,ok
1785385976.532233000,79,ok
1785385976.533882000,82,ok
1785385976.537788000,82,ok
1785385976.558545000,87,ok
1785385976.560240000,88,ok
1785385976.564655000,79,ok
1785385976.575566000,76,ok
1785385976.588200000,83,ok
1785385976.586527000,82,ok
1785385976.597966000,77,ok
1785385976.598307000,78,ok
1785385976.599954000,76,ok
1785385976.609604000,82,ok
1785385976.626604000,82,ok
1785385976.629356000,85,ok
1785385976.645608000,79,ok
1785385976.649292000,77,ok
1785385976.649714000,78,ok
1785385976.651413000,75,ok
1785385976.666820000,80,ok
1785385976.667056000,79,ok
1785385976.670178000,79,ok
1785385976.685058000,79,ok
1785385976.691830000,74,ok
1785385976.694589000,76,ok
1785385976.703444000,74,ok
1785385976.702919000,77,ok
1785385976.702645000,77,ok
1785385976.709138000,75,ok
1785385976.727469000,75,ok
1785385976.725032000,76,ok
1785385976.746205000,75,ok
1785385976.746599000,74,ok
1785385976.746137000,77,ok
1785385976.748536000,74,ok
1785385976.764742000,75,ok
1785385976.766103000,78,ok
1785385976.764219000,76,ok
1785385976.784357000,77,ok
1785385976.795210000,75,ok
1785385976.795309000,79,ok
1785385976.803485000,75,ok
1785385976.804584000,75,ok
1785385976.806678000,78,ok
1785385976.808851000,77,ok
1785385976.826919000,79,ok
1785385976.825774000,77,ok
1785385976.843112000,75,ok
1785385976.845337000,75,ok
1785385976.844327000,77,ok
1785385976.847117000,75,ok
1785385976.862859000,75,ok
1785385976.868488000,80,ok
1785385976.869534000,82,ok
1785385976.883543000,78,ok
1785385976.894524000,75,ok
1785385976.896746000,78,ok
1785385976.906211000,78,ok
1785385976.907835000,79,ok
1785385976.907080000,74,ok
1785385976.906858000,80,ok
1785385976.924539000,76,ok
1785385976.926717000,73,ok
1785385976.947277000,77,ok
1785385976.947625000,85,ok
1785385976.946159000,77,ok
1785385976.946067000,80,ok
1785385976.968396000,82,ok
1785385976.968648000,78,ok
1785385976.968829000,79,ok
1785385976.994948000,78,ok
1785385976.988371000,82,ok
1785385977.001706000,72,ok
1785385977.008575000,77,ok
1785385977.000904000,79,ok
1785385977.008530000,77,ok
1785385977.009190000,79,ok
1785385977.025182000,75,ok
1785385977.029026000,77,ok
1785385977.050541000,78,ok
1785385977.052344000,83,ok
1785385977.054305000,83,ok
1785385977.053359000,82,ok
1785385977.071984000,81,ok
1785385977.070976000,76,ok
1785385977.072864000,80,ok
1785385977.095784000,77,ok
1785385977.096481000,78,ok
1785385977.106269000,77,ok
1785385977.108928000,77,ok
1785385977.110288000,77,ok
1785385977.114998000,78,ok
1785385977.114330000,81,ok
1785385977.129710000,76,ok
1785385977.131024000,81,ok
1785385977.154098000,80,ok
1785385977.153048000,79,ok
1785385977.157444000,80,ok
1785385977.158769000,82,ok
1785385977.172441000,76,ok
1785385977.171611000,77,ok
1785385977.174164000,79,ok
1785385977.201338000,76,ok
1785385977.201540000,76,ok
1785385977.215911000,80,ok
1785385977.214075000,78,ok
1785385977.216754000,79,ok
1785385977.218956000,76,ok
1785385977.218183000,77,ok
1785385977.232857000,76,ok
1785385977.237401000,78,ok
1785385977.259756000,78,ok
1785385977.259498000,81,ok
1785385977.259257000,80,ok
1785385977.263443000,76,ok
1785385977.269074000,75,ok
1785385977.268893000,73,ok
1785385977.271460000,75,ok
1785385977.301113000,77,ok
1785385977.303597000,79,ok
1785385977.318574000,80,ok
1785385977.318604000,79,ok
1785385977.320819000,78,ok
1785385977.324302000,79,ok
1785385977.324152000,81,ok
1785385977.338183000,78,ok
1785385977.343969000,80,ok
1785385977.365598000,75,ok
1785385977.370094000,80,ok
1785385977.369110000,74,ok
1785385977.369983000,77,ok
1785385977.371004000,81,ok
1785385977.373528000,77,ok
1785385977.380460000,80,ok
1785385977.406488000,81,ok
1785385977.406673000,79,ok
1785385977.417168000,77,ok
1785385977.418311000,73,ok
1785385977.418900000,76,ok
1785385977.419591000,72,ok
1785385977.425363000,74,ok
1785385977.436067000,76,ok
1785385977.438551000,75,ok
1785385977.467537000,76,ok
1785385977.469088000,73,ok
1785385977.472376000,77,ok
1785385977.475110000,79,ok
1785385977.477340000,79,ok
1785385977.479558000,82,ok
1785385977.480141000,74,ok
1785385977.509202000,80,ok
1785385977.510647000,76,ok
1785385977.516843000,74,ok
1785385977.521557000,78,ok
1785385977.521492000,77,ok
1785385977.526120000,76,ok
1785385977.526154000,79,ok
1785385977.537389000,76,ok
1785385977.540854000,80,ok
1785385977.566584000,75,ok
1785385977.568974000,74,ok
1785385977.572078000,75,ok
1785385977.578102000,78,ok
1785385977.579871000,79,ok
1785385977.581521000,78,ok
1785385977.581778000,77,ok
1785385977.615945000,82,ok
1785385977.615396000,79,ok
1785385977.627011000,81,ok
1785385977.626283000,77,ok
1785385977.627468000,79,ok
1785385977.628404000,79,ok
1785385977.631935000,75,ok
1785385977.638391000,77,ok
1785385977.644390000,76,ok
1785385977.668170000,79,ok
1785385977.674247000,78,ok
1785385977.676515000,78,ok
1785385977.682329000,79,ok
1785385977.686517000,82,ok
1785385977.685787000,82,ok
1785385977.686954000,83,ok
1785385977.723299000,80,ok
1785385977.723283000,83,ok
1785385977.731158000,78,ok
1785385977.734940000,80,ok
1785385977.731813000,77,ok
1785385977.735288000,80,ok
1785385977.737706000,84,ok
1785385977.744288000,77,ok
1785385977.760031000,83,ok
1785385977.773134000,78,ok
1785385977.779956000,76,ok
1785385977.783898000,79,ok
1785385977.782586000,77,ok
1785385977.787512000,78,ok
1785385977.791021000,80,ok
1785385977.790389000,78,ok
1785385977.824964000,76,ok
1785385977.824436000,77,ok
1785385977.837610000,80,ok
1785385977.841909000,82,ok
1785385977.841743000,80,ok
1785385977.840832000,80,ok
1785385977.843827000,85,ok
1785385977.847102000,76,ok
1785385977.863359000,80,ok
1785385977.873918000,76,ok
1785385977.881549000,72,ok
1785385977.881533000,74,ok
1785385977.883585000,72,ok
1785385977.888191000,74,ok
1785385977.888906000,75,ok
1785385977.889160000,83,ok
1785385977.922418000,79,ok
1785385977.924009000,81,ok
1785385977.939859000,78,ok
1785385977.940344000,74,ok
1785385977.939709000,74,ok
1785385977.938417000,74,ok
1785385977.941916000,77,ok
1785385977.943409000,74,ok
1785385977.967283000,78,ok
1785385977.980201000,83,ok
1785385977.987395000,78,ok
1785385977.986178000,77,ok
1785385977.989653000,79,ok
1785385977.990683000,77,ok
1785385977.990857000,78,ok
1785385977.996175000,78,ok
1785385978.021517000,78,ok
1785385978.024522000,76,ok
1785385978.045602000,81,ok
1785385978.045612000,80,ok
1785385978.046062000,78,ok
1785385978.045661000,81,ok
1785385978.041963000,78,ok
1785385978.051354000,82,ok
1785385978.070720000,75,ok
1785385978.086876000,79,ok
1785385978.093136000,79,ok
1785385978.089802000,78,ok
1785385978.092997000,78,ok
1785385978.092836000,74,ok
1785385978.092687000,79,ok
1785385978.091623000,80,ok
1785385978.113354000,74,ok
1785385978.119049000,75,ok
1785385978.148803000,79,ok
1785385978.149515000,79,ok
1785385978.152213000,81,ok
1785385978.152431000,79,ok
1785385978.154350000,83,ok
1785385978.157601000,87,ok
1785385978.175509000,78,ok
1785385978.199758000,77,ok
1785385978.201179000,83,ok
1785385978.203626000,85,ok
1785385978.203270000,85,ok
1785385978.202258000,84,ok
1785385978.199710000,81,ok
1785385978.203810000,81,ok
1785385978.217238000,76,ok
1785385978.216091000,76,ok
1785385978.249962000,76,ok
1785385978.251514000,80,ok
1785385978.253193000,80,ok
1785385978.254635000,78,ok
1785385978.255332000,84,ok
1785385978.254000000,84,ok
1785385978.268134000,75,ok
1785385978.300180000,73,ok
1785385978.304412000,76,ok
1785385978.306865000,77,ok
1785385978.309266000,78,ok
1785385978.310835000,79,ok
1785385978.314072000,84,ok
1785385978.314191000,80,ok
1785385978.325891000,83,ok
1785385978.328493000,80,ok
1785385978.355056000,77,ok
1785385978.355907000,81,ok
1785385978.356606000,77,ok
1785385978.361715000,78,ok
1785385978.362304000,80,ok
1785385978.365824000,75,ok
1785385978.364383000,85,ok
1785385978.400344000,77,ok
1785385978.409563000,78,ok
1785385978.408969000,78,ok
1785385978.413068000,76,ok
1785385978.415163000,77,ok
1785385978.419300000,78,ok
1785385978.424433000,81,ok
1785385978.437020000,82,ok
1785385978.436058000,82,ok
1785385978.463179000,81,ok
1785385978.460062000,78,ok
1785385978.465016000,79,ok
1785385978.468559000,80,ok
1785385978.470905000,83,ok
1785385978.470341000,85,ok
1785385978.471896000,83,ok
1785385978.498150000,79,ok
1785385978.516210000,80,ok
1785385978.517097000,80,ok
1785385978.524358000,81,ok
1785385978.526733000,81,ok
1785385978.546324000,88,ok
1785385978.543784000,79,ok
1785385978.550524000,76,ok
1785385978.555527000,77,ok
1785385978.566122000,73,ok
1785385978.568312000,73,ok
1785385978.578734000,80,ok
1785385978.579904000,81,ok
1785385978.576134000,77,ok
1785385978.580976000,79,ok
1785385978.582022000,80,ok
1785385978.592885000,73,ok
1785385978.612392000,78,ok
1785385978.616071000,80,ok
1785385978.619686000,78,ok
1785385978.621057000,76,ok
1785385978.641352000,75,ok
1785385978.642162000,75,ok
1785385978.650332000,78,ok
1785385978.654628000,75,ok
1785385978.675685000,81,ok
1785385978.676657000,81,ok
1785385978.677643000,74,ok
1785385978.681364000,77,ok
1785385978.682913000,79,ok
1785385978.687518000,79,ok
1785385978.687657000,81,ok
1785385978.694691000,74,ok
1785385978.719594000,79,ok
1785385978.714208000,75,ok
1785385978.721705000,86,ok
1785385978.718818000,82,ok
1785385978.735923000,77,ok
1785385978.734960000,74,ok
1785385978.745895000,74,ok
1785385978.744983000,76,ok
1785385978.779760000,76,ok
1785385978.779373000,77,ok
1785385978.781266000,81,ok
1785385978.783400000,80,ok
1785385978.788603000,79,ok
1785385978.788313000,78,ok
1785385978.789299000,81,ok
1785385978.796849000,76,ok
1785385978.823054000,78,ok
1785385978.822311000,80,ok
1785385978.823979000,78,ok
1785385978.828479000,79,ok
1785385978.833022000,73,ok
1785385978.839068000,74,ok
1785385978.844400000,76,ok
1785385978.844747000,76,ok
1785385978.876546000,74,ok
1785385978.878385000,74,ok
1785385978.890320000,78,ok
1785385978.888800000,78,ok
1785385978.890624000,80,ok
1785385978.894355000,82,ok
1785385978.895015000,75,ok
1785385978.895316000,80,ok
1785385978.923981000,76,ok
1785385978.926575000,78,ok
1785385978.927718000,78,ok
1785385978.925316000,76,ok
1785385978.930110000,73,ok
1785385978.932172000,71,ok
1785385978.940430000,73,ok
1785385978.939356000,73,ok
1785385978.972560000,77,ok
1785385978.972726000,75,ok
1785385978.992910000,80,ok
1785385978.994573000,77,ok
1785385978.992985000,77,ok
1785385978.994720000,79,ok
1785385978.994365000,80,ok
1785385978.995721000,78,ok
1785385979.027981000,75,ok
1785385979.030025000,74,ok
1785385979.033906000,77,ok
1785385979.030628000,74,ok
1785385979.042433000,81,ok
1785385979.042840000,87,ok
1785385979.044130000,82,ok
1785385979.043089000,84,ok
1785385979.065418000,76,ok
1785385979.067238000,78,ok
1785385979.094843000,76,ok
1785385979.097874000,79,ok
1785385979.099415000,79,ok
1785385979.099479000,81,ok
1785385979.103726000,85,ok
1785385979.103826000,86,ok
1785385979.132233000,74,ok
1785385979.140153000,75,ok
1785385979.142775000,78,ok
1785385979.142377000,76,ok
1785385979.145878000,76,ok
1785385979.145304000,74,ok
1785385979.143982000,75,ok
1785385979.148451000,79,ok
1785385979.163459000,75,ok
1785385979.166288000,76,ok
1785385979.189087000,74,ok
1785385979.193635000,71,ok
1785385979.193361000,75,ok
1785385979.196344000,76,ok
1785385979.197691000,75,ok
1785385979.200416000,82,ok
1785385979.230133000,76,ok
1785385979.243159000,75,ok
1785385979.243979000,77,ok
1785385979.242469000,74,ok
1785385979.247426000,75,ok
1785385979.248809000,77,ok
1785385979.251676000,78,ok
1785385979.248617000,77,ok
1785385979.267272000,77,ok
1785385979.265947000,77,ok
1785385979.287644000,75,ok
1785385979.288654000,72,ok
1785385979.289616000,72,ok
1785385979.293806000,75,ok
1785385979.294754000,74,ok
1785385979.294404000,75,ok
1785385979.323775000,75,ok
1785385979.343734000,75,ok
1785385979.344474000,74,ok
1785385979.343483000,77,ok
1785385979.347381000,74,ok
1785385979.351902000,76,ok
1785385979.352904000,78,ok
1785385979.353675000,80,ok
1785385979.371660000,78,ok
1785385979.372384000,79,ok
1785385979.391986000,75,ok
1785385979.390231000,75,ok
1785385979.391998000,79,ok
1785385979.395172000,76,ok
1785385979.394669000,76,ok
1785385979.394675000,78,ok
1785385979.418006000,76,ok
1785385979.444810000,77,ok
1785385979.446242000,79,ok
1785385979.446941000,75,ok
1785385979.448304000,80,ok
1785385979.455706000,80,ok
1785385979.457661000,80,ok
1785385979.458182000,83,ok
1785385979.480016000,80,ok
1785385979.480468000,81,ok
1785385979.491123000,76,ok
1785385979.493638000,75,ok
1785385979.494169000,79,ok
1785385979.496478000,77,ok
1785385979.495628000,81,ok
1785385979.497912000,80,ok
1785385979.513619000,76,ok
1785385979.548263000,77,ok
1785385979.548223000,77,ok
1785385979.548661000,79,ok
1785385979.549925000,78,ok
1785385979.559900000,81,ok
1785385979.560234000,80,ok
1785385979.561499000,79,ok
1785385979.590266000,79,ok
1785385979.590977000,79,ok
1785385979.593514000,74,ok
1785385979.598120000,76,ok
1785385979.597521000,79,ok
1785385979.600367000,80,ok
1785385979.599049000,75,ok
1785385979.601278000,78,ok
1785385979.613746000,73,ok
1785385979.651530000,77,ok
1785385979.650304000,76,ok
1785385979.651192000,76,ok
1785385979.652189000,78,ok
1785385979.658794000,77,ok
1785385979.659547000,77,ok
1785385979.661295000,79,ok
1785385979.694335000,73,ok
1785385979.695179000,78,ok
1785385979.694189000,76,ok
1785385979.707756000,82,ok
1785385979.705196000,82,ok
1785385979.697434000,75,ok
1785385979.707766000,78,ok
1785385979.706255000,79,ok
1785385979.709046000,73,ok
1785385979.747692000,77,ok
1785385979.747258000,76,ok
1785385979.747771000,75,ok
1785385979.748409000,74,ok
1785385979.760711000,82,ok
1785385979.760737000,81,ok
1785385979.761521000,81,ok
1785385979.798395000,73,ok
1785385979.802099000,76,ok
1785385979.803113000,76,ok
1785385979.815597000,80,ok
1785385979.813914000,79,ok
1785385979.816654000,77,ok
1785385979.817082000,83,ok
1785385979.818290000,83,ok
1785385979.817566000,85,ok
1785385979.849161000,75,ok
1785385979.851260000,75,ok
1785385979.855016000,86,ok
1785385979.852685000,81,ok
1785385979.859052000,78,ok
1785385979.856359000,74,ok
1785385979.860534000,80,ok
1785385979.894691000,76,ok
1785385979.902003000,78,ok
1785385979.910555000,84,ok
1785385979.924878000,82,ok
1785385979.925213000,81,ok
1785385979.926947000,75,ok
1785385979.933281000,85,ok
1785385979.935236000,81,ok
1785385979.937104000,87,ok
1785385979.964922000,75,ok
1785385979.965840000,78,ok
1785385979.967371000,80,ok
1785385979.971819000,77,ok
1785385979.971443000,80,ok
1785385979.972602000,85,ok
1785385979.974527000,84,ok
1785385979.985543000,71,ok
1785385979.990492000,71,ok
1785385980.002611000,75,ok
1785385980.021682000,75,ok
1785385980.021850000,76,ok
1785385980.022427000,75,ok
1785385980.029447000,75,ok
1785385980.031519000,78,ok
1785385980.032771000,78,ok
1785385980.065219000,77,ok
1785385980.065866000,76,ok
1785385980.066515000,75,ok
1785385980.073161000,76,ok
1785385980.073141000,76,ok
1785385980.073347000,77,ok
1785385980.074178000,75,ok
1785385980.086972000,76,ok
1785385980.086937000,72,ok
1785385980.098131000,75,ok
1785385980.124818000,78,ok
1785385980.127723000,75,ok
1785385980.124602000,79,ok
1785385980.126209000,80,ok
1785385980.133367000,80,ok
1785385980.133373000,80,ok
1785385980.168239000,78,ok
1785385980.167346000,78,ok
1785385980.171110000,77,ok
1785385980.173835000,73,ok
1785385980.176926000,76,ok
1785385980.178146000,76,ok
1785385980.182039000,76,ok
1785385980.187832000,75,ok
1785385980.194700000,74,ok
1785385980.199484000,80,ok
1785385980.219502000,72,ok
1785385980.224324000,74,ok
1785385980.226545000,77,ok
1785385980.229700000,76,ok
1785385980.231688000,81,ok
1785385980.230553000,76,ok
1785385980.265519000,75,ok
1785385980.266595000,78,ok
1785385980.273767000,77,ok
1785385980.280038000,76,ok
1785385980.280765000,76,ok
1785385980.288361000,80,ok
1785385980.289190000,79,ok
1785385980.290905000,75,ok
1785385980.305890000,77,ok
1785385980.303573000,81,ok
1785385980.320200000,78,ok
1785385980.325980000,76,ok
1785385980.326150000,74,ok
1785385980.326741000,77,ok
1785385980.329500000,74,ok
1785385980.330198000,75,ok
1785385980.360572000,76,ok
1785385980.360648000,77,ok
1785385980.366724000,73,ok
1785385980.381903000,78,ok
1785385980.381967000,76,ok
1785385980.384891000,74,ok
1785385980.388147000,75,ok
1785385980.394707000,80,ok
1785385980.406549000,79,ok
1785385980.406864000,77,ok
1785385980.422878000,76,ok
1785385980.425565000,74,ok
1785385980.427835000,77,ok
1785385980.427957000,75,ok
1785385980.428155000,79,ok
1785385980.426376000,77,ok
1785385980.455718000,77,ok
1785385980.454465000,76,ok
1785385980.463621000,75,ok
1785385980.478024000,75,ok
1785385980.484087000,78,ok
1785385980.484658000,74,ok
1785385980.483716000,76,ok
1785385980.495997000,80,ok
1785385980.504478000,75,ok
1785385980.508539000,75,ok
1785385980.527902000,78,ok
1785385980.530550000,78,ok
1785385980.534591000,82,ok
1785385980.533425000,80,ok
1785385980.535417000,85,ok
1785385980.534238000,85,ok
1785385980.554462000,75,ok
1785385980.554889000,75,ok
1785385980.563103000,75,ok
1785385980.578440000,74,ok
1785385980.580980000,73,ok
1785385980.578559000,75,ok
1785385980.581583000,73,ok
1785385980.591879000,74,ok
1785385980.596590000,73,ok
1785385980.600858000,74,ok
1785385980.626036000,75,ok
1785385980.627108000,73,ok
1785385980.628235000,74,ok
1785385980.630447000,75,ok
1785385980.633168000,77,ok
1785385980.634586000,79,ok
1785385980.651230000,74,ok
1785385980.653981000,77,ok
1785385980.658902000,74,ok
1785385980.678524000,76,ok
1785385980.679378000,78,ok
1785385980.678805000,77,ok
1785385980.682455000,77,ok
1785385980.687498000,75,ok
1785385980.695392000,77,ok
1785385980.700890000,82,ok
1785385980.724339000,77,ok
1785385980.725990000,76,ok
1785385980.724095000,78,ok
1785385980.730182000,80,ok
1785385980.733384000,78,ok
1785385980.733144000,78,ok
1785385980.751464000,76,ok
1785385980.754818000,78,ok
1785385980.755923000,74,ok
1785385980.778018000,73,ok
1785385980.785097000,76,ok
1785385980.788635000,79,ok
1785385980.785536000,74,ok
1785385980.787922000,78,ok
1785385980.794408000,76,ok
1785385980.798500000,75,ok
1785385980.826179000,79,ok
1785385980.826152000,78,ok
1785385980.831227000,75,ok
1785385980.831871000,83,ok
1785385980.833149000,78,ok
1785385980.832377000,78,ok
1785385980.848764000,74,ok
1785385980.848364000,76,ok
1785385980.852119000,76,ok
1785385980.879614000,74,ok
1785385980.887554000,74,ok
1785385980.888866000,79,ok
1785385980.890695000,77,ok
1785385980.890744000,75,ok
1785385980.895882000,77,ok
1785385980.906476000,77,ok
1785385980.933345000,78,ok
1785385980.931855000,77,ok
1785385980.935341000,77,ok
1785385980.941178000,81,ok
1785385980.941410000,76,ok
1785385980.940221000,80,ok
1785385980.956847000,83,ok
1785385980.956578000,81,ok
1785385980.954877000,80,ok
1785385980.986158000,77,ok
1785385980.986485000,79,ok
1785385980.995110000,79,ok
1785385980.988918000,76,ok
1785385980.996299000,80,ok
1785385980.997032000,76,ok
1785385981.007203000,78,ok
1785385981.035943000,79,ok
1785385981.037094000,76,ok
1785385981.046243000,79,ok
1785385981.046192000,81,ok
1785385981.047700000,82,ok
1785385981.051350000,81,ok
1785385981.067099000,79,ok
1785385981.073107000,84,ok
1785385981.073085000,81,ok
1785385981.095629000,77,ok
1785385981.094720000,79,ok
1785385981.100338000,81,ok
1785385981.100756000,77,ok
1785385981.100181000,84,ok
1785385981.101908000,78,ok
1785385981.107013000,77,ok
1785385981.134460000,76,ok
1785385981.137433000,75,ok
1785385981.148929000,81,ok
1785385981.155834000,83,ok
1785385981.156967000,78,ok
1785385981.158569000,85,ok
1785385981.173305000,78,ok
1785385981.182920000,77,ok
1785385981.187268000,78,ok
1785385981.203402000,75,ok
1785385981.210899000,80,ok
1785385981.209520000,82,ok
1785385981.212758000,79,ok
1785385981.212322000,79,ok
1785385981.212187000,78,ok
1785385981.222223000,81,ok
1785385981.242201000,78,ok
1785385981.244358000,81,ok
1785385981.247389000,74,ok
1785385981.257942000,79,ok
1785385981.257666000,76,ok
1785385981.261284000,82,ok
1785385981.269276000,75,ok
1785385981.278823000,75,ok
1785385981.282064000,75,ok
1785385981.303770000,75,ok
1785385981.316459000,79,ok
1785385981.318212000,78,ok
1785385981.322624000,82,ok
1785385981.322612000,82,ok
1785385981.323058000,86,ok
1785385981.325062000,77,ok
1785385981.342311000,73,ok
1785385981.354976000,81,ok
1785385981.353959000,75,ok
1785385981.347719000,75,ok
1785385981.361475000,79,ok
1785385981.365977000,81,ok
1785385981.368111000,75,ok
1785385981.377653000,77,ok
1785385981.378380000,78,ok
1785385981.398240000,78,ok
1785385981.415013000,75,ok
1785385981.417504000,78,ok
1785385981.420754000,77,ok
1785385981.425932000,79,ok
1785385981.426729000,81,ok
1785385981.425730000,79,ok
1785385981.452322000,77,ok
1785385981.461827000,80,ok
1785385981.464878000,82,ok
1785385981.465340000,83,ok
1785385981.465114000,77,ok
1785385981.471658000,76,ok
1785385981.473314000,77,ok
1785385981.478858000,74,ok
1785385981.482928000,75,ok
1785385981.496572000,77,ok
1785385981.515825000,76,ok
1785385981.519228000,76,ok
1785385981.515899000,76,ok
1785385981.523861000,75,ok
1785385981.526585000,79,ok
1785385981.526794000,78,ok
1785385981.559964000,77,ok
1785385981.563090000,76,ok
1785385981.564234000,74,ok
1785385981.568300000,78,ok
1785385981.567349000,74,ok
1785385981.569662000,73,ok
1785385981.573456000,73,ok
1785385981.580130000,76,ok
1785385981.589321000,78,ok
1785385981.604358000,79,ok
1785385981.617126000,75,ok
1785385981.616271000,75,ok
1785385981.619102000,73,ok
1785385981.620611000,79,ok
1785385981.620854000,73,ok
1785385981.621326000,72,ok
1785385981.656417000,77,ok
1785385981.659722000,74,ok
1785385981.666091000,75,ok
1785385981.665720000,74,ok
1785385981.668465000,74,ok
1785385981.675195000,75,ok
1785385981.676445000,75,ok
1785385981.685180000,76,ok
1785385981.696671000,82,ok
1785385981.707351000,77,ok
1785385981.714069000,73,ok
1785385981.717811000,75,ok
1785385981.721549000,81,ok
1785385981.722354000,78,ok
1785385981.723963000,79,ok
1785385981.723345000,78,ok
1785385981.750098000,76,ok
1785385981.753003000,74,ok
1785385981.763027000,74,ok
1785385981.764052000,76,ok
1785385981.764466000,77,ok
1785385981.768823000,71,ok
1785385981.768342000,72,ok
1785385981.779815000,74,ok
1785385981.789156000,74,ok
1785385981.804153000,77,ok
1785385981.808799000,70,ok
1785385981.816135000,73,ok
1785385981.818949000,76,ok
1785385981.820538000,75,ok
1785385981.821337000,76,ok
1785385981.820261000,74,ok
1785385981.846427000,76,ok
1785385981.846347000,78,ok
1785385981.864254000,76,ok
1785385981.863373000,76,ok
1785385981.862833000,75,ok
1785385981.865833000,74,ok
1785385981.868255000,69,ok
1785385981.867570000,77,ok
1785385981.885526000,77,ok
1785385981.898630000,75,ok
1785385981.901097000,72,ok
1785385981.914896000,76,ok
1785385981.915178000,74,ok
1785385981.920518000,79,ok
1785385981.917163000,75,ok
1785385981.920660000,77,ok
1785385981.945713000,76,ok
1785385981.945727000,79,ok
1785385981.960772000,73,ok
1785385981.960879000,72,ok
1785385981.968573000,78,ok
1785385981.963094000,74,ok
1785385981.970386000,80,ok
1785385981.968238000,77,ok
1785385981.982964000,75,ok
1785385981.998020000,73,ok
1785385981.996204000,76,ok
1785385982.017517000,79,ok
1785385982.018058000,78,ok
1785385982.020994000,79,ok
1785385982.016170000,77,ok
1785385982.018907000,79,ok
1785385982.046944000,83,ok
1785385982.048503000,84,ok
1785385982.062782000,80,ok
1785385982.073327000,78,ok
1785385982.068102000,80,ok
1785385982.077529000,86,ok
1785385982.081043000,84,ok
1785385982.080283000,79,ok
1785385982.107669000,84,ok
1785385982.110892000,79,ok
1785385982.116737000,85,ok
1785385982.129502000,82,ok
1785385982.131860000,83,ok
1785385982.136756000,83,ok
1785385982.135387000,85,ok
1785385982.136927000,86,ok
1785385982.156040000,76,ok
1785385982.167092000,80,ok
1785385982.177799000,78,ok
1785385982.179102000,80,ok
1785385982.180692000,86,ok
1785385982.192104000,78,ok
1785385982.193167000,78,ok
1785385982.194897000,81,ok
1785385982.210152000,74,ok
1785385982.213659000,73,ok
1785385982.217880000,73,ok
1785385982.235798000,79,ok
1785385982.238093000,77,ok
1785385982.234771000,78,ok
1785385982.236750000,81,ok
1785385982.238469000,78,ok
1785385982.253151000,77,ok
1785385982.260910000,75,ok
1785385982.273444000,76,ok
1785385982.276459000,78,ok
1785385982.276545000,76,ok
1785385982.283923000,73,ok
1785385982.290443000,75,ok
1785385982.290639000,76,ok
1785385982.304818000,75,ok
1785385982.307689000,74,ok
1785385982.311562000,73,ok
1785385982.334178000,76,ok
1785385982.337001000,77,ok
1785385982.338617000,80,ok
1785385982.338755000,79,ok
1785385982.338258000,78,ok
1785385982.354758000,76,ok
1785385982.355602000,72,ok
1785385982.372999000,77,ok
1785385982.375411000,78,ok
1785385982.378900000,80,ok
1785385982.384220000,77,ok
1785385982.386788000,73,ok
1785385982.389485000,74,ok
1785385982.405471000,76,ok
1785385982.402413000,75,ok
1785385982.403591000,79,ok
1785385982.438056000,80,ok
1785385982.439244000,79,ok
1785385982.440261000,78,ok
1785385982.440633000,82,ok
1785385982.440693000,80,ok
1785385982.459897000,77,ok
1785385982.458973000,78,ok
1785385982.486810000,72,ok
1785385982.486930000,80,ok
1785385982.486792000,78,ok
1785385982.488589000,78,ok
1785385982.490311000,71,ok
1785385982.491189000,73,ok
1785385982.506035000,78,ok
1785385982.506832000,78,ok
1785385982.508029000,79,ok
1785385982.539915000,80,ok
1785385982.537559000,78,ok
1785385982.539934000,80,ok
1785385982.541184000,81,ok
1785385982.538767000,79,ok
1785385982.558944000,79,ok
1785385982.559289000,79,ok
1785385982.587683000,74,ok
1785385982.587790000,78,ok
1785385982.587665000,78,ok
1785385982.593493000,78,ok
1785385982.594080000,78,ok
1785385982.599982000,76,ok
1785385982.615731000,77,ok
1785385982.617013000,80,ok
1785385982.619040000,79,ok
1785385982.638899000,74,ok
1785385982.644360000,79,ok
1785385982.645945000,81,ok
1785385982.647051000,79,ok
1785385982.644522000,74,ok
1785385982.661119000,79,ok
1785385982.662922000,80,ok
1785385982.691613000,79,ok
1785385982.693725000,75,ok
1785385982.693698000,82,ok
1785385982.694574000,82,ok
1785385982.697004000,75,ok
1785385982.697077000,77,ok
1785385982.717106000,79,ok
1785385982.721629000,77,ok
1785385982.721787000,79,ok
1785385982.740617000,75,ok
1785385982.740525000,71,ok
1785385982.745567000,73,ok
1785385982.747517000,74,ok
1785385982.746576000,70,ok
1785385982.755496000,73,ok
1785385982.759299000,78,ok
1785385982.785794000,74,ok
1785385982.790944000,77,ok
1785385982.791812000,77,ok
1785385982.792976000,77,ok
1785385982.792854000,77,ok
1785385982.794013000,73,ok
1785385982.812070000,73,ok
1785385982.819739000,78,ok
1785385982.819919000,77,ok
1785385982.841093000,70,ok
1785385982.838159000,72,ok
1785385982.841713000,75,ok
1785385982.842969000,70,ok
1785385982.844090000,75,ok
1785385982.850034000,72,ok
1785385982.849690000,73,ok
1785385982.878924000,73,ok
1785385982.892634000,80,ok
1785385982.893330000,82,ok
1785385982.893059000,81,ok
1785385982.892926000,82,ok
1785385982.893392000,81,ok
1785385982.908106000,74,ok
1785385982.914191000,75,ok
1785385982.914179000,75,ok
1785385982.940887000,75,ok
1785385982.943298000,80,ok
1785385982.944759000,80,ok
1785385982.943501000,76,ok
1785385982.950793000,81,ok
1785385982.951994000,81,ok
1785385982.952597000,81,ok
1785385982.978436000,77,ok
1785385982.997540000,82,ok
1785385982.997834000,81,ok
1785385982.997446000,81,ok
1785385982.998151000,83,ok
1785385982.997825000,85,ok
1785385983.011037000,75,ok
1785385983.014848000,76,ok
1785385983.016325000,77,ok
1785385983.040492000,73,ok
1785385983.043238000,73,ok
1785385983.043379000,73,ok
1785385983.049318000,79,ok
1785385983.048926000,76,ok
1785385983.048161000,75,ok
1785385983.050432000,77,ok
1785385983.071764000,75,ok
1785385983.094430000,75,ok
1785385983.095349000,77,ok
1785385983.096837000,75,ok
1785385983.099336000,77,ok
1785385983.097333000,76,ok
1785385983.111690000,75,ok
1785385983.111783000,79,ok
1785385983.113134000,74,ok
1785385983.139193000,74,ok
1785385983.142278000,73,ok
1785385983.142218000,72,ok
1785385983.149336000,76,ok
1785385983.155283000,82,ok
1785385983.155051000,81,ok
1785385983.154039000,81,ok
1785385983.170258000,77,ok
1785385983.193070000,73,ok
1785385983.193421000,73,ok
1785385983.192987000,75,ok
1785385983.197058000,74,ok
1785385983.197486000,72,ok
1785385983.209878000,78,ok
1785385983.211056000,75,ok
1785385983.212824000,77,ok
1785385983.239074000,78,ok
1785385983.238652000,76,ok
1785385983.239222000,75,ok
1785385983.241649000,70,ok
1785385983.249669000,74,ok
1785385983.248613000,72,ok
1785385983.250551000,73,ok
1785385983.266250000,77,ok
1785385983.292405000,77,ok
1785385983.292589000,74,ok
1785385983.292839000,77,ok
1785385983.292815000,76,ok
1785385983.293623000,74,ok
1785385983.307958000,75,ok
1785385983.309002000,75,ok
1785385983.310449000,74,ok
1785385983.336550000,74,ok
1785385983.339661000,77,ok
1785385983.340733000,74,ok
1785385983.341638000,68,ok
1785385983.342694000,75,ok
1785385983.355401000,84,ok
1785385983.354267000,83,ok
1785385983.357793000,72,ok
1785385983.392099000,77,ok
1785385983.393543000,78,ok
1785385983.394947000,81,ok
1785385983.395010000,80,ok
1785385983.396667000,82,ok
1785385983.408004000,75,ok
1785385983.410112000,78,ok
1785385983.410630000,78,ok
1785385983.433298000,74,ok
1785385983.441060000,76,ok
1785385983.441258000,75,ok
1785385983.441042000,78,ok
1785385983.442411000,78,ok
1785385983.452134000,76,ok
1785385983.452983000,75,ok
1785385983.452513000,77,ok
1785385983.488150000,76,ok
1785385983.488793000,73,ok
1785385983.491019000,77,ok
1785385983.492185000,74,ok
1785385983.493290000,75,ok
1785385983.507009000,76,ok
1785385983.507708000,74,ok
1785385983.507034000,75,ok
1785385983.532630000,75,ok
1785385983.536058000,71,ok
1785385983.543321000,79,ok
1785385983.543449000,76,ok
1785385983.550699000,75,ok
1785385983.550380000,72,ok
1785385983.550370000,84,ok
1785385983.553305000,77,ok
1785385983.589100000,80,ok
1785385983.590651000,81,ok
1785385983.590333000,79,ok
1785385983.591962000,74,ok
1785385983.592890000,82,ok
1785385983.608222000,77,ok
1785385983.608435000,79,ok
1785385983.608233000,78,ok
1785385983.632539000,77,ok
1785385983.639619000,76,ok
1785385983.643517000,73,ok
1785385983.647335000,76,ok
1785385983.651967000,78,ok
1785385983.654835000,81,ok
1785385983.655937000,81,ok
1785385983.654525000,80,ok
1785385983.686417000,74,ok
1785385983.689911000,77,ok
1785385983.689625000,76,ok
1785385983.693017000,77,ok
1785385983.693032000,79,ok
1785385983.708987000,77,ok
1785385983.709614000,78,ok
1785385983.710375000,78,ok
1785385983.728575000,75,ok
1785385983.735549000,72,ok
1785385983.738207000,72,ok
1785385983.745120000,73,ok
1785385983.747888000,74,ok
1785385983.750884000,73,ok
1785385983.752571000,75,ok
1785385983.753491000,76,ok
1785385983.778768000,73,ok
1785385983.785366000,75,ok
1785385983.787809000,78,ok
1785385983.787849000,75,ok
1785385983.788023000,74,ok
1785385983.805811000,75,ok
1785385983.808346000,77,ok
1785385983.808329000,77,ok
1785385983.825345000,76,ok
1785385983.834536000,73,ok
1785385983.832358000,72,ok
1785385983.842806000,75,ok
1785385983.844075000,72,ok
1785385983.846218000,78,ok
1785385983.850562000,75,ok
1785385983.853559000,78,ok
1785385983.872837000,74,ok
1785385983.878662000,74,ok
1785385983.885169000,78,ok
1785385983.884158000,77,ok
1785385983.884701000,77,ok
1785385983.902684000,74,ok
1785385983.905289000,77,ok
1785385983.905558000,77,ok
1785385983.924845000,75,ok
1785385983.933053000,76,ok
1785385983.934614000,77,ok
1785385983.946481000,76,ok
1785385983.944816000,76,ok
1785385983.948392000,76,ok
1785385983.949153000,80,ok
1785385983.952071000,75,ok
1785385983.974496000,77,ok
1785385983.975814000,73,ok
1785385983.982292000,75,ok
1785385983.983486000,77,ok
1785385983.985303000,78,ok
1785385983.998228000,76,ok
1785385984.000803000,75,ok
1785385983.999280000,72,ok
1785385984.021493000,77,ok
1785385984.031689000,77,ok
1785385984.031742000,73,ok
1785385984.047951000,79,ok
1785385984.045746000,76,ok
1785385984.050511000,76,ok
1785385984.050433000,78,ok
1785385984.048837000,77,ok
1785385984.074000000,75,ok
1785385984.079751000,78,ok
1785385984.079168000,75,ok
1785385984.085962000,74,ok
1785385984.088126000,77,ok
1785385984.103546000,78,ok
1785385984.101891000,77,ok
1785385984.103758000,79,ok
1785385984.118933000,78,ok
1785385984.128369000,76,ok
1785385984.129612000,77,ok
1785385984.146503000,76,ok
1785385984.149056000,78,ok
1785385984.151725000,81,ok
1785385984.151958000,79,ok
1785385984.154061000,79,ok
1785385984.172823000,76,ok
1785385984.175209000,73,ok
1785385984.182535000,77,ok
1785385984.182024000,72,ok
1785385984.182516000,75,ok
1785385984.200647000,76,ok
1785385984.205149000,80,ok
1785385984.204690000,80,ok
1785385984.214012000,77,ok
1785385984.223267000,78,ok
1785385984.226400000,79,ok
1785385984.250072000,78,ok
1785385984.257681000,84,ok
1785385984.257588000,79,ok
1785385984.257724000,80,ok
1785385984.267684000,81,ok
1785385984.284164000,75,ok
1785385984.294456000,81,ok
1785385984.295604000,71,ok
1785385984.298168000,74,ok
1785385984.310956000,73,ok
1785385984.313188000,81,ok
1785385984.314989000,73,ok
1785385984.326292000,77,ok
1785385984.328288000,75,ok
1785385984.326072000,80,ok
1785385984.335444000,77,ok
1785385984.348155000,75,ok
1785385984.351346000,72,ok
1785385984.355896000,77,ok
1785385984.354716000,78,ok
1785385984.356090000,71,ok
1785385984.375668000,74,ok
1785385984.385517000,74,ok
1785385984.388078000,74,ok
1785385984.390339000,75,ok
1785385984.405716000,74,ok
1785385984.410339000,74,ok
1785385984.409551000,74,ok
1785385984.425082000,75,ok
1785385984.426205000,75,ok
1785385984.427865000,77,ok
1785385984.434501000,76,ok
1785385984.445872000,74,ok
1785385984.447267000,73,ok
1785385984.451687000,73,ok
1785385984.455419000,78,ok
1785385984.455287000,77,ok
1785385984.470117000,74,ok
1785385984.483399000,73,ok
1785385984.484548000,79,ok
1785385984.482498000,76,ok
1785385984.498751000,73,ok
1785385984.501800000,72,ok
1785385984.503429000,74,ok
1785385984.519726000,75,ok
1785385984.520600000,73,ok
1785385984.526692000,77,ok
1785385984.528462000,73,ok
1785385984.546529000,76,ok
1785385984.547328000,76,ok
1785385984.549925000,72,ok
1785385984.549807000,73,ok
1785385984.551319000,76,ok
1785385984.569191000,76,ok
1785385984.578702000,75,ok
1785385984.581805000,77,ok
1785385984.581759000,77,ok
1785385984.596774000,75,ok
1785385984.599874000,77,ok
1785385984.600086000,77,ok
1785385984.620479000,76,ok
1785385984.620555000,80,ok
1785385984.633280000,78,ok
1785385984.633724000,78,ok
1785385984.647850000,76,ok
1785385984.648405000,76,ok
1785385984.649899000,76,ok
1785385984.653616000,79,ok
1785385984.654504000,80,ok
1785385984.669365000,77,ok
1785385984.679686000,74,ok
1785385984.678730000,75,ok
1785385984.679661000,77,ok
1785385984.693791000,74,ok
1785385984.697040000,77,ok
1785385984.699690000,79,ok
1785385984.714061000,75,ok
1785385984.714895000,76,ok
1785385984.730459000,77,ok
1785385984.731197000,77,ok
1785385984.745865000,74,ok
1785385984.746249000,73,ok
1785385984.747796000,73,ok
1785385984.751708000,77,ok
1785385984.752395000,78,ok
1785385984.769338000,74,ok
1785385984.775955000,74,ok
1785385984.775750000,72,ok
1785385984.775924000,76,ok
1785385984.791387000,74,ok
1785385984.793335000,73,ok
1785385984.793286000,78,ok
1785385984.809006000,77,ok
1785385984.809218000,76,ok
1785385984.825931000,75,ok
1785385984.825707000,77,ok
1785385984.841862000,76,ok
1785385984.842388000,74,ok
1785385984.846987000,75,ok
1785385984.848993000,78,ok
1785385984.849611000,78,ok
1785385984.865454000,73,ok
1785385984.874857000,77,ok
1785385984.876308000,79,ok
1785385984.875222000,75,ok
1785385984.888725000,72,ok
1785385984.888115000,72,ok
1785385984.887958000,75,ok
1785385984.904926000,76,ok
1785385984.903041000,74,ok
1785385984.920815000,76,ok
1785385984.921863000,76,ok
1785385984.937124000,75,ok
1785385984.937182000,73,ok
1785385984.945501000,78,ok
1785385984.943652000,75,ok
1785385984.946178000,76,ok
1785385984.967592000,77,ok
1785385984.978035000,81,ok
1785385984.990123000,91,ok
1785385984.996912000,90,ok
1785385984.999512000,84,ok
1785385984.996597000,85,ok
1785385984.998243000,83,ok
1785385985.008228000,78,ok
1785385985.010919000,81,ok
1785385985.021581000,78,ok
1785385985.020749000,80,ok
1785385985.055501000,89,ok
1785385985.058437000,92,ok
1785385985.061611000,101,ok
1785385985.057954000,98,ok
1785385985.058734000,91,ok
1785385985.073585000,76,ok
1785385985.072476000,81,ok
1785385985.099394000,79,ok
1785385985.102992000,78,ok
1785385985.110409000,85,ok
1785385985.118899000,89,ok
1785385985.119039000,84,ok
1785385985.132676000,86,ok
1785385985.151545000,82,ok
1785385985.150103000,83,ok
1785385985.152707000,82,ok
1785385985.179275000,79,ok
1785385985.179217000,79,ok
1785385985.182077000,83,ok
1785385985.186709000,86,ok
1785385985.186722000,81,ok
1785385985.187576000,77,ok
1785385985.191992000,80,ok
1785385985.205034000,77,ok
1785385985.212629000,76,ok
1785385985.222724000,79,ok
1785385985.223239000,79,ok
1785385985.224574000,81,ok
1785385985.230048000,74,ok
1785385985.246870000,74,ok
1785385985.249716000,79,ok
1785385985.249959000,79,ok
1785385985.285052000,75,ok
1785385985.281172000,78,ok
1785385985.280847000,76,ok
1785385985.282547000,76,ok
1785385985.279162000,78,ok
1785385985.295752000,82,ok
1785385985.297752000,81,ok
1785385985.310888000,78,ok
1785385985.320441000,77,ok
1785385985.320417000,80,ok
1785385985.327439000,81,ok
1785385985.326585000,81,ok
1785385985.336065000,76,ok
1785385985.347190000,75,ok
1785385985.349176000,78,ok
1785385985.351383000,78,ok
1785385985.380793000,73,ok
1785385985.383377000,76,ok
1785385985.388327000,79,ok
1785385985.391594000,82,ok
1785385985.393352000,80,ok
1785385985.404279000,79,ok
1785385985.408437000,74,ok
1785385985.414008000,73,ok
1785385985.427991000,80,ok
1785385985.430766000,81,ok
1785385985.431391000,74,ok
1785385985.430793000,76,ok
1785385985.437455000,74,ok
1785385985.445721000,75,ok
1785385985.452106000,78,ok
1785385985.449127000,75,ok
1785385985.482684000,76,ok
1785385985.489303000,80,ok
1785385985.489265000,78,ok
1785385985.491517000,75,ok
1785385985.492966000,75,ok
1785385985.509428000,76,ok
1785385985.514292000,77,ok
1785385985.524696000,79,ok
1785385985.535282000,74,ok
1785385985.540188000,79,ok
1785385985.537405000,80,ok
1785385985.541258000,69,ok
1785385985.539833000,82,ok
1785385985.540827000,76,ok
1785385985.549173000,73,ok
1785385985.551785000,75,ok
1785385985.574990000,74,ok
1785385985.586485000,75,ok
1785385985.588080000,73,ok
1785385985.586991000,77,ok
1785385985.586655000,79,ok
1785385985.606841000,78,ok
1785385985.608104000,75,ok
1785385985.628402000,74,ok
1785385985.639209000,76,ok
1785385985.642528000,76,ok
1785385985.644181000,77,ok
1785385985.652002000,86,ok
1785385985.647120000,79,ok
1785385985.648767000,82,ok
1785385985.649324000,74,ok
1785385985.655552000,75,ok
1785385985.677144000,76,ok
1785385985.688906000,77,ok
1785385985.690144000,81,ok
1785385985.688979000,80,ok
1785385985.691680000,82,ok
1785385985.703331000,75,ok
1785385985.705214000,75,ok
1785385985.722507000,77,ok
1785385985.740937000,78,ok
1785385985.742458000,74,ok
1785385985.747632000,73,ok
1785385985.749754000,75,ok
1785385985.750373000,77,ok
1785385985.758482000,82,ok
1785385985.757978000,80,ok
1785385985.758775000,81,ok
1785385985.786246000,74,ok
1785385985.785433000,78,ok
1785385985.791757000,75,ok
1785385985.789264000,75,ok
1785385985.789851000,77,ok
1785385985.800802000,73,ok
1785385985.801285000,74,ok
1785385985.814141000,72,ok
1785385985.838036000,75,ok
1785385985.838683000,72,ok
1785385985.848920000,75,ok
1785385985.850741000,74,ok
1785385985.854662000,74,ok
1785385985.855820000,80,ok
1785385985.859471000,79,ok
1785385985.862583000,74,ok
1785385985.891650000,77,ok
1785385985.893408000,78,ok
1785385985.889854000,77,ok
1785385985.891601000,80,ok
1785385985.894612000,80,ok
1785385985.895687000,72,ok
1785385985.896784000,72,ok
1785385985.910223000,74,ok
1785385985.933488000,77,ok
1785385985.933378000,77,ok
1785385985.945231000,75,ok
1785385985.950359000,74,ok
1785385985.949310000,74,ok
1785385985.953791000,76,ok
1785385985.956321000,74,ok
1785385985.954513000,74,ok
1785385985.994578000,78,ok
1785385985.998167000,79,ok
1785385985.997792000,80,ok
1785385985.998268000,78,ok
1785385985.997480000,81,ok
1785385986.000028000,84,ok
1785385986.000133000,85,ok
1785385986.013649000,76,ok
1785385986.031251000,78,ok
1785385986.032837000,79,ok
1785385986.043566000,73,ok
1785385986.045658000,71,ok
1785385986.047827000,76,ok
1785385986.049773000,73,ok
1785385986.048278000,72,ok
1785385986.052620000,77,ok
1785385986.099192000,78,ok
1785385986.101047000,81,ok
1785385986.100169000,80,ok
1785385986.101765000,80,ok
1785385986.103347000,83,ok
1785385986.104592000,85,ok
1785385986.106085000,83,ok
1785385986.114491000,75,ok
1785385986.132458000,73,ok
1785385986.135048000,80,ok
1785385986.153154000,80,ok
1785385986.154595000,80,ok
1785385986.152649000,84,ok
1785385986.151528000,81,ok
1785385986.154031000,80,ok
1785385986.154550000,86,ok
1785385986.196265000,74,ok
1785385986.198933000,75,ok
1785385986.209567000,81,ok
1785385986.210765000,85,ok
1785385986.212312000,86,ok
1785385986.213798000,84,ok
1785385986.214243000,88,ok
1785385986.230642000,77,ok
1785385986.241890000,76,ok
1785385986.242941000,71,ok
1785385986.249338000,72,ok
1785385986.253204000,75,ok
1785385986.253481000,74,ok
1785385986.255469000,74,ok
1785385986.253887000,73,ok
1785385986.254064000,74,ok
1785385986.290515000,77,ok
1785385986.291237000,73,ok
1785385986.306719000,76,ok
1785385986.307623000,75,ok
1785385986.308499000,78,ok
1785385986.311951000,77,ok
1785385986.315105000,80,ok
1785385986.333083000,76,ok
1785385986.347341000,78,ok
1785385986.349125000,76,ok
1785385986.356242000,80,ok
1785385986.358198000,79,ok
1785385986.357337000,80,ok
1785385986.356184000,77,ok
1785385986.357653000,78,ok
1785385986.357836000,79,ok
1785385986.385974000,77,ok
1785385986.387186000,78,ok
1785385986.407518000,79,ok
1785385986.410445000,77,ok
1785385986.410043000,80,ok
1785385986.413559000,78,ok
1785385986.413531000,83,ok
1785385986.439410000,82,ok
1785385986.447548000,74,ok
1785385986.456095000,76,ok
1785385986.463625000,76,ok
1785385986.466869000,77,ok
1785385986.469878000,80,ok
1785385986.470081000,79,ok
1785385986.473541000,81,ok
1785385986.473829000,80,ok
1785385986.495003000,77,ok
1785385986.497568000,76,ok
1785385986.511323000,77,ok
1785385986.512601000,76,ok
1785385986.513259000,78,ok
1785385986.515626000,80,ok
1785385986.518721000,85,ok
1785385986.534054000,75,ok
1785385986.540628000,74,ok
1785385986.551801000,74,ok
1785385986.566435000,75,ok
1785385986.570977000,72,ok
1785385986.570517000,80,ok
1785385986.570292000,77,ok
1785385986.571875000,82,ok
1785385986.569242000,73,ok
1785385986.589687000,74,ok
1785385986.594621000,76,ok
1785385986.606402000,74,ok
1785385986.614942000,77,ok
1785385986.614957000,78,ok
1785385986.616085000,79,ok
1785385986.615232000,75,ok
1785385986.630412000,75,ok
1785385986.631485000,73,ok
1785385986.647045000,76,ok
1785385986.662436000,75,ok
1785385986.673183000,81,ok
1785385986.674769000,82,ok
1785385986.673954000,81,ok
1785385986.675025000,80,ok
1785385986.674350000,80,ok
1785385986.693622000,75,ok
1785385986.697899000,75,ok
1785385986.712830000,75,ok
1785385986.719082000,79,ok
1785385986.719123000,78,ok
1785385986.720635000,75,ok
1785385986.719906000,76,ok
1785385986.728314000,73,ok
1785385986.731519000,74,ok
1785385986.742651000,75,ok
1785385986.761344000,75,ok
1785385986.766862000,73,ok
1785385986.771091000,75,ok
1785385986.771162000,74,ok
1785385986.774014000,76,ok
1785385986.775164000,77,ok
1785385986.792067000,76,ok
1785385986.794419000,73,ok
1785385986.808697000,75,ok
1785385986.819089000,75,ok
1785385986.822076000,71,ok
1785385986.823978000,79,ok
1785385986.820954000,75,ok
1785385986.826188000,82,ok
1785385986.826856000,71,ok
1785385986.837355000,74,ok
1785385986.856986000,75,ok
1785385986.860841000,72,ok
1785385986.866259000,73,ok
1785385986.865755000,74,ok
1785385986.868008000,73,ok
1785385986.869809000,78,ok
1785385986.890263000,78,ok
1785385986.887955000,76,ok
1785385986.904709000,75,ok
1785385986.912072000,71,ok
1785385986.922133000,76,ok
1785385986.924999000,76,ok
1785385986.927660000,81,ok
1785385986.926411000,77,ok
1785385986.925299000,78,ok
1785385986.931425000,73,ok
1785385986.956379000,77,ok
1785385986.960298000,75,ok
1785385986.963433000,77,ok
1785385986.963171000,76,ok
1785385986.968442000,77,ok
1785385986.970239000,82,ok
1785385986.986221000,77,ok
1785385986.987927000,79,ok
1785385986.996391000,74,ok
1785385987.007559000,75,ok
1785385987.019520000,74,ok
1785385987.023841000,76,ok
1785385987.026355000,78,ok
1785385987.025777000,78,ok
1785385987.028323000,76,ok
1785385987.029477000,81,ok
1785385987.059133000,76,ok
1785385987.062213000,76,ok
1785385987.062198000,75,ok
1785385987.063108000,80,ok
1785385987.064603000,75,ok
1785385987.067280000,75,ok
1785385987.084223000,73,ok
1785385987.083947000,76,ok
1785385987.086135000,72,ok
1785385987.104760000,77,ok
1785385987.113550000,72,ok
1785385987.116635000,72,ok
1785385987.122017000,75,ok
1785385987.122581000,73,ok
1785385987.122963000,74,ok
1785385987.121931000,75,ok
1785385987.153205000,71,ok
1785385987.156143000,77,ok
1785385987.159346000,76,ok
1785385987.159226000,75,ok
1785385987.160644000,76,ok
1785385987.163822000,75,ok
1785385987.181672000,76,ok
1785385987.184317000,79,ok
1785385987.186110000,80,ok
1785385987.200455000,75,ok
1785385987.212055000,71,ok
1785385987.208284000,72,ok
1785385987.212287000,72,ok
1785385987.218415000,75,ok
1785385987.221676000,78,ok
1785385987.218930000,75,ok
1785385987.249903000,77,ok
1785385987.253132000,75,ok
1785385987.251861000,76,ok
1785385987.260382000,79,ok
1785385987.261365000,80,ok
1785385987.262659000,77,ok
1785385987.279973000,76,ok
1785385987.282204000,75,ok
1785385987.281980000,75,ok
1785385987.307231000,80,ok
1785385987.318394000,79,ok
1785385987.317619000,77,ok
1785385987.323645000,81,ok
1785385987.327221000,84,ok
1785385987.326398000,87,ok
1785385987.325866000,83,ok
1785385987.360248000,77,ok
1785385987.363777000,78,ok
1785385987.364177000,76,ok
1785385987.365242000,74,ok
1785385987.364658000,78,ok
1785385987.365859000,78,ok
1785385987.384535000,79,ok
1785385987.388158000,78,ok
1785385987.388905000,78,ok
1785385987.405323000,78,ok
1785385987.415231000,71,ok
1785385987.415784000,73,ok
1785385987.410517000,70,ok
1785385987.420630000,72,ok
1785385987.420316000,73,ok
1785385987.419404000,73,ok
1785385987.456738000,76,ok
1785385987.464555000,80,ok
1785385987.465197000,80,ok
1785385987.465123000,79,ok
1785385987.465400000,81,ok
1785385987.465108000,82,ok
1785385987.489038000,78,ok
1785385987.488856000,80,ok
1785385987.490534000,78,ok
1785385987.507569000,75,ok
1785385987.519659000,77,ok
1785385987.518577000,77,ok
1785385987.521915000,79,ok
1785385987.525538000,78,ok
1785385987.526060000,78,ok
1785385987.527730000,82,ok
1785385987.556866000,76,ok
1785385987.559563000,74,ok
1785385987.561418000,73,ok
1785385987.564820000,79,ok
1785385987.565142000,78,ok
1785385987.564811000,78,ok
1785385987.584090000,75,ok
1785385987.587530000,77,ok
1785385987.587685000,77,ok
1785385987.601987000,74,ok
1785385987.614897000,71,ok
1785385987.618572000,75,ok
1785385987.622391000,75,ok
1785385987.624454000,79,ok
1785385987.623931000,75,ok
1785385987.623904000,77,ok
1785385987.650889000,73,ok
1785385987.660792000,77,ok
1785385987.660779000,80,ok
1785385987.660494000,79,ok
1785385987.661710000,74,ok
1785385987.661603000,77,ok
1785385987.683244000,75,ok
1785385987.688036000,81,ok
1785385987.688297000,81,ok
1785385987.698647000,76,ok
1785385987.711659000,73,ok
1785385987.715490000,72,ok
1785385987.711716000,71,ok
1785385987.718830000,74,ok
1785385987.720750000,75,ok
1785385987.718852000,74,ok
1785385987.744431000,75,ok
1785385987.760454000,80,ok
1785385987.758697000,78,ok
1785385987.758088000,78,ok
1785385987.760642000,81,ok
1785385987.762494000,82,ok
1785385987.783912000,78,ok
1785385987.783220000,77,ok
1785385987.786139000,81,ok
1785385987.793175000,74,ok
1785385987.806914000,71,ok
1785385987.815255000,74,ok
1785385987.814643000,74,ok
1785385987.822822000,79,ok
1785385987.821663000,79,ok
1785385987.821920000,78,ok
1785385987.841543000,73,ok
1785385987.857081000,76,ok
1785385987.859016000,76,ok
1785385987.859966000,78,ok
1785385987.861174000,80,ok
1785385987.861120000,81,ok
1785385987.879311000,74,ok
1785385987.881278000,74,ok
1785385987.884123000,71,ok
1785385987.884687000,78,ok
1785385987.902902000,73,ok
1785385987.909936000,72,ok
1785385987.911407000,73,ok
1785385987.914932000,73,ok
1785385987.917311000,74,ok
1785385987.919253000,77,ok
1785385987.933993000,74,ok
1785385987.956083000,77,ok
1785385987.958880000,77,ok
1785385987.958011000,80,ok
1785385987.959070000,79,ok
1785385987.959349000,80,ok
1785385987.980269000,74,ok
1785385987.979358000,76,ok
1785385987.982932000,76,ok
1785385987.982675000,76,ok
1785385988.002802000,75,ok
1785385988.004789000,72,ok
1785385988.005869000,70,ok
1785385988.012179000,74,ok
1785385988.015904000,77,ok
1785385988.015743000,77,ok
1785385988.026270000,73,ok
1785385988.051832000,75,ok
1785385988.052378000,77,ok
1785385988.054760000,76,ok
1785385988.056099000,78,ok
1785385988.058953000,81,ok
1785385988.083576000,78,ok
1785385988.083165000,78,ok
1785385988.086531000,79,ok
1785385988.087821000,80,ok
1785385988.099094000,73,ok
1785385988.103165000,70,ok
1785385988.101950000,71,ok
1785385988.112552000,74,ok
1785385988.113257000,75,ok
1785385988.113492000,76,ok
1785385988.118731000,73,ok
1785385988.149489000,76,ok
1785385988.145408000,74,ok
1785385988.149507000,79,ok
1785385988.150117000,76,ok
1785385988.149060000,72,ok
1785385988.185976000,82,ok
1785385988.186308000,80,ok
1785385988.186775000,82,ok
1785385988.186103000,78,ok
1785385988.203240000,75,ok
1785385988.219023000,87,ok
1785385988.224646000,84,ok
1785385988.222770000,87,ok
1785385988.221763000,88,ok
1785385988.226657000,86,ok
1785385988.225693000,85,ok
1785385988.246842000,78,ok
1785385988.249054000,79,ok
1785385988.254162000,82,ok
1785385988.249328000,80,ok
1785385988.254209000,83,ok
1785385988.281918000,77,ok
1785385988.284238000,79,ok
1785385988.282735000,76,ok
1785385988.290437000,84,ok
1785385988.308772000,75,ok
1785385988.324470000,72,ok
1785385988.328867000,78,ok
1785385988.336983000,82,ok
1785385988.336730000,83,ok
1785385988.336743000,81,ok
1785385988.337602000,78,ok
1785385988.353691000,75,ok
1785385988.359818000,75,ok
1785385988.357877000,76,ok
1785385988.359897000,79,ok
1785385988.367590000,77,ok
1785385988.375118000,72,ok
1785385988.381039000,75,ok
1785385988.385446000,73,ok
1785385988.383835000,77,ok
1785385988.400958000,75,ok
1785385988.421384000,78,ok
1785385988.430724000,73,ok
1785385988.425046000,76,ok
1785385988.442896000,82,ok
1785385988.442801000,83,ok
1785385988.444713000,85,ok
1785385988.469402000,79,ok
1785385988.472253000,80,ok
1785385988.464652000,76,ok
1785385988.458488000,75,ok
1785385988.468511000,79,ok
1785385988.486640000,81,ok
1785385988.485313000,77,ok
1785385988.491484000,81,ok
1785385988.488328000,79,ok
1785385988.499239000,78,ok
1785385988.535579000,80,ok
1785385988.534281000,74,ok
1785385988.540982000,81,ok
1785385988.549959000,73,ok
1785385988.560791000,79,ok
1785385988.572704000,84,ok
1785385988.583847000,80,ok
1785385988.581749000,76,ok
1785385988.588630000,79,ok
1785385988.589807000,81,ok
1785385988.591106000,86,ok
1785385988.599732000,78,ok
1785385988.602854000,75,ok
1785385988.599879000,79,ok
1785385988.614415000,84,ok
1785385988.612944000,82,ok
1785385988.636013000,80,ok
1785385988.638761000,76,ok
1785385988.638029000,83,ok
1785385988.651928000,80,ok
1785385988.659470000,78,ok
1785385988.679501000,77,ok
1785385988.699506000,77,ok
1785385988.702132000,78,ok
1785385988.702875000,79,ok
1785385988.704925000,75,ok
1785385988.711588000,76,ok
1785385988.728924000,82,ok
1785385988.729523000,85,ok
1785385988.735455000,80,ok
1785385988.736026000,79,ok
1785385988.735373000,86,ok
1785385988.747270000,74,ok
1785385988.750564000,69,ok
1785385988.748591000,75,ok
1785385988.746771000,75,ok
1785385988.755188000,72,ok
1785385988.771674000,74,ok
1785385988.793450000,75,ok
1785385988.799396000,80,ok
1785385988.799739000,78,ok
1785385988.799998000,78,ok
1785385988.807810000,76,ok
1785385988.831903000,78,ok
1785385988.832848000,78,ok
1785385988.845815000,80,ok
1785385988.842545000,75,ok
1785385988.843655000,74,ok
1785385988.847270000,72,ok
1785385988.857958000,81,ok
1785385988.858049000,78,ok
1785385988.855846000,79,ok
1785385988.857875000,77,ok
1785385988.870449000,74,ok
1785385988.889654000,75,ok
1785385988.899105000,79,ok
1785385988.895211000,77,ok
1785385988.898259000,76,ok
1785385988.903825000,76,ok
1785385988.931874000,79,ok
1785385988.933248000,77,ok
1785385988.943506000,74,ok
1785385988.946351000,73,ok
1785385988.951787000,79,ok
1785385988.952763000,78,ok
1785385988.962768000,77,ok
1785385988.964301000,76,ok
1785385988.972008000,76,ok
1785385988.971778000,80,ok
1785385988.976183000,76,ok
1785385988.990337000,72,ok
1785385989.000612000,78,ok
1785385989.002483000,80,ok
1785385989.000547000,74,ok
1785385989.003073000,81,ok
1785385989.026576000,77,ok
1785385989.027594000,77,ok
1785385989.039276000,74,ok
1785385989.044721000,74,ok
1785385989.059006000,81,ok
1785385989.059121000,79,ok
1785385989.066093000,74,ok
1785385989.069000000,78,ok
1785385989.076210000,73,ok
1785385989.079128000,80,ok
1785385989.079435000,78,ok
1785385989.097345000,78,ok
1785385989.097883000,73,ok
1785385989.100645000,73,ok
1785385989.106637000,79,ok
1785385989.106130000,79,ok
1785385989.122781000,74,ok
1785385989.124237000,77,ok
1785385989.130981000,74,ok
1785385989.139300000,76,ok
1785385989.153755000,75,ok
1785385989.156655000,77,ok
1785385989.160758000,73,ok
1785385989.165321000,74,ok
1785385989.178592000,74,ok
1785385989.179354000,77,ok
1785385989.179267000,78,ok
1785385989.196549000,75,ok
1785385989.200914000,72,ok
1785385989.201280000,75,ok
1785385989.199352000,76,ok
1785385989.204095000,73,ok
1785385989.220383000,74,ok
1785385989.221522000,76,ok
1785385989.223831000,72,ok
1785385989.227961000,71,ok
1785385989.248881000,75,ok
1785385989.250260000,71,ok
1785385989.250083000,74,ok
1785385989.257194000,73,ok
1785385989.278833000,79,ok
1785385989.277800000,79,ok
1785385989.279164000,78,ok
1785385989.293870000,74,ok
1785385989.299831000,76,ok
1785385989.300808000,76,ok
1785385989.301815000,74,ok
1785385989.301833000,77,ok
1785385989.315631000,72,ok
1785385989.322762000,74,ok
1785385989.323904000,78,ok
1785385989.323524000,77,ok
1785385989.348475000,77,ok
1785385989.352249000,82,ok
1785385989.349082000,78,ok
1785385989.352925000,73,ok
1785385989.372008000,74,ok
1785385989.373017000,76,ok
1785385989.373255000,76,ok
1785385989.391965000,75,ok
1785385989.399170000,75,ok
1785385989.409135000,82,ok
1785385989.410015000,84,ok
1785385989.409842000,83,ok
1785385989.415067000,75,ok
1785385989.426512000,78,ok
1785385989.428177000,76,ok
1785385989.427551000,75,ok
1785385989.448576000,76,ok
1785385989.445865000,77,ok
1785385989.453084000,80,ok
1785385989.452480000,79,ok
1785385989.467099000,74,ok
1785385989.468368000,76,ok
1785385989.469961000,79,ok
1785385989.488479000,78,ok
1785385989.491524000,74,ok
1785385989.510098000,79,ok
1785385989.511418000,80,ok
1785385989.513564000,79,ok
1785385989.512180000,74,ok
1785385989.532220000,80,ok
1785385989.532272000,78,ok
1785385989.531381000,77,ok
1785385989.552869000,77,ok
1785385989.552815000,79,ok
1785385989.556368000,74,ok
1785385989.556104000,75,ok
1785385989.572239000,81,ok
1785385989.574045000,81,ok
1785385989.571975000,80,ok
1785385989.590338000,79,ok
1785385989.594003000,80,ok
1785385989.610033000,76,ok
1785385989.608450000,76,ok
1785385989.614731000,79,ok
1785385989.613497000,77,ok
1785385989.632118000,79,ok
1785385989.634040000,81,ok
1785385989.630840000,77,ok
1785385989.655978000,77,ok
1785385989.656087000,78,ok
1785385989.664741000,79,ok
1785385989.664831000,81,ok
1785385989.670691000,75,ok
1785385989.673972000,73,ok
1785385989.674530000,74,ok
1785385989.691789000,75,ok
1785385989.696525000,74,ok
1785385989.707089000,72,ok
1785385989.708324000,74,ok
1785385989.713437000,73,ok
1785385989.713407000,74,ok
1785385989.731083000,77,ok
1785385989.730323000,77,ok
1785385989.730794000,77,ok
1785385989.751333000,74,ok
1785385989.752557000,74,ok
1785385989.757460000,71,ok
1785385989.758883000,70,ok
1785385989.766210000,74,ok
1785385989.768535000,73,ok
1785385989.768573000,74,ok
1785385989.788118000,72,ok
1785385989.787178000,75,ok
1785385989.801905000,76,ok
1785385989.803087000,73,ok
1785385989.807297000,71,ok
1785385989.810193000,73,ok
1785385989.825657000,76,ok
1785385989.829233000,79,ok
1785385989.829738000,79,ok
1785385989.849924000,76,ok
1785385989.854053000,73,ok
1785385989.852670000,76,ok
1785385989.856462000,75,ok
1785385989.864449000,76,ok
1785385989.867138000,75,ok
1785385989.868666000,75,ok
1785385989.888333000,78,ok
1785385989.887942000,79,ok
1785385989.899058000,74,ok
1785385989.898176000,76,ok
1785385989.905575000,76,ok
1785385989.906623000,77,ok
1785385989.921402000,75,ok
1785385989.925728000,77,ok
1785385989.925669000,77,ok
1785385989.953132000,78,ok
1785385989.957267000,78,ok
1785385989.958140000,79,ok
1785385989.964359000,77,ok
1785385989.970687000,79,ok
1785385989.972804000,81,ok
1785385989.973558000,78,ok
1785385990.000671000,83,ok
1785385990.003570000,89,ok
1785385989.997894000,76,ok
1785385990.005650000,80,ok
1785385990.014348000,77,ok
1785385990.015726000,75,ok
1785385990.023060000,77,ok
1785385990.027264000,74,ok
1785385990.027324000,76,ok
1785385990.058689000,78,ok
1785385990.059955000,78,ok
1785385990.062533000,75,ok
1785385990.064167000,74,ok
1785385990.068475000,76,ok
1785385990.079541000,81,ok
1785385990.081540000,84,ok
1785385990.099427000,74,ok
1785385990.109098000,79,ok
1785385990.110327000,72,ok
1785385990.106799000,75,ok
1785385990.107482000,76,ok
1785385990.116025000,72,ok
1785385990.120079000,72,ok
1785385990.124394000,75,ok
1785385990.125125000,74,ok
1785385990.156785000,78,ok
1785385990.156172000,76,ok
1785385990.157874000,74,ok
1785385990.157683000,75,ok
1785385990.162592000,73,ok
1785385990.177122000,75,ok
1785385990.177576000,78,ok
1785385990.196303000,76,ok
1785385990.212994000,79,ok
1785385990.212359000,77,ok
1785385990.213186000,78,ok
1785385990.215071000,82,ok
1785385990.218885000,75,ok
1785385990.221429000,74,ok
1785385990.220294000,78,ok
1785385990.220367000,74,ok
1785385990.255871000,79,ok
1785385990.258014000,81,ok
1785385990.258090000,80,ok
1785385990.258825000,83,ok
1785385990.258628000,76,ok
1785385990.267488000,71,ok
1785385990.268384000,72,ok
1785385990.291909000,79,ok
1785385990.314085000,78,ok
1785385990.315683000,78,ok
1785385990.316855000,78,ok
1785385990.323366000,78,ok
1785385990.320044000,80,ok
1785385990.323611000,79,ok
1785385990.324049000,80,ok
1785385990.322927000,82,ok
1785385990.356270000,78,ok
1785385990.359284000,77,ok
1785385990.364025000,83,ok
1785385990.366688000,85,ok
1785385990.366261000,84,ok
1785385990.367590000,76,ok
1785385990.367156000,72,ok
1785385990.385524000,75,ok
1785385990.412780000,73,ok
1785385990.415480000,71,ok
1785385990.418786000,73,ok
1785385990.424630000,78,ok
1785385990.423842000,78,ok
1785385990.428123000,81,ok
1785385990.427484000,79,ok
1785385990.428254000,80,ok
1785385990.455201000,74,ok
1785385990.462770000,75,ok
1785385990.466961000,76,ok
1785385990.466952000,77,ok
1785385990.464721000,75,ok
1785385990.469279000,82,ok
1785385990.462525000,77,ok
1785385990.478999000,72,ok
1785385990.511465000,73,ok
1785385990.511494000,74,ok
1785385990.511487000,78,ok
1785385990.522693000,75,ok
1785385990.525880000,79,ok
1785385990.527439000,76,ok
1785385990.525062000,76,ok
1785385990.529341000,76,ok
1785385990.557617000,72,ok
1785385990.562906000,72,ok
1785385990.564905000,72,ok
1785385990.569826000,76,ok
1785385990.569845000,75,ok
1785385990.569156000,69,ok
1785385990.569477000,74,ok
1785385990.572645000,79,ok
1785385990.608824000,76,ok
1785385990.608663000,74,ok
1785385990.606977000,74,ok
1785385990.615974000,71,ok
1785385990.619171000,73,ok
1785385990.619664000,71,ok
1785385990.622928000,72,ok
1785385990.623449000,73,ok
1785385990.655138000,75,ok
1785385990.660492000,74,ok
1785385990.661262000,72,ok
1785385990.666401000,73,ok
1785385990.668169000,76,ok
1785385990.669137000,77,ok
1785385990.669111000,77,ok
1785385990.668052000,77,ok
1785385990.708547000,78,ok
1785385990.709486000,79,ok
1785385990.708719000,80,ok
1785385990.717964000,77,ok
1785385990.717980000,77,ok
1785385990.722423000,76,ok
1785385990.723425000,74,ok
1785385990.723259000,77,ok
1785385990.757697000,76,ok
1785385990.760244000,72,ok
1785385990.760855000,73,ok
1785385990.766789000,75,ok
1785385990.770082000,78,ok
1785385990.768968000,76,ok
1785385990.771243000,76,ok
1785385990.771844000,77,ok
1785385990.804503000,75,ok
1785385990.806070000,74,ok
1785385990.805644000,76,ok
1785385990.811225000,70,ok
1785385990.814665000,70,ok
1785385990.813136000,70,ok
1785385990.820218000,74,ok
1785385990.821623000,75,ok
1785385990.857903000,75,ok
1785385990.857776000,77,ok
1785385990.857712000,75,ok
1785385990.867003000,76,ok
1785385990.871346000,76,ok
1785385990.871282000,79,ok
1785385990.871320000,79,ok
1785385990.871232000,81,ok
1785385990.903551000,73,ok
1785385990.903496000,77,ok
1785385990.905970000,78,ok
1785385990.907293000,71,ok
1785385990.910739000,73,ok
1785385990.913324000,77,ok
1785385990.915184000,73,ok
1785385990.916797000,72,ok
1785385990.953944000,75,ok
1785385990.955743000,75,ok
1785385990.955756000,76,ok
1785385990.960540000,71,ok
1785385990.973595000,81,ok
1785385990.973731000,81,ok
1785385990.974129000,82,ok
1785385990.974330000,82,ok
1785385991.005296000,76,ok
1785385991.006097000,75,ok
1785385991.006996000,77,ok
1785385991.006592000,72,ok
1785385991.009531000,73,ok
1785385991.014022000,73,ok
1785385991.014028000,73,ok
1785385991.016484000,73,ok
1785385991.051936000,79,ok
1785385991.052509000,76,ok
1785385991.055660000,80,ok
1785385991.056401000,72,ok
1785385991.073795000,76,ok
1785385991.075029000,77,ok
1785385991.074927000,75,ok
1785385991.074991000,77,ok
1785385991.103236000,72,ok
1785385991.106468000,72,ok
1785385991.111958000,79,ok
1785385991.113482000,77,ok
1785385991.116073000,79,ok
1785385991.114256000,74,ok
1785385991.118774000,86,ok
1785385991.117775000,83,ok
1785385991.146295000,76,ok
1785385991.152387000,79,ok
1785385991.151292000,77,ok
1785385991.151183000,81,ok
1785385991.169511000,76,ok
1785385991.168868000,76,ok
1785385991.170765000,75,ok
1785385991.170778000,76,ok
1785385991.203412000,76,ok
1785385991.203054000,79,ok
1785385991.214981000,77,ok
1785385991.215947000,79,ok
1785385991.216628000,80,ok
1785385991.221492000,81,ok
1785385991.220916000,81,ok
1785385991.220382000,79,ok
1785385991.253229000,82,ok
1785385991.257007000,79,ok
1785385991.259257000,83,ok
1785385991.257778000,79,ok
1785385991.271085000,78,ok
1785385991.270233000,74,ok
1785385991.266952000,75,ok
1785385991.273835000,77,ok
1785385991.304509000,79,ok
1785385991.304423000,80,ok
1785385991.314442000,69,ok
1785385991.317230000,78,ok
1785385991.317374000,78,ok
1785385991.317298000,77,ok
1785385991.322702000,77,ok
1785385991.324082000,77,ok
1785385991.355226000,76,ok
1785385991.357253000,79,ok
1785385991.360348000,78,ok
1785385991.359872000,76,ok
1785385991.367468000,72,ok
1785385991.365768000,70,ok
1785385991.371605000,73,ok
1785385991.373466000,74,ok
1785385991.405049000,79,ok
1785385991.406515000,80,ok
1785385991.407533000,72,ok
1785385991.411446000,72,ok
1785385991.417170000,76,ok
1785385991.417156000,73,ok
1785385991.418869000,73,ok
1785385991.420826000,80,ok
1785385991.458659000,80,ok
1785385991.458676000,80,ok
1785385991.463191000,80,ok
1785385991.469497000,77,ok
1785385991.467541000,81,ok
1785385991.472925000,77,ok
1785385991.475651000,81,ok
1785385991.475161000,78,ok
1785385991.507753000,74,ok
1785385991.509899000,75,ok
1785385991.506739000,76,ok
1785385991.513978000,75,ok
1785385991.517737000,75,ok
1785385991.519352000,76,ok
1785385991.524739000,77,ok
1785385991.524661000,82,ok
1785385991.560663000,75,ok
1785385991.561618000,73,ok
1785385991.563423000,78,ok
1785385991.566046000,73,ok
1785385991.570986000,75,ok
1785385991.571139000,74,ok
1785385991.577892000,75,ok
1785385991.582492000,76,ok
1785385991.608443000,76,ok
1785385991.610357000,75,ok
1785385991.613187000,76,ok
1785385991.617939000,72,ok
1785385991.617039000,72,ok
1785385991.619110000,72,ok
1785385991.620343000,72,ok
1785385991.619178000,78,ok
1785385991.655034000,75,ok
1785385991.657240000,72,ok
1785385991.657221000,74,ok
1785385991.669592000,77,ok
1785385991.671618000,78,ok
1785385991.670688000,75,ok
1785385991.673207000,73,ok
1785385991.677688000,74,ok
1785385991.706739000,77,ok
1785385991.707323000,73,ok
1785385991.711015000,72,ok
1785385991.716446000,73,ok
1785385991.717093000,74,ok
1785385991.722233000,77,ok
1785385991.719748000,75,ok
1785385991.720097000,76,ok
1785385991.763231000,83,ok
1785385991.760523000,82,ok
1785385991.759011000,84,ok
1785385991.772861000,76,ok
1785385991.772409000,78,ok
1785385991.773938000,80,ok
1785385991.774114000,76,ok
1785385991.773202000,79,ok
1785385991.809346000,80,ok
1785385991.809643000,78,ok
1785385991.816704000,77,ok
1785385991.818843000,78,ok
1785385991.825459000,77,ok
1785385991.824323000,79,ok
1785385991.828615000,82,ok
1785385991.829655000,82,ok
1785385991.865593000,72,ok
1785385991.864464000,76,ok
1785385991.866429000,78,ok
1785385991.873331000,76,ok
1785385991.874114000,77,ok
1785385991.876134000,76,ok
1785385991.877789000,76,ok
1785385991.878819000,76,ok
1785385991.906878000,76,ok
1785385991.907553000,75,ok
1785385991.917088000,77,ok
1785385991.914714000,74,ok
1785385991.922244000,74,ok
1785385991.925137000,76,ok
1785385991.925867000,73,ok
1785385991.925890000,72,ok
1785385991.961969000,74,ok
1785385991.964184000,76,ok
1785385991.965330000,76,ok
1785385991.970120000,73,ok
1785385991.971258000,74,ok
1785385991.976233000,76,ok
1785385991.980050000,76,ok
1785385991.981113000,76,ok
1785385992.012003000,80,ok
1785385992.018716000,79,ok
1785385992.014048000,83,ok
1785385992.020467000,79,ok
1785385992.024802000,76,ok
1785385992.023824000,77,ok
1785385992.024440000,77,ok
1785385992.025395000,74,ok
1785385992.059877000,75,ok
1785385992.065404000,76,ok
1785385992.066480000,78,ok
1785385992.076281000,77,ok
1785385992.078172000,81,ok
1785385992.081417000,74,ok
1785385992.092775000,79,ok
1785385992.094951000,85,ok
1785385992.118550000,74,ok
1785385992.116267000,75,ok
1785385992.123503000,78,ok
1785385992.124846000,75,ok
1785385992.123358000,72,ok
1785385992.123051000,75,ok
1785385992.128278000,76,ok
1785385992.128975000,77,ok
1785385992.159522000,74,ok
1785385992.160714000,81,ok
1785385992.159828000,76,ok
1785385992.172204000,73,ok
1785385992.175787000,74,ok
1785385992.176767000,74,ok
1785385992.188553000,76,ok
1785385992.188679000,73,ok
1785385992.218065000,75,ok
1785385992.218783000,74,ok
1785385992.222386000,75,ok
1785385992.223180000,75,ok
1785385992.224066000,77,ok
1785385992.228030000,78,ok
1785385992.230020000,77,ok
1785385992.227853000,78,ok
1785385992.257863000,76,ok
1785385992.258747000,77,ok
1785385992.257557000,77,ok
1785385992.266243000,71,ok
1785385992.269325000,72,ok
1785385992.271740000,73,ok
1785385992.280117000,72,ok
1785385992.280353000,71,ok
1785385992.313588000,74,ok
1785385992.314929000,72,ok
1785385992.317729000,72,ok
1785385992.319522000,75,ok
1785385992.323382000,75,ok
1785385992.324839000,77,ok
1785385992.330300000,79,ok
1785385992.331022000,79,ok
1785385992.355139000,73,ok
1785385992.356557000,75,ok
1785385992.356471000,76,ok
1785385992.362592000,74,ok
1785385992.366116000,77,ok
1785385992.366478000,71,ok
1785385992.370886000,69,ok
1785385992.377938000,77,ok
1785385992.409221000,75,ok
1785385992.412735000,74,ok
1785385992.412198000,73,ok
1785385992.415768000,72,ok
1785385992.417719000,74,ok
1785385992.419848000,73,ok
1785385992.429647000,78,ok
1785385992.430472000,80,ok
1785385992.458999000,73,ok
1785385992.459634000,71,ok
1785385992.463230000,72,ok
1785385992.464327000,75,ok
1785385992.466432000,73,ok
1785385992.467840000,74,ok
1785385992.471567000,73,ok
1785385992.471519000,73,ok
1785385992.505537000,74,ok
1785385992.506541000,74,ok
1785385992.507789000,73,ok
1785385992.508438000,74,ok
1785385992.512274000,71,ok
1785385992.514081000,76,ok
1785385992.524620000,74,ok
1785385992.524151000,74,ok
1785385992.554513000,70,ok
1785385992.553925000,73,ok
1785385992.557384000,70,ok
1785385992.557883000,71,ok
1785385992.566437000,72,ok
1785385992.566898000,76,ok
1785385992.566639000,75,ok
1785385992.568852000,75,ok
1785385992.603048000,73,ok
1785385992.605537000,75,ok
1785385992.605924000,76,ok
1785385992.607180000,73,ok
1785385992.607699000,71,ok
1785385992.612204000,71,ok
1785385992.622715000,76,ok
1785385992.623257000,76,ok
1785385992.653531000,74,ok
1785385992.654224000,76,ok
1785385992.652144000,76,ok
1785385992.653769000,71,ok
1785385992.658795000,71,ok
1785385992.660483000,71,ok
1785385992.666322000,75,ok
1785385992.667735000,76,ok
1785385992.700530000,74,ok
1785385992.703333000,75,ok
1785385992.703086000,75,ok
1785385992.705598000,71,ok
1785385992.705873000,76,ok
1785385992.706038000,76,ok
1785385992.723972000,79,ok
1785385992.723357000,78,ok
1785385992.752884000,75,ok
1785385992.753119000,73,ok
1785385992.755342000,73,ok
1785385992.758309000,75,ok
1785385992.761745000,80,ok
1785385992.760662000,78,ok
1785385992.764661000,74,ok
1785385992.765219000,75,ok
1785385992.804409000,77,ok
1785385992.806642000,82,ok
1785385992.807469000,79,ok
1785385992.808121000,80,ok
1785385992.805636000,81,ok
1785385992.808544000,84,ok
1785385992.819134000,75,ok
1785385992.821508000,77,ok
1785385992.852863000,77,ok
1785385992.853945000,74,ok
1785385992.861007000,75,ok
1785385992.857993000,76,ok
1785385992.865112000,77,ok
1785385992.870101000,81,ok
1785385992.870172000,80,ok
1785385992.870521000,80,ok
1785385992.902567000,74,ok
1785385992.907097000,76,ok
1785385992.910710000,77,ok
1785385992.912226000,77,ok
1785385992.912609000,78,ok
1785385992.910732000,77,ok
1785385992.917451000,74,ok
1785385992.921827000,76,ok
1785385992.951155000,76,ok
1785385992.950908000,74,ok
1785385992.958109000,71,ok
1785385992.958011000,74,ok
1785385992.960412000,70,ok
1785385992.961442000,70,ok
1785385992.968064000,74,ok
1785385992.968515000,75,ok
1785385992.999717000,73,ok
1785385993.004309000,72,ok
1785385993.007934000,76,ok
1785385993.010303000,74,ok
1785385993.012254000,74,ok
1785385993.012135000,76,ok
1785385993.013262000,71,ok
1785385993.014614000,79,ok
1785385993.047452000,76,ok
1785385993.047341000,75,ok
1785385993.054947000,73,ok
1785385993.055229000,74,ok
1785385993.056636000,77,ok
1785385993.057904000,72,ok
1785385993.064423000,74,ok
1785385993.063899000,74,ok
1785385993.097122000,77,ok
1785385993.106569000,74,ok
1785385993.104778000,76,ok
1785385993.104847000,75,ok
1785385993.114019000,79,ok
1785385993.118991000,81,ok
1785385993.118433000,82,ok
1785385993.118339000,83,ok
1785385993.155901000,81,ok
1785385993.157299000,78,ok
1785385993.156692000,82,ok
1785385993.165502000,82,ok
1785385993.169216000,85,ok
1785385993.167710000,85,ok
1785385993.172431000,81,ok
1785385993.176099000,85,ok
1785385993.201830000,77,ok
1785385993.210909000,76,ok
1785385993.211118000,76,ok
1785385993.213513000,75,ok
1785385993.226076000,77,ok
1785385993.224948000,79,ok
1785385993.225663000,79,ok
1785385993.228462000,84,ok
1785385993.261137000,76,ok
1785385993.260819000,78,ok
1785385993.263680000,78,ok
1785385993.267561000,76,ok
1785385993.267515000,77,ok
1785385993.270096000,76,ok
1785385993.268939000,78,ok
1785385993.270829000,72,ok
1785385993.299700000,80,ok
1785385993.306952000,73,ok
1785385993.306652000,76,ok
1785385993.310066000,79,ok
1785385993.323711000,77,ok
1785385993.323242000,76,ok
1785385993.325482000,75,ok
1785385993.324330000,77,ok
1785385993.365465000,80,ok
1785385993.364038000,79,ok
1785385993.363746000,77,ok
1785385993.365973000,76,ok
1785385993.371147000,78,ok
1785385993.371167000,81,ok
1785385993.370807000,78,ok
1785385993.373529000,80,ok
1785385993.397407000,78,ok
1785385993.401723000,77,ok
1785385993.406440000,80,ok
1785385993.407872000,76,ok
1785385993.421614000,76,ok
1785385993.421848000,72,ok
1785385993.427165000,76,ok
1785385993.430065000,79,ok
1785385993.463665000,75,ok
1785385993.471176000,77,ok
1785385993.470484000,76,ok
1785385993.472685000,75,ok
1785385993.471985000,79,ok
1785385993.481890000,81,ok
1785385993.479242000,81,ok
1785385993.481994000,82,ok
1785385993.506540000,77,ok
1785385993.511113000,80,ok
1785385993.511386000,79,ok
1785385993.509235000,77,ok
1785385993.516429000,71,ok
1785385993.517169000,73,ok
1785385993.524453000,71,ok
1785385993.524600000,74,ok
1785385993.563836000,78,ok
1785385993.569702000,77,ok
1785385993.571885000,75,ok
1785385993.574441000,78,ok
1785385993.574162000,76,ok
1785385993.580510000,76,ok
1785385993.586234000,80,ok
1785385993.594131000,79,ok
1785385993.617200000,78,ok
1785385993.622152000,77,ok
1785385993.619742000,79,ok
1785385993.623020000,78,ok
1785385993.625209000,74,ok
1785385993.624489000,82,ok
1785385993.627512000,83,ok
1785385993.629374000,77,ok
1785385993.661520000,75,ok
1785385993.666185000,75,ok
1785385993.672645000,76,ok
1785385993.677111000,77,ok
1785385993.677367000,77,ok
1785385993.678937000,74,ok
1785385993.688100000,75,ok
1785385993.694540000,77,ok
1785385993.716550000,70,ok
1785385993.722873000,75,ok
1785385993.725323000,75,ok
1785385993.724130000,75,ok
1785385993.729880000,76,ok
1785385993.731653000,79,ok
1785385993.729868000,81,ok
1785385993.731840000,79,ok
1785385993.761883000,80,ok
1785385993.762789000,76,ok
1785385993.776622000,80,ok
1785385993.777349000,78,ok
1785385993.775722000,81,ok
1785385993.777682000,79,ok
1785385993.779170000,71,ok
1785385993.786914000,72,ok
1785385993.816964000,77,ok
1785385993.831113000,78,ok
1785385993.831317000,78,ok
1785385993.832939000,80,ok
1785385993.834543000,79,ok
1785385993.835954000,78,ok
1785385993.836994000,80,ok
1785385993.841501000,78,ok
1785385993.869829000,73,ok
1785385993.870840000,76,ok
1785385993.874292000,73,ok
1785385993.877596000,74,ok
1785385993.876753000,75,ok
1785385993.881083000,70,ok
1785385993.881070000,77,ok
1785385993.882963000,80,ok
1785385993.915558000,79,ok
1785385993.926360000,74,ok
1785385993.930067000,76,ok
1785385993.929444000,74,ok
1785385993.934871000,77,ok
1785385993.937020000,79,ok
1785385993.938914000,76,ok
1785385993.938112000,80,ok
1785385993.973542000,77,ok
1785385993.976082000,75,ok
1785385993.976102000,79,ok
1785385993.979155000,73,ok
1785385993.984908000,76,ok
1785385993.983508000,76,ok
1785385993.990677000,78,ok
1785385993.990984000,81,ok
1785385994.018353000,76,ok
1785385994.024908000,75,ok
1785385994.030724000,76,ok
1785385994.028979000,73,ok
1785385994.035510000,73,ok
1785385994.033193000,74,ok
1785385994.036724000,71,ok
1785385994.034078000,72,ok
1785385994.069866000,74,ok
1785385994.073693000,75,ok
1785385994.073969000,75,ok
1785385994.074157000,74,ok
1785385994.088917000,79,ok
1785385994.091437000,81,ok
1785385994.090563000,77,ok
1785385994.088564000,76,ok
1785385994.111957000,74,ok
1785385994.120471000,73,ok
1785385994.125850000,72,ok
1785385994.132302000,74,ok
1785385994.131536000,76,ok
1785385994.133075000,77,ok
1785385994.131916000,76,ok
1785385994.131957000,74,ok
1785385994.166768000,77,ok
1785385994.171006000,77,ok
1785385994.171559000,77,ok
1785385994.173819000,80,ok
1785385994.191670000,79,ok
1785385994.191445000,79,ok
1785385994.191509000,79,ok
1785385994.194057000,78,ok
1785385994.209898000,74,ok
1785385994.220522000,73,ok
1785385994.226566000,75,ok
1785385994.228416000,74,ok
1785385994.228622000,75,ok
1785385994.233900000,77,ok
1785385994.235311000,78,ok
1785385994.239106000,82,ok
1785385994.262890000,76,ok
1785385994.270029000,78,ok
1785385994.271106000,78,ok
1785385994.269988000,79,ok
1785385994.290884000,78,ok
1785385994.290183000,78,ok
1785385994.292694000,80,ok
1785385994.295172000,79,ok
1785385994.313793000,78,ok
1785385994.321794000,74,ok
1785385994.325965000,75,ok
1785385994.331097000,77,ok
1785385994.340575000,83,ok
1785385994.341360000,87,ok
1785385994.342209000,82,ok
1785385994.339077000,81,ok
1785385994.364077000,77,ok
1785385994.375195000,80,ok
1785385994.373072000,80,ok
1785385994.372914000,83,ok
1785385994.399989000,84,ok
1785385994.398025000,80,ok
1785385994.399091000,83,ok
1785385994.400498000,78,ok
1785385994.415900000,81,ok
1785385994.438518000,78,ok
1785385994.444846000,79,ok
1785385994.444816000,79,ok
1785385994.447863000,75,ok
1785385994.454226000,78,ok
1785385994.456032000,79,ok
1785385994.457609000,81,ok
1785385994.472585000,80,ok
1785385994.482708000,77,ok
1785385994.482808000,78,ok
1785385994.483364000,78,ok
1785385994.507328000,83,ok
1785385994.505727000,82,ok
1785385994.507006000,82,ok
1785385994.508019000,73,ok
1785385994.508430000,83,ok
1785385994.537346000,79,ok
1785385994.543345000,78,ok
1785385994.545932000,78,ok
1785385994.545983000,80,ok
1785385994.559103000,83,ok
1785385994.558520000,81,ok
1785385994.563195000,80,ok
1785385994.581488000,80,ok
1785385994.586599000,76,ok
1785385994.588189000,78,ok
1785385994.588919000,74,ok
1785385994.608082000,77,ok
1785385994.609484000,77,ok
1785385994.616109000,81,ok
1785385994.616199000,83,ok
1785385994.617043000,79,ok
1785385994.639000000,76,ok
1785385994.638690000,75,ok
1785385994.644912000,77,ok
1785385994.644654000,76,ok
1785385994.657545000,78,ok
1785385994.655828000,76,ok
1785385994.658670000,75,ok
1785385994.681667000,80,ok
1785385994.682687000,77,ok
1785385994.682874000,78,ok
1785385994.685615000,77,ok
1785385994.711726000,76,ok
1785385994.708308000,78,ok
1785385994.706000000,74,ok
1785385994.713401000,76,ok
1785385994.725093000,86,ok
1785385994.742370000,76,ok
1785385994.744831000,79,ok
1785385994.747118000,74,ok
1785385994.745903000,77,ok
1785385994.758227000,78,ok
1785385994.758220000,76,ok
1785385994.762037000,75,ok
1785385994.780604000,77,ok
1785385994.783796000,77,ok
1785385994.785184000,77,ok
1785385994.784511000,80,ok
1785385994.807910000,75,ok
1785385994.806754000,76,ok
1785385994.811404000,76,ok
1785385994.814245000,84,ok
1785385994.823984000,77,ok
1785385994.839772000,74,ok
1785385994.843455000,75,ok
1785385994.846815000,76,ok
1785385994.847525000,78,ok
1785385994.857372000,75,ok
1785385994.868251000,81,ok
1785385994.869108000,82,ok
1785385994.888619000,77,ok
1785385994.888709000,82,ok
1785385994.887715000,80,ok
1785385994.888645000,80,ok
1785385994.903542000,75,ok
1785385994.909803000,75,ok
1785385994.907326000,76,ok
1785385994.911707000,76,ok
1785385994.922589000,75,ok
1785385994.943817000,79,ok
1785385994.947012000,75,ok
1785385994.948526000,81,ok
1785385994.951175000,76,ok
1785385994.961930000,79,ok
1785385994.971713000,78,ok
1785385994.974147000,81,ok
1785385994.995457000,84,ok
1785385994.999535000,83,ok
1785385994.997791000,83,ok
1785385994.999070000,86,ok
1785385995.014963000,80,ok
1785385995.029628000,83,ok
1785385995.020484000,85,ok
1785385995.032277000,89,ok
1785385995.029996000,75,ok
1785385995.055736000,83,ok
1785385995.057619000,78,ok
1785385995.059902000,82,ok
1785385995.062629000,85,ok
1785385995.081071000,82,ok
1785385995.095106000,81,ok
1785385995.104173000,80,ok
1785385995.115999000,78,ok
1785385995.121023000,78,ok
1785385995.120481000,80,ok
1785385995.120383000,85,ok
1785385995.131386000,81,ok
1785385995.142841000,81,ok
1785385995.150422000,79,ok
1785385995.147150000,80,ok
1785385995.152334000,82,ok
1785385995.167395000,82,ok
1785385995.168336000,87,ok
1785385995.168680000,79,ok
1785385995.176121000,79,ok
1785385995.179281000,75,ok
1785385995.203705000,84,ok
1785385995.212438000,81,ok
1785385995.223397000,79,ok
1785385995.226262000,77,ok
1785385995.228737000,81,ok
1785385995.230124000,81,ok
1785385995.246780000,78,ok
1785385995.255541000,75,ok
1785385995.263255000,80,ok
1785385995.266289000,81,ok
1785385995.269317000,80,ok
1785385995.284068000,79,ok
1785385995.289693000,79,ok
1785385995.289257000,79,ok
1785385995.289833000,75,ok
1785385995.297566000,81,ok
1785385995.308856000,77,ok
1785385995.322480000,79,ok
1785385995.336028000,81,ok
1785385995.338392000,87,ok
1785385995.341343000,90,ok
1785385995.338351000,86,ok
1785385995.346952000,75,ok
1785385995.355823000,80,ok
1785385995.370395000,78,ok
1785385995.367120000,79,ok
1785385995.371122000,81,ok
1785385995.395966000,79,ok
1785385995.397576000,80,ok
1785385995.401969000,84,ok
1785385995.406306000,81,ok
1785385995.407273000,85,ok
1785385995.414959000,76,ok
1785385995.432453000,76,ok
1785385995.444789000,77,ok
1785385995.447818000,79,ok
1785385995.450633000,84,ok
1785385995.449530000,83,ok
1785385995.453731000,77,ok
1785385995.466142000,77,ok
1785385995.468276000,76,ok
1785385995.471567000,76,ok
1785385995.475228000,78,ok
1785385995.497440000,74,ok
1785385995.500322000,75,ok
1785385995.507007000,76,ok
1785385995.506653000,78,ok
1785385995.505874000,79,ok
1785385995.516389000,75,ok
1785385995.534353000,77,ok
1785385995.544836000,78,ok
1785385995.551383000,75,ok
1785385995.553549000,78,ok
1785385995.553145000,77,ok
1785385995.556698000,80,ok
1785385995.571134000,77,ok
1785385995.569534000,78,ok
1785385995.573593000,77,ok
1785385995.574012000,76,ok
1785385995.608921000,83,ok
1785385995.612331000,85,ok
1785385995.607201000,80,ok
1785385995.601996000,80,ok
1785385995.610795000,74,ok
1785385995.607837000,81,ok
1785385995.636174000,82,ok
1785385995.643135000,79,ok
1785385995.655196000,81,ok
1785385995.657106000,80,ok
1785385995.666590000,84,ok
1785385995.666748000,86,ok
1785385995.686437000,79,ok
1785385995.687763000,79,ok
1785385995.690793000,78,ok
1785385995.692357000,74,ok
1785385995.716688000,78,ok
1785385995.724928000,86,ok
1785385995.724162000,87,ok
1785385995.726983000,85,ok
1785385995.727384000,83,ok
1785385995.725344000,81,ok
1785385995.739893000,75,ok
1785385995.743114000,79,ok
1785385995.752742000,77,ok
1785385995.755521000,80,ok
1785385995.766412000,80,ok
1785385995.765682000,78,ok
1785385995.787718000,80,ok
1785385995.788243000,78,ok
1785385995.788508000,79,ok
1785385995.789244000,77,ok
1785385995.828280000,75,ok
1785385995.828226000,78,ok
1785385995.828842000,74,ok
1785385995.830738000,73,ok
1785385995.842953000,79,ok
1785385995.844043000,83,ok
1785385995.845055000,83,ok
1785385995.852529000,76,ok
1785385995.856961000,74,ok
1785385995.867566000,78,ok
1785385995.867083000,79,ok
1785385995.870245000,77,ok
1785385995.890681000,80,ok
1785385995.888809000,79,ok
1785385995.889887000,77,ok
1785385995.890358000,81,ok
1785385995.924872000,76,ok
1785385995.926020000,78,ok
1785385995.926861000,80,ok
1785385995.928872000,80,ok
1785385995.946528000,75,ok
1785385995.950797000,80,ok
1785385995.951222000,77,ok
1785385995.966827000,83,ok
1785385995.969595000,76,ok
1785385995.974224000,77,ok
1785385995.972470000,73,ok
1785385995.969029000,82,ok
1785385995.992892000,78,ok
1785385995.991629000,80,ok
1785385995.992298000,75,ok
1785385995.994923000,80,ok
1785385996.025063000,81,ok
1785385996.024740000,81,ok
1785385996.026190000,83,ok
1785385996.033738000,88,ok
1785385996.047059000,74,ok
1785385996.047666000,75,ok
1785385996.045704000,75,ok
1785385996.073793000,76,ok
1785385996.080029000,79,ok
1785385996.078807000,77,ok
1785385996.083944000,82,ok
1785385996.081642000,80,ok
1785385996.091038000,76,ok
1785385996.095967000,78,ok
1785385996.096284000,76,ok
1785385996.100884000,83,ok
1785385996.126989000,80,ok
1785385996.128059000,81,ok
1785385996.132277000,77,ok
1785385996.132210000,79,ok
1785385996.148310000,77,ok
1785385996.147886000,76,ok
1785385996.148765000,79,ok
1785385996.178147000,76,ok
1785385996.185269000,75,ok
1785385996.186696000,72,ok
1785385996.195496000,77,ok
1785385996.196461000,79,ok
1785385996.200826000,79,ok
1785385996.206122000,81,ok
1785385996.206057000,81,ok
1785385996.211023000,77,ok
1785385996.232085000,76,ok
1785385996.237392000,80,ok
1785385996.235453000,77,ok
1785385996.243293000,73,ok
1785385996.245963000,75,ok
1785385996.245819000,75,ok
1785385996.243586000,81,ok
1785385996.273007000,78,ok
1785385996.288385000,80,ok
1785385996.290848000,83,ok
1785385996.298046000,77,ok
1785385996.298171000,77,ok
1785385996.314121000,74,ok
1785385996.315316000,86,ok
1785385996.315903000,76,ok
1785385996.328499000,79,ok
1785385996.335819000,72,ok
1785385996.343636000,77,ok
1785385996.344720000,72,ok
1785385996.343550000,74,ok
1785385996.352365000,75,ok
1785385996.354715000,78,ok
1785385996.359968000,84,ok
1785385996.371905000,77,ok
1785385996.381907000,76,ok
1785385996.384978000,77,ok
1785385996.393519000,77,ok
1785385996.394249000,77,ok
1785385996.405677000,73,ok
1785385996.413840000,78,ok
1785385996.412749000,77,ok
1785385996.425707000,79,ok
1785385996.435400000,76,ok
1785385996.442509000,77,ok
1785385996.446393000,75,ok
1785385996.449367000,77,ok
1785385996.457316000,80,ok
1785385996.458578000,82,ok
1785385996.458094000,75,ok
1785385996.478326000,80,ok
1785385996.482153000,75,ok
1785385996.480389000,77,ok
1785385996.495258000,80,ok
1785385996.497235000,81,ok
1785385996.508054000,76,ok
1785385996.518451000,76,ok
1785385996.516075000,75,ok
1785385996.523604000,75,ok
1785385996.535831000,77,ok
1785385996.541379000,74,ok
1785385996.543650000,74,ok
1785385996.547489000,72,ok
1785385996.558844000,79,ok
1785385996.560835000,79,ok
1785385996.559554000,77,ok
1785385996.584560000,79,ok
1785385996.584336000,79,ok
1785385996.584608000,82,ok
1785385996.599439000,79,ok
1785385996.599142000,76,ok
1785385996.605670000,76,ok
1785385996.623300000,85,ok
1785385996.622561000,82,ok
1785385996.631697000,83,ok
1785385996.642744000,84,ok
1785385996.662859000,84,ok
1785385996.658811000,85,ok
1785385996.661432000,89,ok
1785385996.683508000,84,ok
1785385996.690066000,83,ok
1785385996.683928000,86,ok
1785385996.705919000,83,ok
1785385996.705644000,80,ok
1785385996.721781000,86,ok
1785385996.715250000,82,ok
1785385996.723924000,80,ok
1785385996.738977000,80,ok
1785385996.748189000,81,ok
1785385996.747982000,81,ok
1785385996.764316000,84,ok
1785385996.765190000,90,ok
1785385996.776633000,82,ok
1785385996.781368000,81,ok
1785385996.779416000,84,ok
1785385996.798077000,83,ok
1785385996.801818000,84,ok
1785385996.801279000,86,ok
1785385996.824108000,78,ok
1785385996.822002000,85,ok
1785385996.822806000,78,ok
1785385996.815895000,78,ok
1785385996.834222000,85,ok
1785385996.850636000,80,ok
1785385996.855842000,82,ok
1785385996.861282000,81,ok
1785385996.876760000,75,ok
1785385996.891320000,85,ok
1785385996.891281000,80,ok
1785385996.893752000,79,ok
1785385996.895932000,83,ok
1785385996.910873000,75,ok
1785385996.915836000,77,ok
1785385996.919478000,81,ok
1785385996.929847000,75,ok
1785385996.931267000,76,ok
1785385996.934824000,76,ok
1785385996.931075000,81,ok
1785385996.936418000,87,ok
1785385996.950195000,75,ok
1785385996.958216000,77,ok
1785385996.958621000,75,ok
1785385996.974612000,78,ok
1785385996.991174000,77,ok
1785385996.992487000,76,ok
1785385996.991479000,80,ok
1785385996.991319000,80,ok
1785385997.012862000,77,ok
1785385997.019910000,78,ok
1785385997.021036000,79,ok
1785385997.034436000,78,ok
1785385997.033683000,77,ok
1785385997.039881000,83,ok
1785385997.041355000,78,ok
1785385997.040944000,79,ok
1785385997.054612000,76,ok
1785385997.059685000,79,ok
1785385997.061111000,80,ok
1785385997.071646000,76,ok
1785385997.096585000,83,ok
1785385997.098038000,85,ok
1785385997.097712000,85,ok
1785385997.096608000,82,ok
1785385997.114866000,76,ok
1785385997.127886000,80,ok
1785385997.125315000,76,ok
1785385997.147726000,86,ok
1785385997.149968000,75,ok
1785385997.150769000,78,ok
1785385997.158331000,74,ok
1785385997.157795000,77,ok
1785385997.152256000,77,ok
1785385997.170667000,80,ok
1785385997.176080000,78,ok
1785385997.177017000,75,ok
1785385997.197068000,76,ok
1785385997.199291000,79,ok
1785385997.199663000,82,ok
1785385997.202627000,84,ok
1785385997.210947000,74,ok
1785385997.225214000,78,ok
1785385997.225913000,79,ok
1785385997.252734000,80,ok
1785385997.255057000,80,ok
1785385997.257863000,78,ok
1785385997.266835000,78,ok
1785385997.274948000,86,ok
1785385997.279316000,83,ok
1785385997.277685000,89,ok
1785385997.288153000,82,ok
1785385997.300643000,79,ok
1785385997.297891000,87,ok
1785385997.301317000,75,ok
1785385997.303673000,78,ok
1785385997.304310000,77,ok
1785385997.310015000,76,ok
1785385997.323742000,78,ok
1785385997.327011000,82,ok
1785385997.357093000,79,ok
1785385997.356774000,78,ok
1785385997.365082000,78,ok
1785385997.373288000,77,ok
1785385997.386640000,77,ok
1785385997.391128000,82,ok
1785385997.393643000,81,ok
1785385997.414195000,81,ok
1785385997.417069000,77,ok
1785385997.421441000,80,ok
1785385997.421964000,83,ok
1785385997.429386000,82,ok
1785385997.423010000,88,ok
1785385997.422422000,88,ok
1785385997.427634000,77,ok
1785385997.438687000,79,ok
1785385997.457706000,76,ok
1785385997.458218000,78,ok
1785385997.464578000,77,ok
1785385997.468485000,76,ok
1785385997.490350000,78,ok
1785385997.493320000,75,ok
1785385997.495137000,80,ok
1785385997.519396000,76,ok
1785385997.521795000,76,ok
1785385997.535703000,84,ok
1785385997.534192000,80,ok
1785385997.538841000,85,ok
1785385997.540135000,85,ok
1785385997.539977000,83,ok
1785385997.539325000,81,ok
1785385997.545418000,77,ok
1785385997.560589000,74,ok
1785385997.563701000,81,ok
1785385997.571032000,80,ok
1785385997.570019000,78,ok
1785385997.593249000,82,ok
1785385997.597650000,83,ok
1785385997.595065000,83,ok
1785385997.618017000,79,ok
1785385997.625594000,77,ok
1785385997.646009000,76,ok
1785385997.646277000,78,ok
1785385997.648568000,80,ok
1785385997.650135000,75,ok
1785385997.655382000,78,ok
1785385997.657907000,85,ok
1785385997.666739000,78,ok
1785385997.682086000,78,ok
1785385997.686007000,79,ok
1785385997.686835000,79,ok
1785385997.683534000,81,ok
1785385997.691974000,76,ok
1785385997.692237000,73,ok
1785385997.692972000,72,ok
1785385997.712401000,76,ok
1785385997.717571000,75,ok
1785385997.745575000,76,ok
1785385997.747960000,75,ok
1785385997.749919000,79,ok
1785385997.757085000,79,ok
1785385997.757810000,79,ok
1785385997.766169000,79,ok
1785385997.770477000,74,ok
1785385997.787279000,73,ok
1785385997.792524000,75,ok
1785385997.794303000,72,ok
1785385997.793479000,71,ok
1785385997.797748000,82,ok
1785385997.801299000,74,ok
1785385997.800265000,82,ok
1785385997.810635000,71,ok
1785385997.812041000,71,ok
1785385997.836741000,73,ok
1785385997.840086000,74,ok
1785385997.840944000,72,ok
1785385997.849579000,73,ok
1785385997.849569000,72,ok
1785385997.860675000,75,ok
1785385997.864266000,74,ok
1785385997.885584000,73,ok
1785385997.889722000,72,ok
1785385997.894140000,73,ok
1785385997.901074000,79,ok
1785385997.903213000,77,ok
1785385997.903639000,76,ok
1785385997.906149000,73,ok
1785385997.903831000,83,ok
1785385997.910540000,73,ok
1785385997.934534000,72,ok
1785385997.933322000,77,ok
1785385997.936692000,78,ok
1785385997.941604000,72,ok
1785385997.945859000,75,ok
1785385997.956512000,76,ok
1785385997.957699000,74,ok
1785385997.984433000,73,ok
1785385997.989029000,76,ok
1785385997.992061000,75,ok
1785385998.001469000,72,ok
1785385998.007127000,78,ok
1785385998.005004000,75,ok
1785385998.010505000,75,ok
1785385998.015030000,79,ok
1785385998.016603000,79,ok
1785385998.037450000,74,ok
1785385998.035905000,75,ok
1785385998.039673000,74,ok
1785385998.041633000,76,ok
1785385998.050606000,77,ok
1785385998.054280000,77,ok
1785385998.050764000,74,ok
1785385998.077931000,77,ok
1785385998.081327000,75,ok
1785385998.090478000,77,ok
1785385998.100303000,74,ok
1785385998.109386000,78,ok
1785385998.112194000,81,ok
1785385998.115408000,80,ok
1785385998.117346000,77,ok
1785385998.125717000,79,ok
1785385998.141780000,75,ok
1785385998.151097000,80,ok
1785385998.147259000,75,ok
1785385998.152921000,83,ok
1785385998.156350000,81,ok
1785385998.157611000,79,ok
1785385998.162757000,84,ok
1785385998.172971000,74,ok
1785385998.175850000,74,ok
1785385998.185851000,77,ok
1785385998.194173000,74,ok
1785385998.207080000,73,ok
1785385998.212782000,73,ok
1785385998.205707000,75,ok
1785385998.213927000,77,ok
1785385998.227854000,80,ok
1785385998.245579000,77,ok
1785385998.252006000,79,ok
1785385998.254023000,80,ok
1785385998.257892000,76,ok
1785385998.264421000,78,ok
1785385998.266899000,76,ok
1785385998.267779000,83,ok
1785385998.281959000,74,ok
1785385998.281777000,78,ok
1785385998.287298000,74,ok
1785385998.298356000,76,ok
1785385998.307958000,75,ok
1785385998.312526000,75,ok
1785385998.314115000,76,ok
1785385998.317019000,77,ok
1785385998.331931000,82,ok
1785385998.343268000,75,ok
1785385998.356821000,75,ok
1785385998.358769000,71,ok
1785385998.358947000,80,ok
1785385998.370250000,78,ok
1785385998.371601000,75,ok
1785385998.374861000,79,ok
1785385998.394652000,84,ok
1785385998.392420000,79,ok
1785385998.397577000,74,ok
1785385998.398100000,84,ok
1785385998.407176000,73,ok
1785385998.415661000,77,ok
1785385998.420299000,81,ok
1785385998.418263000,80,ok
1785385998.427881000,74,ok
1785385998.434931000,75,ok
1785385998.455895000,80,ok
1785385998.470741000,90,ok
1785385998.470029000,90,ok
1785385998.477344000,84,ok
1785385998.481632000,81,ok
1785385998.480543000,85,ok
1785385998.516521000,88,ok
1785385998.521805000,93,ok
1785385998.519862000,88,ok
1785385998.520992000,89,ok
1785385998.534294000,81,ok
1785385998.543898000,91,ok
1785385998.545220000,88,ok
1785385998.544856000,89,ok
1785385998.556255000,80,ok
1785385998.558977000,77,ok
1785385998.578318000,80,ok
1785385998.578917000,79,ok
1785385998.584905000,80,ok
1785385998.578894000,82,ok
1785385998.586974000,84,ok
1785385998.588765000,82,ok
1785385998.622951000,74,ok
1785385998.622980000,77,ok
1785385998.626188000,76,ok
1785385998.625492000,77,ok
1785385998.640401000,73,ok
1785385998.648201000,75,ok
1785385998.650037000,76,ok
1785385998.656323000,77,ok
1785385998.656376000,82,ok
1785385998.660618000,74,ok
1785385998.681299000,75,ok
1785385998.687197000,76,ok
1785385998.688855000,82,ok
1785385998.687915000,80,ok
1785385998.688652000,81,ok
1785385998.689453000,84,ok
1785385998.719641000,77,ok
1785385998.721282000,81,ok
1785385998.719405000,77,ok
1785385998.721188000,80,ok
1785385998.734228000,72,ok
1785385998.743041000,73,ok
1785385998.748925000,76,ok
1785385998.751271000,75,ok
1785385998.755256000,74,ok
1785385998.755650000,80,ok
1785385998.778949000,73,ok
1785385998.783670000,76,ok
1785385998.787220000,78,ok
1785385998.787367000,78,ok
1785385998.794071000,85,ok
1785385998.793733000,83,ok
1785385998.821145000,80,ok
1785385998.822117000,79,ok
1785385998.822068000,81,ok
1785385998.823215000,81,ok
1785385998.837987000,80,ok
1785385998.846384000,80,ok
1785385998.848764000,77,ok
1785385998.853629000,80,ok
1785385998.854765000,76,ok
1785385998.855461000,77,ok
1785385998.874771000,71,ok
1785385998.883473000,76,ok
1785385998.881311000,80,ok
1785385998.882181000,73,ok
1785385998.892052000,79,ok
1785385998.897143000,84,ok
1785385998.920744000,76,ok
1785385998.922954000,77,ok
1785385998.926275000,84,ok
1785385998.927899000,81,ok
1785385998.939650000,76,ok
1785385998.954304000,80,ok
1785385998.957666000,80,ok
1785385998.957228000,81,ok
1785385998.957969000,79,ok
1785385998.957463000,81,ok
1785385998.977127000,74,ok
1785385998.981236000,74,ok
1785385998.982973000,77,ok
1785385998.989543000,77,ok
1785385998.984551000,78,ok
1785385998.992601000,77,ok
1785385999.014178000,74,ok
1785385999.017212000,75,ok
1785385999.019154000,72,ok
1785385999.020448000,75,ok
1785385999.042501000,75,ok
1785385999.053399000,75,ok
1785385999.058350000,77,ok
1785385999.059033000,76,ok
1785385999.060004000,77,ok
1785385999.062399000,74,ok
